comparison_place,size_class,municipality_key,population,start,end,duration_days,max_temp,avg_temp,year
Berlin,large,11000000,3782202,1982-05-31,1982-06-04,5,32.0,30.4,1982
Berlin,large,11000000,3782202,1992-06-01,1992-06-04,4,28.8,28.6,1992
Berlin,large,11000000,3782202,1992-08-07,1992-08-09,3,37.7,35.6,1992
Berlin,large,11000000,3782202,1994-07-21,1994-07-31,11,36.7,33.2,1994
Berlin,large,11000000,3782202,1997-08-23,1997-08-25,3,31.1,30.4,1997
Berlin,large,11000000,3782202,2000-06-18,2000-06-21,4,34.4,31.9,2000
Berlin,large,11000000,3782202,2003-06-01,2003-06-04,4,30.8,29.5,2003
Berlin,large,11000000,3782202,2006-07-04,2006-07-06,3,32.3,31.3,2006
Berlin,large,11000000,3782202,2006-07-17,2006-07-21,5,35.4,32.2,2006
Berlin,large,11000000,3782202,2006-07-25,2006-07-27,3,34.0,32.3,2006
Berlin,large,11000000,3782202,2008-05-30,2008-06-02,4,29.0,28.7,2008
Berlin,large,11000000,3782202,2010-07-01,2010-07-03,3,31.6,31.2,2010
Berlin,large,11000000,3782202,2010-07-08,2010-07-11,4,36.1,34.8,2010
Berlin,large,11000000,3782202,2014-06-07,2014-06-09,3,31.8,30.6,2014
Berlin,large,11000000,3782202,2015-07-02,2015-07-04,3,35.5,34.5,2015
Berlin,large,11000000,3782202,2015-08-05,2015-08-07,3,36.1,33.9,2015
Berlin,large,11000000,3782202,2016-06-22,2016-06-24,3,32.9,31.3,2016
Berlin,large,11000000,3782202,2016-08-24,2016-08-27,4,34.7,31.7,2016
Berlin,large,11000000,3782202,2016-09-10,2016-09-13,4,31.0,29.9,2016
Berlin,large,11000000,3782202,2017-05-27,2017-05-29,3,30.0,29.0,2017
Berlin,large,11000000,3782202,2018-05-27,2018-05-31,5,31.0,30.3,2018
Berlin,large,11000000,3782202,2018-06-07,2018-06-09,3,30.6,29.5,2018
Berlin,large,11000000,3782202,2018-07-24,2018-07-27,4,32.2,31.5,2018
Berlin,large,11000000,3782202,2018-07-29,2018-08-03,6,35.0,32.6,2018
Berlin,large,11000000,3782202,2018-08-06,2018-08-08,3,36.6,35.3,2018
Berlin,large,11000000,3782202,2018-09-17,2018-09-20,4,30.2,29.0,2018
Berlin,large,11000000,3782202,2019-06-01,2019-06-05,5,33.5,31.3,2019
Berlin,large,11000000,3782202,2019-07-23,2019-07-25,3,34.2,32.6,2019
Berlin,large,11000000,3782202,2019-08-24,2019-08-31,8,32.6,30.8,2019
Berlin,large,11000000,3782202,2020-08-06,2020-08-12,7,35.4,32.7,2020
Berlin,large,11000000,3782202,2020-09-13,2020-09-15,3,30.4,29.2,2020
Berlin,large,11000000,3782202,2021-06-16,2021-06-20,5,34.6,32.9,2021
Berlin,large,11000000,3782202,2023-06-06,2023-06-09,4,29.0,28.8,2023
Berlin,large,11000000,3782202,2023-07-07,2023-07-09,3,32.2,31.4,2023
Berlin,large,11000000,3782202,2023-09-05,2023-09-11,7,30.3,29.6,2023
Berlin,large,11000000,3782202,2024-08-27,2024-08-29,3,34.3,31.0,2024
Berlin,large,11000000,3782202,2024-09-02,2024-09-07,6,33.9,31.6,2024
Berlin,large,11000000,3782202,2025-06-30,2025-07-02,3,37.2,33.6,2025
Berlin,large,11000000,3782202,2025-08-12,2025-08-14,3,33.4,32.8,2025
Teltow,medium,12069616,27880,1982-05-31,1982-06-04,5,31.8,30.4,1982
Teltow,medium,12069616,27880,1992-08-07,1992-08-09,3,37.4,35.4,1992
Teltow,medium,12069616,27880,1994-07-21,1994-07-31,11,36.4,33.0,1994
Teltow,medium,12069616,27880,1997-08-23,1997-08-25,3,30.8,30.2,1997
Teltow,medium,12069616,27880,2000-06-18,2000-06-20,3,34.0,32.4,2000
Teltow,medium,12069616,27880,2003-06-01,2003-06-04,4,30.8,29.5,2003
Teltow,medium,12069616,27880,2006-07-04,2006-07-06,3,32.0,31.1,2006
Teltow,medium,12069616,27880,2006-07-17,2006-07-21,5,35.3,32.1,2006
Teltow,medium,12069616,27880,2006-07-25,2006-07-27,3,33.9,32.2,2006
Teltow,medium,12069616,27880,2010-07-01,2010-07-03,3,31.5,31.1,2010
Teltow,medium,12069616,27880,2010-07-08,2010-07-11,4,35.9,34.6,2010
Teltow,medium,12069616,27880,2014-06-07,2014-06-09,3,31.9,30.9,2014
Teltow,medium,12069616,27880,2015-07-02,2015-07-04,3,35.5,34.4,2015
Teltow,medium,12069616,27880,2015-08-05,2015-08-07,3,35.7,33.7,2015
Teltow,medium,12069616,27880,2016-06-22,2016-06-24,3,33.0,31.4,2016
Teltow,medium,12069616,27880,2016-08-24,2016-08-27,4,34.5,31.7,2016
Teltow,medium,12069616,27880,2016-09-10,2016-09-13,4,30.9,29.8,2016
Teltow,medium,12069616,27880,2018-05-27,2018-05-31,5,30.8,29.9,2018
Teltow,medium,12069616,27880,2018-07-24,2018-07-27,4,32.0,31.5,2018
Teltow,medium,12069616,27880,2018-07-29,2018-07-31,3,34.5,33.0,2018
Teltow,medium,12069616,27880,2018-08-06,2018-08-08,3,36.3,35.0,2018
Teltow,medium,12069616,27880,2018-09-17,2018-09-20,4,29.8,28.9,2018
Teltow,medium,12069616,27880,2019-06-01,2019-06-05,5,32.3,30.4,2019
Teltow,medium,12069616,27880,2019-08-24,2019-08-31,8,32.0,30.2,2019
Teltow,medium,12069616,27880,2020-08-06,2020-08-08,3,34.7,33.3,2020
Teltow,medium,12069616,27880,2020-09-13,2020-09-15,3,30.3,29.1,2020
Teltow,medium,12069616,27880,2021-06-16,2021-06-20,5,34.3,32.5,2021
Teltow,medium,12069616,27880,2023-09-08,2023-09-11,4,29.0,28.9,2023
Teltow,medium,12069616,27880,2024-09-02,2024-09-07,6,33.2,31.0,2024
Teltow,medium,12069616,27880,2025-08-12,2025-08-14,3,33.0,32.3,2025
Velten,small,12065332,12733,1982-05-31,1982-06-04,5,31.8,30.2,1982
Velten,small,12065332,12733,1992-06-01,1992-06-03,3,28.8,28.5,1992
Velten,small,12065332,12733,1992-06-28,1992-06-30,3,31.5,30.6,1992
Velten,small,12065332,12733,1992-08-07,1992-08-09,3,37.0,34.3,1992
Velten,small,12065332,12733,1994-07-21,1994-07-31,11,36.5,32.8,1994
Velten,small,12065332,12733,1997-08-23,1997-08-25,3,30.8,29.9,1997
Velten,small,12065332,12733,2000-06-18,2000-06-20,3,33.8,32.2,2000
Velten,small,12065332,12733,2003-06-01,2003-06-04,4,30.6,29.2,2003
Velten,small,12065332,12733,2006-07-04,2006-07-06,3,31.8,30.7,2006
Velten,small,12065332,12733,2006-07-17,2006-07-20,4,34.7,31.6,2006
Velten,small,12065332,12733,2008-05-30,2008-06-02,4,28.8,28.3,2008
Velten,small,12065332,12733,2010-07-01,2010-07-03,3,31.1,30.8,2010
Velten,small,12065332,12733,2010-07-08,2010-07-11,4,36.2,34.7,2010
Velten,small,12065332,12733,2014-06-07,2014-06-09,3,31.5,29.9,2014
Velten,small,12065332,12733,2015-07-02,2015-07-04,3,35.2,33.9,2015
Velten,small,12065332,12733,2015-08-05,2015-08-07,3,35.4,32.7,2015
Velten,small,12065332,12733,2016-06-22,2016-06-24,3,32.5,31.0,2016
Velten,small,12065332,12733,2016-09-11,2016-09-13,3,30.2,29.4,2016
Velten,small,12065332,12733,2018-05-27,2018-05-31,5,31.2,30.3,2018
Velten,small,12065332,12733,2018-07-29,2018-07-31,3,33.8,32.1,2018
Velten,small,12065332,12733,2018-08-06,2018-08-08,3,35.6,34.0,2018
Velten,small,12065332,12733,2019-06-01,2019-06-05,5,32.6,30.4,2019
Velten,small,12065332,12733,2019-08-24,2019-08-28,5,31.2,30.2,2019
Velten,small,12065332,12733,2020-08-06,2020-08-08,3,34.2,33.1,2020
Velten,small,12065332,12733,2021-06-16,2021-06-20,5,33.6,32.3,2021
Velten,small,12065332,12733,2023-09-07,2023-09-11,5,29.3,28.9,2023
Velten,small,12065332,12733,2024-09-02,2024-09-07,6,32.4,30.3,2024
Velten,small,12065332,12733,2025-08-12,2025-08-14,3,31.8,31.0,2025
Gosen-Neu Zittau,rural,12067173,3428,1982-06-01,1982-06-04,4,31.7,30.8,1982
Gosen-Neu Zittau,rural,12067173,3428,1992-06-01,1992-06-03,3,28.8,28.6,1992
Gosen-Neu Zittau,rural,12067173,3428,1992-08-07,1992-08-09,3,37.2,35.7,1992
Gosen-Neu Zittau,rural,12067173,3428,1994-07-22,1994-07-31,10,36.1,33.4,1994
Gosen-Neu Zittau,rural,12067173,3428,1997-08-23,1997-08-25,3,30.4,29.9,1997
Gosen-Neu Zittau,rural,12067173,3428,2000-06-18,2000-06-21,4,33.9,31.7,2000
Gosen-Neu Zittau,rural,12067173,3428,2006-07-04,2006-07-06,3,32.2,31.3,2006
Gosen-Neu Zittau,rural,12067173,3428,2006-07-17,2006-07-22,6,35.2,32.0,2006
Gosen-Neu Zittau,rural,12067173,3428,2006-07-25,2006-07-27,3,33.9,32.4,2006
Gosen-Neu Zittau,rural,12067173,3428,2008-05-30,2008-06-02,4,29.0,28.6,2008
Gosen-Neu Zittau,rural,12067173,3428,2010-07-01,2010-07-03,3,31.4,31.0,2010
Gosen-Neu Zittau,rural,12067173,3428,2010-07-08,2010-07-11,4,35.6,34.5,2010
Gosen-Neu Zittau,rural,12067173,3428,2014-06-07,2014-06-10,4,31.6,30.0,2014
Gosen-Neu Zittau,rural,12067173,3428,2015-07-02,2015-07-04,3,34.9,33.9,2015
Gosen-Neu Zittau,rural,12067173,3428,2015-08-05,2015-08-07,3,35.4,33.7,2015
Gosen-Neu Zittau,rural,12067173,3428,2015-08-29,2015-08-31,3,33.3,30.3,2015
Gosen-Neu Zittau,rural,12067173,3428,2016-06-22,2016-06-24,3,32.7,31.4,2016
Gosen-Neu Zittau,rural,12067173,3428,2016-08-25,2016-08-27,3,33.5,31.4,2016
Gosen-Neu Zittau,rural,12067173,3428,2016-09-10,2016-09-13,4,30.5,29.4,2016
Gosen-Neu Zittau,rural,12067173,3428,2017-05-27,2017-05-29,3,29.2,28.9,2017
Gosen-Neu Zittau,rural,12067173,3428,2018-05-27,2018-05-31,5,30.2,29.9,2018
Gosen-Neu Zittau,rural,12067173,3428,2018-06-07,2018-06-09,3,30.4,29.4,2018
Gosen-Neu Zittau,rural,12067173,3428,2018-07-25,2018-07-27,3,31.2,30.9,2018
Gosen-Neu Zittau,rural,12067173,3428,2018-07-29,2018-08-03,6,34.2,32.1,2018
Gosen-Neu Zittau,rural,12067173,3428,2018-08-06,2018-08-08,3,35.9,34.6,2018
Gosen-Neu Zittau,rural,12067173,3428,2019-06-01,2019-06-04,4,31.9,30.4,2019
Gosen-Neu Zittau,rural,12067173,3428,2019-08-24,2019-08-31,8,32.2,30.6,2019
Gosen-Neu Zittau,rural,12067173,3428,2020-08-06,2020-08-08,3,34.1,33.1,2020
Gosen-Neu Zittau,rural,12067173,3428,2020-09-13,2020-09-15,3,29.8,28.7,2020
Gosen-Neu Zittau,rural,12067173,3428,2021-06-16,2021-06-20,5,34.0,32.1,2021
Gosen-Neu Zittau,rural,12067173,3428,2023-07-07,2023-07-09,3,31.4,30.9,2023
Gosen-Neu Zittau,rural,12067173,3428,2023-09-08,2023-09-11,4,29.8,29.4,2023
Gosen-Neu Zittau,rural,12067173,3428,2024-08-27,2024-08-29,3,32.9,30.2,2024
Gosen-Neu Zittau,rural,12067173,3428,2024-09-02,2024-09-07,6,32.4,30.6,2024
Gosen-Neu Zittau,rural,12067173,3428,2025-08-12,2025-08-14,3,32.7,32.0,2025
Hamburg,large,02000000,1910160,1982-06-01,1982-06-04,4,30.7,30.1,1982
Hamburg,large,02000000,1910160,1994-07-11,1994-07-13,3,30.2,29.8,1994
Hamburg,large,02000000,1910160,1994-07-21,1994-07-27,7,33.4,31.4,1994
Hamburg,large,02000000,1910160,1995-08-20,1995-08-22,3,30.3,29.2,1995
Hamburg,large,02000000,1910160,2000-06-18,2000-06-20,3,32.3,31.0,2000
Hamburg,large,02000000,1910160,2003-08-06,2003-08-11,6,33.7,32.2,2003
Hamburg,large,02000000,1910160,2008-05-31,2008-06-02,3,29.3,28.7,2008
Hamburg,large,02000000,1910160,2008-07-26,2008-07-28,3,30.8,30.1,2008
Hamburg,large,02000000,1910160,2010-07-07,2010-07-11,5,34.0,32.4,2010
Hamburg,large,02000000,1910160,2015-07-01,2015-07-04,4,35.2,31.1,2015
Hamburg,large,02000000,1910160,2016-08-23,2016-08-25,3,30.2,29.4,2016
Hamburg,large,02000000,1910160,2016-09-11,2016-09-13,3,29.9,28.9,2016
Hamburg,large,02000000,1910160,2018-05-27,2018-05-31,5,30.9,29.5,2018
Hamburg,large,02000000,1910160,2018-07-23,2018-07-27,5,32.9,32.3,2018
Hamburg,large,02000000,1910160,2018-08-01,2018-08-03,3,32.2,30.5,2018
Hamburg,large,02000000,1910160,2018-08-05,2018-08-08,4,34.7,31.5,2018
Hamburg,large,02000000,1910160,2019-07-23,2019-07-25,3,34.4,32.4,2019
Hamburg,large,02000000,1910160,2019-08-24,2019-08-27,4,31.4,30.7,2019
Hamburg,large,02000000,1910160,2020-08-05,2020-08-16,12,33.2,31.2,2020
Hamburg,large,02000000,1910160,2021-06-16,2021-06-18,3,32.9,31.1,2021
Hamburg,large,02000000,1910160,2022-08-10,2022-08-14,5,31.2,30.3,2022
Reinbek,medium,01062060,28579,1982-06-01,1982-06-04,4,30.7,30.1,1982
Reinbek,medium,01062060,28579,1994-07-21,1994-07-27,7,33.0,31.2,1994
Reinbek,medium,01062060,28579,1994-07-29,1994-07-31,3,33.2,31.7,1994
Reinbek,medium,01062060,28579,1995-08-18,1995-08-22,5,30.4,29.3,1995
Reinbek,medium,01062060,28579,2000-06-18,2000-06-20,3,32.1,31.0,2000
Reinbek,medium,01062060,28579,2003-08-06,2003-08-11,6,33.8,32.0,2003
Reinbek,medium,01062060,28579,2008-05-30,2008-06-02,4,29.4,28.5,2008
Reinbek,medium,01062060,28579,2008-07-26,2008-07-28,3,30.7,30.0,2008
Reinbek,medium,01062060,28579,2010-07-07,2010-07-11,5,34.0,32.6,2010
Reinbek,medium,01062060,28579,2012-08-17,2012-08-19,3,32.7,30.1,2012
Reinbek,medium,01062060,28579,2015-07-01,2015-07-04,4,35.2,31.3,2015
Reinbek,medium,01062060,28579,2016-08-23,2016-08-25,3,30.8,29.6,2016
Reinbek,medium,01062060,28579,2016-09-11,2016-09-13,3,29.6,28.8,2016
Reinbek,medium,01062060,28579,2018-05-27,2018-05-31,5,30.8,29.7,2018
Reinbek,medium,01062060,28579,2018-07-23,2018-07-27,5,32.8,32.1,2018
Reinbek,medium,01062060,28579,2018-08-01,2018-08-03,3,32.1,30.4,2018
Reinbek,medium,01062060,28579,2018-08-05,2018-08-08,4,34.3,31.6,2018
Reinbek,medium,01062060,28579,2019-07-23,2019-07-25,3,33.2,31.5,2019
Reinbek,medium,01062060,28579,2019-08-24,2019-08-27,4,31.2,30.3,2019
Reinbek,medium,01062060,28579,2020-08-05,2020-08-12,8,31.9,30.8,2020
Reinbek,medium,01062060,28579,2020-08-14,2020-08-16,3,30.8,30.0,2020
Reinbek,medium,01062060,28579,2021-06-16,2021-06-18,3,33.0,31.8,2021
Reinbek,medium,01062060,28579,2022-08-11,2022-08-14,4,31.0,30.2,2022
Reinbek,medium,01062060,28579,2024-09-03,2024-09-07,5,30.2,28.8,2024
Schenefeld,small,01056044,19817,1982-06-01,1982-06-04,4,30.5,29.9,1982
Schenefeld,small,01056044,19817,1994-07-11,1994-07-13,3,29.6,29.4,1994
Schenefeld,small,01056044,19817,1994-07-21,1994-07-27,7,32.9,31.0,1994
Schenefeld,small,01056044,19817,1995-08-20,1995-08-22,3,29.7,28.9,1995
Schenefeld,small,01056044,19817,2000-06-18,2000-06-20,3,31.9,30.6,2000
Schenefeld,small,01056044,19817,2003-08-06,2003-08-11,6,33.0,31.7,2003
Schenefeld,small,01056044,19817,2008-07-26,2008-07-28,3,30.4,29.8,2008
Schenefeld,small,01056044,19817,2010-07-07,2010-07-11,5,33.5,31.9,2010
Schenefeld,small,01056044,19817,2015-07-01,2015-07-04,4,34.7,30.6,2015
Schenefeld,small,01056044,19817,2016-08-23,2016-08-25,3,29.7,29.1,2016
Schenefeld,small,01056044,19817,2018-05-27,2018-05-31,5,30.4,29.0,2018
Schenefeld,small,01056044,19817,2018-07-23,2018-07-27,5,32.8,32.2,2018
Schenefeld,small,01056044,19817,2018-08-01,2018-08-03,3,31.7,30.4,2018
Schenefeld,small,01056044,19817,2018-08-05,2018-08-08,4,34.5,31.5,2018
Schenefeld,small,01056044,19817,2019-07-23,2019-07-25,3,33.3,31.5,2019
Schenefeld,small,01056044,19817,2019-08-24,2019-08-27,4,30.8,30.2,2019
Schenefeld,small,01056044,19817,2020-08-05,2020-08-16,12,33.2,31.0,2020
Schenefeld,small,01056044,19817,2022-08-10,2022-08-14,5,30.6,30.0,2022
Schenefeld,small,01056044,19817,2024-09-04,2024-09-06,3,30.0,28.9,2024
Stapelfeld,rural,01062071,1880,1982-06-01,1982-06-04,4,30.2,29.7,1982
Stapelfeld,rural,01062071,1880,1994-07-21,1994-07-27,7,32.7,30.9,1994
Stapelfeld,rural,01062071,1880,1994-07-29,1994-07-31,3,32.9,31.4,1994
Stapelfeld,rural,01062071,1880,1995-08-18,1995-08-22,5,30.1,28.9,1995
Stapelfeld,rural,01062071,1880,2000-06-18,2000-06-20,3,31.8,30.7,2000
Stapelfeld,rural,01062071,1880,2003-08-06,2003-08-11,6,33.4,31.6,2003
Stapelfeld,rural,01062071,1880,2008-07-26,2008-07-28,3,30.4,29.7,2008
Stapelfeld,rural,01062071,1880,2010-07-07,2010-07-11,5,33.4,32.1,2010
Stapelfeld,rural,01062071,1880,2012-08-17,2012-08-19,3,32.3,29.6,2012
Stapelfeld,rural,01062071,1880,2015-07-01,2015-07-04,4,34.8,30.9,2015
Stapelfeld,rural,01062071,1880,2018-05-27,2018-05-31,5,30.6,29.1,2018
Stapelfeld,rural,01062071,1880,2018-07-23,2018-07-27,5,32.3,31.8,2018
Stapelfeld,rural,01062071,1880,2018-08-05,2018-08-08,4,34.0,31.4,2018
Stapelfeld,rural,01062071,1880,2019-07-23,2019-07-25,3,33.4,31.4,2019
Stapelfeld,rural,01062071,1880,2019-08-24,2019-08-27,4,30.5,29.9,2019
Stapelfeld,rural,01062071,1880,2020-08-05,2020-08-16,12,32.6,30.5,2020
Stapelfeld,rural,01062071,1880,2021-06-16,2021-06-18,3,32.5,31.1,2021
Stapelfeld,rural,01062071,1880,2022-08-11,2022-08-14,4,31.0,30.1,2022
Stapelfeld,rural,01062071,1880,2024-09-04,2024-09-06,3,30.0,29.1,2024
München,large,09162000,1510378,1983-07-25,1983-07-27,3,33.9,31.9,1983
München,large,09162000,1510378,1992-08-05,1992-08-08,4,33.2,31.3,1992
München,large,09162000,1510378,1992-08-17,1992-08-19,3,31.5,30.3,1992
München,large,09162000,1510378,1994-06-25,1994-06-27,3,29.8,29.0,1994
München,large,09162000,1510378,1994-08-03,1994-08-06,4,31.4,30.1,1994
München,large,09162000,1510378,1998-06-04,1998-06-06,3,30.1,29.0,1998
München,large,09162000,1510378,1999-07-02,1999-07-04,3,30.7,29.6,1999
München,large,09162000,1510378,2002-06-16,2002-06-20,5,30.6,29.6,2002
München,large,09162000,1510378,2003-06-09,2003-06-11,3,32.1,30.2,2003
München,large,09162000,1510378,2003-08-02,2003-08-13,12,34.8,32.0,2003
München,large,09162000,1510378,2006-07-18,2006-07-21,4,31.4,30.4,2006
München,large,09162000,1510378,2006-07-24,2006-07-26,3,31.2,30.8,2006
München,large,09162000,1510378,2010-07-08,2010-07-11,4,30.7,29.9,2010
München,large,09162000,1510378,2011-08-20,2011-08-25,6,31.4,30.0,2011
München,large,09162000,1510378,2012-08-18,2012-08-20,3,32.4,31.3,2012
München,large,09162000,1510378,2013-06-16,2013-06-19,4,32.0,31.0,2013
München,large,09162000,1510378,2013-07-25,2013-07-27,3,34.3,32.7,2013
München,large,09162000,1510378,2013-08-04,2013-08-06,3,30.5,30.0,2013
München,large,09162000,1510378,2014-06-07,2014-06-09,3,30.4,29.9,2014
München,large,09162000,1510378,2015-07-01,2015-07-04,4,32.5,30.3,2015
München,large,09162000,1510378,2015-08-05,2015-08-08,4,33.3,32.3,2015
München,large,09162000,1510378,2015-08-11,2015-08-13,3,32.7,31.5,2015
München,large,09162000,1510378,2015-08-26,2015-08-31,6,31.0,29.9,2015
München,large,09162000,1510378,2017-06-19,2017-06-21,3,30.0,29.1,2017
München,large,09162000,1510378,2018-07-29,2018-07-31,3,31.8,31.2,2018
München,large,09162000,1510378,2018-08-02,2018-08-08,7,32.8,31.2,2018
München,large,09162000,1510378,2019-06-24,2019-06-26,3,32.5,30.9,2019
München,large,09162000,1510378,2019-06-28,2019-06-30,3,32.9,30.5,2019
München,large,09162000,1510378,2019-07-22,2019-07-25,4,33.7,32.2,2019
München,large,09162000,1510378,2021-06-16,2021-06-18,3,30.4,30.0,2021
München,large,09162000,1510378,2022-06-17,2022-06-19,3,33.4,30.8,2022
München,large,09162000,1510378,2022-07-17,2022-07-19,3,35.2,32.1,2022
München,large,09162000,1510378,2022-08-02,2022-08-04,3,33.4,31.8,2022
München,large,09162000,1510378,2023-06-19,2023-06-21,3,32.0,30.3,2023
München,large,09162000,1510378,2023-07-08,2023-07-10,3,33.4,31.4,2023
München,large,09162000,1510378,2023-08-18,2023-08-24,7,31.2,30.5,2023
München,large,09162000,1510378,2025-06-12,2025-06-14,3,32.0,30.5,2025
München,large,09162000,1510378,2025-06-23,2025-06-25,3,32.4,30.7,2025
München,large,09162000,1510378,2025-06-28,2025-07-01,4,34.4,32.2,2025
München,large,09162000,1510378,2025-08-11,2025-08-14,4,33.3,31.6,2025
Haar,medium,09184123,23056,1983-07-25,1983-07-27,3,33.7,31.7,1983
Haar,medium,09184123,23056,1992-08-05,1992-08-08,4,33.0,31.2,1992
Haar,medium,09184123,23056,1992-08-17,1992-08-19,3,31.2,30.0,1992
Haar,medium,09184123,23056,1994-06-25,1994-06-27,3,29.7,28.9,1994
Haar,medium,09184123,23056,1994-08-03,1994-08-06,4,31.2,29.9,1994
Haar,medium,09184123,23056,1998-06-04,1998-06-06,3,30.0,28.9,1998
Haar,medium,09184123,23056,2002-06-16,2002-06-20,5,30.3,29.4,2002
Haar,medium,09184123,23056,2003-06-09,2003-06-11,3,31.8,29.9,2003
Haar,medium,09184123,23056,2003-08-02,2003-08-12,11,34.4,31.9,2003
Haar,medium,09184123,23056,2006-07-18,2006-07-21,4,31.2,30.2,2006
Haar,medium,09184123,23056,2006-07-24,2006-07-26,3,31.0,30.5,2006
Haar,medium,09184123,23056,2010-07-08,2010-07-11,4,30.5,29.7,2010
Haar,medium,09184123,23056,2011-08-20,2011-08-23,4,30.6,30.0,2011
Haar,medium,09184123,23056,2012-08-18,2012-08-20,3,32.2,31.0,2012
Haar,medium,09184123,23056,2013-06-16,2013-06-19,4,31.8,30.9,2013
Haar,medium,09184123,23056,2013-07-25,2013-07-27,3,33.9,32.4,2013
Haar,medium,09184123,23056,2013-08-04,2013-08-06,3,30.3,29.8,2013
Haar,medium,09184123,23056,2014-06-07,2014-06-09,3,30.3,29.7,2014
Haar,medium,09184123,23056,2015-07-01,2015-07-04,4,32.2,30.1,2015
Haar,medium,09184123,23056,2015-08-05,2015-08-08,4,33.1,32.0,2015
Haar,medium,09184123,23056,2015-08-11,2015-08-13,3,32.3,31.2,2015
Haar,medium,09184123,23056,2015-08-26,2015-08-31,6,31.0,29.8,2015
Haar,medium,09184123,23056,2017-06-19,2017-06-21,3,30.0,29.1,2017
Haar,medium,09184123,23056,2018-07-29,2018-07-31,3,32.0,31.5,2018
Haar,medium,09184123,23056,2018-08-02,2018-08-08,7,32.7,31.4,2018
Haar,medium,09184123,23056,2019-06-24,2019-06-26,3,32.5,30.8,2019
Haar,medium,09184123,23056,2019-07-22,2019-07-25,4,33.0,31.5,2019
Haar,medium,09184123,23056,2021-06-16,2021-06-19,4,30.2,29.3,2021
Haar,medium,09184123,23056,2022-06-17,2022-06-19,3,33.7,30.8,2022
Haar,medium,09184123,23056,2022-08-02,2022-08-04,3,33.0,31.6,2022
Haar,medium,09184123,23056,2023-06-19,2023-06-21,3,32.1,30.4,2023
Haar,medium,09184123,23056,2023-07-08,2023-07-10,3,33.0,31.2,2023
Haar,medium,09184123,23056,2023-08-11,2023-08-13,3,30.2,29.6,2023
Haar,medium,09184123,23056,2023-08-18,2023-08-24,7,31.2,30.4,2023
Haar,medium,09184123,23056,2024-08-28,2024-08-30,3,29.6,29.1,2024
Haar,medium,09184123,23056,2025-06-12,2025-06-14,3,31.1,30.1,2025
Haar,medium,09184123,23056,2025-06-23,2025-06-25,3,32.4,30.8,2025
Haar,medium,09184123,23056,2025-06-28,2025-07-02,5,34.1,31.0,2025
Haar,medium,09184123,23056,2025-08-11,2025-08-14,4,33.0,31.4,2025
Garching bei München,small,09184119,17577,1983-07-25,1983-07-27,3,35.0,33.1,1983
Garching bei München,small,09184119,17577,1992-08-05,1992-08-08,4,34.3,32.5,1992
Garching bei München,small,09184119,17577,1992-08-17,1992-08-19,3,32.4,31.0,1992
Garching bei München,small,09184119,17577,1992-08-24,1992-08-28,5,31.6,30.4,1992
Garching bei München,small,09184119,17577,1994-06-24,1994-06-27,4,30.5,29.7,1994
Garching bei München,small,09184119,17577,1994-08-03,1994-08-05,3,32.3,31.2,1994
Garching bei München,small,09184119,17577,1998-06-04,1998-06-06,3,30.9,29.8,1998
Garching bei München,small,09184119,17577,2002-06-16,2002-06-20,5,31.3,30.1,2002
Garching bei München,small,09184119,17577,2003-06-09,2003-06-11,3,32.7,30.8,2003
Garching bei München,small,09184119,17577,2003-08-02,2003-08-13,12,35.4,32.7,2003
Garching bei München,small,09184119,17577,2006-07-19,2006-07-21,3,32.3,31.6,2006
Garching bei München,small,09184119,17577,2006-07-24,2006-07-26,3,31.8,31.4,2006
Garching bei München,small,09184119,17577,2008-05-26,2008-05-28,3,29.6,28.7,2008
Garching bei München,small,09184119,17577,2010-07-09,2010-07-11,3,31.6,31.1,2010
Garching bei München,small,09184119,17577,2011-08-20,2011-08-25,6,32.0,30.7,2011
Garching bei München,small,09184119,17577,2012-08-18,2012-08-20,3,33.2,31.9,2012
Garching bei München,small,09184119,17577,2013-06-16,2013-06-19,4,32.4,31.7,2013
Garching bei München,small,09184119,17577,2013-07-25,2013-07-27,3,34.4,33.0,2013
Garching bei München,small,09184119,17577,2013-08-04,2013-08-06,3,31.1,30.5,2013
Garching bei München,small,09184119,17577,2014-06-07,2014-06-10,4,31.3,30.1,2014
Garching bei München,small,09184119,17577,2015-07-01,2015-07-04,4,33.2,31.0,2015
Garching bei München,small,09184119,17577,2015-08-05,2015-08-08,4,34.3,33.3,2015
Garching bei München,small,09184119,17577,2015-08-11,2015-08-13,3,33.5,32.2,2015
Garching bei München,small,09184119,17577,2015-08-26,2015-08-31,6,31.6,30.4,2015
Garching bei München,small,09184119,17577,2017-06-19,2017-06-21,3,30.2,29.5,2017
Garching bei München,small,09184119,17577,2018-07-29,2018-07-31,3,32.0,31.6,2018
Garching bei München,small,09184119,17577,2018-08-02,2018-08-08,7,32.4,31.2,2018
Garching bei München,small,09184119,17577,2019-06-24,2019-06-26,3,33.1,31.3,2019
Garching bei München,small,09184119,17577,2019-07-23,2019-07-25,3,33.2,32.6,2019
Garching bei München,small,09184119,17577,2021-06-16,2021-06-18,3,30.9,30.2,2021
Garching bei München,small,09184119,17577,2022-06-17,2022-06-19,3,31.8,30.0,2022
Garching bei München,small,09184119,17577,2023-06-19,2023-06-21,3,33.1,30.8,2023
Garching bei München,small,09184119,17577,2023-08-18,2023-08-24,7,32.1,30.9,2023
Garching bei München,small,09184119,17577,2024-08-28,2024-08-31,4,29.6,28.9,2024
Garching bei München,small,09184119,17577,2025-06-28,2025-07-01,4,32.0,30.6,2025
Garching bei München,small,09184119,17577,2025-08-12,2025-08-14,3,31.8,30.9,2025
Baierbrunn,rural,09184113,3426,1983-07-25,1983-07-27,3,33.2,31.2,1983
Baierbrunn,rural,09184113,3426,1992-08-06,1992-08-08,3,32.1,30.9,1992
Baierbrunn,rural,09184113,3426,1992-08-17,1992-08-19,3,30.6,29.3,1992
Baierbrunn,rural,09184113,3426,1994-08-03,1994-08-06,4,30.8,29.5,1994
Baierbrunn,rural,09184113,3426,2002-06-17,2002-06-20,4,30.3,29.2,2002
Baierbrunn,rural,09184113,3426,2003-08-02,2003-08-13,12,34.0,31.3,2003
Baierbrunn,rural,09184113,3426,2006-07-18,2006-07-21,4,30.7,29.9,2006
Baierbrunn,rural,09184113,3426,2006-07-24,2006-07-26,3,30.6,30.2,2006
Baierbrunn,rural,09184113,3426,2010-07-08,2010-07-11,4,30.3,29.5,2010
Baierbrunn,rural,09184113,3426,2011-08-20,2011-08-23,4,30.1,29.4,2011
Baierbrunn,rural,09184113,3426,2012-08-18,2012-08-20,3,31.6,30.7,2012
Baierbrunn,rural,09184113,3426,2013-06-16,2013-06-19,4,31.7,30.4,2013
Baierbrunn,rural,09184113,3426,2013-07-25,2013-07-27,3,34.4,32.7,2013
Baierbrunn,rural,09184113,3426,2013-08-04,2013-08-06,3,29.9,29.4,2013
Baierbrunn,rural,09184113,3426,2014-06-07,2014-06-09,3,30.1,29.4,2014
Baierbrunn,rural,09184113,3426,2015-07-02,2015-07-04,3,32.3,30.6,2015
Baierbrunn,rural,09184113,3426,2015-08-05,2015-08-08,4,32.5,31.5,2015
Baierbrunn,rural,09184113,3426,2015-08-11,2015-08-13,3,32.2,30.8,2015
Baierbrunn,rural,09184113,3426,2015-08-26,2015-08-31,6,30.1,29.1,2015
Baierbrunn,rural,09184113,3426,2018-07-29,2018-07-31,3,30.7,30.3,2018
Baierbrunn,rural,09184113,3426,2018-08-02,2018-08-08,7,31.8,30.3,2018
Baierbrunn,rural,09184113,3426,2019-06-24,2019-06-26,3,32.3,30.6,2019
Baierbrunn,rural,09184113,3426,2019-07-22,2019-07-25,4,32.7,31.5,2019
Baierbrunn,rural,09184113,3426,2021-06-16,2021-06-18,3,30.2,29.6,2021
Baierbrunn,rural,09184113,3426,2022-06-17,2022-06-19,3,32.6,30.1,2022
Baierbrunn,rural,09184113,3426,2022-07-17,2022-07-19,3,34.6,31.6,2022
Baierbrunn,rural,09184113,3426,2022-08-02,2022-08-04,3,31.7,30.4,2022
Baierbrunn,rural,09184113,3426,2023-07-08,2023-07-10,3,33.5,31.1,2023
Baierbrunn,rural,09184113,3426,2023-08-18,2023-08-21,4,30.8,30.3,2023
Baierbrunn,rural,09184113,3426,2025-06-28,2025-07-01,4,32.9,31.5,2025
Baierbrunn,rural,09184113,3426,2025-08-11,2025-08-14,4,31.0,30.6,2025
Köln,large,05315000,1024621,1990-08-01,1990-08-03,3,34.9,33.1,1990
Köln,large,05315000,1024621,1992-08-06,1992-08-08,3,33.8,32.3,1992
Köln,large,05315000,1024621,1994-08-02,1994-08-04,3,33.5,32.0,1994
Köln,large,05315000,1024621,1995-07-08,1995-07-10,3,32.2,31.5,1995
Köln,large,05315000,1024621,1996-06-05,1996-06-07,3,29.9,28.9,1996
Köln,large,05315000,1024621,2001-08-23,2001-08-25,3,32.9,31.0,2001
Köln,large,05315000,1024621,2003-08-03,2003-08-12,10,37.0,33.1,2003
Köln,large,05315000,1024621,2006-07-17,2006-07-21,5,34.3,31.8,2006
Köln,large,05315000,1024621,2006-07-24,2006-07-26,3,33.6,32.1,2006
Köln,large,05315000,1024621,2010-06-30,2010-07-02,3,33.1,31.9,2010
Köln,large,05315000,1024621,2010-07-07,2010-07-11,5,34.1,32.5,2010
Köln,large,05315000,1024621,2012-08-17,2012-08-19,3,34.7,31.8,2012
Köln,large,05315000,1024621,2015-06-30,2015-07-04,5,34.6,32.6,2015
Köln,large,05315000,1024621,2016-08-23,2016-08-27,5,32.3,30.6,2016
Köln,large,05315000,1024621,2016-09-11,2016-09-14,4,31.1,30.0,2016
Köln,large,05315000,1024621,2017-06-18,2017-06-21,4,34.2,30.9,2017
Köln,large,05315000,1024621,2018-07-23,2018-07-26,4,34.6,33.4,2018
Köln,large,05315000,1024621,2018-08-01,2018-08-03,3,34.2,33.1,2018
Köln,large,05315000,1024621,2019-06-22,2019-06-25,4,35.8,31.9,2019
Köln,large,05315000,1024621,2019-07-22,2019-07-25,4,38.8,36.6,2019
Köln,large,05315000,1024621,2019-08-23,2019-08-27,5,32.1,30.5,2019
Köln,large,05315000,1024621,2020-08-05,2020-08-12,8,35.8,33.3,2020
Köln,large,05315000,1024621,2020-09-13,2020-09-15,3,32.6,30.4,2020
Köln,large,05315000,1024621,2021-06-15,2021-06-18,4,34.6,32.2,2021
Köln,large,05315000,1024621,2022-07-17,2022-07-19,3,36.4,33.2,2022
Köln,large,05315000,1024621,2022-08-01,2022-08-03,3,35.0,32.8,2022
Köln,large,05315000,1024621,2022-08-09,2022-08-13,5,32.8,31.7,2022
Köln,large,05315000,1024621,2022-08-22,2022-08-24,3,32.9,31.9,2022
Köln,large,05315000,1024621,2023-06-08,2023-06-11,4,29.0,28.5,2023
Köln,large,05315000,1024621,2023-09-05,2023-09-10,6,30.2,29.3,2023
Köln,large,05315000,1024621,2025-06-29,2025-07-01,3,38.2,35.3,2025
Köln,large,05315000,1024621,2025-08-11,2025-08-14,4,34.6,32.5,2025
Hürth,medium,05362028,61252,1990-08-01,1990-08-03,3,34.5,32.9,1990
Hürth,medium,05362028,61252,1992-08-06,1992-08-08,3,33.5,32.0,1992
Hürth,medium,05362028,61252,1994-08-02,1994-08-04,3,33.3,31.6,1994
Hürth,medium,05362028,61252,1995-07-08,1995-07-10,3,31.8,31.1,1995
Hürth,medium,05362028,61252,2001-08-23,2001-08-25,3,32.8,30.9,2001
Hürth,medium,05362028,61252,2003-08-03,2003-08-12,10,36.7,32.9,2003
Hürth,medium,05362028,61252,2006-07-17,2006-07-21,5,34.1,31.5,2006
Hürth,medium,05362028,61252,2006-07-24,2006-07-26,3,33.1,31.7,2006
Hürth,medium,05362028,61252,2010-06-30,2010-07-02,3,32.8,31.5,2010
Hürth,medium,05362028,61252,2010-07-07,2010-07-11,5,33.6,32.1,2010
Hürth,medium,05362028,61252,2012-08-17,2012-08-19,3,34.5,31.6,2012
Hürth,medium,05362028,61252,2015-06-30,2015-07-04,5,34.3,32.2,2015
Hürth,medium,05362028,61252,2016-08-23,2016-08-27,5,32.1,30.3,2016
Hürth,medium,05362028,61252,2016-09-11,2016-09-14,4,30.9,29.8,2016
Hürth,medium,05362028,61252,2017-06-18,2017-06-21,4,33.8,30.9,2017
Hürth,medium,05362028,61252,2018-07-23,2018-07-26,4,34.7,33.2,2018
Hürth,medium,05362028,61252,2018-08-01,2018-08-03,3,34.2,33.0,2018
Hürth,medium,05362028,61252,2019-06-22,2019-06-25,4,35.4,31.6,2019
Hürth,medium,05362028,61252,2019-07-22,2019-07-25,4,38.8,36.6,2019
Hürth,medium,05362028,61252,2019-08-24,2019-08-27,4,31.8,30.6,2019
Hürth,medium,05362028,61252,2020-08-05,2020-08-13,9,35.6,32.7,2020
Hürth,medium,05362028,61252,2020-09-13,2020-09-15,3,32.5,30.4,2020
Hürth,medium,05362028,61252,2021-06-15,2021-06-18,4,34.4,32.2,2021
Hürth,medium,05362028,61252,2022-07-17,2022-07-19,3,36.4,33.2,2022
Hürth,medium,05362028,61252,2022-08-01,2022-08-03,3,35.3,33.1,2022
Hürth,medium,05362028,61252,2022-08-09,2022-08-13,5,32.7,31.4,2022
Hürth,medium,05362028,61252,2022-08-22,2022-08-24,3,32.4,31.6,2022
Hürth,medium,05362028,61252,2023-06-09,2023-06-11,3,28.8,28.4,2023
Hürth,medium,05362028,61252,2023-09-06,2023-09-10,5,30.4,29.5,2023
Hürth,medium,05362028,61252,2025-06-11,2025-06-13,3,34.2,31.6,2025
Hürth,medium,05362028,61252,2025-06-29,2025-07-01,3,38.0,35.3,2025
Hürth,medium,05362028,61252,2025-08-11,2025-08-14,4,34.6,32.3,2025
Burscheid,small,05378008,19005,1990-08-01,1990-08-03,3,33.7,32.0,1990
Burscheid,small,05378008,19005,1992-08-06,1992-08-08,3,32.5,31.2,1992
Burscheid,small,05378008,19005,1994-07-22,1994-07-24,3,31.0,30.1,1994
Burscheid,small,05378008,19005,1994-08-02,1994-08-04,3,32.8,31.2,1994
Burscheid,small,05378008,19005,1995-07-08,1995-07-10,3,31.2,30.7,1995
Burscheid,small,05378008,19005,2003-08-03,2003-08-11,9,35.6,32.2,2003
Burscheid,small,05378008,19005,2006-07-17,2006-07-21,5,33.2,31.1,2006
Burscheid,small,05378008,19005,2006-07-24,2006-07-26,3,33.2,31.5,2006
Burscheid,small,05378008,19005,2010-06-30,2010-07-02,3,32.4,31.3,2010
Burscheid,small,05378008,19005,2010-07-07,2010-07-11,5,33.5,32.1,2010
Burscheid,small,05378008,19005,2012-08-17,2012-08-19,3,33.5,30.6,2012
Burscheid,small,05378008,19005,2015-06-30,2015-07-04,5,33.6,31.6,2015
Burscheid,small,05378008,19005,2016-08-23,2016-08-27,5,31.3,29.6,2016
Burscheid,small,05378008,19005,2016-09-11,2016-09-13,3,30.0,29.4,2016
Burscheid,small,05378008,19005,2017-06-18,2017-06-21,4,33.0,30.2,2017
Burscheid,small,05378008,19005,2018-07-23,2018-07-26,4,34.0,32.9,2018
Burscheid,small,05378008,19005,2018-07-29,2018-08-03,6,33.8,31.6,2018
Burscheid,small,05378008,19005,2019-06-23,2019-06-25,3,34.9,32.0,2019
Burscheid,small,05378008,19005,2019-07-22,2019-07-25,4,38.0,35.6,2019
Burscheid,small,05378008,19005,2019-08-23,2019-08-27,5,31.2,29.7,2019
Burscheid,small,05378008,19005,2020-08-05,2020-08-12,8,34.7,32.1,2020
Burscheid,small,05378008,19005,2021-06-15,2021-06-18,4,32.9,30.3,2021
Burscheid,small,05378008,19005,2022-07-17,2022-07-19,3,35.8,32.4,2022
Burscheid,small,05378008,19005,2022-08-09,2022-08-13,5,31.8,31.0,2022
Burscheid,small,05378008,19005,2022-08-22,2022-08-24,3,32.1,31.1,2022
Burscheid,small,05378008,19005,2023-06-08,2023-06-11,4,28.5,28.2,2023
Burscheid,small,05378008,19005,2023-09-07,2023-09-10,4,29.0,28.6,2023
Burscheid,small,05378008,19005,2025-06-29,2025-07-01,3,35.2,32.8,2025
Burscheid,small,05378008,19005,2025-08-11,2025-08-13,3,32.5,31.3,2025
Rheinbreitbach,rural,07138062,4538,1990-08-01,1990-08-03,3,34.5,32.6,1990
Rheinbreitbach,rural,07138062,4538,1992-08-06,1992-08-08,3,33.6,32.2,1992
Rheinbreitbach,rural,07138062,4538,1995-07-08,1995-07-10,3,31.9,31.4,1995
Rheinbreitbach,rural,07138062,4538,1996-06-05,1996-06-07,3,29.8,29.0,1996
Rheinbreitbach,rural,07138062,4538,1998-08-09,1998-08-11,3,32.2,30.9,1998
Rheinbreitbach,rural,07138062,4538,2003-08-03,2003-08-12,10,36.3,33.0,2003
Rheinbreitbach,rural,07138062,4538,2006-07-17,2006-07-21,5,33.9,31.9,2006
Rheinbreitbach,rural,07138062,4538,2006-07-24,2006-07-26,3,33.6,32.1,2006
Rheinbreitbach,rural,07138062,4538,2010-07-07,2010-07-11,5,33.6,32.1,2010
Rheinbreitbach,rural,07138062,4538,2012-08-17,2012-08-19,3,34.5,31.9,2012
Rheinbreitbach,rural,07138062,4538,2015-06-30,2015-07-04,5,34.8,33.2,2015
Rheinbreitbach,rural,07138062,4538,2016-08-23,2016-08-27,5,32.3,30.6,2016
Rheinbreitbach,rural,07138062,4538,2016-09-11,2016-09-14,4,30.3,29.3,2016
Rheinbreitbach,rural,07138062,4538,2017-06-19,2017-06-21,3,32.8,30.7,2017
Rheinbreitbach,rural,07138062,4538,2018-07-23,2018-07-26,4,33.4,32.5,2018
Rheinbreitbach,rural,07138062,4538,2018-08-01,2018-08-03,3,33.6,32.5,2018
Rheinbreitbach,rural,07138062,4538,2019-06-23,2019-06-25,3,33.9,31.6,2019
Rheinbreitbach,rural,07138062,4538,2019-07-22,2019-07-25,4,37.7,35.9,2019
Rheinbreitbach,rural,07138062,4538,2019-08-24,2019-08-27,4,31.8,30.3,2019
Rheinbreitbach,rural,07138062,4538,2020-08-05,2020-08-12,8,34.2,32.7,2020
Rheinbreitbach,rural,07138062,4538,2020-09-13,2020-09-15,3,32.4,30.6,2020
Rheinbreitbach,rural,07138062,4538,2021-06-15,2021-06-18,4,33.7,31.5,2021
Rheinbreitbach,rural,07138062,4538,2022-08-10,2022-08-13,4,31.4,30.5,2022
Rheinbreitbach,rural,07138062,4538,2022-08-22,2022-08-24,3,31.9,31.2,2022
Rheinbreitbach,rural,07138062,4538,2023-09-06,2023-09-10,5,30.8,29.4,2023
Rheinbreitbach,rural,07138062,4538,2025-06-28,2025-07-01,4,36.8,33.4,2025
Rheinbreitbach,rural,07138062,4538,2025-08-11,2025-08-13,3,34.2,32.8,2025
Frankfurt am Main,large,06412000,775790,1982-06-01,1982-06-04,4,30.3,29.8,1982
Frankfurt am Main,large,06412000,775790,1982-09-14,1982-09-16,3,29.4,29.1,1982
Frankfurt am Main,large,06412000,775790,1990-08-02,1990-08-04,3,34.1,33.4,1990
Frankfurt am Main,large,06412000,775790,1992-08-06,1992-08-08,3,35.7,34.3,1992
Frankfurt am Main,large,06412000,775790,1999-09-11,1999-09-14,4,29.8,29.5,1999
Frankfurt am Main,large,06412000,775790,2000-06-18,2000-06-20,3,32.1,31.3,2000
Frankfurt am Main,large,06412000,775790,2003-08-01,2003-08-12,12,37.5,35.3,2003
Frankfurt am Main,large,06412000,775790,2003-09-18,2003-09-21,4,30.3,28.8,2003
Frankfurt am Main,large,06412000,775790,2006-07-24,2006-07-26,3,34.7,34.0,2006
Frankfurt am Main,large,06412000,775790,2012-08-18,2012-08-20,3,34.8,33.2,2012
Frankfurt am Main,large,06412000,775790,2014-06-06,2014-06-09,4,33.0,31.4,2014
Frankfurt am Main,large,06412000,775790,2015-06-30,2015-07-04,5,37.3,35.0,2015
Frankfurt am Main,large,06412000,775790,2016-08-24,2016-08-27,4,34.0,32.8,2016
Frankfurt am Main,large,06412000,775790,2016-09-11,2016-09-14,4,31.3,30.5,2016
Frankfurt am Main,large,06412000,775790,2017-05-27,2017-05-29,3,31.5,30.1,2017
Frankfurt am Main,large,06412000,775790,2017-06-18,2017-06-21,4,35.6,33.1,2017
Frankfurt am Main,large,06412000,775790,2018-07-24,2018-07-26,3,34.4,33.6,2018
Frankfurt am Main,large,06412000,775790,2018-07-29,2018-08-03,6,35.4,34.2,2018
Frankfurt am Main,large,06412000,775790,2018-09-17,2018-09-19,3,30.9,29.7,2018
Frankfurt am Main,large,06412000,775790,2019-05-31,2019-06-04,5,31.7,30.8,2019
Frankfurt am Main,large,06412000,775790,2019-06-23,2019-06-26,4,37.4,33.9,2019
Frankfurt am Main,large,06412000,775790,2019-07-22,2019-07-25,4,38.8,37.0,2019
Frankfurt am Main,large,06412000,775790,2019-08-24,2019-08-28,5,32.4,31.7,2019
Frankfurt am Main,large,06412000,775790,2020-08-06,2020-08-11,6,36.2,34.9,2020
Frankfurt am Main,large,06412000,775790,2020-09-13,2020-09-15,3,30.5,30.2,2020
Frankfurt am Main,large,06412000,775790,2021-06-14,2021-06-18,5,34.6,33.1,2021
Frankfurt am Main,large,06412000,775790,2022-06-16,2022-06-18,3,35.3,33.4,2022
Frankfurt am Main,large,06412000,775790,2022-07-17,2022-07-19,3,36.6,35.2,2022
Frankfurt am Main,large,06412000,775790,2022-08-23,2022-08-25,3,32.1,31.6,2022
Frankfurt am Main,large,06412000,775790,2023-06-08,2023-06-10,3,29.4,29.0,2023
Frankfurt am Main,large,06412000,775790,2023-09-09,2023-09-11,3,29.2,28.9,2023
Frankfurt am Main,large,06412000,775790,2025-06-27,2025-07-01,5,38.2,34.3,2025
Frankfurt am Main,large,06412000,775790,2025-08-11,2025-08-14,4,35.8,34.2,2025
Offenbach am Main,medium,06413000,135490,1982-06-01,1982-06-04,4,30.3,29.8,1982
Offenbach am Main,medium,06413000,135490,1982-09-14,1982-09-16,3,29.4,29.1,1982
Offenbach am Main,medium,06413000,135490,1992-08-06,1992-08-08,3,35.7,34.3,1992
Offenbach am Main,medium,06413000,135490,1999-09-11,1999-09-14,4,29.8,29.5,1999
Offenbach am Main,medium,06413000,135490,2000-06-18,2000-06-20,3,32.2,31.4,2000
Offenbach am Main,medium,06413000,135490,2003-06-01,2003-06-03,3,29.3,28.6,2003
Offenbach am Main,medium,06413000,135490,2003-08-01,2003-08-12,12,37.4,35.4,2003
Offenbach am Main,medium,06413000,135490,2003-09-18,2003-09-21,4,30.3,28.8,2003
Offenbach am Main,medium,06413000,135490,2006-07-24,2006-07-26,3,34.6,33.9,2006
Offenbach am Main,medium,06413000,135490,2012-08-18,2012-08-20,3,34.8,33.3,2012
Offenbach am Main,medium,06413000,135490,2014-06-06,2014-06-09,4,33.0,31.3,2014
Offenbach am Main,medium,06413000,135490,2015-06-30,2015-07-04,5,37.3,34.9,2015
Offenbach am Main,medium,06413000,135490,2015-08-05,2015-08-07,3,37.9,35.0,2015
Offenbach am Main,medium,06413000,135490,2016-08-24,2016-08-27,4,34.0,32.9,2016
Offenbach am Main,medium,06413000,135490,2016-09-09,2016-09-14,6,31.4,29.9,2016
Offenbach am Main,medium,06413000,135490,2017-05-27,2017-05-29,3,31.0,29.7,2017
Offenbach am Main,medium,06413000,135490,2017-06-18,2017-06-21,4,35.4,32.7,2017
Offenbach am Main,medium,06413000,135490,2018-07-23,2018-07-27,5,34.3,33.2,2018
Offenbach am Main,medium,06413000,135490,2018-07-29,2018-08-03,6,35.3,34.2,2018
Offenbach am Main,medium,06413000,135490,2018-09-17,2018-09-19,3,30.7,29.6,2018
Offenbach am Main,medium,06413000,135490,2019-06-01,2019-06-04,4,30.9,30.7,2019
Offenbach am Main,medium,06413000,135490,2019-06-23,2019-06-25,3,36.7,34.2,2019
Offenbach am Main,medium,06413000,135490,2019-07-22,2019-07-25,4,38.4,36.5,2019
Offenbach am Main,medium,06413000,135490,2019-08-24,2019-08-28,5,32.2,31.6,2019
Offenbach am Main,medium,06413000,135490,2020-08-06,2020-08-11,6,36.0,35.1,2020
Offenbach am Main,medium,06413000,135490,2020-09-13,2020-09-15,3,30.5,30.1,2020
Offenbach am Main,medium,06413000,135490,2021-06-14,2021-06-18,5,34.2,32.7,2021
Offenbach am Main,medium,06413000,135490,2022-06-16,2022-06-18,3,35.6,33.6,2022
Offenbach am Main,medium,06413000,135490,2022-07-17,2022-07-19,3,36.8,35.6,2022
Offenbach am Main,medium,06413000,135490,2022-08-22,2022-08-25,4,32.6,31.8,2022
Offenbach am Main,medium,06413000,135490,2023-06-08,2023-06-10,3,29.6,29.0,2023
Offenbach am Main,medium,06413000,135490,2023-09-09,2023-09-11,3,29.2,29.0,2023
Offenbach am Main,medium,06413000,135490,2025-06-27,2025-07-01,5,38.4,34.4,2025
Offenbach am Main,medium,06413000,135490,2025-08-12,2025-08-14,3,35.8,34.4,2025
Steinbach (Taunus),small,06434010,10869,1982-06-01,1982-06-04,4,29.7,29.2,1982
Steinbach (Taunus),small,06434010,10869,1982-09-14,1982-09-16,3,28.6,28.4,1982
Steinbach (Taunus),small,06434010,10869,1990-08-02,1990-08-04,3,33.2,32.6,1990
Steinbach (Taunus),small,06434010,10869,1992-08-06,1992-08-08,3,35.0,33.6,1992
Steinbach (Taunus),small,06434010,10869,1999-09-11,1999-09-14,4,29.1,28.8,1999
Steinbach (Taunus),small,06434010,10869,2000-06-18,2000-06-20,3,31.3,30.7,2000
Steinbach (Taunus),small,06434010,10869,2003-08-02,2003-08-12,11,36.7,34.6,2003
Steinbach (Taunus),small,06434010,10869,2006-07-24,2006-07-26,3,33.9,33.2,2006
Steinbach (Taunus),small,06434010,10869,2010-07-08,2010-07-11,4,33.3,32.5,2010
Steinbach (Taunus),small,06434010,10869,2012-08-18,2012-08-20,3,34.2,32.6,2012
Steinbach (Taunus),small,06434010,10869,2014-06-06,2014-06-09,4,32.3,30.8,2014
Steinbach (Taunus),small,06434010,10869,2015-06-30,2015-07-04,5,36.5,34.3,2015
Steinbach (Taunus),small,06434010,10869,2016-08-23,2016-08-27,5,33.4,31.9,2016
Steinbach (Taunus),small,06434010,10869,2016-09-11,2016-09-14,4,30.6,29.8,2016
Steinbach (Taunus),small,06434010,10869,2017-06-19,2017-06-21,3,34.0,31.8,2017
Steinbach (Taunus),small,06434010,10869,2018-07-24,2018-07-26,3,33.2,32.4,2018
Steinbach (Taunus),small,06434010,10869,2019-06-01,2019-06-04,4,29.4,28.9,2019
Steinbach (Taunus),small,06434010,10869,2019-06-23,2019-06-25,3,34.8,32.9,2019
Steinbach (Taunus),small,06434010,10869,2019-07-22,2019-07-25,4,37.5,35.6,2019
Steinbach (Taunus),small,06434010,10869,2019-08-24,2019-08-27,4,31.1,30.6,2019
Steinbach (Taunus),small,06434010,10869,2020-08-06,2020-08-11,6,34.8,33.4,2020
Steinbach (Taunus),small,06434010,10869,2020-09-13,2020-09-15,3,29.8,29.6,2020
Steinbach (Taunus),small,06434010,10869,2021-06-15,2021-06-18,4,33.0,32.1,2021
Steinbach (Taunus),small,06434010,10869,2025-06-28,2025-07-01,4,35.8,33.0,2025
Steinbach (Taunus),small,06434010,10869,2025-08-12,2025-08-14,3,33.6,32.7,2025
Messel,rural,06432012,4263,1982-06-01,1982-06-04,4,29.5,29.1,1982
Messel,rural,06432012,4263,1982-09-14,1982-09-16,3,28.5,28.3,1982
Messel,rural,06432012,4263,1990-08-02,1990-08-04,3,33.5,32.8,1990
Messel,rural,06432012,4263,1992-08-06,1992-08-08,3,34.9,33.6,1992
Messel,rural,06432012,4263,1999-09-11,1999-09-14,4,29.2,28.8,1999
Messel,rural,06432012,4263,2000-06-18,2000-06-20,3,31.4,30.7,2000
Messel,rural,06432012,4263,2003-08-01,2003-08-12,12,36.9,35.0,2003
Messel,rural,06432012,4263,2004-06-07,2004-06-09,3,30.4,29.4,2004
Messel,rural,06432012,4263,2006-07-24,2006-07-26,3,34.1,33.5,2006
Messel,rural,06432012,4263,2012-08-17,2012-08-20,4,34.5,32.4,2012
Messel,rural,06432012,4263,2013-06-16,2013-06-18,3,33.2,31.1,2013
Messel,rural,06432012,4263,2014-06-06,2014-06-09,4,32.9,31.1,2014
Messel,rural,06432012,4263,2015-06-30,2015-07-04,5,36.9,34.7,2015
Messel,rural,06432012,4263,2015-08-05,2015-08-07,3,37.5,34.7,2015
Messel,rural,06432012,4263,2016-08-24,2016-08-27,4,32.9,31.9,2016
Messel,rural,06432012,4263,2016-09-11,2016-09-14,4,30.6,29.7,2016
Messel,rural,06432012,4263,2017-06-19,2017-06-21,3,34.2,32.6,2017
Messel,rural,06432012,4263,2018-07-24,2018-07-26,3,32.8,32.4,2018
Messel,rural,06432012,4263,2018-07-29,2018-07-31,3,34.2,33.4,2018
Messel,rural,06432012,4263,2018-09-17,2018-09-19,3,29.9,28.9,2018
Messel,rural,06432012,4263,2019-06-01,2019-06-04,4,29.4,29.0,2019
Messel,rural,06432012,4263,2019-07-22,2019-07-25,4,37.2,35.3,2019
Messel,rural,06432012,4263,2019-08-25,2019-08-28,4,31.2,30.9,2019
Messel,rural,06432012,4263,2020-08-06,2020-08-11,6,35.3,34.2,2020
Messel,rural,06432012,4263,2020-09-13,2020-09-15,3,29.6,29.4,2020
Messel,rural,06432012,4263,2021-06-14,2021-06-18,5,33.2,31.6,2021
Messel,rural,06432012,4263,2022-07-17,2022-07-19,3,35.6,34.4,2022
Messel,rural,06432012,4263,2022-08-22,2022-08-25,4,31.8,31.3,2022
Messel,rural,06432012,4263,2023-09-09,2023-09-11,3,28.9,28.7,2023
Messel,rural,06432012,4263,2025-06-28,2025-07-01,4,36.9,34.5,2025
Messel,rural,06432012,4263,2025-08-11,2025-08-14,4,34.4,33.0,2025
Stuttgart,large,08111000,633484,1983-07-25,1983-07-27,3,35.4,34.1,1983
Stuttgart,large,08111000,633484,1992-08-06,1992-08-08,3,33.8,33.0,1992
Stuttgart,large,08111000,633484,2000-06-18,2000-06-20,3,31.6,30.8,2000
Stuttgart,large,08111000,633484,2003-06-09,2003-06-11,3,33.0,30.7,2003
Stuttgart,large,08111000,633484,2003-08-02,2003-08-12,11,36.2,35.0,2003
Stuttgart,large,08111000,633484,2005-05-26,2005-05-28,3,29.4,29.1,2005
Stuttgart,large,08111000,633484,2006-07-18,2006-07-21,4,33.1,32.6,2006
Stuttgart,large,08111000,633484,2006-07-24,2006-07-26,3,33.3,33.0,2006
Stuttgart,large,08111000,633484,2011-08-20,2011-08-22,3,32.0,31.4,2011
Stuttgart,large,08111000,633484,2012-08-17,2012-08-20,4,34.6,32.9,2012
Stuttgart,large,08111000,633484,2013-06-16,2013-06-19,4,33.0,31.8,2013
Stuttgart,large,08111000,633484,2013-07-25,2013-07-27,3,34.5,33.4,2013
Stuttgart,large,08111000,633484,2014-06-06,2014-06-10,5,34.0,31.4,2014
Stuttgart,large,08111000,633484,2015-06-30,2015-07-04,5,35.6,33.5,2015
Stuttgart,large,08111000,633484,2015-08-05,2015-08-08,4,35.9,34.0,2015
Stuttgart,large,08111000,633484,2015-08-28,2015-08-30,3,31.9,31.3,2015
Stuttgart,large,08111000,633484,2016-08-24,2016-08-27,4,32.5,31.7,2016
Stuttgart,large,08111000,633484,2016-09-11,2016-09-13,3,30.1,29.7,2016
Stuttgart,large,08111000,633484,2017-06-19,2017-06-21,3,32.9,30.9,2017
Stuttgart,large,08111000,633484,2018-07-29,2018-07-31,3,33.3,32.2,2018
Stuttgart,large,08111000,633484,2019-06-01,2019-06-04,4,29.5,29.0,2019
Stuttgart,large,08111000,633484,2019-06-24,2019-06-26,3,33.2,31.9,2019
Stuttgart,large,08111000,633484,2019-07-22,2019-07-25,4,36.2,34.7,2019
Stuttgart,large,08111000,633484,2020-08-07,2020-08-11,5,32.8,32.3,2020
Stuttgart,large,08111000,633484,2021-06-15,2021-06-18,4,32.2,31.1,2021
Stuttgart,large,08111000,633484,2023-08-17,2023-08-21,5,33.3,31.7,2023
Stuttgart,large,08111000,633484,2023-09-08,2023-09-11,4,29.4,29.0,2023
Stuttgart,large,08111000,633484,2024-08-27,2024-08-31,5,31.7,30.7,2024
Stuttgart,large,08111000,633484,2025-06-27,2025-07-01,5,36.0,33.4,2025
Stuttgart,large,08111000,633484,2025-08-11,2025-08-14,4,33.3,32.4,2025
Korntal-Münchingen,medium,08118080,20394,1983-07-25,1983-07-27,3,35.1,33.8,1983
Korntal-Münchingen,medium,08118080,20394,1992-08-06,1992-08-08,3,33.3,32.5,1992
Korntal-Münchingen,medium,08118080,20394,1998-08-09,1998-08-11,3,33.1,32.3,1998
Korntal-Münchingen,medium,08118080,20394,2000-06-18,2000-06-20,3,31.1,30.4,2000
Korntal-Münchingen,medium,08118080,20394,2003-08-02,2003-08-12,11,35.6,34.4,2003
Korntal-Münchingen,medium,08118080,20394,2005-05-26,2005-05-28,3,29.0,28.6,2005
Korntal-Münchingen,medium,08118080,20394,2006-07-18,2006-07-21,4,32.6,32.1,2006
Korntal-Münchingen,medium,08118080,20394,2006-07-24,2006-07-26,3,32.7,32.5,2006
Korntal-Münchingen,medium,08118080,20394,2011-08-20,2011-08-22,3,31.6,31.0,2011
Korntal-Münchingen,medium,08118080,20394,2012-08-17,2012-08-20,4,34.2,32.4,2012
Korntal-Münchingen,medium,08118080,20394,2013-06-16,2013-06-19,4,32.7,31.4,2013
Korntal-Münchingen,medium,08118080,20394,2013-07-25,2013-07-27,3,34.1,32.7,2013
Korntal-Münchingen,medium,08118080,20394,2014-06-06,2014-06-09,4,33.6,31.7,2014
Korntal-Münchingen,medium,08118080,20394,2015-06-30,2015-07-04,5,35.4,33.2,2015
Korntal-Münchingen,medium,08118080,20394,2015-08-05,2015-08-08,4,35.5,33.5,2015
Korntal-Münchingen,medium,08118080,20394,2015-08-28,2015-08-30,3,31.5,30.9,2015
Korntal-Münchingen,medium,08118080,20394,2016-08-24,2016-08-27,4,32.2,31.4,2016
Korntal-Münchingen,medium,08118080,20394,2016-09-11,2016-09-13,3,29.7,29.3,2016
Korntal-Münchingen,medium,08118080,20394,2017-06-19,2017-06-21,3,32.2,30.2,2017
Korntal-Münchingen,medium,08118080,20394,2019-06-02,2019-06-04,3,28.9,28.6,2019
Korntal-Münchingen,medium,08118080,20394,2019-06-24,2019-06-26,3,32.6,31.3,2019
Korntal-Münchingen,medium,08118080,20394,2019-07-22,2019-07-25,4,35.6,34.0,2019
Korntal-Münchingen,medium,08118080,20394,2020-08-07,2020-08-11,5,32.2,31.6,2020
Korntal-Münchingen,medium,08118080,20394,2021-06-15,2021-06-18,4,31.6,30.5,2021
Korntal-Münchingen,medium,08118080,20394,2023-08-17,2023-08-21,5,32.6,31.0,2023
Korntal-Münchingen,medium,08118080,20394,2023-09-08,2023-09-11,4,28.8,28.4,2023
Korntal-Münchingen,medium,08118080,20394,2024-08-27,2024-08-31,5,31.0,30.1,2024
Korntal-Münchingen,medium,08118080,20394,2025-06-27,2025-07-01,5,35.4,32.8,2025
Korntal-Münchingen,medium,08118080,20394,2025-08-11,2025-08-14,4,32.6,31.8,2025
Gerlingen,small,08118019,19774,1983-07-25,1983-07-27,3,34.9,33.7,1983
Gerlingen,small,08118019,19774,1992-08-06,1992-08-08,3,33.1,32.3,1992
Gerlingen,small,08118019,19774,1998-08-09,1998-08-11,3,33.0,32.2,1998
Gerlingen,small,08118019,19774,2000-06-18,2000-06-20,3,31.0,30.2,2000
Gerlingen,small,08118019,19774,2003-08-02,2003-08-12,11,35.4,34.2,2003
Gerlingen,small,08118019,19774,2005-05-26,2005-05-28,3,28.8,28.5,2005
Gerlingen,small,08118019,19774,2006-07-18,2006-07-21,4,32.4,32.0,2006
Gerlingen,small,08118019,19774,2006-07-24,2006-07-26,3,32.6,32.4,2006
Gerlingen,small,08118019,19774,2011-08-20,2011-08-22,3,31.5,30.9,2011
Gerlingen,small,08118019,19774,2012-08-17,2012-08-20,4,34.1,32.3,2012
Gerlingen,small,08118019,19774,2013-06-16,2013-06-19,4,32.5,31.2,2013
Gerlingen,small,08118019,19774,2013-07-25,2013-07-27,3,33.9,32.6,2013
Gerlingen,small,08118019,19774,2014-06-06,2014-06-09,4,33.5,31.5,2014
Gerlingen,small,08118019,19774,2015-06-30,2015-07-04,5,35.3,33.1,2015
Gerlingen,small,08118019,19774,2015-08-05,2015-08-08,4,35.4,33.3,2015
Gerlingen,small,08118019,19774,2015-08-28,2015-08-30,3,31.4,30.8,2015
Gerlingen,small,08118019,19774,2016-08-24,2016-08-27,4,32.0,31.3,2016
Gerlingen,small,08118019,19774,2016-09-11,2016-09-13,3,29.5,29.1,2016
Gerlingen,small,08118019,19774,2017-06-19,2017-06-21,3,31.9,30.0,2017
Gerlingen,small,08118019,19774,2019-06-02,2019-06-04,3,28.6,28.3,2019
Gerlingen,small,08118019,19774,2019-06-24,2019-06-26,3,32.7,31.3,2019
Gerlingen,small,08118019,19774,2019-07-22,2019-07-25,4,35.4,33.7,2019
Gerlingen,small,08118019,19774,2020-08-08,2020-08-11,4,31.8,31.5,2020
Gerlingen,small,08118019,19774,2021-06-15,2021-06-18,4,31.4,30.4,2021
Gerlingen,small,08118019,19774,2022-07-17,2022-07-19,3,33.6,32.5,2022
Gerlingen,small,08118019,19774,2023-08-17,2023-08-21,5,32.3,30.8,2023
Gerlingen,small,08118019,19774,2023-09-08,2023-09-10,3,28.8,28.4,2023
Gerlingen,small,08118019,19774,2024-08-27,2024-08-31,5,30.8,30.1,2024
Gerlingen,small,08118019,19774,2025-06-27,2025-07-01,5,34.2,31.2,2025
Gerlingen,small,08118019,19774,2025-08-11,2025-08-14,4,32.3,31.4,2025
Affalterbach,rural,08118001,4524,1983-07-25,1983-07-27,3,34.9,33.7,1983
Affalterbach,rural,08118001,4524,1992-08-06,1992-08-08,3,33.6,32.7,1992
Affalterbach,rural,08118001,4524,1998-08-09,1998-08-11,3,33.4,32.4,1998
Affalterbach,rural,08118001,4524,2000-06-18,2000-06-20,3,31.3,30.4,2000
Affalterbach,rural,08118001,4524,2003-08-02,2003-08-12,11,35.7,34.5,2003
Affalterbach,rural,08118001,4524,2005-05-26,2005-05-28,3,28.9,28.6,2005
Affalterbach,rural,08118001,4524,2006-07-18,2006-07-21,4,32.6,32.1,2006
Affalterbach,rural,08118001,4524,2006-07-24,2006-07-26,3,32.9,32.5,2006
Affalterbach,rural,08118001,4524,2011-08-20,2011-08-22,3,31.5,30.7,2011
Affalterbach,rural,08118001,4524,2012-08-17,2012-08-20,4,34.2,32.4,2012
Affalterbach,rural,08118001,4524,2013-06-16,2013-06-19,4,32.5,31.2,2013
Affalterbach,rural,08118001,4524,2013-07-25,2013-07-27,3,34.1,32.8,2013
Affalterbach,rural,08118001,4524,2014-06-06,2014-06-09,4,33.5,31.7,2014
Affalterbach,rural,08118001,4524,2015-06-30,2015-07-04,5,35.3,33.2,2015
Affalterbach,rural,08118001,4524,2015-08-05,2015-08-08,4,35.6,33.6,2015
Affalterbach,rural,08118001,4524,2015-08-28,2015-08-30,3,31.4,30.8,2015
Affalterbach,rural,08118001,4524,2016-08-24,2016-08-27,4,32.2,31.3,2016
Affalterbach,rural,08118001,4524,2016-09-11,2016-09-13,3,29.8,29.3,2016
Affalterbach,rural,08118001,4524,2017-06-19,2017-06-21,3,31.9,30.5,2017
Affalterbach,rural,08118001,4524,2018-07-29,2018-07-31,3,33.7,32.7,2018
Affalterbach,rural,08118001,4524,2018-08-05,2018-08-08,4,32.6,31.9,2018
Affalterbach,rural,08118001,4524,2019-06-02,2019-06-04,3,29.4,29.0,2019
Affalterbach,rural,08118001,4524,2019-06-24,2019-06-26,3,33.0,31.8,2019
Affalterbach,rural,08118001,4524,2019-06-28,2019-06-30,3,34.0,31.5,2019
Affalterbach,rural,08118001,4524,2019-07-22,2019-07-25,4,36.0,34.3,2019
Affalterbach,rural,08118001,4524,2020-08-07,2020-08-11,5,32.4,32.0,2020
Affalterbach,rural,08118001,4524,2021-06-15,2021-06-18,4,31.8,31.0,2021
Affalterbach,rural,08118001,4524,2022-08-02,2022-08-04,3,34.6,32.5,2022
Affalterbach,rural,08118001,4524,2023-08-17,2023-08-21,5,32.8,31.5,2023
Affalterbach,rural,08118001,4524,2023-09-08,2023-09-11,4,29.6,29.0,2023
Affalterbach,rural,08118001,4524,2024-08-27,2024-08-31,5,31.8,30.6,2024
Affalterbach,rural,08118001,4524,2025-06-27,2025-07-01,5,35.2,32.3,2025
Affalterbach,rural,08118001,4524,2025-08-11,2025-08-14,4,32.2,31.6,2025
Düsseldorf,large,05111000,631217,1982-06-01,1982-06-03,3,28.3,28.3,1982
Düsseldorf,large,05111000,631217,1990-08-01,1990-08-03,3,34.6,33.0,1990
Düsseldorf,large,05111000,631217,1991-09-01,1991-09-03,3,28.8,28.5,1991
Düsseldorf,large,05111000,631217,1992-08-06,1992-08-08,3,33.4,31.8,1992
Düsseldorf,large,05111000,631217,1994-08-02,1994-08-04,3,34.0,32.0,1994
Düsseldorf,large,05111000,631217,1995-07-08,1995-07-10,3,32.3,31.8,1995
Düsseldorf,large,05111000,631217,1996-06-05,1996-06-07,3,30.2,29.2,1996
Düsseldorf,large,05111000,631217,2001-08-23,2001-08-25,3,33.4,31.4,2001
Düsseldorf,large,05111000,631217,2003-08-04,2003-08-11,8,36.4,33.2,2003
Düsseldorf,large,05111000,631217,2006-07-17,2006-07-21,5,34.6,32.0,2006
Düsseldorf,large,05111000,631217,2006-07-24,2006-07-26,3,33.6,32.1,2006
Düsseldorf,large,05111000,631217,2010-07-07,2010-07-11,5,34.1,32.7,2010
Düsseldorf,large,05111000,631217,2012-08-17,2012-08-19,3,35.0,31.8,2012
Düsseldorf,large,05111000,631217,2015-06-30,2015-07-03,4,34.9,33.0,2015
Düsseldorf,large,05111000,631217,2016-08-23,2016-08-27,5,32.3,30.5,2016
Düsseldorf,large,05111000,631217,2016-09-11,2016-09-14,4,31.6,30.5,2016
Düsseldorf,large,05111000,631217,2017-06-18,2017-06-21,4,33.9,31.1,2017
Düsseldorf,large,05111000,631217,2018-07-23,2018-07-26,4,34.8,33.6,2018
Düsseldorf,large,05111000,631217,2018-08-01,2018-08-03,3,34.1,32.9,2018
Düsseldorf,large,05111000,631217,2019-06-23,2019-06-25,3,35.4,32.3,2019
Düsseldorf,large,05111000,631217,2019-07-22,2019-07-25,4,39.1,36.7,2019
Düsseldorf,large,05111000,631217,2019-08-23,2019-08-27,5,32.4,30.8,2019
Düsseldorf,large,05111000,631217,2020-08-05,2020-08-12,8,36.1,33.4,2020
Düsseldorf,large,05111000,631217,2021-06-15,2021-06-17,3,32.7,31.4,2021
Düsseldorf,large,05111000,631217,2022-08-09,2022-08-13,5,32.6,32.0,2022
Düsseldorf,large,05111000,631217,2022-08-22,2022-08-24,3,33.2,31.8,2022
Düsseldorf,large,05111000,631217,2023-06-08,2023-06-11,4,29.3,28.9,2023
Düsseldorf,large,05111000,631217,2023-09-05,2023-09-10,6,29.8,29.0,2023
Düsseldorf,large,05111000,631217,2025-06-29,2025-07-01,3,37.6,35.0,2025
Düsseldorf,large,05111000,631217,2025-08-11,2025-08-13,3,34.5,33.6,2025
Meerbusch,medium,05162022,57440,1982-06-01,1982-06-03,3,28.3,28.2,1982
Meerbusch,medium,05162022,57440,1990-08-01,1990-08-03,3,34.0,32.4,1990
Meerbusch,medium,05162022,57440,1994-08-02,1994-08-04,3,33.7,31.6,1994
Meerbusch,medium,05162022,57440,1995-07-08,1995-07-10,3,32.2,31.6,1995
Meerbusch,medium,05162022,57440,1996-06-05,1996-06-07,3,30.2,29.2,1996
Meerbusch,medium,05162022,57440,1998-08-09,1998-08-11,3,30.9,30.0,1998
Meerbusch,medium,05162022,57440,2001-08-23,2001-08-25,3,33.2,31.1,2001
Meerbusch,medium,05162022,57440,2003-08-04,2003-08-08,5,34.8,32.6,2003
Meerbusch,medium,05162022,57440,2006-07-17,2006-07-21,5,34.2,31.7,2006
Meerbusch,medium,05162022,57440,2006-07-24,2006-07-26,3,33.3,31.8,2006
Meerbusch,medium,05162022,57440,2010-07-07,2010-07-11,5,33.8,32.3,2010
Meerbusch,medium,05162022,57440,2012-08-17,2012-08-19,3,34.9,31.6,2012
Meerbusch,medium,05162022,57440,2015-06-30,2015-07-03,4,34.7,32.8,2015
Meerbusch,medium,05162022,57440,2016-08-23,2016-08-27,5,32.0,30.2,2016
Meerbusch,medium,05162022,57440,2016-09-11,2016-09-14,4,31.4,30.2,2016
Meerbusch,medium,05162022,57440,2017-06-18,2017-06-21,4,33.6,30.7,2017
Meerbusch,medium,05162022,57440,2018-07-23,2018-07-26,4,34.6,33.4,2018
Meerbusch,medium,05162022,57440,2018-08-01,2018-08-03,3,33.8,32.5,2018
Meerbusch,medium,05162022,57440,2019-06-22,2019-06-25,4,35.1,31.6,2019
Meerbusch,medium,05162022,57440,2019-07-22,2019-07-25,4,39.4,36.9,2019
Meerbusch,medium,05162022,57440,2019-08-23,2019-08-27,5,32.6,31.0,2019
Meerbusch,medium,05162022,57440,2020-08-05,2020-08-12,8,35.8,33.4,2020
Meerbusch,medium,05162022,57440,2021-06-15,2021-06-18,4,33.2,30.8,2021
Meerbusch,medium,05162022,57440,2022-08-09,2022-08-13,5,32.4,31.6,2022
Meerbusch,medium,05162022,57440,2022-08-22,2022-08-24,3,32.8,31.7,2022
Meerbusch,medium,05162022,57440,2023-06-08,2023-06-11,4,29.2,28.9,2023
Meerbusch,medium,05162022,57440,2023-09-05,2023-09-10,6,30.0,29.0,2023
Meerbusch,medium,05162022,57440,2025-06-29,2025-07-01,3,36.2,34.4,2025
Meerbusch,medium,05162022,57440,2025-08-11,2025-08-13,3,33.8,33.1,2025
Buchholz,rural,07138080,4801,1990-08-01,1990-08-03,3,33.1,31.3,1990
Buchholz,rural,07138080,4801,1992-08-06,1992-08-08,3,32.6,31.3,1992
Buchholz,rural,07138080,4801,1995-07-08,1995-07-10,3,31.0,30.5,1995
Buchholz,rural,07138080,4801,2000-06-18,2000-06-20,3,30.5,29.4,2000
Buchholz,rural,07138080,4801,2003-08-03,2003-08-12,10,35.5,32.0,2003
Buchholz,rural,07138080,4801,2006-07-17,2006-07-21,5,32.9,31.0,2006
Buchholz,rural,07138080,4801,2006-07-24,2006-07-26,3,33.0,31.5,2006
Buchholz,rural,07138080,4801,2010-07-07,2010-07-11,5,33.2,31.5,2010
Buchholz,rural,07138080,4801,2012-08-17,2012-08-19,3,33.5,30.7,2012
Buchholz,rural,07138080,4801,2015-06-30,2015-07-04,5,34.0,32.3,2015
Buchholz,rural,07138080,4801,2016-08-23,2016-08-27,5,31.3,29.7,2016
Buchholz,rural,07138080,4801,2016-09-11,2016-09-13,3,29.3,28.7,2016
Buchholz,rural,07138080,4801,2017-06-18,2017-06-21,4,32.6,30.0,2017
Buchholz,rural,07138080,4801,2018-07-23,2018-07-26,4,33.3,32.5,2018
Buchholz,rural,07138080,4801,2018-08-01,2018-08-03,3,34.2,32.8,2018
Buchholz,rural,07138080,4801,2019-06-23,2019-06-25,3,33.6,31.3,2019
Buchholz,rural,07138080,4801,2019-07-22,2019-07-25,4,37.6,35.4,2019
Buchholz,rural,07138080,4801,2019-08-24,2019-08-27,4,31.0,29.5,2019
Buchholz,rural,07138080,4801,2020-08-05,2020-08-12,8,34.5,32.4,2020
Buchholz,rural,07138080,4801,2020-09-13,2020-09-15,3,31.7,30.0,2020
Buchholz,rural,07138080,4801,2021-06-15,2021-06-18,4,32.2,30.4,2021
Buchholz,rural,07138080,4801,2022-07-17,2022-07-19,3,35.2,32.1,2022
Buchholz,rural,07138080,4801,2022-08-01,2022-08-03,3,34.9,32.0,2022
Buchholz,rural,07138080,4801,2022-08-10,2022-08-13,4,30.8,29.7,2022
Buchholz,rural,07138080,4801,2022-08-22,2022-08-24,3,31.0,30.4,2022
Buchholz,rural,07138080,4801,2025-06-29,2025-07-01,3,34.6,32.6,2025
Buchholz,rural,07138080,4801,2025-08-11,2025-08-13,3,32.8,31.5,2025
Leipzig,large,14713000,611850,1982-05-31,1982-06-05,6,31.9,29.8,1982
Leipzig,large,14713000,611850,1994-07-27,1994-07-31,5,34.9,33.5,1994
Leipzig,large,14713000,611850,2000-06-18,2000-06-20,3,32.5,31.5,2000
Leipzig,large,14713000,611850,2003-06-02,2003-06-04,3,30.7,30.0,2003
Leipzig,large,14713000,611850,2010-07-08,2010-07-11,4,35.3,33.8,2010
Leipzig,large,14713000,611850,2014-06-07,2014-06-09,3,31.6,31.2,2014
Leipzig,large,14713000,611850,2015-07-02,2015-07-04,3,35.1,34.2,2015
Leipzig,large,14713000,611850,2015-08-05,2015-08-07,3,35.7,33.6,2015
Leipzig,large,14713000,611850,2016-08-24,2016-08-27,4,32.8,31.3,2016
Leipzig,large,14713000,611850,2016-09-11,2016-09-13,3,30.8,30.3,2016
Leipzig,large,14713000,611850,2017-05-27,2017-05-29,3,30.8,30.1,2017
Leipzig,large,14713000,611850,2018-07-23,2018-07-27,5,32.8,31.9,2018
Leipzig,large,14713000,611850,2018-07-29,2018-07-31,3,35.0,33.3,2018
Leipzig,large,14713000,611850,2018-08-06,2018-08-08,3,36.2,35.4,2018
Leipzig,large,14713000,611850,2018-09-17,2018-09-20,4,30.4,30.2,2018
Leipzig,large,14713000,611850,2019-06-01,2019-06-04,4,32.2,30.8,2019
Leipzig,large,14713000,611850,2019-07-22,2019-07-25,4,36.0,33.6,2019
Leipzig,large,14713000,611850,2019-08-24,2019-08-30,7,31.8,31.0,2019
Leipzig,large,14713000,611850,2020-08-06,2020-08-08,3,35.6,34.3,2020
Leipzig,large,14713000,611850,2020-08-10,2020-08-12,3,32.9,32.1,2020
Leipzig,large,14713000,611850,2020-09-13,2020-09-15,3,30.3,29.8,2020
Leipzig,large,14713000,611850,2021-06-16,2021-06-19,4,32.2,31.7,2021
Leipzig,large,14713000,611850,2023-09-07,2023-09-11,5,29.0,28.7,2023
Leipzig,large,14713000,611850,2024-08-27,2024-08-29,3,33.6,31.1,2024
Leipzig,large,14713000,611850,2024-09-01,2024-09-07,7,34.0,31.0,2024
Leipzig,large,14713000,611850,2025-08-12,2025-08-14,3,33.8,33.1,2025
Markkleeberg,medium,14729260,24488,1982-05-31,1982-06-05,6,32.0,29.9,1982
Markkleeberg,medium,14729260,24488,1994-07-27,1994-07-31,5,34.9,33.6,1994
Markkleeberg,medium,14729260,24488,2000-06-18,2000-06-20,3,32.5,31.6,2000
Markkleeberg,medium,14729260,24488,2003-06-02,2003-06-04,3,30.7,30.0,2003
Markkleeberg,medium,14729260,24488,2010-07-08,2010-07-11,4,35.4,33.8,2010
Markkleeberg,medium,14729260,24488,2014-06-07,2014-06-09,3,31.7,31.2,2014
Markkleeberg,medium,14729260,24488,2015-07-02,2015-07-04,3,35.1,34.2,2015
Markkleeberg,medium,14729260,24488,2015-08-05,2015-08-07,3,35.8,33.7,2015
Markkleeberg,medium,14729260,24488,2016-08-24,2016-08-27,4,32.8,31.4,2016
Markkleeberg,medium,14729260,24488,2016-09-10,2016-09-13,4,30.9,29.7,2016
Markkleeberg,medium,14729260,24488,2017-05-27,2017-05-29,3,30.1,29.5,2017
Markkleeberg,medium,14729260,24488,2018-07-23,2018-07-27,5,32.6,31.9,2018
Markkleeberg,medium,14729260,24488,2018-07-29,2018-07-31,3,35.1,33.3,2018
Markkleeberg,medium,14729260,24488,2018-08-06,2018-08-08,3,36.3,35.4,2018
Markkleeberg,medium,14729260,24488,2018-09-17,2018-09-20,4,30.4,30.4,2018
Markkleeberg,medium,14729260,24488,2019-06-01,2019-06-04,4,31.4,30.2,2019
Markkleeberg,medium,14729260,24488,2019-07-22,2019-07-25,4,35.6,33.1,2019
Markkleeberg,medium,14729260,24488,2019-08-24,2019-08-30,7,31.8,30.9,2019
Markkleeberg,medium,14729260,24488,2020-08-06,2020-08-08,3,35.4,34.1,2020
Markkleeberg,medium,14729260,24488,2020-08-10,2020-08-12,3,32.8,32.0,2020
Markkleeberg,medium,14729260,24488,2020-09-13,2020-09-15,3,30.0,29.5,2020
Markkleeberg,medium,14729260,24488,2021-06-16,2021-06-19,4,31.8,31.2,2021
Markkleeberg,medium,14729260,24488,2023-09-06,2023-09-11,6,29.0,28.5,2023
Markkleeberg,medium,14729260,24488,2024-08-27,2024-08-29,3,33.2,30.9,2024
Markkleeberg,medium,14729260,24488,2024-09-01,2024-09-07,7,33.9,30.8,2024
Markkleeberg,medium,14729260,24488,2025-08-12,2025-08-14,3,32.8,32.4,2025
Taucha,small,14730300,15759,1982-05-31,1982-06-04,5,31.9,30.0,1982
Taucha,small,14730300,15759,1994-07-22,1994-07-25,4,32.5,31.5,1994
Taucha,small,14730300,15759,1994-07-27,1994-07-31,5,35.1,33.6,1994
Taucha,small,14730300,15759,2000-06-18,2000-06-20,3,32.5,31.4,2000
Taucha,small,14730300,15759,2003-06-02,2003-06-04,3,30.7,30.0,2003
Taucha,small,14730300,15759,2010-07-08,2010-07-11,4,35.4,33.9,2010
Taucha,small,14730300,15759,2014-06-07,2014-06-09,3,31.6,31.2,2014
Taucha,small,14730300,15759,2015-07-02,2015-07-04,3,35.0,34.2,2015
Taucha,small,14730300,15759,2015-08-05,2015-08-07,3,35.7,33.5,2015
Taucha,small,14730300,15759,2016-08-24,2016-08-27,4,32.9,31.5,2016
Taucha,small,14730300,15759,2016-09-10,2016-09-13,4,30.9,29.7,2016
Taucha,small,14730300,15759,2017-05-27,2017-05-29,3,30.4,29.7,2017
Taucha,small,14730300,15759,2018-07-24,2018-07-27,4,32.8,31.8,2018
Taucha,small,14730300,15759,2018-07-29,2018-08-03,6,34.8,33.0,2018
Taucha,small,14730300,15759,2018-08-06,2018-08-08,3,35.8,35.1,2018
Taucha,small,14730300,15759,2018-09-17,2018-09-20,4,30.6,30.2,2018
Taucha,small,14730300,15759,2019-06-01,2019-06-04,4,32.4,31.0,2019
Taucha,small,14730300,15759,2019-07-22,2019-07-25,4,35.6,33.2,2019
Taucha,small,14730300,15759,2019-08-24,2019-08-30,7,32.2,31.3,2019
Taucha,small,14730300,15759,2020-08-06,2020-08-08,3,35.3,34.0,2020
Taucha,small,14730300,15759,2020-08-10,2020-08-12,3,32.8,31.9,2020
Taucha,small,14730300,15759,2020-09-13,2020-09-15,3,30.2,29.5,2020
Taucha,small,14730300,15759,2021-06-16,2021-06-19,4,32.0,31.3,2021
Taucha,small,14730300,15759,2022-08-02,2022-08-04,3,34.8,32.3,2022
Taucha,small,14730300,15759,2023-09-07,2023-09-11,5,29.0,28.8,2023
Taucha,small,14730300,15759,2024-08-27,2024-08-29,3,32.8,30.7,2024
Taucha,small,14730300,15759,2024-09-02,2024-09-07,6,33.2,30.9,2024
Taucha,small,14730300,15759,2025-08-12,2025-08-14,3,33.4,32.9,2025
Jesewitz,rural,14730140,3092,1982-05-31,1982-06-04,5,31.8,30.0,1982
Jesewitz,rural,14730140,3092,1994-07-23,1994-07-25,3,32.4,31.5,1994
Jesewitz,rural,14730140,3092,1994-07-27,1994-07-31,5,35.0,33.5,1994
Jesewitz,rural,14730140,3092,2000-06-18,2000-06-20,3,32.5,31.4,2000
Jesewitz,rural,14730140,3092,2003-06-02,2003-06-04,3,30.6,29.9,2003
Jesewitz,rural,14730140,3092,2010-07-08,2010-07-11,4,35.2,33.8,2010
Jesewitz,rural,14730140,3092,2014-06-07,2014-06-09,3,31.5,31.2,2014
Jesewitz,rural,14730140,3092,2015-07-02,2015-07-04,3,34.9,34.2,2015
Jesewitz,rural,14730140,3092,2015-08-05,2015-08-07,3,35.5,33.4,2015
Jesewitz,rural,14730140,3092,2016-08-24,2016-08-27,4,32.8,31.3,2016
Jesewitz,rural,14730140,3092,2016-09-10,2016-09-13,4,30.6,29.5,2016
Jesewitz,rural,14730140,3092,2017-05-27,2017-05-29,3,30.1,29.6,2017
Jesewitz,rural,14730140,3092,2018-07-23,2018-07-27,5,33.3,31.8,2018
Jesewitz,rural,14730140,3092,2018-07-29,2018-08-03,6,35.2,33.2,2018
Jesewitz,rural,14730140,3092,2018-08-06,2018-08-08,3,35.9,35.2,2018
Jesewitz,rural,14730140,3092,2018-09-17,2018-09-20,4,30.6,30.3,2018
Jesewitz,rural,14730140,3092,2019-06-01,2019-06-04,4,32.5,31.2,2019
Jesewitz,rural,14730140,3092,2019-07-22,2019-07-25,4,35.6,33.3,2019
Jesewitz,rural,14730140,3092,2019-08-24,2019-08-30,7,32.0,31.2,2019
Jesewitz,rural,14730140,3092,2020-08-06,2020-08-08,3,35.4,34.2,2020
Jesewitz,rural,14730140,3092,2020-08-10,2020-08-12,3,32.6,32.0,2020
Jesewitz,rural,14730140,3092,2020-09-13,2020-09-15,3,30.2,29.3,2020
Jesewitz,rural,14730140,3092,2021-06-16,2021-06-19,4,32.4,31.4,2021
Jesewitz,rural,14730140,3092,2023-09-07,2023-09-11,5,29.2,29.0,2023
Jesewitz,rural,14730140,3092,2024-08-27,2024-08-29,3,32.8,30.6,2024
Jesewitz,rural,14730140,3092,2024-09-02,2024-09-07,6,33.0,30.9,2024
Jesewitz,rural,14730140,3092,2025-08-12,2025-08-14,3,33.2,32.8,2025
Dortmund,large,05913000,595471,1982-06-01,1982-06-03,3,29.2,28.9,1982
Dortmund,large,05913000,595471,1990-08-01,1990-08-03,3,34.0,31.9,1990
Dortmund,large,05913000,595471,1994-07-01,1994-07-03,3,31.3,30.1,1994
Dortmund,large,05913000,595471,1994-07-22,1994-07-24,3,31.5,30.8,1994
Dortmund,large,05913000,595471,1994-08-02,1994-08-04,3,33.4,31.7,1994
Dortmund,large,05913000,595471,1995-07-08,1995-07-10,3,31.5,30.6,1995
Dortmund,large,05913000,595471,1998-08-09,1998-08-11,3,30.1,29.8,1998
Dortmund,large,05913000,595471,2003-08-04,2003-08-11,8,35.2,32.3,2003
Dortmund,large,05913000,595471,2006-07-17,2006-07-21,5,33.8,32.1,2006
Dortmund,large,05913000,595471,2006-07-24,2006-07-26,3,32.9,31.6,2006
Dortmund,large,05913000,595471,2010-07-07,2010-07-11,5,33.7,32.2,2010
Dortmund,large,05913000,595471,2012-08-17,2012-08-19,3,33.4,30.6,2012
Dortmund,large,05913000,595471,2015-06-30,2015-07-04,5,34.5,32.2,2015
Dortmund,large,05913000,595471,2016-08-23,2016-08-27,5,31.6,30.3,2016
Dortmund,large,05913000,595471,2016-09-11,2016-09-14,4,30.5,29.5,2016
Dortmund,large,05913000,595471,2018-07-23,2018-07-26,4,34.4,33.4,2018
Dortmund,large,05913000,595471,2018-08-01,2018-08-03,3,33.6,32.8,2018
Dortmund,large,05913000,595471,2019-06-23,2019-06-25,3,33.9,32.1,2019
Dortmund,large,05913000,595471,2019-07-22,2019-07-26,5,38.1,34.6,2019
Dortmund,large,05913000,595471,2019-08-23,2019-08-27,5,32.0,30.6,2019
Dortmund,large,05913000,595471,2020-08-05,2020-08-12,8,34.2,32.0,2020
Dortmund,large,05913000,595471,2021-06-15,2021-06-17,3,32.4,31.0,2021
Dortmund,large,05913000,595471,2022-07-17,2022-07-19,3,36.0,32.6,2022
Dortmund,large,05913000,595471,2022-08-10,2022-08-13,4,31.1,30.4,2022
Dortmund,large,05913000,595471,2022-08-22,2022-08-24,3,31.8,31.4,2022
Dortmund,large,05913000,595471,2023-09-04,2023-09-10,7,29.8,29.0,2023
Dortmund,large,05913000,595471,2025-06-29,2025-07-01,3,37.9,34.4,2025
Dortmund,large,05913000,595471,2025-08-11,2025-08-13,3,34.8,33.6,2025
Schwerte,medium,05978028,46571,1982-06-01,1982-06-03,3,28.5,28.4,1982
Schwerte,medium,05978028,46571,1990-08-01,1990-08-03,3,33.3,31.3,1990
Schwerte,medium,05978028,46571,1992-08-06,1992-08-08,3,32.1,31.0,1992
Schwerte,medium,05978028,46571,1994-07-01,1994-07-03,3,30.9,29.7,1994
Schwerte,medium,05978028,46571,1994-08-02,1994-08-04,3,32.6,31.3,1994
Schwerte,medium,05978028,46571,1995-07-08,1995-07-10,3,30.9,30.2,1995
Schwerte,medium,05978028,46571,2003-08-04,2003-08-11,8,34.4,31.7,2003
Schwerte,medium,05978028,46571,2006-07-17,2006-07-21,5,33.0,31.4,2006
Schwerte,medium,05978028,46571,2010-07-07,2010-07-11,5,33.2,31.8,2010
Schwerte,medium,05978028,46571,2012-08-17,2012-08-19,3,32.8,30.2,2012
Schwerte,medium,05978028,46571,2015-06-30,2015-07-04,5,33.9,32.0,2015
Schwerte,medium,05978028,46571,2016-08-23,2016-08-27,5,31.1,29.9,2016
Schwerte,medium,05978028,46571,2016-09-11,2016-09-13,3,29.8,29.2,2016
Schwerte,medium,05978028,46571,2018-07-23,2018-07-26,4,34.4,33.4,2018
Schwerte,medium,05978028,46571,2018-08-01,2018-08-03,3,33.6,32.8,2018
Schwerte,medium,05978028,46571,2019-06-23,2019-06-25,3,33.9,32.1,2019
Schwerte,medium,05978028,46571,2019-07-22,2019-07-26,5,38.1,34.6,2019
Schwerte,medium,05978028,46571,2019-08-23,2019-08-27,5,32.0,30.6,2019
Schwerte,medium,05978028,46571,2020-08-05,2020-08-12,8,34.2,32.0,2020
Schwerte,medium,05978028,46571,2021-06-15,2021-06-18,4,32.4,30.4,2021
Schwerte,medium,05978028,46571,2022-07-17,2022-07-19,3,36.0,32.6,2022
Schwerte,medium,05978028,46571,2022-08-10,2022-08-13,4,31.1,30.4,2022
Schwerte,medium,05978028,46571,2022-08-22,2022-08-24,3,31.8,31.4,2022
Schwerte,medium,05978028,46571,2023-09-04,2023-09-10,7,29.8,29.0,2023
Schwerte,medium,05978028,46571,2025-06-29,2025-07-01,3,37.9,34.4,2025
Schwerte,medium,05978028,46571,2025-08-11,2025-08-14,4,34.8,32.4,2025
Olfen,small,05558036,13298,1982-06-01,1982-06-04,4,30.5,29.7,1982
Olfen,small,05558036,13298,1990-08-01,1990-08-03,3,34.0,32.0,1990
Olfen,small,05558036,13298,1994-07-01,1994-07-03,3,31.7,30.5,1994
Olfen,small,05558036,13298,1994-07-22,1994-07-24,3,32.1,31.3,1994
Olfen,small,05558036,13298,1994-08-02,1994-08-04,3,33.7,31.8,1994
Olfen,small,05558036,13298,1995-07-08,1995-07-10,3,32.0,31.0,1995
Olfen,small,05558036,13298,1996-06-05,1996-06-07,3,30.0,29.0,1996
Olfen,small,05558036,13298,2003-08-03,2003-08-11,9,35.1,32.4,2003
Olfen,small,05558036,13298,2006-07-17,2006-07-21,5,34.1,32.2,2006
Olfen,small,05558036,13298,2006-07-24,2006-07-26,3,33.0,31.9,2006
Olfen,small,05558036,13298,2010-07-08,2010-07-11,4,33.4,32.6,2010
Olfen,small,05558036,13298,2012-08-17,2012-08-19,3,33.9,31.0,2012
Olfen,small,05558036,13298,2015-06-30,2015-07-04,5,34.5,32.1,2015
Olfen,small,05558036,13298,2016-08-23,2016-08-27,5,31.4,30.5,2016
Olfen,small,05558036,13298,2016-09-11,2016-09-14,4,30.9,29.8,2016
Olfen,small,05558036,13298,2018-07-23,2018-07-26,4,35.2,34.0,2018
Olfen,small,05558036,13298,2018-08-01,2018-08-03,3,35.2,33.7,2018
Olfen,small,05558036,13298,2019-06-22,2019-06-25,4,34.8,31.7,2019
Olfen,small,05558036,13298,2019-07-22,2019-07-26,5,39.0,35.0,2019
Olfen,small,05558036,13298,2019-08-23,2019-08-27,5,32.8,31.1,2019
Olfen,small,05558036,13298,2020-08-05,2020-08-12,8,34.6,32.0,2020
Olfen,small,05558036,13298,2021-06-15,2021-06-18,4,33.3,31.2,2021
Olfen,small,05558036,13298,2022-07-17,2022-07-19,3,36.4,33.0,2022
Olfen,small,05558036,13298,2022-08-10,2022-08-13,4,31.2,30.4,2022
Olfen,small,05558036,13298,2022-08-22,2022-08-24,3,31.2,30.9,2022
Olfen,small,05558036,13298,2023-06-09,2023-06-11,3,28.8,28.5,2023
Olfen,small,05558036,13298,2023-09-04,2023-09-10,7,29.7,29.0,2023
Olfen,small,05558036,13298,2025-08-11,2025-08-13,3,34.6,33.1,2025
Friesenhagen,rural,07132037,1649,1990-08-01,1990-08-03,3,32.1,30.3,1990
Friesenhagen,rural,07132037,1649,1992-08-06,1992-08-08,3,31.9,30.9,1992
Friesenhagen,rural,07132037,1649,1994-08-02,1994-08-04,3,31.4,30.6,1994
Friesenhagen,rural,07132037,1649,1995-07-08,1995-07-10,3,30.4,29.8,1995
Friesenhagen,rural,07132037,1649,2000-06-18,2000-06-20,3,30.1,29.1,2000
Friesenhagen,rural,07132037,1649,2003-08-03,2003-08-11,9,33.9,31.3,2003
Friesenhagen,rural,07132037,1649,2006-07-17,2006-07-21,5,32.1,30.7,2006
Friesenhagen,rural,07132037,1649,2006-07-24,2006-07-26,3,32.5,31.1,2006
Friesenhagen,rural,07132037,1649,2010-07-07,2010-07-11,5,33.1,31.3,2010
Friesenhagen,rural,07132037,1649,2012-08-17,2012-08-19,3,31.9,29.4,2012
Friesenhagen,rural,07132037,1649,2015-06-30,2015-07-04,5,33.3,31.6,2015
Friesenhagen,rural,07132037,1649,2016-08-24,2016-08-27,4,30.8,29.6,2016
Friesenhagen,rural,07132037,1649,2018-07-23,2018-07-26,4,31.8,30.8,2018
Friesenhagen,rural,07132037,1649,2018-08-01,2018-08-03,3,32.4,31.0,2018
Friesenhagen,rural,07132037,1649,2019-06-23,2019-06-25,3,31.8,30.4,2019
Friesenhagen,rural,07132037,1649,2019-07-22,2019-07-25,4,35.6,33.7,2019
Friesenhagen,rural,07132037,1649,2020-08-06,2020-08-11,6,32.2,30.8,2020
Friesenhagen,rural,07132037,1649,2022-07-17,2022-07-19,3,33.4,31.3,2022
Friesenhagen,rural,07132037,1649,2022-08-22,2022-08-24,3,29.8,29.3,2022
Friesenhagen,rural,07132037,1649,2025-08-11,2025-08-13,3,31.4,30.4,2025
Essen,large,05113000,586608,1982-06-01,1982-06-03,3,28.8,28.7,1982
Essen,large,05113000,586608,1990-08-01,1990-08-03,3,34.1,32.4,1990
Essen,large,05113000,586608,1991-09-01,1991-09-03,3,28.5,28.3,1991
Essen,large,05113000,586608,1994-07-22,1994-07-24,3,32.6,31.4,1994
Essen,large,05113000,586608,1995-07-08,1995-07-10,3,32.0,31.2,1995
Essen,large,05113000,586608,1998-08-09,1998-08-11,3,30.3,29.9,1998
Essen,large,05113000,586608,2003-08-04,2003-08-08,5,34.7,32.7,2003
Essen,large,05113000,586608,2006-07-17,2006-07-21,5,34.2,31.9,2006
Essen,large,05113000,586608,2006-07-24,2006-07-26,3,33.3,32.0,2006
Essen,large,05113000,586608,2010-07-07,2010-07-11,5,33.8,32.2,2010
Essen,large,05113000,586608,2015-06-30,2015-07-03,4,34.6,32.6,2015
Essen,large,05113000,586608,2016-08-23,2016-08-27,5,31.5,30.3,2016
Essen,large,05113000,586608,2016-09-11,2016-09-14,4,31.3,30.2,2016
Essen,large,05113000,586608,2018-07-23,2018-07-26,4,34.4,33.4,2018
Essen,large,05113000,586608,2018-08-01,2018-08-03,3,33.8,32.8,2018
Essen,large,05113000,586608,2019-06-23,2019-06-25,3,34.8,32.0,2019
Essen,large,05113000,586608,2019-07-22,2019-07-26,5,38.6,35.1,2019
Essen,large,05113000,586608,2019-08-23,2019-08-27,5,32.3,30.4,2019
Essen,large,05113000,586608,2020-08-05,2020-08-12,8,33.6,31.5,2020
Essen,large,05113000,586608,2021-06-15,2021-06-17,3,32.2,30.8,2021
Essen,large,05113000,586608,2022-08-10,2022-08-13,4,30.9,30.6,2022
Essen,large,05113000,586608,2022-08-22,2022-08-24,3,32.6,31.3,2022
Essen,large,05113000,586608,2023-09-04,2023-09-10,7,29.4,28.8,2023
Essen,large,05113000,586608,2025-06-29,2025-07-01,3,37.2,34.5,2025
Essen,large,05113000,586608,2025-08-11,2025-08-13,3,34.6,33.8,2025
Bottrop,medium,05512000,118705,1982-06-01,1982-06-03,3,28.8,28.7,1982
Bottrop,medium,05512000,118705,1990-08-01,1990-08-03,3,34.1,32.4,1990
Bottrop,medium,05512000,118705,1991-09-01,1991-09-03,3,28.7,28.4,1991
Bottrop,medium,05512000,118705,1994-07-22,1994-07-24,3,32.7,31.5,1994
Bottrop,medium,05512000,118705,1995-07-08,1995-07-10,3,32.1,31.4,1995
Bottrop,medium,05512000,118705,1996-06-05,1996-06-07,3,30.1,29.0,1996
Bottrop,medium,05512000,118705,1999-09-10,1999-09-12,3,29.2,28.8,1999
Bottrop,medium,05512000,118705,2003-08-04,2003-08-08,5,34.8,32.7,2003
Bottrop,medium,05512000,118705,2006-07-17,2006-07-21,5,34.3,31.9,2006
Bottrop,medium,05512000,118705,2006-07-24,2006-07-26,3,33.3,32.0,2006
Bottrop,medium,05512000,118705,2010-07-07,2010-07-11,5,33.7,32.2,2010
Bottrop,medium,05512000,118705,2015-06-30,2015-07-03,4,34.8,32.8,2015
Bottrop,medium,05512000,118705,2016-08-23,2016-08-27,5,31.6,30.3,2016
Bottrop,medium,05512000,118705,2016-09-11,2016-09-14,4,31.5,30.4,2016
Bottrop,medium,05512000,118705,2017-06-18,2017-06-21,4,33.6,30.9,2017
Bottrop,medium,05512000,118705,2018-07-23,2018-07-26,4,35.0,33.8,2018
Bottrop,medium,05512000,118705,2018-08-01,2018-08-03,3,33.8,32.8,2018
Bottrop,medium,05512000,118705,2019-06-22,2019-06-25,4,35.0,31.7,2019
Bottrop,medium,05512000,118705,2019-07-22,2019-07-26,5,39.4,35.6,2019
Bottrop,medium,05512000,118705,2019-08-23,2019-08-27,5,32.4,30.8,2019
Bottrop,medium,05512000,118705,2020-08-05,2020-08-12,8,34.6,32.1,2020
Bottrop,medium,05512000,118705,2021-06-15,2021-06-18,4,32.7,30.5,2021
Bottrop,medium,05512000,118705,2022-08-10,2022-08-13,4,31.0,30.7,2022
Bottrop,medium,05512000,118705,2022-08-22,2022-08-24,3,32.6,31.4,2022
Bottrop,medium,05512000,118705,2023-06-09,2023-06-11,3,29.3,29.0,2023
Bottrop,medium,05512000,118705,2023-09-04,2023-09-07,4,29.2,29.0,2023
Bottrop,medium,05512000,118705,2025-06-29,2025-07-01,3,36.6,34.2,2025
Bottrop,medium,05512000,118705,2025-08-11,2025-08-13,3,34.0,33.1,2025
Breckerfeld,small,05954004,9120,1990-08-01,1990-08-03,3,31.8,30.0,1990
Breckerfeld,small,05954004,9120,1994-08-02,1994-08-04,3,31.1,29.8,1994
Breckerfeld,small,05954004,9120,1995-07-08,1995-07-10,3,29.3,28.7,1995
Breckerfeld,small,05954004,9120,2003-08-04,2003-08-08,5,31.6,30.0,2003
Breckerfeld,small,05954004,9120,2006-07-17,2006-07-21,5,31.3,29.7,2006
Breckerfeld,small,05954004,9120,2010-07-07,2010-07-11,5,31.7,30.5,2010
Breckerfeld,small,05954004,9120,2015-06-30,2015-07-04,5,32.3,30.6,2015
Breckerfeld,small,05954004,9120,2018-07-23,2018-07-26,4,32.2,31.1,2018
Breckerfeld,small,05954004,9120,2018-08-01,2018-08-03,3,32.2,31.0,2018
Breckerfeld,small,05954004,9120,2019-06-23,2019-06-25,3,31.8,29.8,2019
Breckerfeld,small,05954004,9120,2019-07-22,2019-07-26,5,35.5,32.3,2019
Breckerfeld,small,05954004,9120,2019-08-25,2019-08-27,3,30.0,29.5,2019
Breckerfeld,small,05954004,9120,2020-08-05,2020-08-12,8,33.0,30.6,2020
Breckerfeld,small,05954004,9120,2022-07-17,2022-07-19,3,35.2,31.9,2022
Breckerfeld,small,05954004,9120,2022-08-09,2022-08-13,5,29.8,29.1,2022
Breckerfeld,small,05954004,9120,2022-08-22,2022-08-24,3,30.4,29.7,2022
Breckerfeld,small,05954004,9120,2025-06-29,2025-07-01,3,35.1,32.5,2025
Breckerfeld,small,05954004,9120,2025-08-11,2025-08-13,3,31.8,30.8,2025
Bremen,large,04011000,577026,1982-06-01,1982-06-04,4,30.7,29.8,1982
Bremen,large,04011000,577026,1994-07-21,1994-07-24,4,31.9,30.4,1994
Bremen,large,04011000,577026,1997-08-10,1997-08-12,3,29.9,29.2,1997
Bremen,large,04011000,577026,2000-06-18,2000-06-20,3,32.1,30.7,2000
Bremen,large,04011000,577026,2002-07-28,2002-07-30,3,30.1,29.4,2002
Bremen,large,04011000,577026,2003-08-06,2003-08-11,6,33.7,31.8,2003
Bremen,large,04011000,577026,2008-07-25,2008-07-28,4,30.2,29.8,2008
Bremen,large,04011000,577026,2010-07-07,2010-07-11,5,32.9,31.2,2010
Bremen,large,04011000,577026,2016-08-23,2016-08-25,3,30.0,29.4,2016
Bremen,large,04011000,577026,2018-07-23,2018-07-27,5,32.8,31.8,2018
Bremen,large,04011000,577026,2019-07-22,2019-07-26,5,36.0,32.3,2019
Bremen,large,04011000,577026,2019-08-23,2019-08-27,5,31.4,30.3,2019
Bremen,large,04011000,577026,2020-08-05,2020-08-12,8,32.2,30.9,2020
Bremen,large,04011000,577026,2022-07-17,2022-07-19,3,35.8,32.7,2022
Bremen,large,04011000,577026,2022-08-10,2022-08-16,7,30.5,29.6,2022
Bremen,large,04011000,577026,2022-08-22,2022-08-25,4,30.4,28.8,2022
Bremen,large,04011000,577026,2025-08-11,2025-08-13,3,32.3,31.3,2025
Delmenhorst,medium,03401000,78979,1982-06-01,1982-06-04,4,30.7,29.8,1982
Delmenhorst,medium,03401000,78979,1994-07-22,1994-07-24,3,32.0,30.8,1994
Delmenhorst,medium,03401000,78979,1997-08-10,1997-08-12,3,30.0,29.2,1997
Delmenhorst,medium,03401000,78979,2000-06-18,2000-06-20,3,32.1,30.7,2000
Delmenhorst,medium,03401000,78979,2002-07-28,2002-07-30,3,30.0,29.4,2002
Delmenhorst,medium,03401000,78979,2003-08-06,2003-08-11,6,33.6,31.9,2003
Delmenhorst,medium,03401000,78979,2008-07-25,2008-07-28,4,30.2,29.8,2008
Delmenhorst,medium,03401000,78979,2010-07-07,2010-07-11,5,33.0,31.2,2010
Delmenhorst,medium,03401000,78979,2016-08-23,2016-08-25,3,30.0,29.4,2016
Delmenhorst,medium,03401000,78979,2018-07-23,2018-07-27,5,33.0,32.1,2018
Delmenhorst,medium,03401000,78979,2019-07-22,2019-07-26,5,36.0,32.3,2019
Delmenhorst,medium,03401000,78979,2019-08-24,2019-08-27,4,31.8,30.9,2019
Delmenhorst,medium,03401000,78979,2020-08-05,2020-08-12,8,32.2,30.9,2020
Delmenhorst,medium,03401000,78979,2021-06-16,2021-06-18,3,32.8,30.4,2021
Delmenhorst,medium,03401000,78979,2022-07-17,2022-07-19,3,34.6,32.5,2022
Delmenhorst,medium,03401000,78979,2022-08-10,2022-08-16,7,30.4,29.7,2022
Delmenhorst,medium,03401000,78979,2022-08-22,2022-08-24,3,30.7,29.3,2022
Delmenhorst,medium,03401000,78979,2025-08-11,2025-08-13,3,32.4,31.2,2025
Bassum,small,03251007,16794,1982-06-01,1982-06-04,4,30.9,30.0,1982
Bassum,small,03251007,16794,1994-07-22,1994-07-24,3,32.4,31.3,1994
Bassum,small,03251007,16794,2000-06-18,2000-06-20,3,32.5,31.2,2000
Bassum,small,03251007,16794,2003-08-06,2003-08-11,6,35.1,33.1,2003
Bassum,small,03251007,16794,2006-07-17,2006-07-21,5,33.5,31.0,2006
Bassum,small,03251007,16794,2008-07-25,2008-07-28,4,30.4,30.0,2008
Bassum,small,03251007,16794,2010-07-07,2010-07-11,5,33.7,32.2,2010
Bassum,small,03251007,16794,2012-08-17,2012-08-19,3,33.9,30.6,2012
Bassum,small,03251007,16794,2015-07-01,2015-07-04,4,34.9,31.4,2015
Bassum,small,03251007,16794,2016-08-23,2016-08-25,3,30.9,30.3,2016
Bassum,small,03251007,16794,2016-09-11,2016-09-13,3,30.4,29.2,2016
Bassum,small,03251007,16794,2018-07-23,2018-07-27,5,32.7,31.8,2018
Bassum,small,03251007,16794,2019-07-22,2019-07-25,4,36.2,32.9,2019
Bassum,small,03251007,16794,2019-08-24,2019-08-27,4,31.8,30.9,2019
Bassum,small,03251007,16794,2020-08-05,2020-08-12,8,32.4,30.8,2020
Bassum,small,03251007,16794,2021-06-16,2021-06-18,3,32.2,30.2,2021
Bassum,small,03251007,16794,2022-07-17,2022-07-19,3,35.2,33.0,2022
Bassum,small,03251007,16794,2022-08-22,2022-08-25,4,30.7,29.0,2022
Bassum,small,03251007,16794,2025-08-11,2025-08-13,3,33.0,31.6,2025
Riede,rural,03361010,3092,1982-06-01,1982-06-04,4,30.9,30.1,1982
Riede,rural,03361010,3092,1994-07-21,1994-07-24,4,32.2,30.8,1994
Riede,rural,03361010,3092,2000-06-18,2000-06-20,3,32.4,31.0,2000
Riede,rural,03361010,3092,2003-08-06,2003-08-11,6,34.3,32.4,2003
Riede,rural,03361010,3092,2008-07-25,2008-07-28,4,30.7,30.2,2008
Riede,rural,03361010,3092,2010-07-07,2010-07-11,5,33.3,31.8,2010
Riede,rural,03361010,3092,2015-07-01,2015-07-04,4,34.8,31.1,2015
Riede,rural,03361010,3092,2016-08-23,2016-08-25,3,30.6,30.0,2016
Riede,rural,03361010,3092,2016-09-11,2016-09-13,3,30.4,29.3,2016
Riede,rural,03361010,3092,2018-07-23,2018-07-27,5,32.8,31.9,2018
Riede,rural,03361010,3092,2019-07-22,2019-07-26,5,36.2,32.3,2019
Riede,rural,03361010,3092,2019-08-23,2019-08-27,5,31.9,30.5,2019
Riede,rural,03361010,3092,2020-08-05,2020-08-12,8,32.6,31.1,2020
Riede,rural,03361010,3092,2022-07-17,2022-07-19,3,36.6,33.3,2022
Riede,rural,03361010,3092,2022-08-10,2022-08-14,5,31.0,30.1,2022
Riede,rural,03361010,3092,2022-08-22,2022-08-25,4,30.6,29.0,2022
Dresden,large,14612000,564904,1982-06-01,1982-06-04,4,30.8,29.7,1982
Dresden,large,14612000,564904,1992-08-07,1992-08-09,3,34.2,32.9,1992
Dresden,large,14612000,564904,1994-06-25,1994-06-28,4,32.4,30.8,1994
Dresden,large,14612000,564904,1994-07-23,1994-07-25,3,32.9,32.2,1994
Dresden,large,14612000,564904,1994-07-27,1994-07-31,5,35.6,34.2,1994
Dresden,large,14612000,564904,2000-06-19,2000-06-21,3,33.2,32.1,2000
Dresden,large,14612000,564904,2006-07-18,2006-07-21,4,35.2,33.0,2006
Dresden,large,14612000,564904,2006-07-25,2006-07-27,3,33.8,32.4,2006
Dresden,large,14612000,564904,2010-07-08,2010-07-11,4,34.7,33.2,2010
Dresden,large,14612000,564904,2013-06-17,2013-06-19,3,32.0,31.3,2013
Dresden,large,14612000,564904,2014-06-06,2014-06-10,5,31.8,30.6,2014
Dresden,large,14612000,564904,2015-07-02,2015-07-04,3,35.0,33.9,2015
Dresden,large,14612000,564904,2015-08-05,2015-08-07,3,35.7,34.6,2015
Dresden,large,14612000,564904,2015-08-29,2015-08-31,3,32.8,31.1,2015
Dresden,large,14612000,564904,2016-06-22,2016-06-24,3,31.4,30.3,2016
Dresden,large,14612000,564904,2017-05-27,2017-05-29,3,29.2,28.6,2017
Dresden,large,14612000,564904,2018-07-29,2018-08-03,6,34.4,33.1,2018
Dresden,large,14612000,564904,2018-08-06,2018-08-08,3,34.8,34.5,2018
Dresden,large,14612000,564904,2018-09-17,2018-09-20,4,30.0,29.5,2018
Dresden,large,14612000,564904,2019-06-02,2019-06-04,3,29.4,29.0,2019
Dresden,large,14612000,564904,2019-08-27,2019-08-31,5,31.6,31.0,2019
Dresden,large,14612000,564904,2020-08-06,2020-08-08,3,34.6,33.2,2020
Dresden,large,14612000,564904,2020-08-10,2020-08-12,3,32.2,31.2,2020
Dresden,large,14612000,564904,2020-09-13,2020-09-15,3,29.4,28.8,2020
Dresden,large,14612000,564904,2021-06-16,2021-06-20,5,32.8,31.6,2021
Dresden,large,14612000,564904,2022-08-02,2022-08-04,3,35.4,34.0,2022
Dresden,large,14612000,564904,2023-07-07,2023-07-10,4,32.4,31.2,2023
Dresden,large,14612000,564904,2023-09-09,2023-09-11,3,28.6,28.6,2023
Dresden,large,14612000,564904,2024-08-27,2024-08-29,3,31.9,30.3,2024
Dresden,large,14612000,564904,2024-09-01,2024-09-07,7,32.4,30.4,2024
Dresden,large,14612000,564904,2025-08-12,2025-08-14,3,32.7,32.0,2025
Freital,medium,14628110,39281,1982-06-01,1982-06-04,4,30.4,29.3,1982
Freital,medium,14628110,39281,1992-08-07,1992-08-09,3,33.8,32.4,1992
Freital,medium,14628110,39281,1994-06-25,1994-06-28,4,31.9,30.4,1994
Freital,medium,14628110,39281,1994-07-23,1994-07-25,3,32.3,31.6,1994
Freital,medium,14628110,39281,1994-07-27,1994-07-31,5,35.2,33.8,1994
Freital,medium,14628110,39281,2000-06-19,2000-06-21,3,32.7,31.6,2000
Freital,medium,14628110,39281,2006-07-18,2006-07-21,4,34.7,32.4,2006
Freital,medium,14628110,39281,2006-07-25,2006-07-27,3,33.5,31.9,2006
Freital,medium,14628110,39281,2010-07-08,2010-07-11,4,34.4,32.8,2010
Freital,medium,14628110,39281,2013-06-17,2013-06-19,3,31.7,30.9,2013
Freital,medium,14628110,39281,2014-06-07,2014-06-10,4,31.3,30.6,2014
Freital,medium,14628110,39281,2015-07-02,2015-07-04,3,34.5,33.4,2015
Freital,medium,14628110,39281,2015-08-05,2015-08-07,3,35.1,34.0,2015
Freital,medium,14628110,39281,2015-08-29,2015-08-31,3,32.4,30.6,2015
Freital,medium,14628110,39281,2016-06-22,2016-06-24,3,31.1,29.9,2016
Freital,medium,14628110,39281,2016-08-25,2016-08-27,3,31.3,29.9,2016
Freital,medium,14628110,39281,2018-07-29,2018-08-03,6,34.4,32.9,2018
Freital,medium,14628110,39281,2018-08-06,2018-08-08,3,34.6,34.3,2018
Freital,medium,14628110,39281,2018-09-17,2018-09-20,4,29.6,29.1,2018
Freital,medium,14628110,39281,2019-06-28,2019-06-30,3,36.2,31.8,2019
Freital,medium,14628110,39281,2019-08-27,2019-08-31,5,31.4,30.6,2019
Freital,medium,14628110,39281,2020-08-06,2020-08-08,3,34.2,32.9,2020
Freital,medium,14628110,39281,2020-08-10,2020-08-12,3,32.2,31.1,2020
Freital,medium,14628110,39281,2021-06-16,2021-06-20,5,33.0,31.9,2021
Freital,medium,14628110,39281,2022-08-02,2022-08-04,3,34.8,33.8,2022
Freital,medium,14628110,39281,2023-06-18,2023-06-21,4,29.3,28.7,2023
Freital,medium,14628110,39281,2023-07-07,2023-07-10,4,32.1,30.9,2023
Freital,medium,14628110,39281,2023-09-09,2023-09-11,3,28.4,28.3,2023
Freital,medium,14628110,39281,2024-08-12,2024-08-16,5,33.2,31.4,2024
Freital,medium,14628110,39281,2024-08-27,2024-08-29,3,31.7,30.1,2024
Freital,medium,14628110,39281,2024-09-01,2024-09-07,7,32.2,30.4,2024
Freital,medium,14628110,39281,2025-08-12,2025-08-14,3,33.2,31.9,2025
Heidenau,small,14628160,16667,1982-06-01,1982-06-04,4,30.5,29.5,1982
Heidenau,small,14628160,16667,1992-08-07,1992-08-09,3,34.0,32.8,1992
Heidenau,small,14628160,16667,1994-06-25,1994-06-28,4,32.2,30.7,1994
Heidenau,small,14628160,16667,1994-07-27,1994-07-31,5,35.5,34.1,1994
Heidenau,small,14628160,16667,2000-06-19,2000-06-21,3,33.0,32.0,2000
Heidenau,small,14628160,16667,2006-07-18,2006-07-21,4,35.0,32.8,2006
Heidenau,small,14628160,16667,2006-07-25,2006-07-27,3,33.5,32.4,2006
Heidenau,small,14628160,16667,2010-07-08,2010-07-11,4,34.4,32.9,2010
Heidenau,small,14628160,16667,2013-06-17,2013-06-19,3,31.8,31.3,2013
Heidenau,small,14628160,16667,2014-06-07,2014-06-10,4,31.8,31.2,2014
Heidenau,small,14628160,16667,2015-07-02,2015-07-04,3,34.6,33.6,2015
Heidenau,small,14628160,16667,2015-08-05,2015-08-07,3,35.5,34.6,2015
Heidenau,small,14628160,16667,2015-08-29,2015-08-31,3,32.4,31.0,2015
Heidenau,small,14628160,16667,2016-06-22,2016-06-24,3,31.2,30.3,2016
Heidenau,small,14628160,16667,2018-07-29,2018-08-03,6,34.6,33.2,2018
Heidenau,small,14628160,16667,2018-08-06,2018-08-08,3,34.8,34.4,2018
Heidenau,small,14628160,16667,2018-09-17,2018-09-20,4,30.0,29.4,2018
Heidenau,small,14628160,16667,2019-06-02,2019-06-04,3,29.4,29.0,2019
Heidenau,small,14628160,16667,2019-08-27,2019-08-31,5,31.6,31.0,2019
Heidenau,small,14628160,16667,2021-06-16,2021-06-20,5,32.6,31.4,2021
Heidenau,small,14628160,16667,2022-08-02,2022-08-04,3,34.8,33.8,2022
Heidenau,small,14628160,16667,2023-07-07,2023-07-10,4,32.4,31.3,2023
Heidenau,small,14628160,16667,2024-08-12,2024-08-16,5,32.9,31.3,2024
Heidenau,small,14628160,16667,2024-08-27,2024-08-29,3,31.8,30.4,2024
Heidenau,small,14628160,16667,2024-09-01,2024-09-07,7,32.4,30.6,2024
Heidenau,small,14628160,16667,2025-08-12,2025-08-14,3,32.5,31.5,2025
Müglitztal,rural,14628250,1943,1992-08-07,1992-08-09,3,33.0,31.8,1992
Müglitztal,rural,14628250,1943,1994-06-25,1994-06-28,4,31.2,30.1,1994
Müglitztal,rural,14628250,1943,1994-07-27,1994-07-31,5,34.3,32.9,1994
Müglitztal,rural,14628250,1943,2000-06-19,2000-06-21,3,31.9,30.9,2000
Müglitztal,rural,14628250,1943,2006-07-18,2006-07-21,4,33.8,31.7,2006
Müglitztal,rural,14628250,1943,2006-07-25,2006-07-27,3,32.6,31.4,2006
Müglitztal,rural,14628250,1943,2010-07-08,2010-07-11,4,33.2,31.7,2010
Müglitztal,rural,14628250,1943,2013-06-17,2013-06-19,3,30.9,30.5,2013
Müglitztal,rural,14628250,1943,2014-06-07,2014-06-10,4,31.2,30.5,2014
Müglitztal,rural,14628250,1943,2015-07-02,2015-07-04,3,33.8,32.7,2015
Müglitztal,rural,14628250,1943,2015-08-05,2015-08-07,3,34.3,33.6,2015
Müglitztal,rural,14628250,1943,2015-08-29,2015-08-31,3,31.4,30.0,2015
Müglitztal,rural,14628250,1943,2016-06-22,2016-06-24,3,30.3,29.4,2016
Müglitztal,rural,14628250,1943,2016-08-25,2016-08-27,3,30.2,29.0,2016
Müglitztal,rural,14628250,1943,2018-07-29,2018-08-03,6,33.9,32.3,2018
Müglitztal,rural,14628250,1943,2018-08-06,2018-08-08,3,33.8,33.4,2018
Müglitztal,rural,14628250,1943,2019-06-28,2019-06-30,3,35.5,31.0,2019
Müglitztal,rural,14628250,1943,2019-08-27,2019-08-31,5,30.6,29.8,2019
Müglitztal,rural,14628250,1943,2021-06-16,2021-06-20,5,31.4,30.4,2021
Müglitztal,rural,14628250,1943,2022-08-02,2022-08-04,3,33.4,32.7,2022
Müglitztal,rural,14628250,1943,2022-08-15,2022-08-17,3,31.3,30.3,2022
Müglitztal,rural,14628250,1943,2023-07-07,2023-07-10,4,31.2,30.2,2023
Müglitztal,rural,14628250,1943,2024-08-12,2024-08-16,5,31.7,30.2,2024
Müglitztal,rural,14628250,1943,2024-08-27,2024-08-29,3,30.8,29.3,2024
Müglitztal,rural,14628250,1943,2024-09-01,2024-09-07,7,31.0,29.4,2024
Hannover,large,03241001,548186,1982-06-01,1982-06-04,4,30.5,29.9,1982
Hannover,large,03241001,548186,1994-07-22,1994-07-27,6,32.5,31.2,1994
Hannover,large,03241001,548186,2000-06-18,2000-06-20,3,32.4,31.2,2000
Hannover,large,03241001,548186,2003-08-01,2003-08-04,4,30.5,30.3,2003
Hannover,large,03241001,548186,2003-08-06,2003-08-11,6,35.4,33.3,2003
Hannover,large,03241001,548186,2006-07-17,2006-07-21,5,34.2,31.9,2006
Hannover,large,03241001,548186,2010-07-07,2010-07-11,5,34.4,32.8,2010
Hannover,large,03241001,548186,2014-06-07,2014-06-09,3,29.3,28.9,2014
Hannover,large,03241001,548186,2015-07-01,2015-07-04,4,36.2,32.7,2015
Hannover,large,03241001,548186,2016-08-23,2016-08-27,5,33.0,31.1,2016
Hannover,large,03241001,548186,2016-09-11,2016-09-13,3,30.8,30.0,2016
Hannover,large,03241001,548186,2018-07-23,2018-07-27,5,33.7,32.3,2018
Hannover,large,03241001,548186,2018-08-01,2018-08-03,3,32.2,30.9,2018
Hannover,large,03241001,548186,2018-08-05,2018-08-08,4,35.2,31.9,2018
Hannover,large,03241001,548186,2019-07-22,2019-07-25,4,36.8,33.7,2019
Hannover,large,03241001,548186,2019-08-24,2019-08-27,4,32.1,31.5,2019
Hannover,large,03241001,548186,2020-08-05,2020-08-12,8,33.8,31.4,2020
Hannover,large,03241001,548186,2021-06-16,2021-06-18,3,32.4,31.2,2021
Hannover,large,03241001,548186,2022-07-17,2022-07-19,3,38.7,35.5,2022
Hannover,large,03241001,548186,2022-08-10,2022-08-16,7,31.2,30.4,2022
Hannover,large,03241001,548186,2022-08-23,2022-08-25,3,30.9,30.2,2022
Hannover,large,03241001,548186,2025-08-11,2025-08-13,3,34.5,32.4,2025
Langenhagen,medium,03241010,55746,1982-06-01,1982-06-04,4,30.5,30.0,1982
Langenhagen,medium,03241010,55746,1994-07-22,1994-07-27,6,32.5,31.3,1994
Langenhagen,medium,03241010,55746,2000-06-18,2000-06-20,3,32.4,31.2,2000
Langenhagen,medium,03241010,55746,2003-08-01,2003-08-04,4,30.6,30.3,2003
Langenhagen,medium,03241010,55746,2003-08-06,2003-08-11,6,35.4,33.3,2003
Langenhagen,medium,03241010,55746,2006-07-17,2006-07-21,5,34.2,31.9,2006
Langenhagen,medium,03241010,55746,2010-07-07,2010-07-11,5,34.5,32.8,2010
Langenhagen,medium,03241010,55746,2014-06-07,2014-06-09,3,29.4,28.9,2014
Langenhagen,medium,03241010,55746,2015-07-01,2015-07-04,4,36.2,32.7,2015
Langenhagen,medium,03241010,55746,2016-08-23,2016-08-27,5,33.1,31.1,2016
Langenhagen,medium,03241010,55746,2016-09-11,2016-09-13,3,30.9,30.0,2016
Langenhagen,medium,03241010,55746,2018-07-23,2018-07-27,5,33.6,32.2,2018
Langenhagen,medium,03241010,55746,2018-08-01,2018-08-03,3,32.3,30.9,2018
Langenhagen,medium,03241010,55746,2018-08-05,2018-08-08,4,35.0,31.7,2018
Langenhagen,medium,03241010,55746,2019-07-22,2019-07-25,4,37.0,33.7,2019
Langenhagen,medium,03241010,55746,2019-08-24,2019-08-27,4,31.9,31.3,2019
Langenhagen,medium,03241010,55746,2020-08-05,2020-08-12,8,33.7,31.2,2020
Langenhagen,medium,03241010,55746,2021-06-16,2021-06-18,3,32.5,31.4,2021
Langenhagen,medium,03241010,55746,2022-07-17,2022-07-19,3,38.2,34.9,2022
Langenhagen,medium,03241010,55746,2022-08-10,2022-08-14,5,31.0,30.0,2022
Langenhagen,medium,03241010,55746,2022-08-23,2022-08-25,3,30.8,30.0,2022
Hemmingen,small,03241007,18885,1982-06-01,1982-06-04,4,30.2,29.6,1982
Hemmingen,small,03241007,18885,1994-07-22,1994-07-27,6,32.2,30.9,1994
Hemmingen,small,03241007,18885,2000-06-18,2000-06-20,3,32.0,30.8,2000
Hemmingen,small,03241007,18885,2003-08-01,2003-08-04,4,30.2,30.0,2003
Hemmingen,small,03241007,18885,2003-08-06,2003-08-11,6,34.9,33.0,2003
Hemmingen,small,03241007,18885,2006-07-17,2006-07-21,5,33.8,31.6,2006
Hemmingen,small,03241007,18885,2010-07-07,2010-07-11,5,34.0,32.4,2010
Hemmingen,small,03241007,18885,2014-06-07,2014-06-09,3,29.3,29.0,2014
Hemmingen,small,03241007,18885,2015-07-01,2015-07-04,4,35.7,32.4,2015
Hemmingen,small,03241007,18885,2016-08-23,2016-08-27,5,32.7,30.9,2016
Hemmingen,small,03241007,18885,2016-09-11,2016-09-13,3,30.5,29.7,2016
Hemmingen,small,03241007,18885,2018-07-23,2018-07-27,5,33.4,32.0,2018
Hemmingen,small,03241007,18885,2018-08-05,2018-08-08,4,34.9,31.7,2018
Hemmingen,small,03241007,18885,2019-07-22,2019-07-25,4,35.8,32.9,2019
Hemmingen,small,03241007,18885,2019-08-24,2019-08-27,4,32.0,31.3,2019
Hemmingen,small,03241007,18885,2020-08-05,2020-08-11,7,33.6,31.4,2020
Hemmingen,small,03241007,18885,2021-06-16,2021-06-18,3,32.8,31.3,2021
Hemmingen,small,03241007,18885,2022-07-17,2022-07-19,3,38.2,35.1,2022
Hemmingen,small,03241007,18885,2022-08-23,2022-08-25,3,30.4,29.9,2022
Hemmingen,small,03241007,18885,2025-08-11,2025-08-13,3,34.4,32.3,2025
Suthfeld,rural,03257036,1476,1982-06-01,1982-06-04,4,30.4,29.9,1982
Suthfeld,rural,03257036,1476,1994-07-22,1994-07-27,6,32.5,31.2,1994
Suthfeld,rural,03257036,1476,2000-06-18,2000-06-20,3,32.4,31.1,2000
Suthfeld,rural,03257036,1476,2003-08-01,2003-08-11,11,35.3,31.8,2003
Suthfeld,rural,03257036,1476,2006-07-17,2006-07-21,5,34.1,31.6,2006
Suthfeld,rural,03257036,1476,2008-07-26,2008-07-28,3,30.1,29.8,2008
Suthfeld,rural,03257036,1476,2010-07-07,2010-07-11,5,34.0,32.5,2010
Suthfeld,rural,03257036,1476,2012-08-17,2012-08-19,3,33.4,31.1,2012
Suthfeld,rural,03257036,1476,2015-07-01,2015-07-04,4,35.7,32.5,2015
Suthfeld,rural,03257036,1476,2016-08-23,2016-08-27,5,32.8,30.9,2016
Suthfeld,rural,03257036,1476,2016-09-11,2016-09-13,3,30.7,29.8,2016
Suthfeld,rural,03257036,1476,2018-07-23,2018-07-27,5,32.6,31.7,2018
Suthfeld,rural,03257036,1476,2018-08-01,2018-08-03,3,32.0,30.4,2018
Suthfeld,rural,03257036,1476,2019-07-22,2019-07-25,4,36.0,32.9,2019
Suthfeld,rural,03257036,1476,2019-08-24,2019-08-27,4,31.8,31.2,2019
Suthfeld,rural,03257036,1476,2020-08-05,2020-08-12,8,33.0,30.9,2020
Suthfeld,rural,03257036,1476,2021-06-16,2021-06-18,3,32.2,30.6,2021
Suthfeld,rural,03257036,1476,2022-07-17,2022-07-19,3,37.2,34.6,2022
Suthfeld,rural,03257036,1476,2022-08-22,2022-08-25,4,30.6,29.6,2022
Suthfeld,rural,03257036,1476,2025-08-11,2025-08-13,3,32.8,31.5,2025
Nürnberg,large,09564000,529508,1982-05-31,1982-06-04,5,30.2,29.5,1982
Nürnberg,large,09564000,529508,1983-07-25,1983-07-27,3,36.4,34.5,1983
Nürnberg,large,09564000,529508,1992-08-06,1992-08-08,3,35.0,34.0,1992
Nürnberg,large,09564000,529508,1994-06-24,1994-06-27,4,32.9,31.7,1994
Nürnberg,large,09564000,529508,1994-07-27,1994-07-30,4,32.5,32.1,1994
Nürnberg,large,09564000,529508,2000-06-18,2000-06-20,3,31.4,30.7,2000
Nürnberg,large,09564000,529508,2001-08-24,2001-08-26,3,30.6,30.0,2001
Nürnberg,large,09564000,529508,2002-06-17,2002-06-19,3,31.9,30.3,2002
Nürnberg,large,09564000,529508,2003-08-02,2003-08-12,11,35.9,34.0,2003
Nürnberg,large,09564000,529508,2006-07-18,2006-07-21,4,34.3,32.8,2006
Nürnberg,large,09564000,529508,2006-07-24,2006-07-26,3,33.0,32.7,2006
Nürnberg,large,09564000,529508,2008-05-27,2008-05-29,3,29.9,29.5,2008
Nürnberg,large,09564000,529508,2010-07-08,2010-07-11,4,33.4,32.6,2010
Nürnberg,large,09564000,529508,2011-08-21,2011-08-23,3,30.5,30.1,2011
Nürnberg,large,09564000,529508,2012-08-18,2012-08-20,3,34.9,33.6,2012
Nürnberg,large,09564000,529508,2013-06-16,2013-06-19,4,32.9,31.9,2013
Nürnberg,large,09564000,529508,2014-06-06,2014-06-09,4,32.9,31.0,2014
Nürnberg,large,09564000,529508,2015-07-01,2015-07-04,4,35.3,33.5,2015
Nürnberg,large,09564000,529508,2015-08-05,2015-08-13,9,36.1,33.3,2015
Nürnberg,large,09564000,529508,2015-08-28,2015-08-31,4,32.4,30.5,2015
Nürnberg,large,09564000,529508,2016-08-24,2016-08-27,4,31.9,31.1,2016
Nürnberg,large,09564000,529508,2016-09-11,2016-09-14,4,29.7,29.1,2016
Nürnberg,large,09564000,529508,2017-06-18,2017-06-21,4,33.0,30.7,2017
Nürnberg,large,09564000,529508,2018-07-29,2018-08-03,6,34.7,32.7,2018
Nürnberg,large,09564000,529508,2018-08-05,2018-08-08,4,33.5,32.2,2018
Nürnberg,large,09564000,529508,2019-06-02,2019-06-04,3,30.2,29.5,2019
Nürnberg,large,09564000,529508,2019-06-23,2019-06-26,4,35.6,32.3,2019
Nürnberg,large,09564000,529508,2019-06-28,2019-06-30,3,35.2,33.1,2019
Nürnberg,large,09564000,529508,2019-07-23,2019-07-25,3,35.6,34.8,2019
Nürnberg,large,09564000,529508,2020-08-07,2020-08-09,3,32.1,31.9,2020
Nürnberg,large,09564000,529508,2021-06-15,2021-06-18,4,33.0,31.8,2021
Nürnberg,large,09564000,529508,2022-08-02,2022-08-04,3,35.4,33.9,2022
Nürnberg,large,09564000,529508,2023-08-18,2023-08-21,4,32.0,31.0,2023
Nürnberg,large,09564000,529508,2024-08-28,2024-08-31,4,31.5,30.4,2024
Nürnberg,large,09564000,529508,2025-06-12,2025-06-14,3,33.2,31.4,2025
Nürnberg,large,09564000,529508,2025-06-20,2025-06-22,3,33.2,30.6,2025
Nürnberg,large,09564000,529508,2025-06-28,2025-07-01,4,35.4,33.7,2025
Nürnberg,large,09564000,529508,2025-08-12,2025-08-14,3,34.7,33.9,2025
Fürth,medium,09563000,132036,1982-05-31,1982-06-04,5,30.0,29.2,1982
Fürth,medium,09563000,132036,1983-07-25,1983-07-27,3,36.3,34.5,1983
Fürth,medium,09563000,132036,1992-08-06,1992-08-08,3,34.8,33.8,1992
Fürth,medium,09563000,132036,1994-06-24,1994-06-27,4,32.9,31.6,1994
Fürth,medium,09563000,132036,1994-07-27,1994-07-30,4,32.2,32.0,1994
Fürth,medium,09563000,132036,2000-06-18,2000-06-20,3,31.3,30.5,2000
Fürth,medium,09563000,132036,2001-08-24,2001-08-26,3,30.7,30.0,2001
Fürth,medium,09563000,132036,2002-06-17,2002-06-19,3,31.9,30.2,2002
Fürth,medium,09563000,132036,2003-08-02,2003-08-12,11,35.7,34.0,2003
Fürth,medium,09563000,132036,2006-07-18,2006-07-21,4,34.1,32.6,2006
Fürth,medium,09563000,132036,2006-07-24,2006-07-26,3,33.0,32.7,2006
Fürth,medium,09563000,132036,2008-05-27,2008-05-29,3,29.9,29.3,2008
Fürth,medium,09563000,132036,2010-07-08,2010-07-11,4,33.2,32.4,2010
Fürth,medium,09563000,132036,2011-08-21,2011-08-23,3,30.7,30.1,2011
Fürth,medium,09563000,132036,2012-08-17,2012-08-20,4,34.8,32.7,2012
Fürth,medium,09563000,132036,2013-06-16,2013-06-19,4,32.7,31.8,2013
Fürth,medium,09563000,132036,2014-06-06,2014-06-09,4,32.8,30.9,2014
Fürth,medium,09563000,132036,2015-07-01,2015-07-04,4,35.1,33.4,2015
Fürth,medium,09563000,132036,2015-08-05,2015-08-09,5,35.9,34.2,2015
Fürth,medium,09563000,132036,2015-08-28,2015-08-31,4,32.4,30.6,2015
Fürth,medium,09563000,132036,2016-08-24,2016-08-27,4,31.9,31.1,2016
Fürth,medium,09563000,132036,2016-09-11,2016-09-14,4,29.6,29.0,2016
Fürth,medium,09563000,132036,2017-06-19,2017-06-21,3,32.3,30.6,2017
Fürth,medium,09563000,132036,2018-07-29,2018-08-03,6,34.6,32.6,2018
Fürth,medium,09563000,132036,2018-08-05,2018-08-08,4,33.7,32.2,2018
Fürth,medium,09563000,132036,2019-06-02,2019-06-04,3,30.1,29.3,2019
Fürth,medium,09563000,132036,2019-06-23,2019-06-26,4,35.3,32.2,2019
Fürth,medium,09563000,132036,2019-06-28,2019-06-30,3,35.1,32.5,2019
Fürth,medium,09563000,132036,2019-07-23,2019-07-25,3,35.4,34.6,2019
Fürth,medium,09563000,132036,2020-08-07,2020-08-09,3,32.0,31.9,2020
Fürth,medium,09563000,132036,2021-06-15,2021-06-18,4,33.3,32.0,2021
Fürth,medium,09563000,132036,2022-08-02,2022-08-04,3,35.2,33.6,2022
Fürth,medium,09563000,132036,2023-08-18,2023-08-21,4,31.6,30.9,2023
Fürth,medium,09563000,132036,2024-08-27,2024-08-31,5,31.2,30.2,2024
Fürth,medium,09563000,132036,2025-06-12,2025-06-14,3,33.9,31.8,2025
Fürth,medium,09563000,132036,2025-06-20,2025-06-22,3,33.0,30.5,2025
Fürth,medium,09563000,132036,2025-06-28,2025-07-01,4,35.2,33.9,2025
Fürth,medium,09563000,132036,2025-08-12,2025-08-14,3,34.9,34.3,2025
Stein,small,09573127,14851,1982-05-31,1982-06-04,5,29.9,29.2,1982
Stein,small,09573127,14851,1983-07-25,1983-07-27,3,36.6,34.8,1983
Stein,small,09573127,14851,1992-08-06,1992-08-08,3,34.8,33.8,1992
Stein,small,09573127,14851,1994-06-24,1994-06-27,4,32.9,31.7,1994
Stein,small,09573127,14851,1994-07-27,1994-07-30,4,32.1,31.8,1994
Stein,small,09573127,14851,2000-06-18,2000-06-20,3,31.2,30.6,2000
Stein,small,09573127,14851,2001-08-24,2001-08-26,3,30.5,29.9,2001
Stein,small,09573127,14851,2002-06-17,2002-06-19,3,32.2,30.4,2002
Stein,small,09573127,14851,2003-08-02,2003-08-12,11,35.8,34.0,2003
Stein,small,09573127,14851,2006-07-18,2006-07-21,4,34.3,32.9,2006
Stein,small,09573127,14851,2006-07-24,2006-07-26,3,33.0,32.7,2006
Stein,small,09573127,14851,2008-05-27,2008-05-29,3,30.0,29.2,2008
Stein,small,09573127,14851,2010-07-09,2010-07-11,3,33.1,32.9,2010
Stein,small,09573127,14851,2011-08-21,2011-08-23,3,30.7,30.2,2011
Stein,small,09573127,14851,2012-08-18,2012-08-20,3,34.7,33.5,2012
Stein,small,09573127,14851,2013-06-16,2013-06-19,4,33.0,32.1,2013
Stein,small,09573127,14851,2014-06-06,2014-06-09,4,32.7,31.0,2014
Stein,small,09573127,14851,2015-07-01,2015-07-04,4,35.1,33.3,2015
Stein,small,09573127,14851,2015-08-05,2015-08-09,5,35.9,34.2,2015
Stein,small,09573127,14851,2015-08-28,2015-08-31,4,32.4,30.6,2015
Stein,small,09573127,14851,2016-08-24,2016-08-27,4,31.9,31.0,2016
Stein,small,09573127,14851,2016-09-11,2016-09-14,4,29.4,28.9,2016
Stein,small,09573127,14851,2017-06-19,2017-06-21,3,32.3,30.6,2017
Stein,small,09573127,14851,2018-07-29,2018-08-03,6,34.6,32.6,2018
Stein,small,09573127,14851,2018-08-05,2018-08-08,4,33.7,32.2,2018
Stein,small,09573127,14851,2019-06-02,2019-06-04,3,30.1,29.3,2019
Stein,small,09573127,14851,2019-06-23,2019-06-26,4,35.3,32.2,2019
Stein,small,09573127,14851,2019-06-28,2019-06-30,3,35.1,32.5,2019
Stein,small,09573127,14851,2019-07-23,2019-07-25,3,35.4,34.6,2019
Stein,small,09573127,14851,2020-08-07,2020-08-09,3,32.0,31.9,2020
Stein,small,09573127,14851,2021-06-15,2021-06-18,4,33.3,32.0,2021
Stein,small,09573127,14851,2022-08-02,2022-08-04,3,35.2,33.6,2022
Stein,small,09573127,14851,2023-08-18,2023-08-21,4,31.6,30.9,2023
Stein,small,09573127,14851,2024-08-27,2024-08-31,5,31.2,30.2,2024
Stein,small,09573127,14851,2025-06-12,2025-06-14,3,33.9,31.8,2025
Stein,small,09573127,14851,2025-06-28,2025-07-01,4,35.2,33.9,2025
Stein,small,09573127,14851,2025-08-12,2025-08-14,3,34.9,34.3,2025
Seukendorf,rural,09573126,3178,1982-06-01,1982-06-04,4,29.5,29.0,1982
Seukendorf,rural,09573126,3178,1983-07-25,1983-07-27,3,35.8,34.1,1983
Seukendorf,rural,09573126,3178,1992-08-06,1992-08-08,3,34.3,33.4,1992
Seukendorf,rural,09573126,3178,1994-06-24,1994-06-27,4,32.6,31.3,1994
Seukendorf,rural,09573126,3178,1994-07-27,1994-07-30,4,31.6,31.5,1994
Seukendorf,rural,09573126,3178,2000-06-18,2000-06-20,3,30.9,30.1,2000
Seukendorf,rural,09573126,3178,2001-08-24,2001-08-26,3,30.4,29.7,2001
Seukendorf,rural,09573126,3178,2002-06-16,2002-06-19,4,31.8,29.6,2002
Seukendorf,rural,09573126,3178,2003-08-02,2003-08-12,11,35.2,33.6,2003
Seukendorf,rural,09573126,3178,2006-07-18,2006-07-21,4,33.6,32.3,2006
Seukendorf,rural,09573126,3178,2006-07-24,2006-07-26,3,32.7,32.4,2006
Seukendorf,rural,09573126,3178,2008-05-27,2008-05-29,3,29.7,28.9,2008
Seukendorf,rural,09573126,3178,2010-07-08,2010-07-11,4,32.8,32.0,2010
Seukendorf,rural,09573126,3178,2011-08-21,2011-08-23,3,30.5,29.8,2011
Seukendorf,rural,09573126,3178,2012-08-18,2012-08-20,3,34.4,33.2,2012
Seukendorf,rural,09573126,3178,2013-06-16,2013-06-19,4,32.5,31.5,2013
Seukendorf,rural,09573126,3178,2014-06-07,2014-06-09,3,32.4,31.5,2014
Seukendorf,rural,09573126,3178,2015-07-01,2015-07-04,4,34.7,33.0,2015
Seukendorf,rural,09573126,3178,2015-08-05,2015-08-09,5,35.4,33.7,2015
Seukendorf,rural,09573126,3178,2015-08-28,2015-08-31,4,32.1,30.4,2015
Seukendorf,rural,09573126,3178,2016-08-24,2016-08-27,4,31.6,30.8,2016
Seukendorf,rural,09573126,3178,2016-09-11,2016-09-13,3,29.2,28.9,2016
Seukendorf,rural,09573126,3178,2017-06-19,2017-06-21,3,31.6,30.0,2017
Seukendorf,rural,09573126,3178,2018-07-29,2018-08-03,6,34.4,32.6,2018
Seukendorf,rural,09573126,3178,2019-06-02,2019-06-04,3,30.0,29.0,2019
Seukendorf,rural,09573126,3178,2019-06-23,2019-06-26,4,34.2,31.5,2019
Seukendorf,rural,09573126,3178,2019-06-28,2019-06-30,3,34.0,31.8,2019
Seukendorf,rural,09573126,3178,2019-07-23,2019-07-25,3,35.1,34.6,2019
Seukendorf,rural,09573126,3178,2020-08-07,2020-08-09,3,32.2,32.0,2020
Seukendorf,rural,09573126,3178,2021-06-15,2021-06-18,4,32.8,31.7,2021
Seukendorf,rural,09573126,3178,2022-08-02,2022-08-04,3,35.2,33.6,2022
Seukendorf,rural,09573126,3178,2023-08-18,2023-08-21,4,31.6,30.7,2023
Seukendorf,rural,09573126,3178,2024-08-27,2024-08-31,5,31.2,30.4,2024
Seukendorf,rural,09573126,3178,2025-06-12,2025-06-14,3,32.8,30.6,2025
Seukendorf,rural,09573126,3178,2025-06-27,2025-07-01,5,34.6,32.4,2025
Seukendorf,rural,09573126,3178,2025-08-12,2025-08-14,3,33.6,33.0,2025
Duisburg,large,05112000,500810,1982-06-01,1982-06-03,3,28.6,28.5,1982
Duisburg,large,05112000,500810,1990-08-01,1990-08-03,3,33.9,32.3,1990
Duisburg,large,05112000,500810,1991-09-01,1991-09-03,3,28.6,28.3,1991
Duisburg,large,05112000,500810,1994-07-22,1994-07-24,3,32.4,31.2,1994
Duisburg,large,05112000,500810,1994-08-02,1994-08-04,3,33.7,31.6,1994
Duisburg,large,05112000,500810,1995-07-08,1995-07-10,3,32.1,31.5,1995
Duisburg,large,05112000,500810,1996-06-05,1996-06-07,3,30.1,29.1,1996
Duisburg,large,05112000,500810,2003-08-04,2003-08-08,5,34.7,32.6,2003
Duisburg,large,05112000,500810,2006-07-17,2006-07-21,5,34.2,31.7,2006
Duisburg,large,05112000,500810,2006-07-24,2006-07-26,3,33.2,31.9,2006
Duisburg,large,05112000,500810,2010-07-07,2010-07-11,5,33.6,32.2,2010
Duisburg,large,05112000,500810,2015-06-30,2015-07-03,4,34.6,32.7,2015
Duisburg,large,05112000,500810,2016-08-23,2016-08-27,5,31.7,30.2,2016
Duisburg,large,05112000,500810,2016-09-11,2016-09-14,4,31.3,30.2,2016
Duisburg,large,05112000,500810,2017-06-18,2017-06-21,4,33.4,30.8,2017
Duisburg,large,05112000,500810,2018-07-23,2018-07-26,4,34.8,33.7,2018
Duisburg,large,05112000,500810,2018-08-01,2018-08-03,3,33.8,32.6,2018
Duisburg,large,05112000,500810,2019-06-22,2019-06-25,4,35.1,31.6,2019
Duisburg,large,05112000,500810,2019-07-22,2019-07-26,5,39.6,35.8,2019
Duisburg,large,05112000,500810,2019-08-23,2019-08-27,5,32.5,31.0,2019
Duisburg,large,05112000,500810,2020-08-05,2020-08-12,8,34.6,32.3,2020
Duisburg,large,05112000,500810,2021-06-15,2021-06-17,3,32.4,30.7,2021
Duisburg,large,05112000,500810,2022-08-10,2022-08-13,4,31.1,30.9,2022
Duisburg,large,05112000,500810,2022-08-22,2022-08-24,3,33.0,31.5,2022
Duisburg,large,05112000,500810,2023-06-08,2023-06-11,4,29.4,28.6,2023
Duisburg,large,05112000,500810,2023-09-04,2023-09-10,7,30.0,29.0,2023
Duisburg,large,05112000,500810,2025-06-29,2025-07-01,3,37.4,35.0,2025
Duisburg,large,05112000,500810,2025-08-11,2025-08-13,3,34.6,33.8,2025
Moers,medium,05170024,105606,1982-06-01,1982-06-03,3,28.7,28.5,1982
Moers,medium,05170024,105606,1990-08-01,1990-08-03,3,33.8,32.2,1990
Moers,medium,05170024,105606,1991-09-01,1991-09-03,3,28.8,28.4,1991
Moers,medium,05170024,105606,1995-07-08,1995-07-10,3,32.2,31.6,1995
Moers,medium,05170024,105606,1996-06-05,1996-06-07,3,30.3,29.2,1996
Moers,medium,05170024,105606,1999-09-10,1999-09-12,3,29.2,28.7,1999
Moers,medium,05170024,105606,2003-08-04,2003-08-08,5,34.9,32.6,2003
Moers,medium,05170024,105606,2006-07-17,2006-07-21,5,34.3,31.8,2006
Moers,medium,05170024,105606,2006-07-24,2006-07-26,3,32.9,31.8,2006
Moers,medium,05170024,105606,2010-07-07,2010-07-11,5,33.5,32.0,2010
Moers,medium,05170024,105606,2015-06-30,2015-07-03,4,34.9,32.8,2015
Moers,medium,05170024,105606,2016-08-23,2016-08-27,5,31.5,30.1,2016
Moers,medium,05170024,105606,2016-09-11,2016-09-14,4,31.5,30.4,2016
Moers,medium,05170024,105606,2017-06-18,2017-06-21,4,34.3,31.1,2017
Moers,medium,05170024,105606,2018-07-23,2018-07-26,4,34.6,33.6,2018
Moers,medium,05170024,105606,2018-08-01,2018-08-03,3,33.6,32.3,2018
Moers,medium,05170024,105606,2019-06-22,2019-06-25,4,35.2,31.6,2019
Moers,medium,05170024,105606,2019-07-22,2019-07-26,5,39.8,35.9,2019
Moers,medium,05170024,105606,2019-08-23,2019-08-27,5,32.8,31.1,2019
Moers,medium,05170024,105606,2020-08-05,2020-08-12,8,35.0,32.7,2020
Moers,medium,05170024,105606,2021-06-15,2021-06-18,4,32.6,30.4,2021
Moers,medium,05170024,105606,2022-08-10,2022-08-13,4,31.3,31.0,2022
Moers,medium,05170024,105606,2022-08-22,2022-08-24,3,32.8,31.6,2022
Moers,medium,05170024,105606,2023-06-08,2023-06-11,4,29.5,28.7,2023
Moers,medium,05170024,105606,2023-09-04,2023-09-10,7,30.1,29.0,2023
Moers,medium,05170024,105606,2025-06-29,2025-07-01,3,37.2,35.0,2025
Moers,medium,05170024,105606,2025-08-11,2025-08-13,3,34.2,33.3,2025
Straelen,small,05154052,16544,1982-06-01,1982-06-03,3,28.6,28.3,1982
Straelen,small,05154052,16544,1990-08-01,1990-08-03,3,33.8,32.0,1990
Straelen,small,05154052,16544,1994-07-22,1994-07-24,3,32.3,31.1,1994
Straelen,small,05154052,16544,1995-07-08,1995-07-10,3,32.0,31.5,1995
Straelen,small,05154052,16544,1996-06-05,1996-06-07,3,30.4,29.4,1996
Straelen,small,05154052,16544,2003-08-04,2003-08-08,5,34.5,32.2,2003
Straelen,small,05154052,16544,2006-07-17,2006-07-21,5,34.3,31.7,2006
Straelen,small,05154052,16544,2006-07-24,2006-07-26,3,32.7,31.6,2006
Straelen,small,05154052,16544,2010-07-07,2010-07-10,4,33.4,32.4,2010
Straelen,small,05154052,16544,2013-07-20,2013-07-22,3,32.3,31.3,2013
Straelen,small,05154052,16544,2015-06-30,2015-07-03,4,35.1,32.7,2015
Straelen,small,05154052,16544,2016-08-23,2016-08-26,4,31.1,30.3,2016
Straelen,small,05154052,16544,2016-09-11,2016-09-14,4,31.3,30.0,2016
Straelen,small,05154052,16544,2018-07-23,2018-07-26,4,34.4,33.0,2018
Straelen,small,05154052,16544,2018-08-01,2018-08-03,3,32.8,31.6,2018
Straelen,small,05154052,16544,2019-07-22,2019-07-25,4,37.8,36.2,2019
Straelen,small,05154052,16544,2019-08-23,2019-08-27,5,32.4,30.6,2019
Straelen,small,05154052,16544,2020-08-05,2020-08-12,8,34.4,32.4,2020
Straelen,small,05154052,16544,2021-06-15,2021-06-17,3,32.4,30.9,2021
Straelen,small,05154052,16544,2022-08-10,2022-08-13,4,30.6,30.3,2022
Straelen,small,05154052,16544,2023-06-08,2023-06-11,4,29.4,29.0,2023
Straelen,small,05154052,16544,2023-09-05,2023-09-07,3,29.5,28.8,2023
Straelen,small,05154052,16544,2025-08-11,2025-08-13,3,32.2,31.3,2025
Bochum,large,05911000,366385,1982-06-01,1982-06-04,4,29.1,28.7,1982
Bochum,large,05911000,366385,1990-08-01,1990-08-03,3,34.2,32.4,1990
Bochum,large,05911000,366385,1991-09-01,1991-09-03,3,28.3,28.2,1991
Bochum,large,05911000,366385,1994-07-22,1994-07-24,3,32.3,31.3,1994
Bochum,large,05911000,366385,1994-08-02,1994-08-04,3,33.8,31.9,1994
Bochum,large,05911000,366385,1995-07-08,1995-07-10,3,31.9,31.1,1995
Bochum,large,05911000,366385,2003-08-04,2003-08-08,5,34.5,32.7,2003
Bochum,large,05911000,366385,2006-07-17,2006-07-21,5,34.1,32.1,2006
Bochum,large,05911000,366385,2006-07-24,2006-07-26,3,33.3,32.0,2006
Bochum,large,05911000,366385,2010-07-07,2010-07-11,5,33.9,32.4,2010
Bochum,large,05911000,366385,2015-06-30,2015-07-04,5,34.5,32.1,2015
Bochum,large,05911000,366385,2016-08-23,2016-08-27,5,31.4,30.5,2016
Bochum,large,05911000,366385,2016-09-11,2016-09-14,4,31.1,30.1,2016
Bochum,large,05911000,366385,2018-07-23,2018-07-26,4,35.0,33.8,2018
Bochum,large,05911000,366385,2018-08-01,2018-08-03,3,33.8,33.1,2018
Bochum,large,05911000,366385,2019-06-22,2019-06-25,4,35.0,31.7,2019
Bochum,large,05911000,366385,2019-07-22,2019-07-26,5,38.5,35.0,2019
Bochum,large,05911000,366385,2019-08-23,2019-08-27,5,32.4,30.8,2019
Bochum,large,05911000,366385,2020-08-05,2020-08-12,8,33.8,31.6,2020
Bochum,large,05911000,366385,2021-06-15,2021-06-18,4,32.8,30.6,2021
Bochum,large,05911000,366385,2022-08-10,2022-08-13,4,31.6,30.9,2022
Bochum,large,05911000,366385,2022-08-22,2022-08-24,3,32.2,31.3,2022
Bochum,large,05911000,366385,2023-09-04,2023-09-10,7,29.4,29.0,2023
Bochum,large,05911000,366385,2025-06-29,2025-07-01,3,37.6,34.6,2025
Bochum,large,05911000,366385,2025-08-11,2025-08-14,4,35.1,33.2,2025
Hattingen,medium,05954016,54620,1982-06-01,1982-06-03,3,28.5,28.5,1982
Hattingen,medium,05954016,54620,1990-08-01,1990-08-03,3,33.7,32.0,1990
Hattingen,medium,05954016,54620,1994-07-22,1994-07-24,3,31.7,30.8,1994
Hattingen,medium,05954016,54620,1994-08-02,1994-08-04,3,33.3,31.5,1994
Hattingen,medium,05954016,54620,1995-07-08,1995-07-10,3,31.6,30.9,1995
Hattingen,medium,05954016,54620,2003-08-04,2003-08-08,5,33.9,32.2,2003
Hattingen,medium,05954016,54620,2006-07-17,2006-07-21,5,33.5,31.6,2006
Hattingen,medium,05954016,54620,2006-07-24,2006-07-26,3,33.0,31.6,2006
Hattingen,medium,05954016,54620,2010-07-07,2010-07-11,5,33.5,32.3,2010
Hattingen,medium,05954016,54620,2015-06-30,2015-07-04,5,34.0,31.9,2015
Hattingen,medium,05954016,54620,2016-08-23,2016-08-27,5,31.3,30.1,2016
Hattingen,medium,05954016,54620,2016-09-11,2016-09-14,4,30.5,29.5,2016
Hattingen,medium,05954016,54620,2018-07-23,2018-07-26,4,34.0,32.9,2018
Hattingen,medium,05954016,54620,2018-08-01,2018-08-03,3,33.5,32.6,2018
Hattingen,medium,05954016,54620,2019-06-23,2019-06-25,3,33.8,31.6,2019
Hattingen,medium,05954016,54620,2019-07-22,2019-07-26,5,37.9,34.4,2019
Hattingen,medium,05954016,54620,2019-08-23,2019-08-27,5,31.4,30.0,2019
Hattingen,medium,05954016,54620,2020-08-05,2020-08-12,8,33.2,31.1,2020
Hattingen,medium,05954016,54620,2021-06-15,2021-06-17,3,32.0,30.4,2021
Hattingen,medium,05954016,54620,2022-08-10,2022-08-13,4,30.8,30.4,2022
Hattingen,medium,05954016,54620,2022-08-22,2022-08-24,3,32.1,31.1,2022
Hattingen,medium,05954016,54620,2023-09-05,2023-09-10,6,29.0,28.7,2023
Hattingen,medium,05954016,54620,2025-06-29,2025-07-01,3,37.0,34.1,2025
Hattingen,medium,05954016,54620,2025-08-11,2025-08-14,4,34.3,32.4,2025
Wuppertal,large,05124000,358938,1990-08-01,1990-08-03,3,33.3,31.7,1990
Wuppertal,large,05124000,358938,1992-08-06,1992-08-08,3,32.2,31.0,1992
Wuppertal,large,05124000,358938,1994-07-22,1994-07-24,3,31.2,30.3,1994
Wuppertal,large,05124000,358938,1994-08-02,1994-08-04,3,32.8,31.1,1994
Wuppertal,large,05124000,358938,1995-07-08,1995-07-10,3,31.1,30.6,1995
Wuppertal,large,05124000,358938,2003-08-04,2003-08-08,5,33.4,31.8,2003
Wuppertal,large,05124000,358938,2006-07-17,2006-07-21,5,33.0,31.1,2006
Wuppertal,large,05124000,358938,2006-07-24,2006-07-26,3,32.6,31.1,2006
Wuppertal,large,05124000,358938,2010-07-07,2010-07-11,5,33.2,32.1,2010
Wuppertal,large,05124000,358938,2012-08-17,2012-08-19,3,33.2,30.3,2012
Wuppertal,large,05124000,358938,2015-06-30,2015-07-04,5,33.7,31.7,2015
Wuppertal,large,05124000,358938,2016-08-23,2016-08-27,5,31.2,29.6,2016
Wuppertal,large,05124000,358938,2016-09-11,2016-09-13,3,29.8,29.2,2016
Wuppertal,large,05124000,358938,2018-07-23,2018-07-26,4,33.0,31.8,2018
Wuppertal,large,05124000,358938,2018-08-01,2018-08-03,3,33.2,32.0,2018
Wuppertal,large,05124000,358938,2019-06-23,2019-06-25,3,34.2,31.3,2019
Wuppertal,large,05124000,358938,2019-07-22,2019-07-25,4,37.2,34.7,2019
Wuppertal,large,05124000,358938,2019-08-24,2019-08-27,4,30.4,29.3,2019
Wuppertal,large,05124000,358938,2020-08-06,2020-08-12,7,33.2,31.2,2020
Wuppertal,large,05124000,358938,2021-06-15,2021-06-17,3,31.2,29.5,2021
Wuppertal,large,05124000,358938,2022-08-10,2022-08-13,4,30.8,30.2,2022
Wuppertal,large,05124000,358938,2022-08-22,2022-08-24,3,31.2,30.3,2022
Wuppertal,large,05124000,358938,2025-06-29,2025-07-01,3,35.5,33.4,2025
Wuppertal,large,05124000,358938,2025-08-11,2025-08-13,3,32.4,31.6,2025
Schwelm,medium,05954024,28711,1990-08-01,1990-08-03,3,32.9,31.2,1990
Schwelm,medium,05954024,28711,1992-08-06,1992-08-08,3,31.8,30.7,1992
Schwelm,medium,05954024,28711,1994-08-02,1994-08-04,3,32.4,30.8,1994
Schwelm,medium,05954024,28711,1995-07-08,1995-07-10,3,30.6,30.0,1995
Schwelm,medium,05954024,28711,2003-08-04,2003-08-11,8,34.3,31.4,2003
Schwelm,medium,05954024,28711,2006-07-17,2006-07-21,5,32.6,30.7,2006
Schwelm,medium,05954024,28711,2006-07-24,2006-07-26,3,32.1,30.7,2006
Schwelm,medium,05954024,28711,2010-07-07,2010-07-11,5,32.9,31.7,2010
Schwelm,medium,05954024,28711,2015-06-30,2015-07-04,5,33.4,31.5,2015
Schwelm,medium,05954024,28711,2016-08-23,2016-08-27,5,30.8,29.3,2016
Schwelm,medium,05954024,28711,2018-07-23,2018-07-26,4,32.3,31.2,2018
Schwelm,medium,05954024,28711,2018-08-01,2018-08-03,3,32.8,31.5,2018
Schwelm,medium,05954024,28711,2019-06-23,2019-06-25,3,32.6,30.3,2019
Schwelm,medium,05954024,28711,2019-07-22,2019-07-25,4,35.8,33.7,2019
Schwelm,medium,05954024,28711,2019-08-25,2019-08-27,3,30.4,29.7,2019
Schwelm,medium,05954024,28711,2020-08-06,2020-08-12,7,32.8,30.9,2020
Schwelm,medium,05954024,28711,2022-08-10,2022-08-13,4,30.3,29.7,2022
Schwelm,medium,05954024,28711,2022-08-22,2022-08-24,3,30.8,29.8,2022
Schwelm,medium,05954024,28711,2025-06-29,2025-07-01,3,35.0,32.9,2025
Schwelm,medium,05954024,28711,2025-08-11,2025-08-13,3,31.9,31.0,2025
Hückeswagen,small,05374016,14770,1990-08-01,1990-08-03,3,33.0,31.2,1990
Hückeswagen,small,05374016,14770,1992-08-06,1992-08-08,3,31.9,30.7,1992
Hückeswagen,small,05374016,14770,1994-07-22,1994-07-24,3,30.1,29.4,1994
Hückeswagen,small,05374016,14770,1994-08-02,1994-08-04,3,32.0,30.7,1994
Hückeswagen,small,05374016,14770,1995-07-08,1995-07-10,3,30.4,29.9,1995
Hückeswagen,small,05374016,14770,2003-08-03,2003-08-11,9,34.7,31.5,2003
Hückeswagen,small,05374016,14770,2006-07-17,2006-07-21,5,32.4,30.5,2006
Hückeswagen,small,05374016,14770,2006-07-24,2006-07-26,3,32.3,30.8,2006
Hückeswagen,small,05374016,14770,2010-06-30,2010-07-02,3,32.0,30.6,2010
Hückeswagen,small,05374016,14770,2010-07-07,2010-07-11,5,32.8,31.5,2010
Hückeswagen,small,05374016,14770,2015-06-30,2015-07-04,5,33.0,31.2,2015
Hückeswagen,small,05374016,14770,2016-08-24,2016-08-27,4,30.6,29.3,2016
Hückeswagen,small,05374016,14770,2018-07-23,2018-07-26,4,32.4,31.2,2018
Hückeswagen,small,05374016,14770,2018-08-01,2018-08-03,3,32.5,31.4,2018
Hückeswagen,small,05374016,14770,2019-06-23,2019-06-25,3,33.0,30.6,2019
Hückeswagen,small,05374016,14770,2019-07-22,2019-07-25,4,36.0,33.6,2019
Hückeswagen,small,05374016,14770,2019-08-25,2019-08-27,3,29.6,29.1,2019
Hückeswagen,small,05374016,14770,2020-08-06,2020-08-12,7,32.7,30.8,2020
Hückeswagen,small,05374016,14770,2022-07-17,2022-07-19,3,35.0,31.6,2022
Hückeswagen,small,05374016,14770,2022-08-09,2022-08-13,5,30.2,29.4,2022
Hückeswagen,small,05374016,14770,2022-08-22,2022-08-24,3,30.7,29.7,2022
Hückeswagen,small,05374016,14770,2025-06-29,2025-07-01,3,33.8,32.1,2025
Hückeswagen,small,05374016,14770,2025-08-11,2025-08-13,3,31.6,30.7,2025
Bielefeld,large,05711000,338410,1982-06-01,1982-06-04,4,30.7,29.9,1982
Bielefeld,large,05711000,338410,1994-07-22,1994-07-24,3,32.1,31.3,1994
Bielefeld,large,05711000,338410,1994-07-29,1994-07-31,3,31.5,30.8,1994
Bielefeld,large,05711000,338410,1999-09-11,1999-09-14,4,28.7,28.6,1999
Bielefeld,large,05711000,338410,2000-06-18,2000-06-20,3,32.4,31.1,2000
Bielefeld,large,05711000,338410,2003-08-01,2003-08-11,11,35.7,32.9,2003
Bielefeld,large,05711000,338410,2006-07-17,2006-07-21,5,33.3,31.8,2006
Bielefeld,large,05711000,338410,2010-07-07,2010-07-11,5,33.8,32.6,2010
Bielefeld,large,05711000,338410,2012-08-17,2012-08-19,3,33.8,31.3,2012
Bielefeld,large,05711000,338410,2015-06-30,2015-07-04,5,35.5,32.3,2015
Bielefeld,large,05711000,338410,2016-08-23,2016-08-27,5,32.4,31.1,2016
Bielefeld,large,05711000,338410,2016-09-11,2016-09-13,3,30.8,30.0,2016
Bielefeld,large,05711000,338410,2018-07-23,2018-07-27,5,33.0,31.9,2018
Bielefeld,large,05711000,338410,2018-08-01,2018-08-03,3,33.2,31.5,2018
Bielefeld,large,05711000,338410,2019-06-23,2019-06-25,3,33.0,31.2,2019
Bielefeld,large,05711000,338410,2019-07-22,2019-07-26,5,37.1,33.0,2019
Bielefeld,large,05711000,338410,2019-08-24,2019-08-27,4,32.0,30.8,2019
Bielefeld,large,05711000,338410,2020-08-05,2020-08-12,8,34.2,31.5,2020
Bielefeld,large,05711000,338410,2021-06-16,2021-06-18,3,32.8,31.8,2021
Bielefeld,large,05711000,338410,2022-07-17,2022-07-19,3,36.6,34.1,2022
Bielefeld,large,05711000,338410,2022-08-11,2022-08-13,3,30.8,30.4,2022
Bielefeld,large,05711000,338410,2022-08-22,2022-08-25,4,31.2,30.0,2022
Bielefeld,large,05711000,338410,2023-09-05,2023-09-08,4,28.9,28.5,2023
Bielefeld,large,05711000,338410,2025-08-11,2025-08-13,3,33.9,32.9,2025
Halle (Westf.),medium,05754012,22198,1982-06-01,1982-06-04,4,30.6,29.8,1982
Halle (Westf.),medium,05754012,22198,1983-08-18,1983-08-20,3,29.8,29.0,1983
Halle (Westf.),medium,05754012,22198,1994-07-22,1994-07-24,3,32.1,31.1,1994
Halle (Westf.),medium,05754012,22198,1994-07-29,1994-07-31,3,31.4,30.6,1994
Halle (Westf.),medium,05754012,22198,1999-09-11,1999-09-14,4,28.5,28.3,1999
Halle (Westf.),medium,05754012,22198,2000-06-18,2000-06-20,3,32.1,30.8,2000
Halle (Westf.),medium,05754012,22198,2003-08-01,2003-08-11,11,35.5,32.5,2003
Halle (Westf.),medium,05754012,22198,2006-07-17,2006-07-21,5,33.0,31.5,2006
Halle (Westf.),medium,05754012,22198,2010-07-07,2010-07-11,5,33.8,32.5,2010
Halle (Westf.),medium,05754012,22198,2012-08-17,2012-08-19,3,33.8,31.1,2012
Halle (Westf.),medium,05754012,22198,2015-06-30,2015-07-04,5,35.3,32.0,2015
Halle (Westf.),medium,05754012,22198,2016-08-23,2016-08-27,5,32.0,30.7,2016
Halle (Westf.),medium,05754012,22198,2016-09-11,2016-09-13,3,30.5,29.8,2016
Halle (Westf.),medium,05754012,22198,2018-07-23,2018-07-27,5,33.2,32.1,2018
Halle (Westf.),medium,05754012,22198,2018-08-01,2018-08-03,3,33.2,31.6,2018
Halle (Westf.),medium,05754012,22198,2019-06-23,2019-06-25,3,33.5,31.3,2019
Halle (Westf.),medium,05754012,22198,2019-07-22,2019-07-26,5,37.1,33.0,2019
Halle (Westf.),medium,05754012,22198,2019-08-24,2019-08-27,4,31.9,30.9,2019
Halle (Westf.),medium,05754012,22198,2020-08-05,2020-08-12,8,34.2,31.7,2020
Halle (Westf.),medium,05754012,22198,2021-06-15,2021-06-18,4,33.2,31.1,2021
Halle (Westf.),medium,05754012,22198,2022-07-17,2022-07-19,3,36.8,34.0,2022
Halle (Westf.),medium,05754012,22198,2022-08-10,2022-08-13,4,31.2,30.4,2022
Halle (Westf.),medium,05754012,22198,2022-08-22,2022-08-25,4,31.8,30.2,2022
Halle (Westf.),medium,05754012,22198,2023-09-05,2023-09-08,4,29.1,28.6,2023
Halle (Westf.),medium,05754012,22198,2025-08-11,2025-08-13,3,33.3,32.3,2025
Werther (Westf.),small,05754052,11193,1982-06-01,1982-06-04,4,30.6,29.7,1982
Werther (Westf.),small,05754052,11193,1983-08-18,1983-08-20,3,29.8,29.0,1983
Werther (Westf.),small,05754052,11193,1994-07-22,1994-07-24,3,32.0,31.1,1994
Werther (Westf.),small,05754052,11193,1994-07-29,1994-07-31,3,31.4,30.5,1994
Werther (Westf.),small,05754052,11193,1999-09-11,1999-09-14,4,28.5,28.3,1999
Werther (Westf.),small,05754052,11193,2000-06-18,2000-06-20,3,32.0,30.7,2000
Werther (Westf.),small,05754052,11193,2003-08-01,2003-08-11,11,35.5,32.5,2003
Werther (Westf.),small,05754052,11193,2006-07-17,2006-07-21,5,33.0,31.5,2006
Werther (Westf.),small,05754052,11193,2010-07-07,2010-07-11,5,33.7,32.5,2010
Werther (Westf.),small,05754052,11193,2012-08-17,2012-08-19,3,33.7,31.1,2012
Werther (Westf.),small,05754052,11193,2015-06-30,2015-07-04,5,35.2,32.0,2015
Werther (Westf.),small,05754052,11193,2016-08-23,2016-08-27,5,32.0,30.7,2016
Werther (Westf.),small,05754052,11193,2016-09-11,2016-09-13,3,30.5,29.7,2016
Werther (Westf.),small,05754052,11193,2018-07-23,2018-07-27,5,33.2,32.1,2018
Werther (Westf.),small,05754052,11193,2018-08-01,2018-08-03,3,33.2,31.6,2018
Werther (Westf.),small,05754052,11193,2019-06-23,2019-06-25,3,33.5,31.3,2019
Werther (Westf.),small,05754052,11193,2019-07-22,2019-07-26,5,37.1,33.0,2019
Werther (Westf.),small,05754052,11193,2019-08-24,2019-08-27,4,31.9,30.9,2019
Werther (Westf.),small,05754052,11193,2020-08-05,2020-08-12,8,34.2,31.7,2020
Werther (Westf.),small,05754052,11193,2021-06-15,2021-06-18,4,33.2,31.1,2021
Werther (Westf.),small,05754052,11193,2022-07-17,2022-07-19,3,36.8,34.0,2022
Werther (Westf.),small,05754052,11193,2022-08-10,2022-08-13,4,31.2,30.4,2022
Werther (Westf.),small,05754052,11193,2022-08-22,2022-08-25,4,31.8,30.2,2022
Werther (Westf.),small,05754052,11193,2023-09-05,2023-09-08,4,29.1,28.6,2023
Werther (Westf.),small,05754052,11193,2025-08-11,2025-08-13,3,33.3,32.3,2025
Luhden,rural,03257022,1191,1982-06-01,1982-06-04,4,30.5,29.7,1982
Luhden,rural,03257022,1191,1983-08-18,1983-08-20,3,29.7,29.1,1983
Luhden,rural,03257022,1191,1994-07-22,1994-07-27,6,32.7,31.2,1994
Luhden,rural,03257022,1191,2000-06-18,2000-06-20,3,32.5,31.2,2000
Luhden,rural,03257022,1191,2003-08-01,2003-08-04,4,30.3,29.9,2003
Luhden,rural,03257022,1191,2003-08-06,2003-08-11,6,35.5,33.6,2003
Luhden,rural,03257022,1191,2006-07-17,2006-07-21,5,33.4,31.5,2006
Luhden,rural,03257022,1191,2010-07-07,2010-07-11,5,34.2,32.7,2010
Luhden,rural,03257022,1191,2012-08-17,2012-08-19,3,33.7,31.2,2012
Luhden,rural,03257022,1191,2015-07-01,2015-07-04,4,35.6,32.6,2015
Luhden,rural,03257022,1191,2016-08-23,2016-08-27,5,32.7,31.0,2016
Luhden,rural,03257022,1191,2016-09-11,2016-09-13,3,30.6,29.7,2016
Luhden,rural,03257022,1191,2018-07-23,2018-07-26,4,31.9,31.5,2018
Luhden,rural,03257022,1191,2019-07-22,2019-07-25,4,36.2,32.9,2019
Luhden,rural,03257022,1191,2019-08-24,2019-08-27,4,31.0,30.3,2019
Luhden,rural,03257022,1191,2020-08-06,2020-08-11,6,33.2,31.1,2020
Luhden,rural,03257022,1191,2021-06-16,2021-06-18,3,31.6,30.4,2021
Luhden,rural,03257022,1191,2022-07-17,2022-07-19,3,35.4,33.8,2022
Luhden,rural,03257022,1191,2022-08-23,2022-08-25,3,30.4,29.1,2022
Bonn,large,05314000,335789,1990-08-01,1990-08-03,3,35.1,33.2,1990
Bonn,large,05314000,335789,1992-08-06,1992-08-08,3,34.0,32.5,1992
Bonn,large,05314000,335789,1994-08-02,1994-08-04,3,33.4,31.9,1994
Bonn,large,05314000,335789,1995-07-08,1995-07-10,3,32.3,31.7,1995
Bonn,large,05314000,335789,1996-06-05,1996-06-07,3,30.1,29.2,1996
Bonn,large,05314000,335789,1998-08-09,1998-08-11,3,32.0,30.7,1998
Bonn,large,05314000,335789,2003-08-03,2003-08-12,10,37.0,33.2,2003
Bonn,large,05314000,335789,2006-07-17,2006-07-21,5,34.4,32.0,2006
Bonn,large,05314000,335789,2006-07-24,2006-07-26,3,33.6,32.1,2006
Bonn,large,05314000,335789,2010-06-30,2010-07-02,3,33.0,31.8,2010
Bonn,large,05314000,335789,2010-07-07,2010-07-11,5,34.0,32.4,2010
Bonn,large,05314000,335789,2012-08-17,2012-08-19,3,34.8,32.0,2012
Bonn,large,05314000,335789,2015-06-30,2015-07-04,5,35.0,33.2,2015
Bonn,large,05314000,335789,2016-08-23,2016-08-27,5,32.4,30.7,2016
Bonn,large,05314000,335789,2016-09-11,2016-09-14,4,30.9,29.8,2016
Bonn,large,05314000,335789,2017-06-19,2017-06-21,3,34.4,31.7,2017
Bonn,large,05314000,335789,2018-07-23,2018-07-26,4,34.2,33.2,2018
Bonn,large,05314000,335789,2018-08-01,2018-08-03,3,34.0,33.0,2018
Bonn,large,05314000,335789,2019-06-23,2019-06-25,3,34.8,32.3,2019
Bonn,large,05314000,335789,2019-07-22,2019-07-25,4,38.6,36.5,2019
Bonn,large,05314000,335789,2019-08-24,2019-08-27,4,32.2,30.6,2019
Bonn,large,05314000,335789,2020-08-05,2020-08-12,8,35.2,33.3,2020
Bonn,large,05314000,335789,2020-09-13,2020-09-15,3,33.1,31.1,2020
Bonn,large,05314000,335789,2021-06-15,2021-06-18,4,34.3,32.4,2021
Bonn,large,05314000,335789,2022-07-17,2022-07-19,3,36.8,33.6,2022
Bonn,large,05314000,335789,2022-08-01,2022-08-03,3,35.3,33.4,2022
Bonn,large,05314000,335789,2022-08-08,2022-08-13,6,32.3,30.9,2022
Bonn,large,05314000,335789,2022-08-22,2022-08-24,3,33.0,31.9,2022
Bonn,large,05314000,335789,2023-06-09,2023-06-11,3,28.9,28.5,2023
Bonn,large,05314000,335789,2023-09-06,2023-09-10,5,31.4,29.9,2023
Bonn,large,05314000,335789,2025-06-28,2025-07-01,4,38.6,34.2,2025
Bonn,large,05314000,335789,2025-08-11,2025-08-13,3,34.3,32.8,2025
Sankt Augustin,medium,05382056,56692,1990-08-01,1990-08-03,3,34.6,32.7,1990
Sankt Augustin,medium,05382056,56692,1992-08-06,1992-08-08,3,33.5,32.1,1992
Sankt Augustin,medium,05382056,56692,1994-08-02,1994-08-04,3,33.1,31.7,1994
Sankt Augustin,medium,05382056,56692,1995-07-08,1995-07-10,3,32.1,31.5,1995
Sankt Augustin,medium,05382056,56692,1996-06-05,1996-06-07,3,29.7,28.9,1996
Sankt Augustin,medium,05382056,56692,2000-06-18,2000-06-20,3,31.6,30.4,2000
Sankt Augustin,medium,05382056,56692,2001-08-23,2001-08-25,3,32.3,30.5,2001
Sankt Augustin,medium,05382056,56692,2003-08-03,2003-08-12,10,36.5,32.9,2003
Sankt Augustin,medium,05382056,56692,2006-07-17,2006-07-21,5,33.9,31.8,2006
Sankt Augustin,medium,05382056,56692,2006-07-24,2006-07-26,3,33.6,32.0,2006
Sankt Augustin,medium,05382056,56692,2010-06-30,2010-07-02,3,32.8,31.7,2010
Sankt Augustin,medium,05382056,56692,2010-07-07,2010-07-11,5,34.0,32.4,2010
Sankt Augustin,medium,05382056,56692,2012-08-17,2012-08-19,3,34.3,31.5,2012
Sankt Augustin,medium,05382056,56692,2015-06-30,2015-07-04,5,34.6,32.8,2015
Sankt Augustin,medium,05382056,56692,2016-08-23,2016-08-27,5,32.1,30.4,2016
Sankt Augustin,medium,05382056,56692,2016-09-11,2016-09-14,4,30.5,29.5,2016
Sankt Augustin,medium,05382056,56692,2017-06-18,2017-06-21,4,34.0,30.8,2017
Sankt Augustin,medium,05382056,56692,2018-07-23,2018-07-26,4,34.6,33.6,2018
Sankt Augustin,medium,05382056,56692,2018-08-01,2018-08-03,3,34.8,33.5,2018
Sankt Augustin,medium,05382056,56692,2019-06-23,2019-06-25,3,34.5,32.0,2019
Sankt Augustin,medium,05382056,56692,2019-07-22,2019-07-25,4,38.4,36.2,2019
Sankt Augustin,medium,05382056,56692,2019-08-24,2019-08-27,4,31.8,30.3,2019
Sankt Augustin,medium,05382056,56692,2020-08-05,2020-08-12,8,35.0,32.9,2020
Sankt Augustin,medium,05382056,56692,2020-09-13,2020-09-15,3,32.6,30.5,2020
Sankt Augustin,medium,05382056,56692,2021-06-15,2021-06-18,4,33.6,31.8,2021
Sankt Augustin,medium,05382056,56692,2022-08-01,2022-08-03,3,35.2,33.0,2022
Sankt Augustin,medium,05382056,56692,2022-08-08,2022-08-13,6,32.0,30.6,2022
Sankt Augustin,medium,05382056,56692,2022-08-22,2022-08-24,3,32.2,31.1,2022
Sankt Augustin,medium,05382056,56692,2023-06-09,2023-06-11,3,28.8,28.4,2023
Sankt Augustin,medium,05382056,56692,2023-09-06,2023-09-10,5,30.5,29.3,2023
Sankt Augustin,medium,05382056,56692,2025-06-29,2025-07-01,3,37.6,34.6,2025
Sankt Augustin,medium,05382056,56692,2025-08-11,2025-08-14,4,34.0,32.0,2025
Unkel,small,07138073,5041,1990-08-01,1990-08-03,3,34.7,32.8,1990
Unkel,small,07138073,5041,1992-08-06,1992-08-08,3,33.8,32.4,1992
Unkel,small,07138073,5041,1995-07-08,1995-07-10,3,32.1,31.6,1995
Unkel,small,07138073,5041,1996-06-05,1996-06-07,3,30.0,29.2,1996
Unkel,small,07138073,5041,1998-08-09,1998-08-11,3,32.4,31.1,1998
Unkel,small,07138073,5041,2003-08-03,2003-08-12,10,36.5,33.1,2003
Unkel,small,07138073,5041,2006-07-17,2006-07-21,5,34.1,32.1,2006
Unkel,small,07138073,5041,2006-07-24,2006-07-26,3,33.8,32.3,2006
Unkel,small,07138073,5041,2010-07-07,2010-07-11,5,33.8,32.3,2010
Unkel,small,07138073,5041,2012-08-17,2012-08-19,3,34.7,32.1,2012
Unkel,small,07138073,5041,2015-06-30,2015-07-04,5,35.0,33.4,2015
Unkel,small,07138073,5041,2016-08-23,2016-08-27,5,32.5,30.7,2016
Unkel,small,07138073,5041,2016-09-11,2016-09-14,4,30.5,29.5,2016
Unkel,small,07138073,5041,2017-06-19,2017-06-21,3,33.5,31.4,2017
Unkel,small,07138073,5041,2018-07-23,2018-07-26,4,34.1,33.2,2018
Unkel,small,07138073,5041,2018-08-01,2018-08-03,3,34.3,33.2,2018
Unkel,small,07138073,5041,2019-06-23,2019-06-25,3,34.6,32.3,2019
Unkel,small,07138073,5041,2019-07-22,2019-07-25,4,38.4,36.5,2019
Unkel,small,07138073,5041,2019-08-23,2019-08-27,5,32.4,30.6,2019
Unkel,small,07138073,5041,2020-08-05,2020-08-12,8,34.9,33.4,2020
Unkel,small,07138073,5041,2020-09-13,2020-09-15,3,33.1,31.3,2020
Unkel,small,07138073,5041,2021-06-15,2021-06-18,4,34.4,32.2,2021
Unkel,small,07138073,5041,2022-07-17,2022-07-19,3,36.6,33.6,2022
Unkel,small,07138073,5041,2022-08-08,2022-08-13,6,32.1,31.0,2022
Unkel,small,07138073,5041,2022-08-22,2022-08-24,3,32.6,31.9,2022
Unkel,small,07138073,5041,2023-06-09,2023-06-11,3,28.8,28.6,2023
Unkel,small,07138073,5041,2023-09-05,2023-09-10,6,31.4,29.7,2023
Unkel,small,07138073,5041,2025-06-28,2025-07-01,4,37.5,34.1,2025
Unkel,small,07138073,5041,2025-08-11,2025-08-13,3,34.9,33.5,2025
Mannheim,large,08222000,316877,1982-06-01,1982-06-04,4,29.9,29.3,1982
Mannheim,large,08222000,316877,1990-08-02,1990-08-04,3,34.4,33.5,1990
Mannheim,large,08222000,316877,1992-08-06,1992-08-08,3,35.2,34.2,1992
Mannheim,large,08222000,316877,1996-06-05,1996-06-07,3,30.7,29.5,1996
Mannheim,large,08222000,316877,2000-06-18,2000-06-20,3,32.1,31.4,2000
Mannheim,large,08222000,316877,2003-08-02,2003-08-12,11,37.7,36.4,2003
Mannheim,large,08222000,316877,2003-09-18,2003-09-21,4,30.4,29.0,2003
Mannheim,large,08222000,316877,2004-06-07,2004-06-09,3,31.3,30.5,2004
Mannheim,large,08222000,316877,2006-07-18,2006-07-21,4,35.0,34.1,2006
Mannheim,large,08222000,316877,2006-07-24,2006-07-26,3,35.0,34.4,2006
Mannheim,large,08222000,316877,2010-07-08,2010-07-11,4,34.7,33.8,2010
Mannheim,large,08222000,316877,2012-08-17,2012-08-20,4,35.5,33.4,2012
Mannheim,large,08222000,316877,2013-06-16,2013-06-18,3,33.5,31.9,2013
Mannheim,large,08222000,316877,2014-06-06,2014-06-09,4,34.1,32.3,2014
Mannheim,large,08222000,316877,2015-06-30,2015-07-04,5,38.1,35.7,2015
Mannheim,large,08222000,316877,2015-08-05,2015-08-07,3,38.1,35.4,2015
Mannheim,large,08222000,316877,2016-08-24,2016-08-27,4,33.5,32.4,2016
Mannheim,large,08222000,316877,2016-09-11,2016-09-13,3,31.5,30.9,2016
Mannheim,large,08222000,316877,2017-05-26,2017-05-29,4,31.7,29.6,2017
Mannheim,large,08222000,316877,2017-06-18,2017-06-21,4,36.0,32.8,2017
Mannheim,large,08222000,316877,2018-07-24,2018-07-26,3,34.2,33.6,2018
Mannheim,large,08222000,316877,2018-07-29,2018-07-31,3,35.2,34.4,2018
Mannheim,large,08222000,316877,2018-09-17,2018-09-19,3,30.7,29.8,2018
Mannheim,large,08222000,316877,2019-06-01,2019-06-04,4,30.7,30.1,2019
Mannheim,large,08222000,316877,2019-06-23,2019-06-26,4,35.9,33.1,2019
Mannheim,large,08222000,316877,2019-07-22,2019-07-25,4,38.8,36.7,2019
Mannheim,large,08222000,316877,2019-08-24,2019-08-27,4,32.4,31.6,2019
Mannheim,large,08222000,316877,2020-08-06,2020-08-11,6,35.6,34.7,2020
Mannheim,large,08222000,316877,2020-09-13,2020-09-15,3,30.6,30.3,2020
Mannheim,large,08222000,316877,2021-06-15,2021-06-18,4,33.0,32.4,2021
Mannheim,large,08222000,316877,2022-05-17,2022-05-19,3,30.8,29.5,2022
Mannheim,large,08222000,316877,2022-07-17,2022-07-19,3,36.7,35.1,2022
Mannheim,large,08222000,316877,2023-07-07,2023-07-10,4,35.5,33.3,2023
Mannheim,large,08222000,316877,2023-09-06,2023-09-11,6,29.8,29.5,2023
Mannheim,large,08222000,316877,2025-06-28,2025-07-01,4,37.6,34.6,2025
Frankenthal,medium,07311000,49122,1982-06-01,1982-06-03,3,30.1,29.9,1982
Frankenthal,medium,07311000,49122,1990-08-02,1990-08-04,3,34.8,33.9,1990
Frankenthal,medium,07311000,49122,1992-08-06,1992-08-08,3,35.6,34.6,1992
Frankenthal,medium,07311000,49122,1996-06-05,1996-06-07,3,30.8,29.7,1996
Frankenthal,medium,07311000,49122,2000-06-18,2000-06-20,3,32.3,31.6,2000
Frankenthal,medium,07311000,49122,2003-08-02,2003-08-12,11,38.0,36.6,2003
Frankenthal,medium,07311000,49122,2003-09-18,2003-09-21,4,30.8,29.4,2003
Frankenthal,medium,07311000,49122,2004-06-07,2004-06-09,3,31.8,31.0,2004
Frankenthal,medium,07311000,49122,2006-07-17,2006-07-21,5,35.6,34.2,2006
Frankenthal,medium,07311000,49122,2006-07-24,2006-07-26,3,35.5,34.9,2006
Frankenthal,medium,07311000,49122,2010-07-08,2010-07-11,4,35.0,34.2,2010
Frankenthal,medium,07311000,49122,2012-08-17,2012-08-20,4,35.9,33.7,2012
Frankenthal,medium,07311000,49122,2013-06-16,2013-06-18,3,33.6,32.0,2013
Frankenthal,medium,07311000,49122,2014-06-06,2014-06-09,4,34.4,32.7,2014
Frankenthal,medium,07311000,49122,2015-06-30,2015-07-04,5,38.7,36.2,2015
Frankenthal,medium,07311000,49122,2015-08-05,2015-08-07,3,38.5,35.7,2015
Frankenthal,medium,07311000,49122,2016-08-24,2016-08-27,4,33.8,32.7,2016
Frankenthal,medium,07311000,49122,2016-09-09,2016-09-13,5,31.8,30.4,2016
Frankenthal,medium,07311000,49122,2017-05-26,2017-05-29,4,33.3,30.8,2017
Frankenthal,medium,07311000,49122,2017-06-18,2017-06-21,4,36.7,33.7,2017
Frankenthal,medium,07311000,49122,2018-06-03,2018-06-05,3,29.9,29.2,2018
Frankenthal,medium,07311000,49122,2018-07-24,2018-07-26,3,35.0,34.2,2018
Frankenthal,medium,07311000,49122,2018-07-29,2018-07-31,3,35.5,34.5,2018
Frankenthal,medium,07311000,49122,2018-09-09,2018-09-11,3,31.4,30.0,2018
Frankenthal,medium,07311000,49122,2018-09-17,2018-09-19,3,31.4,30.5,2018
Frankenthal,medium,07311000,49122,2019-05-31,2019-06-04,5,32.8,31.4,2019
Frankenthal,medium,07311000,49122,2019-06-23,2019-06-26,4,37.5,34.5,2019
Frankenthal,medium,07311000,49122,2019-07-22,2019-07-25,4,39.8,37.6,2019
Frankenthal,medium,07311000,49122,2019-08-24,2019-08-28,5,33.3,32.1,2019
Frankenthal,medium,07311000,49122,2020-08-06,2020-08-11,6,35.8,35.0,2020
Frankenthal,medium,07311000,49122,2020-09-11,2020-09-15,5,31.4,30.4,2020
Frankenthal,medium,07311000,49122,2021-06-14,2021-06-18,5,34.5,33.2,2021
Frankenthal,medium,07311000,49122,2022-05-17,2022-05-19,3,33.2,30.8,2022
Frankenthal,medium,07311000,49122,2022-06-14,2022-06-18,5,36.8,33.2,2022
Frankenthal,medium,07311000,49122,2022-07-17,2022-07-19,3,37.6,36.1,2022
Frankenthal,medium,07311000,49122,2023-06-08,2023-06-10,3,30.2,29.4,2023
Frankenthal,medium,07311000,49122,2023-07-07,2023-07-10,4,36.2,34.7,2023
Frankenthal,medium,07311000,49122,2023-09-05,2023-09-11,7,31.0,30.5,2023
Frankenthal,medium,07311000,49122,2025-06-27,2025-07-01,5,37.9,34.4,2025
Frankenthal,medium,07311000,49122,2025-08-12,2025-08-14,3,33.5,33.1,2025
Ladenburg,small,08226038,12704,1982-06-01,1982-06-04,4,29.9,29.3,1982
Ladenburg,small,08226038,12704,1983-07-25,1983-07-27,3,35.7,34.5,1983
Ladenburg,small,08226038,12704,1992-08-06,1992-08-08,3,35.0,34.1,1992
Ladenburg,small,08226038,12704,1996-06-05,1996-06-07,3,30.7,29.5,1996
Ladenburg,small,08226038,12704,2000-06-18,2000-06-20,3,32.0,31.3,2000
Ladenburg,small,08226038,12704,2003-08-02,2003-08-12,11,37.4,36.2,2003
Ladenburg,small,08226038,12704,2003-09-18,2003-09-21,4,30.2,28.8,2003
Ladenburg,small,08226038,12704,2004-06-07,2004-06-09,3,31.0,30.2,2004
Ladenburg,small,08226038,12704,2006-07-18,2006-07-21,4,34.6,33.8,2006
Ladenburg,small,08226038,12704,2006-07-24,2006-07-26,3,34.7,34.2,2006
Ladenburg,small,08226038,12704,2010-07-08,2010-07-11,4,34.5,33.7,2010
Ladenburg,small,08226038,12704,2012-08-17,2012-08-20,4,35.4,33.3,2012
Ladenburg,small,08226038,12704,2013-06-16,2013-06-18,3,33.5,32.1,2013
Ladenburg,small,08226038,12704,2014-06-06,2014-06-09,4,33.9,32.2,2014
Ladenburg,small,08226038,12704,2015-06-30,2015-07-04,5,37.7,35.4,2015
Ladenburg,small,08226038,12704,2015-08-05,2015-08-07,3,37.9,35.3,2015
Ladenburg,small,08226038,12704,2015-08-28,2015-08-30,3,32.9,32.0,2015
Ladenburg,small,08226038,12704,2016-08-24,2016-08-27,4,33.4,32.4,2016
Ladenburg,small,08226038,12704,2016-09-11,2016-09-13,3,31.4,30.8,2016
Ladenburg,small,08226038,12704,2017-06-19,2017-06-21,3,33.4,31.6,2017
Ladenburg,small,08226038,12704,2018-07-29,2018-07-31,3,34.2,33.8,2018
Ladenburg,small,08226038,12704,2018-09-17,2018-09-19,3,29.4,28.8,2018
Ladenburg,small,08226038,12704,2019-07-23,2019-07-25,3,36.9,35.7,2019
Ladenburg,small,08226038,12704,2020-08-07,2020-08-11,5,33.9,33.6,2020
Ladenburg,small,08226038,12704,2020-09-13,2020-09-15,3,29.6,29.0,2020
Ladenburg,small,08226038,12704,2021-06-15,2021-06-18,4,32.0,31.2,2021
Ladenburg,small,08226038,12704,2022-07-17,2022-07-19,3,35.2,33.8,2022
Ladenburg,small,08226038,12704,2025-06-29,2025-07-01,3,35.2,33.4,2025
Heuchelheim bei Frankenthal,rural,07338013,1283,1982-06-01,1982-06-03,3,29.6,29.5,1982
Heuchelheim bei Frankenthal,rural,07338013,1283,1990-08-01,1990-08-04,4,34.1,33.2,1990
Heuchelheim bei Frankenthal,rural,07338013,1283,1992-08-06,1992-08-08,3,35.1,34.1,1992
Heuchelheim bei Frankenthal,rural,07338013,1283,1996-06-05,1996-06-07,3,30.3,29.3,1996
Heuchelheim bei Frankenthal,rural,07338013,1283,2000-06-18,2000-06-20,3,31.7,31.0,2000
Heuchelheim bei Frankenthal,rural,07338013,1283,2003-08-02,2003-08-12,11,37.6,36.1,2003
Heuchelheim bei Frankenthal,rural,07338013,1283,2003-09-18,2003-09-21,4,30.6,29.1,2003
Heuchelheim bei Frankenthal,rural,07338013,1283,2004-06-07,2004-06-09,3,31.3,30.6,2004
Heuchelheim bei Frankenthal,rural,07338013,1283,2006-07-17,2006-07-21,5,35.1,33.6,2006
Heuchelheim bei Frankenthal,rural,07338013,1283,2006-07-24,2006-07-26,3,34.9,34.3,2006
Heuchelheim bei Frankenthal,rural,07338013,1283,2010-07-08,2010-07-11,4,34.2,33.4,2010
Heuchelheim bei Frankenthal,rural,07338013,1283,2012-08-17,2012-08-20,4,35.2,33.1,2012
Heuchelheim bei Frankenthal,rural,07338013,1283,2013-06-16,2013-06-18,3,33.1,31.5,2013
Heuchelheim bei Frankenthal,rural,07338013,1283,2014-06-06,2014-06-09,4,33.9,32.3,2014
Heuchelheim bei Frankenthal,rural,07338013,1283,2015-06-30,2015-07-04,5,38.2,35.8,2015
Heuchelheim bei Frankenthal,rural,07338013,1283,2015-08-05,2015-08-07,3,37.9,35.0,2015
Heuchelheim bei Frankenthal,rural,07338013,1283,2016-08-24,2016-08-27,4,33.4,32.4,2016
Heuchelheim bei Frankenthal,rural,07338013,1283,2016-09-09,2016-09-13,5,31.3,29.9,2016
Heuchelheim bei Frankenthal,rural,07338013,1283,2017-05-26,2017-05-29,4,34.0,31.2,2017
Heuchelheim bei Frankenthal,rural,07338013,1283,2017-06-18,2017-06-21,4,35.2,33.1,2017
Heuchelheim bei Frankenthal,rural,07338013,1283,2018-07-24,2018-07-26,3,34.2,33.4,2018
Heuchelheim bei Frankenthal,rural,07338013,1283,2018-07-29,2018-07-31,3,34.7,33.9,2018
Heuchelheim bei Frankenthal,rural,07338013,1283,2018-09-17,2018-09-19,3,30.8,29.9,2018
Heuchelheim bei Frankenthal,rural,07338013,1283,2019-05-31,2019-06-04,5,32.4,31.2,2019
Heuchelheim bei Frankenthal,rural,07338013,1283,2019-06-23,2019-06-26,4,37.4,34.4,2019
Heuchelheim bei Frankenthal,rural,07338013,1283,2019-07-22,2019-07-25,4,38.9,37.1,2019
Heuchelheim bei Frankenthal,rural,07338013,1283,2019-08-24,2019-08-28,5,32.4,31.5,2019
Heuchelheim bei Frankenthal,rural,07338013,1283,2020-08-06,2020-08-11,6,35.1,34.3,2020
Heuchelheim bei Frankenthal,rural,07338013,1283,2020-09-11,2020-09-15,5,30.9,29.9,2020
Heuchelheim bei Frankenthal,rural,07338013,1283,2021-06-14,2021-06-18,5,34.0,32.9,2021
Heuchelheim bei Frankenthal,rural,07338013,1283,2022-05-17,2022-05-19,3,30.7,29.2,2022
Heuchelheim bei Frankenthal,rural,07338013,1283,2022-06-16,2022-06-18,3,35.6,33.6,2022
Heuchelheim bei Frankenthal,rural,07338013,1283,2022-07-17,2022-07-19,3,36.6,35.4,2022
Heuchelheim bei Frankenthal,rural,07338013,1283,2023-07-07,2023-07-10,4,35.6,34.0,2023
Heuchelheim bei Frankenthal,rural,07338013,1283,2023-09-06,2023-09-11,6,31.0,30.1,2023
Heuchelheim bei Frankenthal,rural,07338013,1283,2025-06-28,2025-07-01,4,36.4,33.7,2025
Heuchelheim bei Frankenthal,rural,07338013,1283,2025-08-12,2025-08-14,3,32.5,32.3,2025
Karlsruhe,large,08212000,309964,1982-06-01,1982-06-03,3,29.1,28.9,1982
Karlsruhe,large,08212000,309964,1983-07-25,1983-07-27,3,36.6,35.5,1983
Karlsruhe,large,08212000,309964,1992-08-06,1992-08-08,3,34.9,34.3,1992
Karlsruhe,large,08212000,309964,1996-06-05,1996-06-07,3,30.7,29.3,1996
Karlsruhe,large,08212000,309964,1998-08-09,1998-08-11,3,35.0,34.0,1998
Karlsruhe,large,08212000,309964,2000-06-18,2000-06-20,3,32.1,31.4,2000
Karlsruhe,large,08212000,309964,2003-06-09,2003-06-13,5,33.3,30.7,2003
Karlsruhe,large,08212000,309964,2003-08-02,2003-08-13,12,36.9,35.6,2003
Karlsruhe,large,08212000,309964,2004-06-07,2004-06-09,3,30.7,30.1,2004
Karlsruhe,large,08212000,309964,2006-07-18,2006-07-21,4,34.3,33.9,2006
Karlsruhe,large,08212000,309964,2006-07-24,2006-07-26,3,34.8,34.4,2006
Karlsruhe,large,08212000,309964,2007-05-23,2007-05-25,3,28.8,28.5,2007
Karlsruhe,large,08212000,309964,2010-07-08,2010-07-11,4,35.0,34.0,2010
Karlsruhe,large,08212000,309964,2011-08-20,2011-08-22,3,32.9,32.0,2011
Karlsruhe,large,08212000,309964,2012-08-17,2012-08-20,4,36.0,33.8,2012
Karlsruhe,large,08212000,309964,2013-06-16,2013-06-18,3,33.8,32.4,2013
Karlsruhe,large,08212000,309964,2014-06-06,2014-06-09,4,34.4,32.7,2014
Karlsruhe,large,08212000,309964,2015-06-30,2015-07-04,5,38.0,35.6,2015
Karlsruhe,large,08212000,309964,2015-08-05,2015-08-08,4,37.8,34.7,2015
Karlsruhe,large,08212000,309964,2015-08-28,2015-08-30,3,32.5,32.0,2015
Karlsruhe,large,08212000,309964,2016-08-23,2016-08-27,5,34.1,32.5,2016
Karlsruhe,large,08212000,309964,2016-09-11,2016-09-13,3,31.6,31.0,2016
Karlsruhe,large,08212000,309964,2017-05-26,2017-05-28,3,31.3,30.3,2017
Karlsruhe,large,08212000,309964,2017-06-18,2017-06-21,4,34.0,32.3,2017
Karlsruhe,large,08212000,309964,2018-06-03,2018-06-05,3,29.0,28.8,2018
Karlsruhe,large,08212000,309964,2018-08-20,2018-08-22,3,32.8,31.6,2018
Karlsruhe,large,08212000,309964,2018-09-17,2018-09-19,3,29.6,29.2,2018
Karlsruhe,large,08212000,309964,2019-06-01,2019-06-04,4,30.4,29.1,2019
Karlsruhe,large,08212000,309964,2019-06-24,2019-06-26,3,35.2,33.3,2019
Karlsruhe,large,08212000,309964,2019-07-22,2019-07-25,4,37.4,35.8,2019
Karlsruhe,large,08212000,309964,2019-08-25,2019-08-27,3,31.4,31.4,2019
Karlsruhe,large,08212000,309964,2020-08-06,2020-08-11,6,35.0,34.4,2020
Karlsruhe,large,08212000,309964,2020-09-13,2020-09-15,3,30.5,29.9,2020
Karlsruhe,large,08212000,309964,2021-06-14,2021-06-18,5,32.6,31.6,2021
Karlsruhe,large,08212000,309964,2022-05-17,2022-05-19,3,31.0,29.8,2022
Karlsruhe,large,08212000,309964,2022-06-14,2022-06-18,5,36.2,32.5,2022
Karlsruhe,large,08212000,309964,2022-07-17,2022-07-19,3,36.6,35.3,2022
Karlsruhe,large,08212000,309964,2022-08-23,2022-08-25,3,31.6,31.4,2022
Karlsruhe,large,08212000,309964,2023-07-07,2023-07-10,4,36.1,33.6,2023
Karlsruhe,large,08212000,309964,2023-08-17,2023-08-21,5,33.0,32.2,2023
Karlsruhe,large,08212000,309964,2023-09-07,2023-09-11,5,30.8,30.1,2023
Karlsruhe,large,08212000,309964,2024-08-27,2024-08-31,5,32.6,31.1,2024
Karlsruhe,large,08212000,309964,2025-06-11,2025-06-13,3,34.4,32.8,2025
Karlsruhe,large,08212000,309964,2025-06-27,2025-07-01,5,38.2,34.4,2025
Karlsruhe,large,08212000,309964,2025-08-11,2025-08-14,4,34.1,33.6,2025
Stutensee,medium,08215109,25311,1982-06-01,1982-06-03,3,29.3,29.2,1982
Stutensee,medium,08215109,25311,1983-07-25,1983-07-27,3,37.1,35.9,1983
Stutensee,medium,08215109,25311,1992-08-06,1992-08-08,3,35.0,34.3,1992
Stutensee,medium,08215109,25311,1996-06-05,1996-06-07,3,30.6,29.4,1996
Stutensee,medium,08215109,25311,2000-06-18,2000-06-20,3,32.1,31.5,2000
Stutensee,medium,08215109,25311,2003-06-09,2003-06-13,5,33.5,30.8,2003
Stutensee,medium,08215109,25311,2003-08-02,2003-08-12,11,37.1,36.0,2003
Stutensee,medium,08215109,25311,2004-06-07,2004-06-09,3,30.9,30.3,2004
Stutensee,medium,08215109,25311,2006-07-18,2006-07-21,4,34.4,34.1,2006
Stutensee,medium,08215109,25311,2006-07-24,2006-07-26,3,35.0,34.6,2006
Stutensee,medium,08215109,25311,2007-05-23,2007-05-25,3,28.7,28.4,2007
Stutensee,medium,08215109,25311,2010-07-08,2010-07-11,4,35.3,34.3,2010
Stutensee,medium,08215109,25311,2011-08-20,2011-08-22,3,33.2,31.9,2011
Stutensee,medium,08215109,25311,2012-08-17,2012-08-20,4,36.2,33.8,2012
Stutensee,medium,08215109,25311,2013-06-16,2013-06-18,3,33.8,32.5,2013
Stutensee,medium,08215109,25311,2014-06-06,2014-06-09,4,34.4,32.7,2014
Stutensee,medium,08215109,25311,2015-06-30,2015-07-04,5,38.3,35.7,2015
Stutensee,medium,08215109,25311,2015-08-05,2015-08-08,4,37.8,34.7,2015
Stutensee,medium,08215109,25311,2015-08-28,2015-08-30,3,32.6,32.1,2015
Stutensee,medium,08215109,25311,2016-08-23,2016-08-27,5,33.9,32.6,2016
Stutensee,medium,08215109,25311,2016-09-11,2016-09-13,3,31.6,31.0,2016
Stutensee,medium,08215109,25311,2017-05-26,2017-05-28,3,31.2,30.2,2017
Stutensee,medium,08215109,25311,2017-06-18,2017-06-21,4,34.8,32.8,2017
Stutensee,medium,08215109,25311,2018-06-03,2018-06-05,3,29.0,28.8,2018
Stutensee,medium,08215109,25311,2018-09-17,2018-09-19,3,29.3,29.0,2018
Stutensee,medium,08215109,25311,2019-06-01,2019-06-04,4,30.8,29.5,2019
Stutensee,medium,08215109,25311,2019-06-23,2019-06-26,4,35.6,33.1,2019
Stutensee,medium,08215109,25311,2019-07-22,2019-07-25,4,37.5,35.8,2019
Stutensee,medium,08215109,25311,2019-08-25,2019-08-27,3,31.6,31.5,2019
Stutensee,medium,08215109,25311,2020-08-07,2020-08-11,5,34.6,34.4,2020
Stutensee,medium,08215109,25311,2020-09-13,2020-09-15,3,30.2,29.8,2020
Stutensee,medium,08215109,25311,2021-06-14,2021-06-18,5,33.0,31.9,2021
Stutensee,medium,08215109,25311,2022-05-17,2022-05-19,3,31.8,30.2,2022
Stutensee,medium,08215109,25311,2022-06-14,2022-06-18,5,36.2,32.3,2022
Stutensee,medium,08215109,25311,2022-07-17,2022-07-19,3,36.6,35.3,2022
Stutensee,medium,08215109,25311,2023-08-17,2023-08-21,5,32.8,32.0,2023
Stutensee,medium,08215109,25311,2023-09-07,2023-09-11,5,30.4,29.8,2023
Stutensee,medium,08215109,25311,2025-06-28,2025-07-01,4,36.6,33.6,2025
Stutensee,medium,08215109,25311,2025-08-11,2025-08-13,3,33.6,32.9,2025
Wörth am Rhein,small,07334501,18405,1982-06-01,1982-06-03,3,29.1,29.0,1982
Wörth am Rhein,small,07334501,18405,1983-07-25,1983-07-27,3,36.7,35.5,1983
Wörth am Rhein,small,07334501,18405,1992-08-06,1992-08-08,3,35.0,34.3,1992
Wörth am Rhein,small,07334501,18405,1996-06-05,1996-06-07,3,30.5,29.2,1996
Wörth am Rhein,small,07334501,18405,1998-08-09,1998-08-11,3,35.2,34.1,1998
Wörth am Rhein,small,07334501,18405,2000-06-18,2000-06-20,3,32.1,31.4,2000
Wörth am Rhein,small,07334501,18405,2003-06-09,2003-06-13,5,33.4,30.7,2003
Wörth am Rhein,small,07334501,18405,2003-08-02,2003-08-13,12,37.0,35.6,2003
Wörth am Rhein,small,07334501,18405,2004-06-07,2004-06-09,3,30.9,30.3,2004
Wörth am Rhein,small,07334501,18405,2006-07-18,2006-07-21,4,34.5,34.2,2006
Wörth am Rhein,small,07334501,18405,2006-07-24,2006-07-26,3,35.0,34.6,2006
Wörth am Rhein,small,07334501,18405,2007-05-23,2007-05-25,3,28.6,28.3,2007
Wörth am Rhein,small,07334501,18405,2010-07-08,2010-07-11,4,35.2,34.2,2010
Wörth am Rhein,small,07334501,18405,2011-08-20,2011-08-22,3,32.9,31.8,2011
Wörth am Rhein,small,07334501,18405,2012-08-17,2012-08-20,4,36.0,33.8,2012
Wörth am Rhein,small,07334501,18405,2013-06-16,2013-06-18,3,33.4,32.1,2013
Wörth am Rhein,small,07334501,18405,2014-06-06,2014-06-09,4,34.1,32.6,2014
Wörth am Rhein,small,07334501,18405,2015-06-30,2015-07-04,5,38.0,35.6,2015
Wörth am Rhein,small,07334501,18405,2015-08-05,2015-08-07,3,37.9,35.4,2015
Wörth am Rhein,small,07334501,18405,2015-08-28,2015-08-30,3,32.7,32.1,2015
Wörth am Rhein,small,07334501,18405,2016-08-24,2016-08-27,4,33.9,32.9,2016
Wörth am Rhein,small,07334501,18405,2016-09-11,2016-09-13,3,31.5,31.0,2016
Wörth am Rhein,small,07334501,18405,2017-05-26,2017-05-28,3,31.9,30.8,2017
Wörth am Rhein,small,07334501,18405,2017-06-18,2017-06-21,4,35.0,33.5,2017
Wörth am Rhein,small,07334501,18405,2018-05-25,2018-05-27,3,29.2,28.5,2018
Wörth am Rhein,small,07334501,18405,2018-06-03,2018-06-05,3,29.0,29.0,2018
Wörth am Rhein,small,07334501,18405,2018-08-20,2018-08-22,3,32.9,31.9,2018
Wörth am Rhein,small,07334501,18405,2018-09-17,2018-09-19,3,29.6,29.2,2018
Wörth am Rhein,small,07334501,18405,2019-06-01,2019-06-04,4,30.8,29.2,2019
Wörth am Rhein,small,07334501,18405,2019-06-23,2019-06-26,4,35.6,33.0,2019
Wörth am Rhein,small,07334501,18405,2019-07-22,2019-07-25,4,37.8,36.1,2019
Wörth am Rhein,small,07334501,18405,2019-08-25,2019-08-27,3,31.8,31.5,2019
Wörth am Rhein,small,07334501,18405,2020-08-06,2020-08-11,6,35.2,34.5,2020
Wörth am Rhein,small,07334501,18405,2020-09-13,2020-09-15,3,31.0,30.4,2020
Wörth am Rhein,small,07334501,18405,2021-06-14,2021-06-18,5,33.1,32.0,2021
Wörth am Rhein,small,07334501,18405,2022-05-17,2022-05-19,3,32.2,30.5,2022
Wörth am Rhein,small,07334501,18405,2022-06-14,2022-06-18,5,35.5,32.8,2022
Wörth am Rhein,small,07334501,18405,2022-07-17,2022-07-19,3,37.2,35.7,2022
Wörth am Rhein,small,07334501,18405,2022-08-23,2022-08-25,3,31.5,31.4,2022
Wörth am Rhein,small,07334501,18405,2023-07-06,2023-07-10,5,36.2,33.4,2023
Wörth am Rhein,small,07334501,18405,2023-08-17,2023-08-21,5,32.4,32.0,2023
Wörth am Rhein,small,07334501,18405,2023-09-07,2023-09-11,5,31.1,30.3,2023
Wörth am Rhein,small,07334501,18405,2025-06-11,2025-06-13,3,33.5,31.7,2025
Wörth am Rhein,small,07334501,18405,2025-06-27,2025-07-01,5,38.0,34.5,2025
Wörth am Rhein,small,07334501,18405,2025-08-11,2025-08-14,4,34.4,33.5,2025
Berg (Pfalz),rural,07334002,2003,1982-06-01,1982-06-03,3,29.1,28.9,1982
Berg (Pfalz),rural,07334002,2003,1983-07-25,1983-07-27,3,37.0,35.8,1983
Berg (Pfalz),rural,07334002,2003,1992-08-06,1992-08-08,3,34.9,34.3,1992
Berg (Pfalz),rural,07334002,2003,1996-06-05,1996-06-07,3,30.7,29.3,1996
Berg (Pfalz),rural,07334002,2003,1998-08-09,1998-08-11,3,35.2,34.1,1998
Berg (Pfalz),rural,07334002,2003,2000-06-18,2000-06-20,3,32.2,31.5,2000
Berg (Pfalz),rural,07334002,2003,2003-06-11,2003-06-13,3,33.1,30.9,2003
Berg (Pfalz),rural,07334002,2003,2003-08-02,2003-08-13,12,36.8,35.5,2003
Berg (Pfalz),rural,07334002,2003,2004-06-07,2004-06-09,3,30.7,30.2,2004
Berg (Pfalz),rural,07334002,2003,2006-07-18,2006-07-21,4,34.7,34.2,2006
Berg (Pfalz),rural,07334002,2003,2006-07-24,2006-07-26,3,35.0,34.6,2006
Berg (Pfalz),rural,07334002,2003,2007-05-23,2007-05-25,3,28.7,28.5,2007
Berg (Pfalz),rural,07334002,2003,2010-07-08,2010-07-11,4,35.3,34.0,2010
Berg (Pfalz),rural,07334002,2003,2011-08-20,2011-08-22,3,32.9,31.9,2011
Berg (Pfalz),rural,07334002,2003,2012-08-17,2012-08-20,4,35.8,33.6,2012
Berg (Pfalz),rural,07334002,2003,2013-06-16,2013-06-18,3,33.3,32.2,2013
Berg (Pfalz),rural,07334002,2003,2014-06-06,2014-06-09,4,34.3,32.7,2014
Berg (Pfalz),rural,07334002,2003,2015-06-30,2015-07-04,5,38.1,35.8,2015
Berg (Pfalz),rural,07334002,2003,2015-08-05,2015-08-07,3,38.0,35.5,2015
Berg (Pfalz),rural,07334002,2003,2015-08-28,2015-08-30,3,32.5,32.0,2015
Berg (Pfalz),rural,07334002,2003,2016-08-23,2016-08-27,5,34.1,32.5,2016
Berg (Pfalz),rural,07334002,2003,2016-09-11,2016-09-13,3,31.6,31.1,2016
Berg (Pfalz),rural,07334002,2003,2017-05-26,2017-05-28,3,31.6,30.4,2017
Berg (Pfalz),rural,07334002,2003,2017-06-18,2017-06-21,4,33.9,32.4,2017
Berg (Pfalz),rural,07334002,2003,2018-06-03,2018-06-05,3,29.2,29.0,2018
Berg (Pfalz),rural,07334002,2003,2018-07-29,2018-07-31,3,34.4,33.8,2018
Berg (Pfalz),rural,07334002,2003,2018-08-20,2018-08-22,3,32.5,31.4,2018
Berg (Pfalz),rural,07334002,2003,2018-09-17,2018-09-19,3,29.0,28.8,2018
Berg (Pfalz),rural,07334002,2003,2019-06-01,2019-06-04,4,30.9,29.0,2019
Berg (Pfalz),rural,07334002,2003,2019-06-24,2019-06-26,3,35.1,33.3,2019
Berg (Pfalz),rural,07334002,2003,2019-07-22,2019-07-25,4,37.3,35.6,2019
Berg (Pfalz),rural,07334002,2003,2019-08-25,2019-08-27,3,31.4,31.2,2019
Berg (Pfalz),rural,07334002,2003,2020-08-06,2020-08-11,6,35.1,34.2,2020
Berg (Pfalz),rural,07334002,2003,2020-09-13,2020-09-15,3,31.0,30.2,2020
Berg (Pfalz),rural,07334002,2003,2021-06-14,2021-06-18,5,32.4,31.3,2021
Berg (Pfalz),rural,07334002,2003,2022-05-17,2022-05-19,3,31.6,30.2,2022
Berg (Pfalz),rural,07334002,2003,2022-06-14,2022-06-18,5,35.0,32.4,2022
Berg (Pfalz),rural,07334002,2003,2022-07-17,2022-07-19,3,37.3,35.6,2022
Berg (Pfalz),rural,07334002,2003,2022-08-22,2022-08-25,4,32.2,31.4,2022
Berg (Pfalz),rural,07334002,2003,2023-07-07,2023-07-10,4,36.2,33.7,2023
Berg (Pfalz),rural,07334002,2003,2023-08-17,2023-08-23,7,32.9,32.0,2023
Berg (Pfalz),rural,07334002,2003,2023-09-06,2023-09-11,6,31.0,30.2,2023
Berg (Pfalz),rural,07334002,2003,2024-08-27,2024-08-31,5,32.3,31.0,2024
Berg (Pfalz),rural,07334002,2003,2025-06-11,2025-06-13,3,33.4,31.5,2025
Berg (Pfalz),rural,07334002,2003,2025-06-28,2025-07-01,4,36.8,34.3,2025
Berg (Pfalz),rural,07334002,2003,2025-08-11,2025-08-14,4,34.4,33.3,2025
Münster,large,05515000,306368,1982-06-01,1982-06-04,4,31.7,30.6,1982
Münster,large,05515000,306368,1994-07-01,1994-07-03,3,32.4,31.1,1994
Münster,large,05515000,306368,1994-07-22,1994-07-24,3,32.8,32.0,1994
Münster,large,05515000,306368,1994-08-02,1994-08-04,3,34.1,32.3,1994
Münster,large,05515000,306368,1996-06-05,1996-06-07,3,30.2,29.2,1996
Münster,large,05515000,306368,1999-09-10,1999-09-12,3,29.1,28.7,1999
Münster,large,05515000,306368,2003-08-03,2003-08-11,9,35.6,33.1,2003
Münster,large,05515000,306368,2006-07-17,2006-07-21,5,34.3,32.4,2006
Münster,large,05515000,306368,2006-07-24,2006-07-26,3,32.7,31.6,2006
Münster,large,05515000,306368,2010-07-07,2010-07-11,5,33.8,32.4,2010
Münster,large,05515000,306368,2012-08-17,2012-08-19,3,34.3,31.4,2012
Münster,large,05515000,306368,2015-06-30,2015-07-03,4,34.9,32.7,2015
Münster,large,05515000,306368,2016-08-23,2016-08-27,5,31.4,30.5,2016
Münster,large,05515000,306368,2016-09-11,2016-09-14,4,31.0,29.9,2016
Münster,large,05515000,306368,2018-07-23,2018-07-26,4,34.6,33.7,2018
Münster,large,05515000,306368,2018-08-01,2018-08-03,3,34.0,32.5,2018
Münster,large,05515000,306368,2019-06-23,2019-06-25,3,35.3,32.4,2019
Münster,large,05515000,306368,2019-07-22,2019-07-26,5,39.4,35.0,2019
Münster,large,05515000,306368,2019-08-23,2019-08-27,5,33.1,31.7,2019
Münster,large,05515000,306368,2020-08-05,2020-08-12,8,35.0,32.4,2020
Münster,large,05515000,306368,2021-06-15,2021-06-18,4,33.5,31.3,2021
Münster,large,05515000,306368,2022-07-17,2022-07-19,3,36.3,33.2,2022
Münster,large,05515000,306368,2022-08-10,2022-08-13,4,31.4,31.1,2022
Münster,large,05515000,306368,2022-08-22,2022-08-24,3,31.2,30.8,2022
Münster,large,05515000,306368,2023-09-04,2023-09-10,7,30.4,29.2,2023
Telgte,medium,05570044,20301,1982-06-01,1982-06-04,4,31.5,30.7,1982
Telgte,medium,05570044,20301,1991-09-01,1991-09-03,3,28.4,28.3,1991
Telgte,medium,05570044,20301,1994-07-01,1994-07-03,3,32.6,31.2,1994
Telgte,medium,05570044,20301,1994-07-22,1994-07-24,3,33.2,32.5,1994
Telgte,medium,05570044,20301,1994-08-02,1994-08-04,3,34.2,32.5,1994
Telgte,medium,05570044,20301,1995-08-17,1995-08-19,3,30.6,29.8,1995
Telgte,medium,05570044,20301,1996-06-05,1996-06-07,3,30.2,29.4,1996
Telgte,medium,05570044,20301,1999-09-10,1999-09-12,3,29.2,28.9,1999
Telgte,medium,05570044,20301,2001-08-23,2001-08-25,3,32.9,30.9,2001
Telgte,medium,05570044,20301,2003-08-03,2003-08-11,9,36.0,33.5,2003
Telgte,medium,05570044,20301,2006-07-17,2006-07-21,5,34.7,32.6,2006
Telgte,medium,05570044,20301,2010-07-07,2010-07-11,5,34.2,32.8,2010
Telgte,medium,05570044,20301,2012-08-17,2012-08-19,3,34.8,31.8,2012
Telgte,medium,05570044,20301,2015-06-30,2015-07-03,4,35.1,32.9,2015
Telgte,medium,05570044,20301,2016-08-23,2016-08-27,5,31.8,30.8,2016
Telgte,medium,05570044,20301,2016-09-11,2016-09-14,4,31.2,30.1,2016
Telgte,medium,05570044,20301,2018-07-23,2018-07-26,4,34.6,33.7,2018
Telgte,medium,05570044,20301,2018-08-01,2018-08-03,3,33.8,32.3,2018
Telgte,medium,05570044,20301,2019-06-23,2019-06-25,3,34.9,32.1,2019
Telgte,medium,05570044,20301,2019-07-22,2019-07-26,5,39.2,35.0,2019
Telgte,medium,05570044,20301,2019-08-23,2019-08-27,5,32.8,31.5,2019
Telgte,medium,05570044,20301,2020-08-05,2020-08-12,8,35.3,32.4,2020
Telgte,medium,05570044,20301,2021-06-15,2021-06-18,4,34.3,32.3,2021
Telgte,medium,05570044,20301,2022-07-17,2022-07-19,3,36.6,33.6,2022
Telgte,medium,05570044,20301,2022-08-10,2022-08-13,4,31.5,31.1,2022
Telgte,medium,05570044,20301,2022-08-22,2022-08-24,3,31.2,30.4,2022
Telgte,medium,05570044,20301,2023-09-04,2023-09-10,7,30.8,29.6,2023
Sendenhorst,small,05570040,13760,1982-06-01,1982-06-04,4,30.8,30.0,1982
Sendenhorst,small,05570040,13760,1990-08-01,1990-08-03,3,34.3,32.0,1990
Sendenhorst,small,05570040,13760,1994-07-01,1994-07-03,3,32.0,30.8,1994
Sendenhorst,small,05570040,13760,1994-07-22,1994-07-24,3,32.4,31.8,1994
Sendenhorst,small,05570040,13760,1994-08-02,1994-08-04,3,33.6,32.1,1994
Sendenhorst,small,05570040,13760,1995-07-08,1995-07-10,3,31.9,30.9,1995
Sendenhorst,small,05570040,13760,2000-06-18,2000-06-20,3,32.1,30.8,2000
Sendenhorst,small,05570040,13760,2001-08-23,2001-08-25,3,32.9,30.8,2001
Sendenhorst,small,05570040,13760,2003-08-03,2003-08-11,9,35.6,33.2,2003
Sendenhorst,small,05570040,13760,2006-07-17,2006-07-21,5,34.0,32.3,2006
Sendenhorst,small,05570040,13760,2010-07-07,2010-07-11,5,33.8,32.3,2010
Sendenhorst,small,05570040,13760,2012-08-17,2012-08-19,3,34.1,31.5,2012
Sendenhorst,small,05570040,13760,2015-06-30,2015-07-04,5,35.0,32.3,2015
Sendenhorst,small,05570040,13760,2016-08-23,2016-08-27,5,31.8,31.0,2016
Sendenhorst,small,05570040,13760,2016-09-11,2016-09-14,4,31.0,29.9,2016
Sendenhorst,small,05570040,13760,2018-07-23,2018-07-26,4,34.0,33.0,2018
Sendenhorst,small,05570040,13760,2018-08-01,2018-08-03,3,33.4,32.0,2018
Sendenhorst,small,05570040,13760,2019-06-23,2019-06-25,3,34.0,31.7,2019
Sendenhorst,small,05570040,13760,2019-07-22,2019-07-26,5,38.4,34.4,2019
Sendenhorst,small,05570040,13760,2019-08-23,2019-08-27,5,32.8,31.0,2019
Sendenhorst,small,05570040,13760,2020-08-05,2020-08-12,8,34.5,31.9,2020
Sendenhorst,small,05570040,13760,2021-06-15,2021-06-18,4,32.8,31.0,2021
Sendenhorst,small,05570040,13760,2022-07-17,2022-07-19,3,36.1,33.4,2022
Sendenhorst,small,05570040,13760,2022-08-22,2022-08-24,3,30.8,30.3,2022
Sendenhorst,small,05570040,13760,2023-09-07,2023-09-10,4,30.0,29.1,2023
Ohne,rural,03456016,589,1982-06-01,1982-06-04,4,31.1,30.2,1982
Ohne,rural,03456016,589,1994-07-22,1994-07-24,3,32.8,31.6,1994
Ohne,rural,03456016,589,1994-08-02,1994-08-04,3,34.1,31.7,1994
Ohne,rural,03456016,589,1996-06-05,1996-06-07,3,30.3,29.4,1996
Ohne,rural,03456016,589,1999-09-10,1999-09-12,3,29.0,28.7,1999
Ohne,rural,03456016,589,2003-08-04,2003-08-11,8,35.0,32.8,2003
Ohne,rural,03456016,589,2006-07-17,2006-07-21,5,34.0,31.8,2006
Ohne,rural,03456016,589,2010-07-07,2010-07-11,5,33.8,32.3,2010
Ohne,rural,03456016,589,2015-06-30,2015-07-03,4,34.9,32.5,2015
Ohne,rural,03456016,589,2016-08-23,2016-08-27,5,31.0,29.6,2016
Ohne,rural,03456016,589,2016-09-11,2016-09-14,4,30.8,29.4,2016
Ohne,rural,03456016,589,2018-07-22,2018-07-26,5,34.6,32.9,2018
Ohne,rural,03456016,589,2018-08-01,2018-08-03,3,33.5,31.9,2018
Ohne,rural,03456016,589,2019-06-23,2019-06-25,3,35.6,32.1,2019
Ohne,rural,03456016,589,2019-07-22,2019-07-26,5,39.2,34.9,2019
Ohne,rural,03456016,589,2019-08-23,2019-08-27,5,32.8,31.3,2019
Ohne,rural,03456016,589,2020-08-05,2020-08-12,8,33.6,32.5,2020
Ohne,rural,03456016,589,2021-06-15,2021-06-17,3,33.5,31.4,2021
Ohne,rural,03456016,589,2022-07-17,2022-07-19,3,36.2,32.7,2022
Ohne,rural,03456016,589,2022-08-10,2022-08-13,4,31.7,30.9,2022
Ohne,rural,03456016,589,2022-08-22,2022-08-24,3,30.6,30.2,2022
Ohne,rural,03456016,589,2023-06-09,2023-06-11,3,29.0,28.5,2023
Ohne,rural,03456016,589,2023-09-04,2023-09-10,7,29.8,29.1,2023
Augsburg,large,09761000,303150,1983-07-25,1983-07-27,3,34.9,33.2,1983
Augsburg,large,09761000,303150,1992-08-06,1992-08-08,3,33.2,32.4,1992
Augsburg,large,09761000,303150,1994-06-25,1994-06-27,3,30.3,29.5,1994
Augsburg,large,09761000,303150,1999-07-02,1999-07-04,3,31.4,30.0,1999
Augsburg,large,09761000,303150,2002-06-16,2002-06-19,4,32.0,29.9,2002
Augsburg,large,09761000,303150,2003-06-09,2003-06-11,3,32.7,30.6,2003
Augsburg,large,09761000,303150,2003-08-02,2003-08-12,11,34.7,33.0,2003
Augsburg,large,09761000,303150,2006-07-18,2006-07-21,4,32.8,31.5,2006
Augsburg,large,09761000,303150,2006-07-24,2006-07-26,3,32.2,31.8,2006
Augsburg,large,09761000,303150,2010-07-08,2010-07-11,4,30.9,30.3,2010
Augsburg,large,09761000,303150,2011-08-20,2011-08-25,6,31.3,30.2,2011
Augsburg,large,09761000,303150,2012-08-18,2012-08-20,3,33.4,32.1,2012
Augsburg,large,09761000,303150,2013-06-16,2013-06-19,4,32.3,31.4,2013
Augsburg,large,09761000,303150,2014-06-07,2014-06-10,4,31.7,30.3,2014
Augsburg,large,09761000,303150,2015-07-01,2015-07-04,4,33.4,31.3,2015
Augsburg,large,09761000,303150,2015-08-05,2015-08-08,4,34.0,33.1,2015
Augsburg,large,09761000,303150,2015-08-26,2015-08-31,6,31.0,29.4,2015
Augsburg,large,09761000,303150,2016-08-25,2016-08-27,3,29.4,29.1,2016
Augsburg,large,09761000,303150,2018-07-29,2018-07-31,3,31.8,31.3,2018
Augsburg,large,09761000,303150,2019-06-24,2019-06-26,3,32.8,31.1,2019
Augsburg,large,09761000,303150,2019-07-23,2019-07-25,3,33.8,33.1,2019
Augsburg,large,09761000,303150,2021-06-16,2021-06-18,3,30.0,29.6,2021
Augsburg,large,09761000,303150,2023-07-08,2023-07-10,3,32.2,31.3,2023
Augsburg,large,09761000,303150,2023-08-18,2023-08-24,7,32.3,31.3,2023
Augsburg,large,09761000,303150,2024-08-28,2024-08-30,3,29.6,29.2,2024
Augsburg,large,09761000,303150,2025-06-12,2025-06-14,3,32.8,30.3,2025
Augsburg,large,09761000,303150,2025-06-28,2025-07-01,4,34.0,32.3,2025
Augsburg,large,09761000,303150,2025-08-11,2025-08-14,4,32.6,31.2,2025
Gersthofen,medium,09772147,23492,1983-07-25,1983-07-27,3,35.1,33.4,1983
Gersthofen,medium,09772147,23492,1992-08-06,1992-08-08,3,33.3,32.6,1992
Gersthofen,medium,09772147,23492,1994-06-25,1994-06-27,3,30.4,29.6,1994
Gersthofen,medium,09772147,23492,1999-07-02,1999-07-04,3,31.5,30.1,1999
Gersthofen,medium,09772147,23492,2002-06-16,2002-06-19,4,32.1,30.0,2002
Gersthofen,medium,09772147,23492,2003-06-09,2003-06-11,3,32.9,30.8,2003
Gersthofen,medium,09772147,23492,2003-08-02,2003-08-12,11,34.9,33.1,2003
Gersthofen,medium,09772147,23492,2006-07-18,2006-07-21,4,32.9,31.7,2006
Gersthofen,medium,09772147,23492,2006-07-24,2006-07-26,3,32.3,31.9,2006
Gersthofen,medium,09772147,23492,2010-07-08,2010-07-11,4,31.0,30.4,2010
Gersthofen,medium,09772147,23492,2011-08-20,2011-08-25,6,31.5,30.4,2011
Gersthofen,medium,09772147,23492,2012-08-18,2012-08-20,3,33.6,32.3,2012
Gersthofen,medium,09772147,23492,2013-06-16,2013-06-19,4,32.5,31.5,2013
Gersthofen,medium,09772147,23492,2014-06-07,2014-06-10,4,31.8,30.4,2014
Gersthofen,medium,09772147,23492,2015-07-01,2015-07-04,4,33.6,31.4,2015
Gersthofen,medium,09772147,23492,2015-08-05,2015-08-08,4,34.1,33.2,2015
Gersthofen,medium,09772147,23492,2015-08-26,2015-08-31,6,31.1,29.5,2015
Gersthofen,medium,09772147,23492,2016-08-25,2016-08-27,3,29.6,29.2,2016
Gersthofen,medium,09772147,23492,2018-07-29,2018-07-31,3,31.8,31.3,2018
Gersthofen,medium,09772147,23492,2019-06-24,2019-06-26,3,32.8,31.1,2019
Gersthofen,medium,09772147,23492,2019-07-23,2019-07-25,3,33.8,33.1,2019
Gersthofen,medium,09772147,23492,2021-06-16,2021-06-18,3,30.0,29.6,2021
Gersthofen,medium,09772147,23492,2023-07-08,2023-07-10,3,32.2,31.3,2023
Gersthofen,medium,09772147,23492,2023-08-18,2023-08-24,7,32.3,31.3,2023
Gersthofen,medium,09772147,23492,2024-08-28,2024-08-30,3,29.6,29.2,2024
Gersthofen,medium,09772147,23492,2025-06-12,2025-06-14,3,32.8,30.3,2025
Gersthofen,medium,09772147,23492,2025-06-28,2025-07-01,4,34.0,32.3,2025
Gersthofen,medium,09772147,23492,2025-08-11,2025-08-14,4,32.6,31.2,2025
Stadtbergen,small,09772202,15614,1983-07-25,1983-07-27,3,35.0,33.3,1983
Stadtbergen,small,09772202,15614,1992-08-06,1992-08-08,3,33.2,32.5,1992
Stadtbergen,small,09772202,15614,1994-06-25,1994-06-27,3,30.3,29.5,1994
Stadtbergen,small,09772202,15614,1999-07-02,1999-07-04,3,31.4,30.1,1999
Stadtbergen,small,09772202,15614,2002-06-16,2002-06-19,4,32.0,29.9,2002
Stadtbergen,small,09772202,15614,2003-06-09,2003-06-11,3,32.8,30.7,2003
Stadtbergen,small,09772202,15614,2003-08-02,2003-08-12,11,34.8,33.1,2003
Stadtbergen,small,09772202,15614,2006-07-18,2006-07-21,4,32.8,31.6,2006
Stadtbergen,small,09772202,15614,2006-07-24,2006-07-26,3,32.2,31.9,2006
Stadtbergen,small,09772202,15614,2010-07-08,2010-07-11,4,30.9,30.4,2010
Stadtbergen,small,09772202,15614,2011-08-20,2011-08-25,6,31.4,30.3,2011
Stadtbergen,small,09772202,15614,2012-08-18,2012-08-20,3,33.5,32.2,2012
Stadtbergen,small,09772202,15614,2013-06-16,2013-06-19,4,32.4,31.4,2013
Stadtbergen,small,09772202,15614,2014-06-07,2014-06-10,4,31.7,30.3,2014
Stadtbergen,small,09772202,15614,2015-07-01,2015-07-04,4,33.5,31.3,2015
Stadtbergen,small,09772202,15614,2015-08-05,2015-08-08,4,34.0,33.1,2015
Stadtbergen,small,09772202,15614,2015-08-26,2015-08-31,6,31.0,29.5,2015
Stadtbergen,small,09772202,15614,2016-08-25,2016-08-27,3,29.5,29.2,2016
Stadtbergen,small,09772202,15614,2018-07-29,2018-07-31,3,32.2,31.5,2018
Stadtbergen,small,09772202,15614,2019-06-24,2019-06-26,3,33.0,31.2,2019
Stadtbergen,small,09772202,15614,2019-07-22,2019-07-25,4,33.8,32.5,2019
Stadtbergen,small,09772202,15614,2021-06-16,2021-06-18,3,29.9,29.7,2021
Stadtbergen,small,09772202,15614,2023-06-19,2023-06-21,3,32.4,30.7,2023
Stadtbergen,small,09772202,15614,2023-07-08,2023-07-10,3,32.7,31.2,2023
Stadtbergen,small,09772202,15614,2023-08-18,2023-08-24,7,32.2,31.1,2023
Stadtbergen,small,09772202,15614,2024-08-28,2024-08-30,3,29.5,29.0,2024
Stadtbergen,small,09772202,15614,2025-06-12,2025-06-14,3,32.0,29.9,2025
Stadtbergen,small,09772202,15614,2025-06-28,2025-07-01,4,34.0,32.2,2025
Stadtbergen,small,09772202,15614,2025-08-12,2025-08-14,3,32.1,31.5,2025
Wehringen,rural,09772215,3055,1983-07-25,1983-07-27,3,34.5,33.0,1983
Wehringen,rural,09772215,3055,1992-08-06,1992-08-08,3,33.0,32.2,1992
Wehringen,rural,09772215,3055,1992-08-17,1992-08-19,3,31.6,30.4,1992
Wehringen,rural,09772215,3055,1994-06-25,1994-06-27,3,30.1,29.1,1994
Wehringen,rural,09772215,3055,1999-07-02,1999-07-04,3,31.5,30.0,1999
Wehringen,rural,09772215,3055,2002-06-16,2002-06-19,4,32.1,29.9,2002
Wehringen,rural,09772215,3055,2003-06-09,2003-06-11,3,32.6,30.5,2003
Wehringen,rural,09772215,3055,2003-08-02,2003-08-12,11,34.9,33.1,2003
Wehringen,rural,09772215,3055,2006-07-18,2006-07-21,4,32.6,31.5,2006
Wehringen,rural,09772215,3055,2006-07-24,2006-07-26,3,32.2,31.9,2006
Wehringen,rural,09772215,3055,2010-07-08,2010-07-11,4,30.7,30.2,2010
Wehringen,rural,09772215,3055,2011-08-20,2011-08-25,6,31.4,30.2,2011
Wehringen,rural,09772215,3055,2012-08-18,2012-08-20,3,33.3,32.1,2012
Wehringen,rural,09772215,3055,2013-06-16,2013-06-19,4,32.4,31.3,2013
Wehringen,rural,09772215,3055,2013-07-25,2013-07-27,3,34.2,32.8,2013
Wehringen,rural,09772215,3055,2014-06-07,2014-06-09,3,31.9,30.9,2014
Wehringen,rural,09772215,3055,2015-07-01,2015-07-04,4,33.5,31.2,2015
Wehringen,rural,09772215,3055,2015-08-05,2015-08-08,4,33.8,32.9,2015
Wehringen,rural,09772215,3055,2015-08-26,2015-08-31,6,30.6,29.2,2015
Wehringen,rural,09772215,3055,2016-08-25,2016-08-27,3,29.2,29.1,2016
Wehringen,rural,09772215,3055,2017-06-19,2017-06-22,4,30.2,29.1,2017
Wehringen,rural,09772215,3055,2018-07-29,2018-07-31,3,31.4,31.2,2018
Wehringen,rural,09772215,3055,2019-06-24,2019-06-26,3,32.8,31.0,2019
Wehringen,rural,09772215,3055,2019-07-22,2019-07-25,4,33.2,32.1,2019
Wehringen,rural,09772215,3055,2021-06-16,2021-06-18,3,29.8,29.6,2021
Wehringen,rural,09772215,3055,2022-06-17,2022-06-19,3,32.8,30.5,2022
Wehringen,rural,09772215,3055,2023-07-08,2023-07-10,3,33.4,31.5,2023
Wehringen,rural,09772215,3055,2023-08-18,2023-08-24,7,32.2,31.3,2023
Wehringen,rural,09772215,3055,2023-09-09,2023-09-11,3,28.6,28.3,2023
Wehringen,rural,09772215,3055,2024-08-28,2024-08-30,3,29.8,29.2,2024
Wehringen,rural,09772215,3055,2025-06-28,2025-07-01,4,32.5,31.4,2025
Wehringen,rural,09772215,3055,2025-08-12,2025-08-14,3,31.2,30.9,2025
Wiesbaden,large,06414000,285522,1982-06-01,1982-06-04,4,30.0,29.4,1982
Wiesbaden,large,06414000,285522,1982-09-14,1982-09-16,3,28.9,28.6,1982
Wiesbaden,large,06414000,285522,1990-08-01,1990-08-04,4,34.2,33.4,1990
Wiesbaden,large,06414000,285522,1992-08-06,1992-08-08,3,35.5,34.2,1992
Wiesbaden,large,06414000,285522,1996-06-05,1996-06-07,3,29.9,29.2,1996
Wiesbaden,large,06414000,285522,1999-09-11,1999-09-14,4,29.6,29.1,1999
Wiesbaden,large,06414000,285522,2000-06-18,2000-06-20,3,31.6,31.1,2000
Wiesbaden,large,06414000,285522,2003-08-02,2003-08-12,11,38.0,35.2,2003
Wiesbaden,large,06414000,285522,2004-06-07,2004-06-09,3,30.6,29.6,2004
Wiesbaden,large,06414000,285522,2006-07-24,2006-07-26,3,34.9,34.1,2006
Wiesbaden,large,06414000,285522,2010-07-08,2010-07-11,4,34.4,33.4,2010
Wiesbaden,large,06414000,285522,2012-08-17,2012-08-20,4,35.2,32.6,2012
Wiesbaden,large,06414000,285522,2014-06-06,2014-06-09,4,33.3,31.8,2014
Wiesbaden,large,06414000,285522,2015-06-30,2015-07-04,5,37.5,35.2,2015
Wiesbaden,large,06414000,285522,2016-08-24,2016-08-27,4,33.6,32.3,2016
Wiesbaden,large,06414000,285522,2016-09-11,2016-09-14,4,31.0,30.1,2016
Wiesbaden,large,06414000,285522,2017-06-18,2017-06-21,4,34.8,32.3,2017
Wiesbaden,large,06414000,285522,2018-07-24,2018-07-26,3,34.1,33.3,2018
Wiesbaden,large,06414000,285522,2018-08-01,2018-08-03,3,35.3,34.1,2018
Wiesbaden,large,06414000,285522,2019-06-01,2019-06-04,4,30.6,29.9,2019
Wiesbaden,large,06414000,285522,2019-06-23,2019-06-26,4,36.1,33.4,2019
Wiesbaden,large,06414000,285522,2019-07-22,2019-07-25,4,39.1,37.0,2019
Wiesbaden,large,06414000,285522,2019-08-24,2019-08-27,4,32.0,31.5,2019
Wiesbaden,large,06414000,285522,2020-08-06,2020-08-11,6,35.9,34.3,2020
Wiesbaden,large,06414000,285522,2020-09-13,2020-09-15,3,31.6,30.9,2020
Wiesbaden,large,06414000,285522,2021-06-15,2021-06-18,4,33.7,32.4,2021
Wiesbaden,large,06414000,285522,2022-07-17,2022-07-19,3,36.4,34.4,2022
Wiesbaden,large,06414000,285522,2022-08-23,2022-08-25,3,30.7,30.3,2022
Wiesbaden,large,06414000,285522,2023-09-08,2023-09-10,3,29.3,28.9,2023
Wiesbaden,large,06414000,285522,2025-06-28,2025-07-01,4,36.6,34.1,2025
Wiesbaden,large,06414000,285522,2025-08-12,2025-08-14,3,34.3,33.3,2025
Taunusstein,medium,06439015,30820,1982-06-01,1982-06-03,3,28.6,28.5,1982
Taunusstein,medium,06439015,30820,1990-08-01,1990-08-04,4,32.8,32.0,1990
Taunusstein,medium,06439015,30820,1992-08-06,1992-08-08,3,34.1,32.8,1992
Taunusstein,medium,06439015,30820,2000-06-18,2000-06-20,3,30.2,29.7,2000
Taunusstein,medium,06439015,30820,2003-08-02,2003-08-12,11,36.6,33.8,2003
Taunusstein,medium,06439015,30820,2006-07-24,2006-07-26,3,33.5,32.7,2006
Taunusstein,medium,06439015,30820,2010-07-08,2010-07-11,4,33.0,32.0,2010
Taunusstein,medium,06439015,30820,2012-08-17,2012-08-20,4,33.8,31.2,2012
Taunusstein,medium,06439015,30820,2014-06-07,2014-06-09,3,31.9,31.3,2014
Taunusstein,medium,06439015,30820,2015-06-30,2015-07-04,5,36.1,33.8,2015
Taunusstein,medium,06439015,30820,2016-08-24,2016-08-27,4,32.2,30.9,2016
Taunusstein,medium,06439015,30820,2016-09-11,2016-09-13,3,29.6,29.2,2016
Taunusstein,medium,06439015,30820,2017-06-19,2017-06-21,3,32.6,30.5,2017
Taunusstein,medium,06439015,30820,2018-07-24,2018-07-26,3,32.1,31.4,2018
Taunusstein,medium,06439015,30820,2019-07-22,2019-07-25,4,36.7,34.6,2019
Taunusstein,medium,06439015,30820,2019-08-25,2019-08-27,3,29.6,29.5,2019
Taunusstein,medium,06439015,30820,2020-08-06,2020-08-11,6,33.5,32.1,2020
Taunusstein,medium,06439015,30820,2020-09-13,2020-09-15,3,30.0,29.1,2020
Taunusstein,medium,06439015,30820,2021-06-15,2021-06-18,4,31.2,30.1,2021
Taunusstein,medium,06439015,30820,2025-06-29,2025-07-01,3,34.2,32.4,2025
Eltville am Rhein,small,06439003,17040,1982-06-01,1982-06-03,3,30.1,29.8,1982
Eltville am Rhein,small,06439003,17040,1982-09-14,1982-09-16,3,29.0,28.7,1982
Eltville am Rhein,small,06439003,17040,1990-08-01,1990-08-04,4,34.0,33.2,1990
Eltville am Rhein,small,06439003,17040,1992-08-06,1992-08-08,3,35.4,34.2,1992
Eltville am Rhein,small,06439003,17040,1996-06-05,1996-06-07,3,30.1,29.3,1996
Eltville am Rhein,small,06439003,17040,1998-08-09,1998-08-11,3,35.3,33.9,1998
Eltville am Rhein,small,06439003,17040,1999-09-11,1999-09-14,4,29.7,29.2,1999
Eltville am Rhein,small,06439003,17040,2000-06-18,2000-06-20,3,31.4,30.8,2000
Eltville am Rhein,small,06439003,17040,2003-08-02,2003-08-12,11,37.7,35.3,2003
Eltville am Rhein,small,06439003,17040,2003-09-18,2003-09-20,3,30.2,28.9,2003
Eltville am Rhein,small,06439003,17040,2004-06-07,2004-06-09,3,30.7,29.8,2004
Eltville am Rhein,small,06439003,17040,2006-07-17,2006-07-21,5,34.8,33.4,2006
Eltville am Rhein,small,06439003,17040,2006-07-24,2006-07-26,3,35.0,34.2,2006
Eltville am Rhein,small,06439003,17040,2010-07-08,2010-07-11,4,34.5,33.4,2010
Eltville am Rhein,small,06439003,17040,2012-08-17,2012-08-20,4,35.1,32.8,2012
Eltville am Rhein,small,06439003,17040,2014-06-06,2014-06-09,4,33.3,31.9,2014
Eltville am Rhein,small,06439003,17040,2015-06-30,2015-07-04,5,37.3,35.3,2015
Eltville am Rhein,small,06439003,17040,2016-08-24,2016-08-27,4,33.4,32.1,2016
Eltville am Rhein,small,06439003,17040,2016-09-11,2016-09-14,4,30.9,30.0,2016
Eltville am Rhein,small,06439003,17040,2017-06-18,2017-06-21,4,34.8,32.2,2017
Eltville am Rhein,small,06439003,17040,2018-07-24,2018-07-26,3,33.9,33.3,2018
Eltville am Rhein,small,06439003,17040,2018-08-01,2018-08-03,3,34.9,33.9,2018
Eltville am Rhein,small,06439003,17040,2019-06-01,2019-06-04,4,31.2,30.5,2019
Eltville am Rhein,small,06439003,17040,2019-06-23,2019-06-26,4,36.5,33.8,2019
Eltville am Rhein,small,06439003,17040,2019-07-22,2019-07-25,4,38.8,36.9,2019
Eltville am Rhein,small,06439003,17040,2019-08-24,2019-08-27,4,31.8,31.3,2019
Eltville am Rhein,small,06439003,17040,2020-08-06,2020-08-11,6,35.4,34.0,2020
Eltville am Rhein,small,06439003,17040,2020-09-13,2020-09-15,3,30.6,30.3,2020
Eltville am Rhein,small,06439003,17040,2021-06-15,2021-06-18,4,33.6,32.3,2021
Eltville am Rhein,small,06439003,17040,2022-06-16,2022-06-18,3,36.2,33.6,2022
Eltville am Rhein,small,06439003,17040,2022-07-17,2022-07-19,3,35.8,34.2,2022
Eltville am Rhein,small,06439003,17040,2022-08-22,2022-08-24,3,30.9,30.6,2022
Eltville am Rhein,small,06439003,17040,2025-06-28,2025-07-01,4,36.4,34.1,2025
Eltville am Rhein,small,06439003,17040,2025-08-12,2025-08-14,3,34.5,33.5,2025
Klein-Winternheim,rural,07339032,3716,1982-06-01,1982-06-03,3,29.8,29.5,1982
Klein-Winternheim,rural,07339032,3716,1982-09-14,1982-09-16,3,28.9,28.6,1982
Klein-Winternheim,rural,07339032,3716,1990-08-01,1990-08-04,4,33.8,33.1,1990
Klein-Winternheim,rural,07339032,3716,1992-08-06,1992-08-08,3,35.5,34.3,1992
Klein-Winternheim,rural,07339032,3716,1998-08-09,1998-08-11,3,35.5,34.0,1998
Klein-Winternheim,rural,07339032,3716,1999-09-11,1999-09-14,4,29.5,28.9,1999
Klein-Winternheim,rural,07339032,3716,2000-06-18,2000-06-20,3,31.1,30.5,2000
Klein-Winternheim,rural,07339032,3716,2003-08-01,2003-08-12,12,37.5,35.2,2003
Klein-Winternheim,rural,07339032,3716,2003-09-18,2003-09-20,3,30.2,28.9,2003
Klein-Winternheim,rural,07339032,3716,2004-06-07,2004-06-09,3,30.9,30.0,2004
Klein-Winternheim,rural,07339032,3716,2006-07-17,2006-07-21,5,35.0,33.6,2006
Klein-Winternheim,rural,07339032,3716,2006-07-24,2006-07-26,3,34.9,34.2,2006
Klein-Winternheim,rural,07339032,3716,2010-07-08,2010-07-11,4,34.3,33.3,2010
Klein-Winternheim,rural,07339032,3716,2012-08-17,2012-08-20,4,35.2,32.9,2012
Klein-Winternheim,rural,07339032,3716,2014-06-06,2014-06-09,4,33.1,31.6,2014
Klein-Winternheim,rural,07339032,3716,2015-06-30,2015-07-04,5,37.6,35.3,2015
Klein-Winternheim,rural,07339032,3716,2016-08-24,2016-08-27,4,33.3,32.0,2016
Klein-Winternheim,rural,07339032,3716,2016-09-11,2016-09-14,4,30.8,29.8,2016
Klein-Winternheim,rural,07339032,3716,2017-05-26,2017-05-29,4,33.8,30.9,2017
Klein-Winternheim,rural,07339032,3716,2017-06-18,2017-06-21,4,35.8,33.1,2017
Klein-Winternheim,rural,07339032,3716,2017-07-05,2017-07-07,3,32.9,32.1,2017
Klein-Winternheim,rural,07339032,3716,2018-07-23,2018-07-26,4,34.6,33.5,2018
Klein-Winternheim,rural,07339032,3716,2018-07-29,2018-08-03,6,35.3,34.0,2018
Klein-Winternheim,rural,07339032,3716,2018-09-17,2018-09-19,3,30.8,29.4,2018
Klein-Winternheim,rural,07339032,3716,2019-05-31,2019-06-04,5,32.2,30.8,2019
Klein-Winternheim,rural,07339032,3716,2019-06-23,2019-06-26,4,37.2,34.6,2019
Klein-Winternheim,rural,07339032,3716,2019-07-22,2019-07-25,4,39.2,37.4,2019
Klein-Winternheim,rural,07339032,3716,2019-08-24,2019-08-27,4,32.2,31.7,2019
Klein-Winternheim,rural,07339032,3716,2020-08-06,2020-08-11,6,35.3,34.4,2020
Klein-Winternheim,rural,07339032,3716,2020-09-13,2020-09-15,3,30.8,30.7,2020
Klein-Winternheim,rural,07339032,3716,2021-06-14,2021-06-18,5,34.6,32.7,2021
Klein-Winternheim,rural,07339032,3716,2022-05-17,2022-05-19,3,29.6,29.3,2022
Klein-Winternheim,rural,07339032,3716,2022-06-16,2022-06-18,3,37.0,34.4,2022
Klein-Winternheim,rural,07339032,3716,2022-07-17,2022-07-19,3,37.1,35.4,2022
Klein-Winternheim,rural,07339032,3716,2022-08-22,2022-08-24,3,32.2,31.6,2022
Klein-Winternheim,rural,07339032,3716,2023-09-08,2023-09-11,4,29.6,29.1,2023
Klein-Winternheim,rural,07339032,3716,2024-08-30,2024-09-01,3,31.9,30.4,2024
Klein-Winternheim,rural,07339032,3716,2025-06-28,2025-07-01,4,36.0,33.6,2025
Klein-Winternheim,rural,07339032,3716,2025-08-12,2025-08-14,3,34.5,33.7,2025
Mönchengladbach,large,05116000,268943,1990-08-01,1990-08-03,3,34.0,32.5,1990
Mönchengladbach,large,05116000,268943,1994-08-02,1994-08-04,3,33.6,31.4,1994
Mönchengladbach,large,05116000,268943,1995-07-08,1995-07-10,3,31.9,31.4,1995
Mönchengladbach,large,05116000,268943,1996-06-05,1996-06-07,3,30.1,29.2,1996
Mönchengladbach,large,05116000,268943,2001-08-23,2001-08-25,3,33.2,31.3,2001
Mönchengladbach,large,05116000,268943,2003-08-04,2003-08-11,8,35.6,32.8,2003
Mönchengladbach,large,05116000,268943,2006-07-17,2006-07-21,5,34.3,31.7,2006
Mönchengladbach,large,05116000,268943,2006-07-24,2006-07-26,3,33.0,31.6,2006
Mönchengladbach,large,05116000,268943,2010-07-07,2010-07-10,4,33.5,32.3,2010
Mönchengladbach,large,05116000,268943,2012-08-17,2012-08-19,3,35.1,32.0,2012
Mönchengladbach,large,05116000,268943,2015-06-30,2015-07-03,4,35.0,32.9,2015
Mönchengladbach,large,05116000,268943,2016-08-23,2016-08-26,4,32.0,30.7,2016
Mönchengladbach,large,05116000,268943,2016-09-11,2016-09-14,4,31.4,30.1,2016
Mönchengladbach,large,05116000,268943,2017-06-18,2017-06-21,4,34.0,31.0,2017
Mönchengladbach,large,05116000,268943,2018-07-23,2018-07-26,4,34.8,33.3,2018
Mönchengladbach,large,05116000,268943,2018-08-01,2018-08-03,3,33.8,32.5,2018
Mönchengladbach,large,05116000,268943,2019-06-23,2019-06-25,3,35.3,32.3,2019
Mönchengladbach,large,05116000,268943,2019-07-22,2019-07-25,4,39.4,37.2,2019
Mönchengladbach,large,05116000,268943,2019-08-23,2019-08-27,5,32.8,31.1,2019
Mönchengladbach,large,05116000,268943,2020-08-05,2020-08-12,8,35.8,33.4,2020
Mönchengladbach,large,05116000,268943,2021-06-15,2021-06-18,4,33.3,30.9,2021
Mönchengladbach,large,05116000,268943,2022-08-09,2022-08-13,5,32.0,31.3,2022
Mönchengladbach,large,05116000,268943,2022-08-22,2022-08-24,3,32.3,31.2,2022
Mönchengladbach,large,05116000,268943,2023-06-08,2023-06-11,4,29.3,28.8,2023
Mönchengladbach,large,05116000,268943,2023-09-06,2023-09-10,5,30.3,29.2,2023
Mönchengladbach,large,05116000,268943,2025-06-29,2025-07-01,3,35.2,33.8,2025
Mönchengladbach,large,05116000,268943,2025-08-11,2025-08-13,3,32.8,32.4,2025
Korschenbroich,medium,05162020,34324,1990-08-01,1990-08-03,3,34.4,32.8,1990
Korschenbroich,medium,05162020,34324,1991-09-01,1991-09-03,3,28.9,28.6,1991
Korschenbroich,medium,05162020,34324,1994-08-02,1994-08-04,3,33.9,31.8,1994
Korschenbroich,medium,05162020,34324,1995-07-08,1995-07-10,3,32.1,31.7,1995
Korschenbroich,medium,05162020,34324,1996-06-05,1996-06-07,3,30.3,29.4,1996
Korschenbroich,medium,05162020,34324,2001-08-23,2001-08-25,3,33.6,31.5,2001
Korschenbroich,medium,05162020,34324,2003-08-04,2003-08-11,8,36.1,33.1,2003
Korschenbroich,medium,05162020,34324,2006-07-17,2006-07-21,5,34.6,32.0,2006
Korschenbroich,medium,05162020,34324,2006-07-24,2006-07-26,3,33.3,31.9,2006
Korschenbroich,medium,05162020,34324,2010-07-07,2010-07-11,5,33.8,32.2,2010
Korschenbroich,medium,05162020,34324,2012-08-17,2012-08-19,3,35.4,32.2,2012
Korschenbroich,medium,05162020,34324,2015-06-30,2015-07-03,4,35.2,33.1,2015
Korschenbroich,medium,05162020,34324,2016-08-23,2016-08-27,5,32.3,30.5,2016
Korschenbroich,medium,05162020,34324,2016-09-11,2016-09-14,4,31.8,30.5,2016
Korschenbroich,medium,05162020,34324,2017-06-18,2017-06-21,4,34.0,31.0,2017
Korschenbroich,medium,05162020,34324,2018-07-23,2018-07-26,4,34.8,33.3,2018
Korschenbroich,medium,05162020,34324,2018-08-01,2018-08-03,3,33.8,32.5,2018
Korschenbroich,medium,05162020,34324,2019-06-23,2019-06-25,3,35.3,32.3,2019
Korschenbroich,medium,05162020,34324,2019-07-22,2019-07-25,4,39.4,37.2,2019
Korschenbroich,medium,05162020,34324,2019-08-23,2019-08-27,5,32.8,31.1,2019
Korschenbroich,medium,05162020,34324,2020-08-05,2020-08-12,8,35.8,33.4,2020
Korschenbroich,medium,05162020,34324,2021-06-15,2021-06-17,3,33.3,31.6,2021
Korschenbroich,medium,05162020,34324,2022-08-09,2022-08-13,5,32.0,31.3,2022
Korschenbroich,medium,05162020,34324,2022-08-22,2022-08-24,3,32.3,31.2,2022
Korschenbroich,medium,05162020,34324,2023-06-08,2023-06-11,4,29.3,28.8,2023
Korschenbroich,medium,05162020,34324,2023-09-06,2023-09-10,5,30.3,29.2,2023
Korschenbroich,medium,05162020,34324,2025-06-29,2025-07-01,3,35.2,33.8,2025
Korschenbroich,medium,05162020,34324,2025-08-11,2025-08-13,3,32.8,32.4,2025
Wassenberg,small,05370036,19541,1990-08-01,1990-08-03,3,34.4,32.9,1990
Wassenberg,small,05370036,19541,1991-08-31,1991-09-03,4,29.3,28.8,1991
Wassenberg,small,05370036,19541,1994-08-02,1994-08-04,3,34.0,31.7,1994
Wassenberg,small,05370036,19541,1995-07-08,1995-07-10,3,32.1,31.7,1995
Wassenberg,small,05370036,19541,1996-06-05,1996-06-07,3,30.8,29.7,1996
Wassenberg,small,05370036,19541,1997-08-10,1997-08-12,3,30.7,30.1,1997
Wassenberg,small,05370036,19541,1999-09-10,1999-09-12,3,29.5,29.0,1999
Wassenberg,small,05370036,19541,2001-08-23,2001-08-25,3,33.3,31.6,2001
Wassenberg,small,05370036,19541,2003-08-04,2003-08-11,8,35.7,33.2,2003
Wassenberg,small,05370036,19541,2006-07-17,2006-07-21,5,34.8,32.0,2006
Wassenberg,small,05370036,19541,2006-07-24,2006-07-26,3,33.3,31.9,2006
Wassenberg,small,05370036,19541,2010-07-07,2010-07-10,4,33.8,32.5,2010
Wassenberg,small,05370036,19541,2012-08-17,2012-08-19,3,35.5,32.4,2012
Wassenberg,small,05370036,19541,2015-06-30,2015-07-03,4,36.0,33.5,2015
Wassenberg,small,05370036,19541,2016-08-23,2016-08-26,4,32.3,31.2,2016
Wassenberg,small,05370036,19541,2016-09-11,2016-09-14,4,31.7,30.3,2016
Wassenberg,small,05370036,19541,2017-06-18,2017-06-21,4,33.3,30.9,2017
Wassenberg,small,05370036,19541,2018-07-23,2018-07-26,4,34.6,33.3,2018
Wassenberg,small,05370036,19541,2018-08-01,2018-08-03,3,33.6,32.0,2018
Wassenberg,small,05370036,19541,2019-06-23,2019-06-25,3,34.2,31.9,2019
Wassenberg,small,05370036,19541,2019-07-22,2019-07-25,4,38.8,36.9,2019
Wassenberg,small,05370036,19541,2019-08-23,2019-08-27,5,31.8,30.4,2019
Wassenberg,small,05370036,19541,2020-08-05,2020-08-12,8,35.0,32.8,2020
Wassenberg,small,05370036,19541,2021-06-15,2021-06-17,3,32.8,31.5,2021
Wassenberg,small,05370036,19541,2022-08-09,2022-08-13,5,32.2,30.8,2022
Wassenberg,small,05370036,19541,2023-06-08,2023-06-11,4,29.6,29.3,2023
Wassenberg,small,05370036,19541,2023-09-04,2023-09-10,7,30.6,29.0,2023
Wassenberg,small,05370036,19541,2025-08-11,2025-08-13,3,32.0,31.4,2025
Berg,rural,07131011,1306,1990-07-31,1990-08-03,4,32.9,30.5,1990
Berg,rural,07131011,1306,1992-08-06,1992-08-08,3,32.1,30.6,1992
Berg,rural,07131011,1306,1994-07-01,1994-07-03,3,29.5,28.6,1994
Berg,rural,07131011,1306,1994-08-02,1994-08-04,3,31.6,29.8,1994
Berg,rural,07131011,1306,1995-07-08,1995-07-10,3,30.1,29.5,1995
Berg,rural,07131011,1306,1998-08-09,1998-08-11,3,30.8,29.4,1998
Berg,rural,07131011,1306,2003-08-03,2003-08-12,10,34.8,31.3,2003
Berg,rural,07131011,1306,2006-07-17,2006-07-21,5,32.6,30.0,2006
Berg,rural,07131011,1306,2006-07-24,2006-07-26,3,31.5,30.0,2006
Berg,rural,07131011,1306,2010-07-07,2010-07-11,5,31.6,30.0,2010
Berg,rural,07131011,1306,2012-08-17,2012-08-19,3,32.7,30.2,2012
Berg,rural,07131011,1306,2015-06-30,2015-07-04,5,32.9,31.3,2015
Berg,rural,07131011,1306,2016-08-24,2016-08-26,3,30.4,29.6,2016
Berg,rural,07131011,1306,2018-07-23,2018-07-26,4,31.8,30.8,2018
Berg,rural,07131011,1306,2018-08-01,2018-08-03,3,31.6,30.7,2018
Berg,rural,07131011,1306,2019-06-23,2019-06-25,3,32.4,30.5,2019
Berg,rural,07131011,1306,2019-07-22,2019-07-25,4,36.6,34.6,2019
Berg,rural,07131011,1306,2019-08-25,2019-08-27,3,30.5,29.6,2019
Berg,rural,07131011,1306,2020-08-05,2020-08-12,8,32.6,31.2,2020
Berg,rural,07131011,1306,2020-09-13,2020-09-15,3,31.7,29.8,2020
Berg,rural,07131011,1306,2021-06-15,2021-06-18,4,31.3,30.1,2021
Berg,rural,07131011,1306,2022-07-17,2022-07-19,3,34.3,31.7,2022
Berg,rural,07131011,1306,2022-08-09,2022-08-13,5,29.9,28.7,2022
Berg,rural,07131011,1306,2022-08-22,2022-08-24,3,30.9,30.3,2022
Berg,rural,07131011,1306,2023-09-07,2023-09-10,4,29.9,29.1,2023
Berg,rural,07131011,1306,2025-06-27,2025-07-01,5,34.8,31.0,2025
Berg,rural,07131011,1306,2025-08-11,2025-08-13,3,32.9,31.0,2025
Gelsenkirchen,large,05513000,265885,1982-06-01,1982-06-04,4,29.2,28.9,1982
Gelsenkirchen,large,05513000,265885,1990-08-01,1990-08-03,3,34.4,32.6,1990
Gelsenkirchen,large,05513000,265885,1991-09-01,1991-09-03,3,28.7,28.5,1991
Gelsenkirchen,large,05513000,265885,1994-07-22,1994-07-24,3,32.7,31.6,1994
Gelsenkirchen,large,05513000,265885,1995-07-08,1995-07-10,3,32.2,31.4,1995
Gelsenkirchen,large,05513000,265885,1996-06-05,1996-06-07,3,30.2,29.1,1996
Gelsenkirchen,large,05513000,265885,1999-09-10,1999-09-12,3,29.3,28.8,1999
Gelsenkirchen,large,05513000,265885,2003-08-04,2003-08-08,5,34.9,32.9,2003
Gelsenkirchen,large,05513000,265885,2006-07-17,2006-07-21,5,34.4,32.3,2006
Gelsenkirchen,large,05513000,265885,2006-07-24,2006-07-26,3,33.6,32.3,2006
Gelsenkirchen,large,05513000,265885,2010-07-07,2010-07-11,5,34.1,32.6,2010
Gelsenkirchen,large,05513000,265885,2015-06-30,2015-07-03,4,34.8,32.9,2015
Gelsenkirchen,large,05513000,265885,2016-08-23,2016-08-27,5,31.7,30.7,2016
Gelsenkirchen,large,05513000,265885,2016-09-11,2016-09-14,4,31.5,30.4,2016
Gelsenkirchen,large,05513000,265885,2018-07-23,2018-07-26,4,35.0,33.8,2018
Gelsenkirchen,large,05513000,265885,2018-08-01,2018-08-03,3,33.8,33.1,2018
Gelsenkirchen,large,05513000,265885,2019-06-23,2019-06-25,3,35.0,32.6,2019
Gelsenkirchen,large,05513000,265885,2019-07-22,2019-07-26,5,38.5,35.0,2019
Gelsenkirchen,large,05513000,265885,2019-08-23,2019-08-27,5,32.4,30.8,2019
Gelsenkirchen,large,05513000,265885,2020-08-05,2020-08-12,8,33.8,31.6,2020
Gelsenkirchen,large,05513000,265885,2021-06-15,2021-06-17,3,32.8,31.1,2021
Gelsenkirchen,large,05513000,265885,2022-08-10,2022-08-13,4,31.6,30.9,2022
Gelsenkirchen,large,05513000,265885,2022-08-22,2022-08-24,3,32.2,31.3,2022
Gelsenkirchen,large,05513000,265885,2023-09-04,2023-09-10,7,29.4,29.0,2023
Gelsenkirchen,large,05513000,265885,2025-06-29,2025-07-01,3,37.6,34.6,2025
Gelsenkirchen,large,05513000,265885,2025-08-11,2025-08-14,4,35.1,33.2,2025
Gladbeck,medium,05562014,75799,1982-06-01,1982-06-04,4,29.4,29.0,1982
Gladbeck,medium,05562014,75799,1990-08-01,1990-08-03,3,34.1,32.3,1990
Gladbeck,medium,05562014,75799,1991-09-01,1991-09-03,3,28.6,28.4,1991
Gladbeck,medium,05562014,75799,1994-07-22,1994-07-24,3,32.7,31.5,1994
Gladbeck,medium,05562014,75799,1995-07-08,1995-07-10,3,32.1,31.4,1995
Gladbeck,medium,05562014,75799,1996-06-05,1996-06-07,3,30.1,29.0,1996
Gladbeck,medium,05562014,75799,1999-09-10,1999-09-12,3,29.2,28.8,1999
Gladbeck,medium,05562014,75799,2003-08-04,2003-08-08,5,34.8,32.9,2003
Gladbeck,medium,05562014,75799,2006-07-17,2006-07-21,5,34.3,32.2,2006
Gladbeck,medium,05562014,75799,2006-07-24,2006-07-26,3,33.3,32.2,2006
Gladbeck,medium,05562014,75799,2010-07-07,2010-07-11,5,33.7,32.1,2010
Gladbeck,medium,05562014,75799,2015-06-30,2015-07-03,4,34.8,32.7,2015
Gladbeck,medium,05562014,75799,2016-08-23,2016-08-27,5,31.4,30.5,2016
Gladbeck,medium,05562014,75799,2016-09-11,2016-09-14,4,31.4,30.3,2016
Gladbeck,medium,05562014,75799,2017-06-18,2017-06-21,4,33.6,31.0,2017
Gladbeck,medium,05562014,75799,2018-07-23,2018-07-26,4,35.2,34.0,2018
Gladbeck,medium,05562014,75799,2018-08-01,2018-08-03,3,34.2,33.2,2018
Gladbeck,medium,05562014,75799,2019-06-22,2019-06-25,4,35.4,32.2,2019
Gladbeck,medium,05562014,75799,2019-07-22,2019-07-26,5,39.4,35.8,2019
Gladbeck,medium,05562014,75799,2019-08-23,2019-08-27,5,32.8,31.2,2019
Gladbeck,medium,05562014,75799,2020-08-05,2020-08-12,8,34.4,32.0,2020
Gladbeck,medium,05562014,75799,2021-06-15,2021-06-18,4,33.0,30.7,2021
Gladbeck,medium,05562014,75799,2022-08-10,2022-08-13,4,31.7,31.0,2022
Gladbeck,medium,05562014,75799,2022-08-22,2022-08-24,3,32.2,31.4,2022
Gladbeck,medium,05562014,75799,2023-06-08,2023-06-11,4,29.2,28.6,2023
Gladbeck,medium,05562014,75799,2023-09-04,2023-09-10,7,29.6,29.0,2023
Gladbeck,medium,05562014,75799,2025-06-29,2025-07-01,3,37.8,35.1,2025
Gladbeck,medium,05562014,75799,2025-08-11,2025-08-14,4,35.2,33.1,2025
Aachen,large,05334002,252769,1990-08-01,1990-08-03,3,32.9,31.9,1990
Aachen,large,05334002,252769,1992-08-06,1992-08-08,3,32.5,30.6,1992
Aachen,large,05334002,252769,1994-08-02,1994-08-04,3,32.9,30.8,1994
Aachen,large,05334002,252769,1995-07-08,1995-07-10,3,30.6,30.2,1995
Aachen,large,05334002,252769,2001-08-23,2001-08-25,3,31.8,30.3,2001
Aachen,large,05334002,252769,2003-08-03,2003-08-12,10,35.2,32.2,2003
Aachen,large,05334002,252769,2006-07-24,2006-07-26,3,32.0,30.7,2006
Aachen,large,05334002,252769,2010-07-07,2010-07-10,4,32.8,31.1,2010
Aachen,large,05334002,252769,2013-07-20,2013-07-22,3,31.2,30.1,2013
Aachen,large,05334002,252769,2015-06-30,2015-07-04,5,34.9,32.1,2015
Aachen,large,05334002,252769,2016-08-23,2016-08-26,4,31.5,30.2,2016
Aachen,large,05334002,252769,2016-09-11,2016-09-13,3,30.2,29.4,2016
Aachen,large,05334002,252769,2017-06-18,2017-06-21,4,32.6,30.5,2017
Aachen,large,05334002,252769,2018-07-23,2018-07-26,4,33.8,32.1,2018
Aachen,large,05334002,252769,2018-08-01,2018-08-03,3,32.8,31.4,2018
Aachen,large,05334002,252769,2019-06-23,2019-06-25,3,33.2,31.2,2019
Aachen,large,05334002,252769,2019-07-22,2019-07-25,4,38.8,36.3,2019
Aachen,large,05334002,252769,2019-08-23,2019-08-27,5,30.9,29.5,2019
Aachen,large,05334002,252769,2020-08-05,2020-08-12,8,35.1,33.1,2020
Aachen,large,05334002,252769,2021-06-15,2021-06-17,3,31.6,30.2,2021
Aachen,large,05334002,252769,2022-08-09,2022-08-13,5,32.0,30.2,2022
Aachen,large,05334002,252769,2022-08-22,2022-08-24,3,32.8,31.1,2022
Aachen,large,05334002,252769,2023-09-04,2023-09-10,7,29.9,29.1,2023
Aachen,large,05334002,252769,2025-06-11,2025-06-13,3,32.3,31.0,2025
Aachen,large,05334002,252769,2025-06-28,2025-07-01,4,36.4,33.2,2025
Aachen,large,05334002,252769,2025-08-11,2025-08-13,3,32.4,32.0,2025
Würselen,medium,05334036,38750,1990-08-01,1990-08-03,3,32.8,31.8,1990
Würselen,medium,05334036,38750,1992-08-06,1992-08-08,3,32.4,30.5,1992
Würselen,medium,05334036,38750,1994-08-02,1994-08-04,3,32.8,30.7,1994
Würselen,medium,05334036,38750,1995-07-08,1995-07-10,3,30.5,30.0,1995
Würselen,medium,05334036,38750,2001-08-23,2001-08-25,3,31.6,30.2,2001
Würselen,medium,05334036,38750,2003-08-03,2003-08-12,10,35.0,32.1,2003
Würselen,medium,05334036,38750,2006-07-24,2006-07-26,3,31.8,30.6,2006
Würselen,medium,05334036,38750,2010-07-07,2010-07-10,4,32.7,31.0,2010
Würselen,medium,05334036,38750,2013-07-20,2013-07-22,3,31.0,30.0,2013
Würselen,medium,05334036,38750,2015-06-30,2015-07-04,5,34.8,32.0,2015
Würselen,medium,05334036,38750,2016-08-23,2016-08-26,4,31.4,30.1,2016
Würselen,medium,05334036,38750,2016-09-11,2016-09-13,3,30.0,29.3,2016
Würselen,medium,05334036,38750,2017-06-18,2017-06-21,4,33.2,30.9,2017
Würselen,medium,05334036,38750,2018-07-23,2018-07-26,4,34.2,32.8,2018
Würselen,medium,05334036,38750,2018-07-28,2018-07-30,3,30.7,29.5,2018
Würselen,medium,05334036,38750,2018-08-01,2018-08-03,3,33.2,31.9,2018
Würselen,medium,05334036,38750,2019-06-23,2019-06-25,3,33.8,31.7,2019
Würselen,medium,05334036,38750,2019-07-22,2019-07-25,4,39.2,36.6,2019
Würselen,medium,05334036,38750,2019-08-23,2019-08-27,5,31.5,30.1,2019
Würselen,medium,05334036,38750,2020-08-05,2020-08-12,8,35.4,33.4,2020
Würselen,medium,05334036,38750,2021-06-15,2021-06-18,4,32.7,30.4,2021
Würselen,medium,05334036,38750,2022-08-09,2022-08-13,5,32.3,30.8,2022
Würselen,medium,05334036,38750,2022-08-22,2022-08-24,3,33.4,31.7,2022
Würselen,medium,05334036,38750,2023-06-09,2023-06-11,3,28.6,28.3,2023
Würselen,medium,05334036,38750,2023-09-04,2023-09-10,7,30.4,29.3,2023
Würselen,medium,05334036,38750,2025-06-11,2025-06-13,3,32.4,31.3,2025
Würselen,medium,05334036,38750,2025-06-29,2025-07-01,3,35.7,34.2,2025
Würselen,medium,05334036,38750,2025-08-11,2025-08-13,3,32.9,32.4,2025
Linnich,small,05358036,13056,1990-08-01,1990-08-03,3,34.3,32.9,1990
Linnich,small,05358036,13056,1991-08-31,1991-09-03,4,29.0,28.5,1991
Linnich,small,05358036,13056,1992-08-06,1992-08-08,3,33.1,31.3,1992
Linnich,small,05358036,13056,1994-08-02,1994-08-04,3,33.8,31.8,1994
Linnich,small,05358036,13056,1995-07-08,1995-07-10,3,32.0,31.3,1995
Linnich,small,05358036,13056,1996-06-05,1996-06-07,3,30.3,29.2,1996
Linnich,small,05358036,13056,1999-09-10,1999-09-12,3,29.7,28.9,1999
Linnich,small,05358036,13056,2001-08-23,2001-08-25,3,33.5,31.8,2001
Linnich,small,05358036,13056,2003-08-03,2003-08-12,10,36.2,32.7,2003
Linnich,small,05358036,13056,2006-07-17,2006-07-21,5,34.4,31.8,2006
Linnich,small,05358036,13056,2006-07-24,2006-07-26,3,33.0,31.7,2006
Linnich,small,05358036,13056,2010-07-07,2010-07-10,4,33.4,32.1,2010
Linnich,small,05358036,13056,2012-08-17,2012-08-19,3,35.1,32.1,2012
Linnich,small,05358036,13056,2015-06-30,2015-07-04,5,35.2,32.5,2015
Linnich,small,05358036,13056,2016-08-23,2016-08-26,4,32.3,31.0,2016
Linnich,small,05358036,13056,2016-09-11,2016-09-14,4,31.6,30.2,2016
Linnich,small,05358036,13056,2017-06-18,2017-06-21,4,33.9,31.5,2017
Linnich,small,05358036,13056,2018-07-23,2018-07-26,4,34.0,32.8,2018
Linnich,small,05358036,13056,2018-08-01,2018-08-03,3,33.4,32.1,2018
Linnich,small,05358036,13056,2019-06-23,2019-06-25,3,34.5,32.1,2019
Linnich,small,05358036,13056,2019-07-22,2019-07-25,4,38.9,36.9,2019
Linnich,small,05358036,13056,2019-08-23,2019-08-27,5,31.8,30.3,2019
Linnich,small,05358036,13056,2020-08-05,2020-08-12,8,34.8,32.6,2020
Linnich,small,05358036,13056,2021-06-15,2021-06-18,4,33.6,31.4,2021
Linnich,small,05358036,13056,2022-08-09,2022-08-13,5,32.5,31.4,2022
Linnich,small,05358036,13056,2022-08-22,2022-08-24,3,33.2,31.4,2022
Linnich,small,05358036,13056,2023-06-09,2023-06-11,3,29.0,28.7,2023
Linnich,small,05358036,13056,2023-09-04,2023-09-10,7,30.6,29.1,2023
Linnich,small,05358036,13056,2025-06-29,2025-07-01,3,34.0,32.1,2025
Linnich,small,05358036,13056,2025-08-11,2025-08-13,3,32.0,31.5,2025
Scheid,rural,07233237,120,1990-08-01,1990-08-03,3,30.6,29.6,1990
Scheid,rural,07233237,120,1992-08-06,1992-08-08,3,30.8,29.1,1992
Scheid,rural,07233237,120,2003-08-04,2003-08-11,8,32.7,30.6,2003
Scheid,rural,07233237,120,2006-07-24,2006-07-26,3,30.5,29.1,2006
Scheid,rural,07233237,120,2010-07-08,2010-07-10,3,30.8,29.2,2010
Scheid,rural,07233237,120,2015-06-30,2015-07-04,5,31.9,30.4,2015
Scheid,rural,07233237,120,2018-08-01,2018-08-03,3,30.0,28.8,2018
Scheid,rural,07233237,120,2019-07-22,2019-07-25,4,35.1,33.2,2019
Scheid,rural,07233237,120,2020-08-06,2020-08-11,6,31.8,30.3,2020
Scheid,rural,07233237,120,2025-06-29,2025-07-01,3,31.6,30.5,2025
Kiel,large,01002000,252668,1994-07-11,1994-07-13,3,29.9,29.1,1994
Kiel,large,01002000,252668,1994-07-21,1994-07-27,7,32.0,29.9,1994
Kiel,large,01002000,252668,2000-06-18,2000-06-20,3,31.0,29.9,2000
Kiel,large,01002000,252668,2003-08-06,2003-08-11,6,30.3,29.2,2003
Kiel,large,01002000,252668,2010-07-07,2010-07-11,5,31.2,29.4,2010
Kiel,large,01002000,252668,2018-07-23,2018-07-27,5,32.4,30.5,2018
Kiel,large,01002000,252668,2018-08-05,2018-08-07,3,33.8,30.8,2018
Kiel,large,01002000,252668,2020-08-05,2020-08-07,3,30.0,29.7,2020
Kiel,large,01002000,252668,2020-08-09,2020-08-11,3,28.9,28.5,2020
Kiel,large,01002000,252668,2020-08-14,2020-08-16,3,29.2,28.8,2020
Kiel,large,01002000,252668,2022-08-11,2022-08-14,4,29.4,28.9,2022
Eckernförde,medium,01058043,21620,1994-07-11,1994-07-13,3,30.0,29.0,1994
Eckernförde,medium,01058043,21620,1994-07-23,1994-07-27,5,32.0,30.1,1994
Eckernförde,medium,01058043,21620,2006-07-25,2006-07-27,3,31.5,29.3,2006
Eckernförde,medium,01058043,21620,2010-07-09,2010-07-11,3,31.1,29.5,2010
Eckernförde,medium,01058043,21620,2018-07-23,2018-07-25,3,30.2,29.9,2018
Eckernförde,medium,01058043,21620,2020-08-05,2020-08-07,3,30.3,29.7,2020
Schwentinental,small,01057091,14032,1994-07-23,1994-07-27,5,31.7,30.3,1994
Schwentinental,small,01057091,14032,2000-06-18,2000-06-20,3,30.9,29.9,2000
Schwentinental,small,01057091,14032,2010-07-09,2010-07-11,3,30.9,30.0,2010
Schwentinental,small,01057091,14032,2018-07-23,2018-07-27,5,32.4,30.5,2018
Schwentinental,small,01057091,14032,2018-08-05,2018-08-07,3,33.8,30.8,2018
Schwentinental,small,01057091,14032,2020-08-05,2020-08-07,3,30.0,29.7,2020
Schwentinental,small,01057091,14032,2020-08-09,2020-08-11,3,28.9,28.5,2020
Schwentinental,small,01057091,14032,2020-08-14,2020-08-16,3,29.2,28.8,2020
Schwentinental,small,01057091,14032,2022-08-11,2022-08-14,4,29.4,28.9,2022
Höhndorf,rural,01057028,490,1994-07-23,1994-07-27,5,30.7,29.3,1994
Höhndorf,rural,01057028,490,2000-06-18,2000-06-20,3,30.3,29.4,2000
Höhndorf,rural,01057028,490,2010-07-09,2010-07-11,3,28.9,28.6,2010
Braunschweig,large,03101000,252066,1982-06-01,1982-06-04,4,30.6,29.8,1982
Braunschweig,large,03101000,252066,1994-07-22,1994-07-24,3,32.0,31.1,1994
Braunschweig,large,03101000,252066,1994-07-29,1994-07-31,3,33.1,31.5,1994
Braunschweig,large,03101000,252066,2000-06-18,2000-06-20,3,32.0,31.2,2000
Braunschweig,large,03101000,252066,2003-08-06,2003-08-11,6,33.9,32.1,2003
Braunschweig,large,03101000,252066,2006-07-17,2006-07-21,5,34.5,31.9,2006
Braunschweig,large,03101000,252066,2010-07-07,2010-07-11,5,34.7,32.8,2010
Braunschweig,large,03101000,252066,2014-06-07,2014-06-09,3,30.7,29.7,2014
Braunschweig,large,03101000,252066,2015-07-01,2015-07-04,4,35.7,32.2,2015
Braunschweig,large,03101000,252066,2016-08-23,2016-08-27,5,33.2,30.8,2016
Braunschweig,large,03101000,252066,2016-09-11,2016-09-13,3,30.3,29.7,2016
Braunschweig,large,03101000,252066,2018-07-23,2018-07-27,5,33.4,31.9,2018
Braunschweig,large,03101000,252066,2018-07-29,2018-07-31,3,34.0,32.4,2018
Braunschweig,large,03101000,252066,2018-08-06,2018-08-08,3,35.3,33.5,2018
Braunschweig,large,03101000,252066,2019-07-22,2019-07-25,4,35.0,32.3,2019
Braunschweig,large,03101000,252066,2019-08-24,2019-08-27,4,31.6,31.3,2019
Braunschweig,large,03101000,252066,2020-08-05,2020-08-08,4,34.8,32.7,2020
Braunschweig,large,03101000,252066,2021-06-16,2021-06-18,3,33.2,31.7,2021
Braunschweig,large,03101000,252066,2022-07-17,2022-07-19,3,37.9,34.5,2022
Braunschweig,large,03101000,252066,2022-08-23,2022-08-25,3,29.8,29.3,2022
Braunschweig,large,03101000,252066,2024-09-02,2024-09-06,5,30.2,29.2,2024
Braunschweig,large,03101000,252066,2025-08-11,2025-08-13,3,35.6,32.7,2025
Wolfenbüttel,medium,03158037,53034,1982-06-01,1982-06-04,4,30.2,29.4,1982
Wolfenbüttel,medium,03158037,53034,1994-07-22,1994-07-24,3,31.7,30.8,1994
Wolfenbüttel,medium,03158037,53034,1994-07-29,1994-07-31,3,32.8,31.2,1994
Wolfenbüttel,medium,03158037,53034,2000-06-18,2000-06-20,3,31.6,30.8,2000
Wolfenbüttel,medium,03158037,53034,2003-08-06,2003-08-11,6,33.6,31.9,2003
Wolfenbüttel,medium,03158037,53034,2006-07-17,2006-07-21,5,34.1,31.6,2006
Wolfenbüttel,medium,03158037,53034,2010-07-07,2010-07-11,5,34.3,32.4,2010
Wolfenbüttel,medium,03158037,53034,2014-06-07,2014-06-09,3,30.7,29.6,2014
Wolfenbüttel,medium,03158037,53034,2015-07-01,2015-07-04,4,35.4,32.1,2015
Wolfenbüttel,medium,03158037,53034,2016-08-23,2016-08-27,5,32.9,30.7,2016
Wolfenbüttel,medium,03158037,53034,2016-09-11,2016-09-13,3,30.1,29.6,2016
Wolfenbüttel,medium,03158037,53034,2018-07-23,2018-07-27,5,33.4,32.0,2018
Wolfenbüttel,medium,03158037,53034,2018-07-29,2018-07-31,3,34.1,32.3,2018
Wolfenbüttel,medium,03158037,53034,2018-08-05,2018-08-08,4,35.4,32.8,2018
Wolfenbüttel,medium,03158037,53034,2019-07-22,2019-07-25,4,34.6,32.0,2019
Wolfenbüttel,medium,03158037,53034,2019-08-23,2019-08-27,5,31.8,30.9,2019
Wolfenbüttel,medium,03158037,53034,2020-08-05,2020-08-08,4,35.0,32.8,2020
Wolfenbüttel,medium,03158037,53034,2021-06-16,2021-06-18,3,32.8,31.3,2021
Wolfenbüttel,medium,03158037,53034,2022-07-17,2022-07-19,3,38.1,34.8,2022
Wolfenbüttel,medium,03158037,53034,2024-09-02,2024-09-06,5,30.3,29.1,2024
Königslutter am Elm,small,03154013,15860,1982-06-01,1982-06-04,4,30.8,29.8,1982
Königslutter am Elm,small,03154013,15860,1994-07-22,1994-07-27,6,32.0,30.7,1994
Königslutter am Elm,small,03154013,15860,1994-07-29,1994-07-31,3,33.0,31.6,1994
Königslutter am Elm,small,03154013,15860,2000-06-18,2000-06-20,3,32.0,31.2,2000
Königslutter am Elm,small,03154013,15860,2003-08-06,2003-08-11,6,33.5,31.6,2003
Königslutter am Elm,small,03154013,15860,2006-07-17,2006-07-22,6,34.6,31.3,2006
Königslutter am Elm,small,03154013,15860,2010-07-07,2010-07-11,5,34.7,32.7,2010
Königslutter am Elm,small,03154013,15860,2014-06-07,2014-06-09,3,30.8,29.7,2014
Königslutter am Elm,small,03154013,15860,2015-07-01,2015-07-04,4,35.3,31.9,2015
Königslutter am Elm,small,03154013,15860,2016-08-23,2016-08-27,5,33.1,30.5,2016
Königslutter am Elm,small,03154013,15860,2016-09-11,2016-09-13,3,29.8,29.3,2016
Königslutter am Elm,small,03154013,15860,2018-07-23,2018-07-26,4,32.6,31.7,2018
Königslutter am Elm,small,03154013,15860,2018-08-06,2018-08-08,3,34.2,32.7,2018
Königslutter am Elm,small,03154013,15860,2019-07-22,2019-07-25,4,34.0,31.5,2019
Königslutter am Elm,small,03154013,15860,2019-08-24,2019-08-27,4,31.4,30.9,2019
Königslutter am Elm,small,03154013,15860,2020-08-06,2020-08-08,3,33.7,32.6,2020
Königslutter am Elm,small,03154013,15860,2021-06-16,2021-06-19,4,33.1,30.9,2021
Königslutter am Elm,small,03154013,15860,2022-07-17,2022-07-19,3,36.9,33.9,2022
Königslutter am Elm,small,03154013,15860,2024-09-03,2024-09-06,4,30.6,30.0,2024
Dettum,rural,03158009,1187,1982-06-01,1982-06-04,4,30.5,29.5,1982
Dettum,rural,03158009,1187,1994-07-22,1994-07-24,3,31.8,30.9,1994
Dettum,rural,03158009,1187,1994-07-29,1994-07-31,3,33.0,31.5,1994
Dettum,rural,03158009,1187,2000-06-18,2000-06-20,3,31.7,31.0,2000
Dettum,rural,03158009,1187,2003-08-06,2003-08-11,6,33.5,31.8,2003
Dettum,rural,03158009,1187,2006-07-17,2006-07-22,6,34.2,31.3,2006
Dettum,rural,03158009,1187,2010-07-07,2010-07-11,5,34.4,32.4,2010
Dettum,rural,03158009,1187,2014-06-07,2014-06-09,3,31.0,29.8,2014
Dettum,rural,03158009,1187,2015-07-01,2015-07-04,4,35.4,32.0,2015
Dettum,rural,03158009,1187,2016-08-23,2016-08-27,5,33.3,30.8,2016
Dettum,rural,03158009,1187,2016-09-11,2016-09-13,3,30.1,29.6,2016
Dettum,rural,03158009,1187,2018-07-23,2018-07-27,5,32.8,31.5,2018
Dettum,rural,03158009,1187,2018-08-06,2018-08-08,3,35.0,33.4,2018
Dettum,rural,03158009,1187,2019-07-22,2019-07-25,4,34.2,31.7,2019
Dettum,rural,03158009,1187,2019-08-24,2019-08-27,4,31.4,31.1,2019
Dettum,rural,03158009,1187,2020-08-05,2020-08-08,4,34.5,32.4,2020
Dettum,rural,03158009,1187,2021-06-16,2021-06-18,3,32.6,31.2,2021
Dettum,rural,03158009,1187,2022-07-17,2022-07-19,3,37.6,34.4,2022
Chemnitz,large,14511000,245618,1994-06-25,1994-06-28,4,31.1,29.6,1994
Chemnitz,large,14511000,245618,1994-07-27,1994-07-31,5,33.2,31.7,1994
Chemnitz,large,14511000,245618,2000-06-19,2000-06-21,3,31.2,30.1,2000
Chemnitz,large,14511000,245618,2010-07-08,2010-07-11,4,33.2,31.9,2010
Chemnitz,large,14511000,245618,2012-08-18,2012-08-20,3,34.0,31.6,2012
Chemnitz,large,14511000,245618,2013-06-17,2013-06-19,3,30.9,30.2,2013
Chemnitz,large,14511000,245618,2014-06-07,2014-06-09,3,30.8,30.3,2014
Chemnitz,large,14511000,245618,2015-07-01,2015-07-04,4,33.8,31.8,2015
Chemnitz,large,14511000,245618,2015-08-05,2015-08-07,3,34.1,33.0,2015
Chemnitz,large,14511000,245618,2015-08-29,2015-08-31,3,31.8,30.6,2015
Chemnitz,large,14511000,245618,2016-08-25,2016-08-27,3,30.5,29.7,2016
Chemnitz,large,14511000,245618,2018-07-29,2018-08-03,6,32.8,31.2,2018
Chemnitz,large,14511000,245618,2018-08-06,2018-08-08,3,33.4,32.9,2018
Chemnitz,large,14511000,245618,2019-06-28,2019-06-30,3,34.3,30.7,2019
Chemnitz,large,14511000,245618,2019-08-27,2019-08-30,4,29.6,29.0,2019
Chemnitz,large,14511000,245618,2020-08-06,2020-08-08,3,32.3,31.4,2020
Chemnitz,large,14511000,245618,2020-08-10,2020-08-12,3,30.8,30.0,2020
Chemnitz,large,14511000,245618,2021-06-16,2021-06-19,4,30.5,29.9,2021
Chemnitz,large,14511000,245618,2022-08-02,2022-08-04,3,33.5,32.2,2022
Chemnitz,large,14511000,245618,2023-07-07,2023-07-10,4,31.8,30.5,2023
Chemnitz,large,14511000,245618,2024-08-27,2024-08-29,3,31.3,29.5,2024
Chemnitz,large,14511000,245618,2024-09-01,2024-09-07,7,30.9,29.5,2024
Chemnitz,large,14511000,245618,2025-08-12,2025-08-14,3,32.7,32.1,2025
Limbach-Oberfrohna,medium,14524180,23923,1994-06-26,1994-06-28,3,30.2,29.4,1994
Limbach-Oberfrohna,medium,14524180,23923,1994-07-27,1994-07-31,5,33.0,31.6,1994
Limbach-Oberfrohna,medium,14524180,23923,2010-07-08,2010-07-11,4,33.2,31.8,2010
Limbach-Oberfrohna,medium,14524180,23923,2012-08-18,2012-08-20,3,33.8,31.4,2012
Limbach-Oberfrohna,medium,14524180,23923,2013-06-17,2013-06-19,3,30.8,29.8,2013
Limbach-Oberfrohna,medium,14524180,23923,2014-06-07,2014-06-09,3,30.3,29.9,2014
Limbach-Oberfrohna,medium,14524180,23923,2015-07-01,2015-07-04,4,33.4,31.4,2015
Limbach-Oberfrohna,medium,14524180,23923,2015-08-05,2015-08-07,3,33.7,32.3,2015
Limbach-Oberfrohna,medium,14524180,23923,2015-08-29,2015-08-31,3,31.2,29.9,2015
Limbach-Oberfrohna,medium,14524180,23923,2016-08-25,2016-08-27,3,30.4,29.6,2016
Limbach-Oberfrohna,medium,14524180,23923,2018-07-29,2018-08-03,6,33.5,31.2,2018
Limbach-Oberfrohna,medium,14524180,23923,2018-08-06,2018-08-08,3,33.4,32.8,2018
Limbach-Oberfrohna,medium,14524180,23923,2019-06-28,2019-06-30,3,34.6,30.8,2019
Limbach-Oberfrohna,medium,14524180,23923,2019-08-24,2019-08-28,5,29.6,28.8,2019
Limbach-Oberfrohna,medium,14524180,23923,2020-08-06,2020-08-08,3,32.1,31.5,2020
Limbach-Oberfrohna,medium,14524180,23923,2020-08-10,2020-08-12,3,31.7,30.4,2020
Limbach-Oberfrohna,medium,14524180,23923,2021-06-16,2021-06-19,4,30.6,30.3,2021
Limbach-Oberfrohna,medium,14524180,23923,2022-08-02,2022-08-04,3,33.6,31.8,2022
Limbach-Oberfrohna,medium,14524180,23923,2023-07-07,2023-07-10,4,32.7,31.1,2023
Limbach-Oberfrohna,medium,14524180,23923,2023-08-18,2023-08-20,3,31.2,29.4,2023
Limbach-Oberfrohna,medium,14524180,23923,2024-08-11,2024-08-13,3,31.8,30.2,2024
Limbach-Oberfrohna,medium,14524180,23923,2024-08-27,2024-08-29,3,31.5,29.9,2024
Limbach-Oberfrohna,medium,14524180,23923,2024-09-01,2024-09-07,7,31.6,29.8,2024
Limbach-Oberfrohna,medium,14524180,23923,2025-08-12,2025-08-14,3,32.6,32.2,2025
Flöha,small,14522140,10426,1982-06-02,1982-06-04,3,30.4,29.5,1982
Flöha,small,14522140,10426,1994-06-25,1994-06-28,4,31.0,30.0,1994
Flöha,small,14522140,10426,1994-07-27,1994-07-31,5,34.2,32.7,1994
Flöha,small,14522140,10426,2000-06-19,2000-06-21,3,32.1,30.8,2000
Flöha,small,14522140,10426,2006-07-18,2006-07-21,4,33.4,31.3,2006
Flöha,small,14522140,10426,2010-07-08,2010-07-11,4,34.1,32.5,2010
Flöha,small,14522140,10426,2012-08-18,2012-08-20,3,34.7,32.1,2012
Flöha,small,14522140,10426,2013-06-17,2013-06-19,3,31.4,30.5,2013
Flöha,small,14522140,10426,2014-06-07,2014-06-09,3,31.2,30.8,2014
Flöha,small,14522140,10426,2015-07-02,2015-07-04,3,34.2,33.2,2015
Flöha,small,14522140,10426,2015-08-05,2015-08-07,3,34.5,33.3,2015
Flöha,small,14522140,10426,2015-08-29,2015-08-31,3,32.2,30.7,2015
Flöha,small,14522140,10426,2016-08-25,2016-08-27,3,31.2,30.2,2016
Flöha,small,14522140,10426,2018-07-29,2018-07-31,3,32.4,31.5,2018
Flöha,small,14522140,10426,2018-08-06,2018-08-08,3,33.0,32.4,2018
Flöha,small,14522140,10426,2021-06-16,2021-06-19,4,30.1,29.4,2021
Flöha,small,14522140,10426,2022-08-02,2022-08-04,3,33.0,31.8,2022
Flöha,small,14522140,10426,2023-07-08,2023-07-10,3,31.4,30.4,2023
Flöha,small,14522140,10426,2024-09-02,2024-09-04,3,30.4,30.1,2024
Flöha,small,14522140,10426,2025-08-12,2025-08-14,3,32.3,31.7,2025
Altmittweida,rural,14522010,1903,1982-06-02,1982-06-04,3,30.6,29.6,1982
Altmittweida,rural,14522010,1903,1994-06-25,1994-06-28,4,30.3,29.6,1994
Altmittweida,rural,14522010,1903,1994-07-23,1994-07-25,3,31.3,30.5,1994
Altmittweida,rural,14522010,1903,1994-07-27,1994-07-31,5,34.2,32.8,1994
Altmittweida,rural,14522010,1903,2000-06-19,2000-06-21,3,31.9,30.6,2000
Altmittweida,rural,14522010,1903,2006-07-18,2006-07-21,4,33.2,31.0,2006
Altmittweida,rural,14522010,1903,2010-07-08,2010-07-11,4,34.2,32.6,2010
Altmittweida,rural,14522010,1903,2012-08-18,2012-08-20,3,34.6,32.1,2012
Altmittweida,rural,14522010,1903,2013-06-17,2013-06-19,3,31.5,30.4,2013
Altmittweida,rural,14522010,1903,2014-06-07,2014-06-09,3,30.8,30.5,2014
Altmittweida,rural,14522010,1903,2015-07-02,2015-07-04,3,33.9,33.1,2015
Altmittweida,rural,14522010,1903,2015-08-05,2015-08-07,3,34.2,32.8,2015
Altmittweida,rural,14522010,1903,2015-08-29,2015-08-31,3,31.8,30.3,2015
Altmittweida,rural,14522010,1903,2016-08-25,2016-08-27,3,31.2,30.3,2016
Altmittweida,rural,14522010,1903,2018-07-29,2018-07-31,3,32.8,31.9,2018
Altmittweida,rural,14522010,1903,2018-08-06,2018-08-08,3,33.3,32.7,2018
Altmittweida,rural,14522010,1903,2019-06-28,2019-06-30,3,35.0,31.1,2019
Altmittweida,rural,14522010,1903,2019-08-27,2019-08-30,4,29.6,28.8,2019
Altmittweida,rural,14522010,1903,2020-08-06,2020-08-08,3,32.0,31.3,2020
Altmittweida,rural,14522010,1903,2021-06-16,2021-06-19,4,30.6,30.1,2021
Altmittweida,rural,14522010,1903,2022-08-02,2022-08-04,3,33.0,31.6,2022
Altmittweida,rural,14522010,1903,2023-07-07,2023-07-10,4,31.6,30.4,2023
Altmittweida,rural,14522010,1903,2024-08-27,2024-08-29,3,31.4,29.5,2024
Altmittweida,rural,14522010,1903,2024-09-02,2024-09-07,6,31.0,29.9,2024
Altmittweida,rural,14522010,1903,2025-08-12,2025-08-14,3,32.2,31.9,2025
Halle (Saale),large,15002000,242172,1982-05-31,1982-06-04,5,31.7,30.1,1982
Halle (Saale),large,15002000,242172,1994-07-22,1994-07-31,10,35.6,33.0,1994
Halle (Saale),large,15002000,242172,2000-06-18,2000-06-20,3,32.8,31.9,2000
Halle (Saale),large,15002000,242172,2003-06-02,2003-06-04,3,31.2,30.2,2003
Halle (Saale),large,15002000,242172,2003-08-06,2003-08-09,4,33.8,32.5,2003
Halle (Saale),large,15002000,242172,2006-07-17,2006-07-21,5,35.4,32.5,2006
Halle (Saale),large,15002000,242172,2006-07-25,2006-07-27,3,34.3,32.8,2006
Halle (Saale),large,15002000,242172,2010-07-08,2010-07-11,4,35.4,34.1,2010
Halle (Saale),large,15002000,242172,2011-06-03,2011-06-05,3,29.6,28.9,2011
Halle (Saale),large,15002000,242172,2014-06-07,2014-06-09,3,31.8,31.3,2014
Halle (Saale),large,15002000,242172,2015-07-01,2015-07-04,4,35.6,33.3,2015
Halle (Saale),large,15002000,242172,2016-08-24,2016-08-27,4,32.9,31.4,2016
Halle (Saale),large,15002000,242172,2016-09-11,2016-09-13,3,30.8,30.3,2016
Halle (Saale),large,15002000,242172,2017-05-27,2017-05-29,3,30.6,29.8,2017
Halle (Saale),large,15002000,242172,2018-06-06,2018-06-09,4,32.1,30.1,2018
Halle (Saale),large,15002000,242172,2018-07-23,2018-07-27,5,33.0,32.4,2018
Halle (Saale),large,15002000,242172,2018-08-06,2018-08-08,3,35.2,34.9,2018
Halle (Saale),large,15002000,242172,2018-09-17,2018-09-20,4,30.6,30.0,2018
Halle (Saale),large,15002000,242172,2019-06-01,2019-06-04,4,32.4,31.0,2019
Halle (Saale),large,15002000,242172,2019-06-23,2019-06-25,3,35.0,32.9,2019
Halle (Saale),large,15002000,242172,2019-07-22,2019-07-25,4,36.0,33.6,2019
Halle (Saale),large,15002000,242172,2019-08-24,2019-08-30,7,32.4,31.6,2019
Halle (Saale),large,15002000,242172,2020-08-06,2020-08-08,3,34.2,33.3,2020
Halle (Saale),large,15002000,242172,2020-08-10,2020-08-12,3,32.1,31.8,2020
Halle (Saale),large,15002000,242172,2020-09-13,2020-09-15,3,30.2,29.8,2020
Halle (Saale),large,15002000,242172,2021-06-16,2021-06-19,4,32.5,31.6,2021
Halle (Saale),large,15002000,242172,2023-09-05,2023-09-11,7,29.4,28.8,2023
Halle (Saale),large,15002000,242172,2024-09-01,2024-09-07,7,32.9,30.9,2024
Halle (Saale),large,15002000,242172,2025-08-12,2025-08-14,3,34.2,33.4,2025
Merseburg,medium,15088220,34721,1982-05-31,1982-06-04,5,31.6,29.9,1982
Merseburg,medium,15088220,34721,1994-07-22,1994-07-31,10,35.0,32.5,1994
Merseburg,medium,15088220,34721,2000-06-18,2000-06-20,3,32.4,31.6,2000
Merseburg,medium,15088220,34721,2003-06-02,2003-06-04,3,30.8,30.0,2003
Merseburg,medium,15088220,34721,2003-08-06,2003-08-09,4,33.4,32.3,2003
Merseburg,medium,15088220,34721,2006-07-18,2006-07-21,4,34.8,32.5,2006
Merseburg,medium,15088220,34721,2006-07-25,2006-07-27,3,33.9,32.4,2006
Merseburg,medium,15088220,34721,2010-07-08,2010-07-11,4,34.8,33.6,2010
Merseburg,medium,15088220,34721,2014-06-07,2014-06-09,3,31.6,31.0,2014
Merseburg,medium,15088220,34721,2015-07-01,2015-07-04,4,35.3,33.1,2015
Merseburg,medium,15088220,34721,2016-08-24,2016-08-27,4,32.5,31.0,2016
Merseburg,medium,15088220,34721,2016-09-11,2016-09-13,3,30.6,30.1,2016
Merseburg,medium,15088220,34721,2017-05-27,2017-05-29,3,30.0,29.7,2017
Merseburg,medium,15088220,34721,2018-07-23,2018-07-27,5,33.0,32.2,2018
Merseburg,medium,15088220,34721,2018-08-06,2018-08-08,3,35.2,34.9,2018
Merseburg,medium,15088220,34721,2018-09-17,2018-09-20,4,30.3,29.9,2018
Merseburg,medium,15088220,34721,2019-06-01,2019-06-04,4,31.8,30.6,2019
Merseburg,medium,15088220,34721,2019-07-22,2019-07-25,4,36.4,34.0,2019
Merseburg,medium,15088220,34721,2019-08-24,2019-08-30,7,32.4,31.6,2019
Merseburg,medium,15088220,34721,2020-08-06,2020-08-08,3,34.8,33.9,2020
Merseburg,medium,15088220,34721,2020-08-10,2020-08-12,3,32.8,32.3,2020
Merseburg,medium,15088220,34721,2020-09-13,2020-09-15,3,30.3,30.0,2020
Merseburg,medium,15088220,34721,2021-06-16,2021-06-19,4,31.9,31.0,2021
Merseburg,medium,15088220,34721,2023-09-07,2023-09-11,5,29.0,28.8,2023
Merseburg,medium,15088220,34721,2024-09-01,2024-09-07,7,32.6,30.7,2024
Merseburg,medium,15088220,34721,2025-08-12,2025-08-14,3,33.2,32.6,2025
Bad Lauchstädt,small,15088025,8995,1982-05-31,1982-06-04,5,31.4,29.8,1982
Bad Lauchstädt,small,15088025,8995,1994-07-22,1994-07-31,10,34.7,32.3,1994
Bad Lauchstädt,small,15088025,8995,2000-06-18,2000-06-20,3,32.3,31.4,2000
Bad Lauchstädt,small,15088025,8995,2003-06-02,2003-06-04,3,30.7,29.8,2003
Bad Lauchstädt,small,15088025,8995,2003-08-06,2003-08-09,4,33.3,32.1,2003
Bad Lauchstädt,small,15088025,8995,2006-07-17,2006-07-21,5,34.7,32.0,2006
Bad Lauchstädt,small,15088025,8995,2006-07-25,2006-07-27,3,33.7,32.2,2006
Bad Lauchstädt,small,15088025,8995,2010-07-08,2010-07-11,4,34.5,33.4,2010
Bad Lauchstädt,small,15088025,8995,2014-06-07,2014-06-09,3,31.5,30.9,2014
Bad Lauchstädt,small,15088025,8995,2015-07-01,2015-07-04,4,35.1,32.8,2015
Bad Lauchstädt,small,15088025,8995,2016-08-24,2016-08-27,4,32.4,30.9,2016
Bad Lauchstädt,small,15088025,8995,2016-09-11,2016-09-13,3,30.4,29.9,2016
Bad Lauchstädt,small,15088025,8995,2017-05-27,2017-05-29,3,29.4,29.2,2017
Bad Lauchstädt,small,15088025,8995,2018-07-23,2018-07-27,5,33.0,32.2,2018
Bad Lauchstädt,small,15088025,8995,2018-08-06,2018-08-08,3,35.2,34.8,2018
Bad Lauchstädt,small,15088025,8995,2018-09-17,2018-09-20,4,30.6,30.0,2018
Bad Lauchstädt,small,15088025,8995,2019-06-01,2019-06-04,4,32.0,30.7,2019
Bad Lauchstädt,small,15088025,8995,2019-06-23,2019-06-25,3,35.9,33.0,2019
Bad Lauchstädt,small,15088025,8995,2019-07-22,2019-07-25,4,36.5,34.1,2019
Bad Lauchstädt,small,15088025,8995,2019-08-24,2019-08-30,7,32.4,31.6,2019
Bad Lauchstädt,small,15088025,8995,2020-08-06,2020-08-08,3,34.6,33.6,2020
Bad Lauchstädt,small,15088025,8995,2020-08-10,2020-08-12,3,32.2,32.0,2020
Bad Lauchstädt,small,15088025,8995,2020-09-13,2020-09-15,3,30.2,29.7,2020
Bad Lauchstädt,small,15088025,8995,2021-06-16,2021-06-19,4,31.6,30.9,2021
Bad Lauchstädt,small,15088025,8995,2022-08-02,2022-08-04,3,35.0,32.7,2022
Bad Lauchstädt,small,15088025,8995,2023-09-07,2023-09-11,5,28.8,28.6,2023
Bad Lauchstädt,small,15088025,8995,2024-09-01,2024-09-07,7,32.2,30.5,2024
Bad Lauchstädt,small,15088025,8995,2025-08-12,2025-08-14,3,32.8,32.6,2025
Obhausen,rural,15088265,2170,1982-06-01,1982-06-04,4,31.0,29.9,1982
Obhausen,rural,15088265,2170,1994-07-22,1994-07-31,10,34.4,32.1,1994
Obhausen,rural,15088265,2170,2000-06-18,2000-06-20,3,32.0,31.2,2000
Obhausen,rural,15088265,2170,2003-06-02,2003-06-04,3,30.5,29.5,2003
Obhausen,rural,15088265,2170,2003-08-06,2003-08-09,4,33.3,32.2,2003
Obhausen,rural,15088265,2170,2006-07-17,2006-07-21,5,34.8,32.2,2006
Obhausen,rural,15088265,2170,2006-07-25,2006-07-27,3,33.5,32.2,2006
Obhausen,rural,15088265,2170,2010-07-08,2010-07-11,4,34.1,33.1,2010
Obhausen,rural,15088265,2170,2014-06-07,2014-06-09,3,31.3,30.6,2014
Obhausen,rural,15088265,2170,2015-07-01,2015-07-04,4,35.0,32.6,2015
Obhausen,rural,15088265,2170,2016-08-24,2016-08-27,4,32.6,30.9,2016
Obhausen,rural,15088265,2170,2016-09-11,2016-09-13,3,30.4,29.9,2016
Obhausen,rural,15088265,2170,2018-07-23,2018-07-27,5,33.0,32.3,2018
Obhausen,rural,15088265,2170,2018-08-06,2018-08-08,3,35.0,34.9,2018
Obhausen,rural,15088265,2170,2018-09-17,2018-09-20,4,30.3,29.6,2018
Obhausen,rural,15088265,2170,2019-06-01,2019-06-04,4,32.2,30.4,2019
Obhausen,rural,15088265,2170,2019-06-23,2019-06-25,3,35.5,32.7,2019
Obhausen,rural,15088265,2170,2019-07-22,2019-07-25,4,36.1,33.8,2019
Obhausen,rural,15088265,2170,2019-08-24,2019-08-30,7,31.7,31.0,2019
Obhausen,rural,15088265,2170,2020-08-06,2020-08-08,3,34.2,33.1,2020
Obhausen,rural,15088265,2170,2020-08-10,2020-08-12,3,31.6,31.5,2020
Obhausen,rural,15088265,2170,2020-09-13,2020-09-15,3,29.6,28.9,2020
Obhausen,rural,15088265,2170,2021-06-16,2021-06-19,4,31.5,30.7,2021
Obhausen,rural,15088265,2170,2023-09-08,2023-09-11,4,28.9,28.7,2023
Obhausen,rural,15088265,2170,2024-09-01,2024-09-07,7,32.4,30.8,2024
Obhausen,rural,15088265,2170,2025-08-12,2025-08-14,3,32.4,32.1,2025
Magdeburg,large,15003000,240114,1982-05-31,1982-06-04,5,31.8,30.3,1982
Magdeburg,large,15003000,240114,1994-07-22,1994-07-27,6,33.3,32.0,1994
Magdeburg,large,15003000,240114,1994-07-29,1994-07-31,3,34.4,33.9,1994
Magdeburg,large,15003000,240114,2000-06-18,2000-06-20,3,33.2,32.5,2000
Magdeburg,large,15003000,240114,2003-06-01,2003-06-04,4,31.5,29.6,2003
Magdeburg,large,15003000,240114,2003-08-06,2003-08-09,4,33.4,32.0,2003
Magdeburg,large,15003000,240114,2005-09-06,2005-09-08,3,29.2,28.9,2005
Magdeburg,large,15003000,240114,2006-07-17,2006-07-22,6,35.9,32.4,2006
Magdeburg,large,15003000,240114,2006-07-25,2006-07-27,3,34.4,32.9,2006
Magdeburg,large,15003000,240114,2010-07-08,2010-07-11,4,35.2,34.2,2010
Magdeburg,large,15003000,240114,2014-06-07,2014-06-09,3,31.6,30.8,2014
Magdeburg,large,15003000,240114,2015-07-01,2015-07-04,4,35.7,32.9,2015
Magdeburg,large,15003000,240114,2016-08-24,2016-08-27,4,34.3,32.2,2016
Magdeburg,large,15003000,240114,2016-09-11,2016-09-13,3,30.9,30.3,2016
Magdeburg,large,15003000,240114,2018-05-27,2018-05-31,5,30.8,29.7,2018
Magdeburg,large,15003000,240114,2018-06-06,2018-06-08,3,30.8,29.8,2018
Magdeburg,large,15003000,240114,2018-07-23,2018-07-27,5,33.3,32.3,2018
Magdeburg,large,15003000,240114,2018-07-29,2018-07-31,3,36.0,33.6,2018
Magdeburg,large,15003000,240114,2018-08-06,2018-08-08,3,35.9,35.4,2018
Magdeburg,large,15003000,240114,2018-09-17,2018-09-20,4,30.2,29.2,2018
Magdeburg,large,15003000,240114,2019-06-01,2019-06-04,4,33.8,31.7,2019
Magdeburg,large,15003000,240114,2019-07-22,2019-07-25,4,35.6,33.1,2019
Magdeburg,large,15003000,240114,2019-08-23,2019-08-30,8,32.8,31.4,2019
Magdeburg,large,15003000,240114,2020-08-06,2020-08-08,3,34.5,33.8,2020
Magdeburg,large,15003000,240114,2020-08-10,2020-08-12,3,32.7,32.0,2020
Magdeburg,large,15003000,240114,2020-09-13,2020-09-15,3,30.0,29.4,2020
Magdeburg,large,15003000,240114,2021-06-16,2021-06-19,4,34.6,33.0,2021
Magdeburg,large,15003000,240114,2022-06-22,2022-06-26,5,32.0,30.7,2022
Magdeburg,large,15003000,240114,2023-09-05,2023-09-10,6,29.8,29.2,2023
Magdeburg,large,15003000,240114,2024-09-02,2024-09-07,6,33.2,31.4,2024
Magdeburg,large,15003000,240114,2025-08-11,2025-08-14,4,35.6,32.9,2025
Schönebeck,medium,15089305,30402,1982-05-31,1982-06-04,5,31.8,30.2,1982
Schönebeck,medium,15089305,30402,1994-07-22,1994-07-27,6,33.2,31.9,1994
Schönebeck,medium,15089305,30402,1994-07-29,1994-07-31,3,35.1,34.2,1994
Schönebeck,medium,15089305,30402,2000-06-18,2000-06-20,3,33.0,32.2,2000
Schönebeck,medium,15089305,30402,2003-06-01,2003-06-04,4,31.3,29.5,2003
Schönebeck,medium,15089305,30402,2005-09-06,2005-09-08,3,28.8,28.4,2005
Schönebeck,medium,15089305,30402,2006-07-17,2006-07-22,6,35.5,32.2,2006
Schönebeck,medium,15089305,30402,2006-07-25,2006-07-27,3,34.0,32.7,2006
Schönebeck,medium,15089305,30402,2010-07-08,2010-07-11,4,35.1,34.0,2010
Schönebeck,medium,15089305,30402,2014-06-07,2014-06-09,3,31.5,30.9,2014
Schönebeck,medium,15089305,30402,2015-07-02,2015-07-04,3,35.3,33.8,2015
Schönebeck,medium,15089305,30402,2016-08-24,2016-08-27,4,33.7,31.8,2016
Schönebeck,medium,15089305,30402,2016-09-11,2016-09-13,3,30.6,30.1,2016
Schönebeck,medium,15089305,30402,2018-05-27,2018-05-31,5,30.5,29.7,2018
Schönebeck,medium,15089305,30402,2018-06-06,2018-06-09,4,31.0,29.7,2018
Schönebeck,medium,15089305,30402,2018-07-23,2018-07-27,5,33.3,32.5,2018
Schönebeck,medium,15089305,30402,2018-07-29,2018-07-31,3,36.3,34.0,2018
Schönebeck,medium,15089305,30402,2018-08-06,2018-08-08,3,36.1,35.5,2018
Schönebeck,medium,15089305,30402,2018-09-17,2018-09-20,4,30.0,29.4,2018
Schönebeck,medium,15089305,30402,2019-06-01,2019-06-04,4,33.6,31.6,2019
Schönebeck,medium,15089305,30402,2019-07-22,2019-07-25,4,35.5,33.0,2019
Schönebeck,medium,15089305,30402,2019-08-23,2019-08-30,8,33.3,31.7,2019
Schönebeck,medium,15089305,30402,2020-08-06,2020-08-08,3,34.6,33.9,2020
Schönebeck,medium,15089305,30402,2020-08-10,2020-08-12,3,32.4,31.9,2020
Schönebeck,medium,15089305,30402,2020-09-13,2020-09-15,3,29.8,29.4,2020
Schönebeck,medium,15089305,30402,2021-06-16,2021-06-19,4,34.0,32.6,2021
Schönebeck,medium,15089305,30402,2023-09-05,2023-09-10,6,29.6,29.0,2023
Schönebeck,medium,15089305,30402,2024-09-02,2024-09-07,6,33.0,31.3,2024
Schönebeck,medium,15089305,30402,2025-08-12,2025-08-14,3,35.0,33.6,2025
Wolmirstedt,small,15083565,11782,1982-05-31,1982-06-04,5,32.0,30.5,1982
Wolmirstedt,small,15083565,11782,1994-07-21,1994-07-27,7,33.0,31.7,1994
Wolmirstedt,small,15083565,11782,1994-07-29,1994-07-31,3,34.2,33.6,1994
Wolmirstedt,small,15083565,11782,2000-06-18,2000-06-20,3,33.3,32.6,2000
Wolmirstedt,small,15083565,11782,2003-06-01,2003-06-04,4,31.7,29.8,2003
Wolmirstedt,small,15083565,11782,2005-09-06,2005-09-08,3,28.7,28.5,2005
Wolmirstedt,small,15083565,11782,2006-07-17,2006-07-22,6,35.6,32.1,2006
Wolmirstedt,small,15083565,11782,2006-07-25,2006-07-27,3,34.2,32.6,2006
Wolmirstedt,small,15083565,11782,2010-07-08,2010-07-11,4,35.4,34.3,2010
Wolmirstedt,small,15083565,11782,2014-06-07,2014-06-09,3,31.9,30.9,2014
Wolmirstedt,small,15083565,11782,2015-07-01,2015-07-04,4,35.6,32.8,2015
Wolmirstedt,small,15083565,11782,2016-08-24,2016-08-27,4,33.6,31.5,2016
Wolmirstedt,small,15083565,11782,2016-09-11,2016-09-13,3,30.6,30.0,2016
Wolmirstedt,small,15083565,11782,2018-05-27,2018-05-31,5,31.2,29.7,2018
Wolmirstedt,small,15083565,11782,2018-07-23,2018-07-27,5,32.6,31.6,2018
Wolmirstedt,small,15083565,11782,2018-08-06,2018-08-08,3,34.4,34.1,2018
Wolmirstedt,small,15083565,11782,2019-07-22,2019-07-24,3,34.3,32.5,2019
Wolmirstedt,small,15083565,11782,2019-08-23,2019-08-30,8,32.4,30.8,2019
Wolmirstedt,small,15083565,11782,2020-08-06,2020-08-08,3,34.2,32.9,2020
Wolmirstedt,small,15083565,11782,2020-09-13,2020-09-15,3,29.6,29.0,2020
Wolmirstedt,small,15083565,11782,2021-06-16,2021-06-19,4,34.6,33.1,2021
Wolmirstedt,small,15083565,11782,2023-09-05,2023-09-10,6,29.6,28.9,2023
Wolmirstedt,small,15083565,11782,2024-09-02,2024-09-07,6,32.6,30.7,2024
Wolmirstedt,small,15083565,11782,2025-08-11,2025-08-14,4,35.4,32.8,2025
Loitsche-Heinrichsberg,rural,15083361,963,1982-05-31,1982-06-04,5,32.3,30.8,1982
Loitsche-Heinrichsberg,rural,15083361,963,1994-07-21,1994-07-27,7,33.4,32.0,1994
Loitsche-Heinrichsberg,rural,15083361,963,1994-07-29,1994-07-31,3,34.9,34.1,1994
Loitsche-Heinrichsberg,rural,15083361,963,2000-06-18,2000-06-20,3,33.7,32.9,2000
Loitsche-Heinrichsberg,rural,15083361,963,2003-06-01,2003-06-04,4,32.1,30.1,2003
Loitsche-Heinrichsberg,rural,15083361,963,2005-09-06,2005-09-08,3,28.7,28.6,2005
Loitsche-Heinrichsberg,rural,15083361,963,2006-07-17,2006-07-21,5,35.9,32.7,2006
Loitsche-Heinrichsberg,rural,15083361,963,2006-07-25,2006-07-27,3,34.5,32.8,2006
Loitsche-Heinrichsberg,rural,15083361,963,2010-07-08,2010-07-11,4,35.8,34.6,2010
Loitsche-Heinrichsberg,rural,15083361,963,2014-06-07,2014-06-09,3,32.2,31.1,2014
Loitsche-Heinrichsberg,rural,15083361,963,2015-07-02,2015-07-04,3,35.9,34.1,2015
Loitsche-Heinrichsberg,rural,15083361,963,2016-08-24,2016-08-27,4,33.9,31.7,2016
Loitsche-Heinrichsberg,rural,15083361,963,2016-09-11,2016-09-13,3,30.8,30.2,2016
Loitsche-Heinrichsberg,rural,15083361,963,2018-05-27,2018-05-31,5,31.2,29.7,2018
Loitsche-Heinrichsberg,rural,15083361,963,2018-07-24,2018-07-27,4,32.6,31.9,2018
Loitsche-Heinrichsberg,rural,15083361,963,2018-08-06,2018-08-08,3,34.4,34.1,2018
Loitsche-Heinrichsberg,rural,15083361,963,2019-08-23,2019-08-28,6,32.4,31.0,2019
Loitsche-Heinrichsberg,rural,15083361,963,2020-08-06,2020-08-08,3,34.2,32.9,2020
Loitsche-Heinrichsberg,rural,15083361,963,2020-09-13,2020-09-15,3,29.6,29.0,2020
Loitsche-Heinrichsberg,rural,15083361,963,2021-06-16,2021-06-19,4,34.6,33.1,2021
Loitsche-Heinrichsberg,rural,15083361,963,2023-09-05,2023-09-10,6,29.6,28.9,2023
Loitsche-Heinrichsberg,rural,15083361,963,2024-09-02,2024-09-07,6,32.6,30.7,2024
Loitsche-Heinrichsberg,rural,15083361,963,2025-08-12,2025-08-14,3,35.4,33.4,2025
Freiburg im Breisgau,large,08311000,237244,1983-07-25,1983-07-27,3,36.4,35.3,1983
Freiburg im Breisgau,large,08311000,237244,1992-08-06,1992-08-08,3,33.7,33.3,1992
Freiburg im Breisgau,large,08311000,237244,1998-08-07,1998-08-11,5,34.6,33.2,1998
Freiburg im Breisgau,large,08311000,237244,2003-06-09,2003-06-13,5,33.2,30.4,2003
Freiburg im Breisgau,large,08311000,237244,2003-08-02,2003-08-13,12,35.8,34.4,2003
Freiburg im Breisgau,large,08311000,237244,2006-07-18,2006-07-21,4,32.8,32.3,2006
Freiburg im Breisgau,large,08311000,237244,2006-07-24,2006-07-26,3,33.4,32.6,2006
Freiburg im Breisgau,large,08311000,237244,2011-08-20,2011-08-22,3,33.4,32.7,2011
Freiburg im Breisgau,large,08311000,237244,2012-08-17,2012-08-20,4,34.0,32.6,2012
Freiburg im Breisgau,large,08311000,237244,2013-06-16,2013-06-18,3,32.1,31.9,2013
Freiburg im Breisgau,large,08311000,237244,2014-06-06,2014-06-10,5,33.3,31.2,2014
Freiburg im Breisgau,large,08311000,237244,2015-06-30,2015-07-04,5,35.3,33.9,2015
Freiburg im Breisgau,large,08311000,237244,2015-08-05,2015-08-07,3,35.9,33.5,2015
Freiburg im Breisgau,large,08311000,237244,2015-08-28,2015-08-30,3,31.6,31.2,2015
Freiburg im Breisgau,large,08311000,237244,2016-08-23,2016-08-27,5,33.0,31.5,2016
Freiburg im Breisgau,large,08311000,237244,2016-09-11,2016-09-13,3,29.7,29.2,2016
Freiburg im Breisgau,large,08311000,237244,2017-06-18,2017-06-22,5,32.9,31.2,2017
Freiburg im Breisgau,large,08311000,237244,2017-07-05,2017-07-07,3,32.0,31.8,2017
Freiburg im Breisgau,large,08311000,237244,2018-08-02,2018-08-06,5,33.2,32.6,2018
Freiburg im Breisgau,large,08311000,237244,2019-06-24,2019-06-26,3,32.6,31.6,2019
Freiburg im Breisgau,large,08311000,237244,2019-07-22,2019-07-25,4,35.7,34.1,2019
Freiburg im Breisgau,large,08311000,237244,2020-08-07,2020-08-10,4,32.0,31.7,2020
Freiburg im Breisgau,large,08311000,237244,2020-09-13,2020-09-15,3,29.8,29.0,2020
Freiburg im Breisgau,large,08311000,237244,2021-06-15,2021-06-18,4,31.0,30.6,2021
Freiburg im Breisgau,large,08311000,237244,2022-06-14,2022-06-19,6,35.7,31.7,2022
Freiburg im Breisgau,large,08311000,237244,2022-07-17,2022-07-19,3,36.5,34.6,2022
Freiburg im Breisgau,large,08311000,237244,2022-08-02,2022-08-04,3,36.1,34.7,2022
Freiburg im Breisgau,large,08311000,237244,2023-08-17,2023-08-23,7,33.2,32.0,2023
Freiburg im Breisgau,large,08311000,237244,2023-09-07,2023-09-11,5,30.2,29.7,2023
Freiburg im Breisgau,large,08311000,237244,2024-08-27,2024-08-29,3,30.9,29.9,2024
Freiburg im Breisgau,large,08311000,237244,2025-06-11,2025-06-13,3,33.7,31.6,2025
Freiburg im Breisgau,large,08311000,237244,2025-06-27,2025-07-01,5,34.9,32.9,2025
Waldkirch,medium,08316056,22266,1983-07-25,1983-07-27,3,35.7,34.9,1983
Waldkirch,medium,08316056,22266,1992-08-06,1992-08-08,3,33.6,33.2,1992
Waldkirch,medium,08316056,22266,1998-08-07,1998-08-11,5,34.4,33.1,1998
Waldkirch,medium,08316056,22266,2003-06-09,2003-06-11,3,33.3,30.9,2003
Waldkirch,medium,08316056,22266,2003-08-02,2003-08-13,12,35.3,34.1,2003
Waldkirch,medium,08316056,22266,2004-06-07,2004-06-09,3,29.3,28.9,2004
Waldkirch,medium,08316056,22266,2005-05-26,2005-05-28,3,29.5,28.8,2005
Waldkirch,medium,08316056,22266,2006-07-18,2006-07-21,4,32.9,32.4,2006
Waldkirch,medium,08316056,22266,2006-07-24,2006-07-26,3,33.4,32.6,2006
Waldkirch,medium,08316056,22266,2011-08-20,2011-08-22,3,33.1,32.7,2011
Waldkirch,medium,08316056,22266,2012-08-17,2012-08-20,4,34.8,33.1,2012
Waldkirch,medium,08316056,22266,2013-06-16,2013-06-18,3,33.0,32.8,2013
Waldkirch,medium,08316056,22266,2014-06-06,2014-06-10,5,33.5,31.5,2014
Waldkirch,medium,08316056,22266,2015-06-30,2015-07-04,5,35.8,34.3,2015
Waldkirch,medium,08316056,22266,2015-08-05,2015-08-07,3,35.8,33.7,2015
Waldkirch,medium,08316056,22266,2015-08-28,2015-08-30,3,32.2,31.4,2015
Waldkirch,medium,08316056,22266,2016-08-23,2016-08-27,5,33.1,31.9,2016
Waldkirch,medium,08316056,22266,2016-09-11,2016-09-13,3,30.1,29.4,2016
Waldkirch,medium,08316056,22266,2017-06-19,2017-06-21,3,31.9,31.2,2017
Waldkirch,medium,08316056,22266,2019-06-24,2019-06-26,3,33.1,32.4,2019
Waldkirch,medium,08316056,22266,2019-07-22,2019-07-25,4,36.3,34.4,2019
Waldkirch,medium,08316056,22266,2020-08-07,2020-08-09,3,32.6,32.3,2020
Waldkirch,medium,08316056,22266,2021-06-15,2021-06-18,4,32.0,30.5,2021
Waldkirch,medium,08316056,22266,2022-05-17,2022-05-19,3,31.2,29.4,2022
Waldkirch,medium,08316056,22266,2022-07-17,2022-07-19,3,35.7,34.3,2022
Waldkirch,medium,08316056,22266,2022-08-02,2022-08-04,3,35.8,33.6,2022
Waldkirch,medium,08316056,22266,2023-08-18,2023-08-21,4,31.5,31.1,2023
Waldkirch,medium,08316056,22266,2023-09-08,2023-09-10,3,29.7,29.4,2023
Waldkirch,medium,08316056,22266,2025-06-11,2025-06-13,3,32.3,31.0,2025
Waldkirch,medium,08316056,22266,2025-06-29,2025-07-01,3,33.3,32.2,2025
Vogtsburg im Kaiserstuhl,small,08315133,6218,1983-07-25,1983-07-27,3,37.4,36.3,1983
Vogtsburg im Kaiserstuhl,small,08315133,6218,1990-08-01,1990-08-04,4,33.6,32.9,1990
Vogtsburg im Kaiserstuhl,small,08315133,6218,1991-07-04,1991-07-06,3,31.9,31.8,1991
Vogtsburg im Kaiserstuhl,small,08315133,6218,1992-08-06,1992-08-08,3,34.5,34.2,1992
Vogtsburg im Kaiserstuhl,small,08315133,6218,1993-06-05,1993-06-08,4,30.8,28.9,1993
Vogtsburg im Kaiserstuhl,small,08315133,6218,1998-08-08,1998-08-11,4,35.4,34.1,1998
Vogtsburg im Kaiserstuhl,small,08315133,6218,2000-06-18,2000-06-20,3,31.8,31.1,2000
Vogtsburg im Kaiserstuhl,small,08315133,6218,2003-06-09,2003-06-13,5,34.0,31.1,2003
Vogtsburg im Kaiserstuhl,small,08315133,6218,2003-08-02,2003-08-13,12,36.9,35.3,2003
Vogtsburg im Kaiserstuhl,small,08315133,6218,2003-09-18,2003-09-20,3,29.4,28.9,2003
Vogtsburg im Kaiserstuhl,small,08315133,6218,2004-06-07,2004-06-09,3,29.7,29.2,2004
Vogtsburg im Kaiserstuhl,small,08315133,6218,2006-07-18,2006-07-21,4,33.7,33.2,2006
Vogtsburg im Kaiserstuhl,small,08315133,6218,2006-07-24,2006-07-26,3,33.9,33.6,2006
Vogtsburg im Kaiserstuhl,small,08315133,6218,2011-08-20,2011-08-22,3,33.3,33.2,2011
Vogtsburg im Kaiserstuhl,small,08315133,6218,2012-08-17,2012-08-20,4,35.0,33.5,2012
Vogtsburg im Kaiserstuhl,small,08315133,6218,2013-06-16,2013-06-18,3,32.5,31.8,2013
Vogtsburg im Kaiserstuhl,small,08315133,6218,2014-06-06,2014-06-11,6,34.4,31.6,2014
Vogtsburg im Kaiserstuhl,small,08315133,6218,2015-06-30,2015-07-04,5,36.4,34.8,2015
Vogtsburg im Kaiserstuhl,small,08315133,6218,2015-08-28,2015-08-30,3,32.7,32.3,2015
Vogtsburg im Kaiserstuhl,small,08315133,6218,2016-08-24,2016-08-27,4,33.7,32.6,2016
Vogtsburg im Kaiserstuhl,small,08315133,6218,2016-09-11,2016-09-13,3,30.3,29.9,2016
Vogtsburg im Kaiserstuhl,small,08315133,6218,2017-05-26,2017-05-28,3,31.2,30.1,2017
Vogtsburg im Kaiserstuhl,small,08315133,6218,2017-06-18,2017-06-22,5,34.4,32.5,2017
Vogtsburg im Kaiserstuhl,small,08315133,6218,2017-07-05,2017-07-07,3,34.2,33.2,2017
Vogtsburg im Kaiserstuhl,small,08315133,6218,2018-09-17,2018-09-19,3,29.2,28.8,2018
Vogtsburg im Kaiserstuhl,small,08315133,6218,2019-06-24,2019-06-26,3,33.6,32.7,2019
Vogtsburg im Kaiserstuhl,small,08315133,6218,2019-07-22,2019-07-25,4,36.8,35.1,2019
Vogtsburg im Kaiserstuhl,small,08315133,6218,2020-08-07,2020-08-12,6,33.6,32.8,2020
Vogtsburg im Kaiserstuhl,small,08315133,6218,2020-09-13,2020-09-15,3,31.0,30.2,2020
Vogtsburg im Kaiserstuhl,small,08315133,6218,2021-06-14,2021-06-18,5,32.6,31.8,2021
Vogtsburg im Kaiserstuhl,small,08315133,6218,2022-05-17,2022-05-19,3,31.0,30.0,2022
Vogtsburg im Kaiserstuhl,small,08315133,6218,2022-06-14,2022-06-18,5,34.8,32.0,2022
Vogtsburg im Kaiserstuhl,small,08315133,6218,2022-07-17,2022-07-19,3,35.8,34.1,2022
Vogtsburg im Kaiserstuhl,small,08315133,6218,2023-06-08,2023-06-11,4,29.2,28.9,2023
Vogtsburg im Kaiserstuhl,small,08315133,6218,2023-08-17,2023-08-21,5,31.8,31.4,2023
Vogtsburg im Kaiserstuhl,small,08315133,6218,2023-09-07,2023-09-11,5,30.6,30.1,2023
Vogtsburg im Kaiserstuhl,small,08315133,6218,2025-05-29,2025-05-31,3,31.3,29.8,2025
Vogtsburg im Kaiserstuhl,small,08315133,6218,2025-06-11,2025-06-13,3,34.2,31.8,2025
Vogtsburg im Kaiserstuhl,small,08315133,6218,2025-06-28,2025-07-01,4,34.8,33.1,2025
Vogtsburg im Kaiserstuhl,small,08315133,6218,2025-08-11,2025-08-14,4,33.6,32.6,2025
Bahlingen am Kaiserstuhl,rural,08316002,4613,1983-07-25,1983-07-27,3,37.1,36.1,1983
Bahlingen am Kaiserstuhl,rural,08316002,4613,1990-08-01,1990-08-04,4,33.3,32.7,1990
Bahlingen am Kaiserstuhl,rural,08316002,4613,1992-08-06,1992-08-08,3,34.4,34.1,1992
Bahlingen am Kaiserstuhl,rural,08316002,4613,1993-06-05,1993-06-08,4,30.8,28.9,1993
Bahlingen am Kaiserstuhl,rural,08316002,4613,1998-08-07,1998-08-11,5,35.3,33.6,1998
Bahlingen am Kaiserstuhl,rural,08316002,4613,2000-06-18,2000-06-20,3,31.8,31.0,2000
Bahlingen am Kaiserstuhl,rural,08316002,4613,2003-06-09,2003-06-13,5,33.9,31.0,2003
Bahlingen am Kaiserstuhl,rural,08316002,4613,2003-08-02,2003-08-13,12,36.6,35.1,2003
Bahlingen am Kaiserstuhl,rural,08316002,4613,2003-09-18,2003-09-20,3,29.5,28.9,2003
Bahlingen am Kaiserstuhl,rural,08316002,4613,2004-06-07,2004-06-09,3,29.6,29.2,2004
Bahlingen am Kaiserstuhl,rural,08316002,4613,2006-07-18,2006-07-21,4,33.7,33.2,2006
Bahlingen am Kaiserstuhl,rural,08316002,4613,2006-07-24,2006-07-26,3,34.0,33.6,2006
Bahlingen am Kaiserstuhl,rural,08316002,4613,2011-08-20,2011-08-22,3,33.4,33.1,2011
Bahlingen am Kaiserstuhl,rural,08316002,4613,2012-08-17,2012-08-20,4,34.8,33.4,2012
Bahlingen am Kaiserstuhl,rural,08316002,4613,2013-06-16,2013-06-18,3,32.6,32.1,2013
Bahlingen am Kaiserstuhl,rural,08316002,4613,2014-06-06,2014-06-10,5,34.3,32.1,2014
Bahlingen am Kaiserstuhl,rural,08316002,4613,2015-06-30,2015-07-04,5,36.2,34.7,2015
Bahlingen am Kaiserstuhl,rural,08316002,4613,2015-08-05,2015-08-07,3,36.8,34.3,2015
Bahlingen am Kaiserstuhl,rural,08316002,4613,2015-08-28,2015-08-30,3,32.3,32.1,2015
Bahlingen am Kaiserstuhl,rural,08316002,4613,2016-08-24,2016-08-27,4,33.7,32.6,2016
Bahlingen am Kaiserstuhl,rural,08316002,4613,2016-09-11,2016-09-13,3,30.4,29.9,2016
Bahlingen am Kaiserstuhl,rural,08316002,4613,2017-05-26,2017-05-28,3,30.4,29.4,2017
Bahlingen am Kaiserstuhl,rural,08316002,4613,2017-06-19,2017-06-21,3,33.4,32.3,2017
Bahlingen am Kaiserstuhl,rural,08316002,4613,2019-06-24,2019-06-26,3,33.2,32.3,2019
Bahlingen am Kaiserstuhl,rural,08316002,4613,2019-07-22,2019-07-25,4,36.2,34.6,2019
Bahlingen am Kaiserstuhl,rural,08316002,4613,2020-08-07,2020-08-10,4,33.0,32.6,2020
Bahlingen am Kaiserstuhl,rural,08316002,4613,2020-09-13,2020-09-15,3,30.4,29.6,2020
Bahlingen am Kaiserstuhl,rural,08316002,4613,2021-06-15,2021-06-18,4,31.6,31.1,2021
Bahlingen am Kaiserstuhl,rural,08316002,4613,2022-05-17,2022-05-19,3,31.2,30.0,2022
Bahlingen am Kaiserstuhl,rural,08316002,4613,2022-07-17,2022-07-19,3,36.1,34.7,2022
Bahlingen am Kaiserstuhl,rural,08316002,4613,2023-06-08,2023-06-10,3,28.6,28.4,2023
Bahlingen am Kaiserstuhl,rural,08316002,4613,2023-08-17,2023-08-21,5,32.2,31.6,2023
Bahlingen am Kaiserstuhl,rural,08316002,4613,2023-09-07,2023-09-11,5,30.5,29.9,2023
Bahlingen am Kaiserstuhl,rural,08316002,4613,2025-06-11,2025-06-13,3,33.6,31.5,2025
Bahlingen am Kaiserstuhl,rural,08316002,4613,2025-06-28,2025-07-01,4,35.0,32.9,2025
Krefeld,large,05114000,228550,1982-06-01,1982-06-03,3,28.3,28.1,1982
Krefeld,large,05114000,228550,1990-08-01,1990-08-03,3,34.0,32.4,1990
Krefeld,large,05114000,228550,1994-08-02,1994-08-04,3,33.7,31.5,1994
Krefeld,large,05114000,228550,1995-07-08,1995-07-10,3,32.2,31.6,1995
Krefeld,large,05114000,228550,1996-06-05,1996-06-07,3,30.2,29.3,1996
Krefeld,large,05114000,228550,1998-08-09,1998-08-11,3,31.0,30.0,1998
Krefeld,large,05114000,228550,2001-08-23,2001-08-25,3,33.2,31.1,2001
Krefeld,large,05114000,228550,2003-08-04,2003-08-08,5,34.8,32.6,2003
Krefeld,large,05114000,228550,2006-07-17,2006-07-21,5,34.3,31.8,2006
Krefeld,large,05114000,228550,2006-07-24,2006-07-26,3,33.2,31.7,2006
Krefeld,large,05114000,228550,2010-07-07,2010-07-11,5,33.7,32.2,2010
Krefeld,large,05114000,228550,2012-08-17,2012-08-19,3,35.0,31.7,2012
Krefeld,large,05114000,228550,2015-06-30,2015-07-03,4,34.8,32.8,2015
Krefeld,large,05114000,228550,2016-08-23,2016-08-27,5,31.9,30.2,2016
Krefeld,large,05114000,228550,2016-09-11,2016-09-14,4,31.5,30.2,2016
Krefeld,large,05114000,228550,2017-06-18,2017-06-21,4,33.8,30.8,2017
Krefeld,large,05114000,228550,2018-07-23,2018-07-26,4,34.7,33.5,2018
Krefeld,large,05114000,228550,2018-08-01,2018-08-03,3,33.6,32.3,2018
Krefeld,large,05114000,228550,2019-06-22,2019-06-25,4,35.2,31.5,2019
Krefeld,large,05114000,228550,2019-07-22,2019-07-25,4,39.6,37.2,2019
Krefeld,large,05114000,228550,2019-08-23,2019-08-27,5,33.0,31.3,2019
Krefeld,large,05114000,228550,2020-08-05,2020-08-12,8,35.0,33.1,2020
Krefeld,large,05114000,228550,2021-06-15,2021-06-17,3,33.1,31.0,2021
Krefeld,large,05114000,228550,2022-08-09,2022-08-13,5,32.5,31.2,2022
Krefeld,large,05114000,228550,2022-08-22,2022-08-24,3,32.8,31.8,2022
Krefeld,large,05114000,228550,2022-09-03,2022-09-05,3,29.8,29.2,2022
Krefeld,large,05114000,228550,2023-06-08,2023-06-11,4,29.2,28.8,2023
Krefeld,large,05114000,228550,2023-09-05,2023-09-10,6,30.3,29.1,2023
Krefeld,large,05114000,228550,2025-06-29,2025-07-01,3,35.7,34.1,2025
Krefeld,large,05114000,228550,2025-08-11,2025-08-13,3,33.5,32.7,2025
Tönisvorst,medium,05166028,29331,1990-08-01,1990-08-03,3,34.0,32.3,1990
Tönisvorst,medium,05166028,29331,1994-08-02,1994-08-04,3,33.6,31.5,1994
Tönisvorst,medium,05166028,29331,1995-07-08,1995-07-10,3,32.1,31.6,1995
Tönisvorst,medium,05166028,29331,1996-06-05,1996-06-07,3,30.3,29.3,1996
Tönisvorst,medium,05166028,29331,1998-08-09,1998-08-11,3,31.0,30.1,1998
Tönisvorst,medium,05166028,29331,2001-08-23,2001-08-25,3,33.1,31.1,2001
Tönisvorst,medium,05166028,29331,2003-08-04,2003-08-08,5,34.8,32.5,2003
Tönisvorst,medium,05166028,29331,2006-07-17,2006-07-21,5,34.2,31.8,2006
Tönisvorst,medium,05166028,29331,2006-07-24,2006-07-26,3,33.1,31.7,2006
Tönisvorst,medium,05166028,29331,2010-07-07,2010-07-11,5,33.6,32.0,2010
Tönisvorst,medium,05166028,29331,2012-08-17,2012-08-19,3,35.1,31.8,2012
Tönisvorst,medium,05166028,29331,2015-06-30,2015-07-03,4,34.9,32.9,2015
Tönisvorst,medium,05166028,29331,2016-08-23,2016-08-27,5,31.8,30.1,2016
Tönisvorst,medium,05166028,29331,2016-09-11,2016-09-14,4,31.4,30.2,2016
Tönisvorst,medium,05166028,29331,2017-06-18,2017-06-21,4,33.8,30.8,2017
Tönisvorst,medium,05166028,29331,2018-07-23,2018-07-26,4,34.7,33.5,2018
Tönisvorst,medium,05166028,29331,2018-08-01,2018-08-03,3,33.6,32.3,2018
Tönisvorst,medium,05166028,29331,2019-06-22,2019-06-25,4,35.2,31.5,2019
Tönisvorst,medium,05166028,29331,2019-07-22,2019-07-25,4,39.6,37.2,2019
Tönisvorst,medium,05166028,29331,2019-08-23,2019-08-27,5,33.0,31.3,2019
Tönisvorst,medium,05166028,29331,2020-08-05,2020-08-12,8,35.0,33.1,2020
Tönisvorst,medium,05166028,29331,2021-06-15,2021-06-17,3,33.1,31.0,2021
Tönisvorst,medium,05166028,29331,2022-08-09,2022-08-13,5,32.5,31.2,2022
Tönisvorst,medium,05166028,29331,2022-08-22,2022-08-24,3,32.8,31.8,2022
Tönisvorst,medium,05166028,29331,2022-09-03,2022-09-05,3,29.8,29.2,2022
Tönisvorst,medium,05166028,29331,2023-06-08,2023-06-11,4,29.2,28.8,2023
Tönisvorst,medium,05166028,29331,2023-09-05,2023-09-10,6,30.3,29.1,2023
Tönisvorst,medium,05166028,29331,2025-06-29,2025-07-01,3,35.7,34.1,2025
Tönisvorst,medium,05166028,29331,2025-08-11,2025-08-13,3,33.5,32.7,2025
Mainz,large,07315000,222889,1982-06-01,1982-06-04,4,30.3,29.6,1982
Mainz,large,07315000,222889,1982-09-14,1982-09-16,3,29.2,28.9,1982
Mainz,large,07315000,222889,1990-08-01,1990-08-04,4,34.1,33.3,1990
Mainz,large,07315000,222889,1992-08-06,1992-08-08,3,35.7,34.4,1992
Mainz,large,07315000,222889,1999-09-11,1999-09-14,4,29.8,29.3,1999
Mainz,large,07315000,222889,2000-06-18,2000-06-20,3,31.5,30.9,2000
Mainz,large,07315000,222889,2003-08-02,2003-08-12,11,38.0,35.6,2003
Mainz,large,07315000,222889,2003-09-18,2003-09-20,3,30.4,29.1,2003
Mainz,large,07315000,222889,2004-06-07,2004-06-09,3,31.1,30.1,2004
Mainz,large,07315000,222889,2006-07-17,2006-07-21,5,35.2,33.6,2006
Mainz,large,07315000,222889,2006-07-24,2006-07-26,3,35.1,34.3,2006
Mainz,large,07315000,222889,2010-07-08,2010-07-11,4,34.4,33.5,2010
Mainz,large,07315000,222889,2012-08-17,2012-08-20,4,34.9,32.7,2012
Mainz,large,07315000,222889,2014-06-06,2014-06-09,4,33.3,31.8,2014
Mainz,large,07315000,222889,2015-06-30,2015-07-04,5,37.5,35.4,2015
Mainz,large,07315000,222889,2016-08-24,2016-08-27,4,33.6,32.2,2016
Mainz,large,07315000,222889,2016-09-11,2016-09-14,4,31.1,30.1,2016
Mainz,large,07315000,222889,2017-05-26,2017-05-29,4,33.6,30.6,2017
Mainz,large,07315000,222889,2017-06-18,2017-06-21,4,35.8,33.1,2017
Mainz,large,07315000,222889,2018-07-23,2018-07-26,4,34.6,33.6,2018
Mainz,large,07315000,222889,2018-07-29,2018-08-03,6,35.4,34.2,2018
Mainz,large,07315000,222889,2018-09-17,2018-09-19,3,31.1,29.8,2018
Mainz,large,07315000,222889,2019-05-31,2019-06-04,5,31.9,30.9,2019
Mainz,large,07315000,222889,2019-06-23,2019-06-26,4,37.2,34.3,2019
Mainz,large,07315000,222889,2019-07-22,2019-07-25,4,39.4,37.4,2019
Mainz,large,07315000,222889,2019-08-24,2019-08-28,5,32.8,31.7,2019
Mainz,large,07315000,222889,2020-08-06,2020-08-11,6,35.6,34.6,2020
Mainz,large,07315000,222889,2020-09-11,2020-09-15,5,30.8,29.9,2020
Mainz,large,07315000,222889,2021-06-14,2021-06-18,5,34.6,33.1,2021
Mainz,large,07315000,222889,2022-06-16,2022-06-18,3,36.4,34.0,2022
Mainz,large,07315000,222889,2022-07-17,2022-07-19,3,36.7,35.2,2022
Mainz,large,07315000,222889,2023-06-08,2023-06-10,3,28.8,28.5,2023
Mainz,large,07315000,222889,2025-06-28,2025-07-01,4,36.8,34.5,2025
Mainz,large,07315000,222889,2025-08-11,2025-08-14,4,35.3,33.9,2025
Rüsselsheim am Main,medium,06433012,67656,1982-06-01,1982-06-04,4,30.3,29.6,1982
Rüsselsheim am Main,medium,06433012,67656,1982-09-14,1982-09-16,3,29.2,28.9,1982
Rüsselsheim am Main,medium,06433012,67656,1990-08-02,1990-08-04,3,34.1,33.6,1990
Rüsselsheim am Main,medium,06433012,67656,1992-08-06,1992-08-08,3,35.7,34.4,1992
Rüsselsheim am Main,medium,06433012,67656,1999-09-11,1999-09-14,4,29.8,29.3,1999
Rüsselsheim am Main,medium,06433012,67656,2000-06-18,2000-06-20,3,31.6,30.9,2000
Rüsselsheim am Main,medium,06433012,67656,2003-08-01,2003-08-12,12,37.9,35.3,2003
Rüsselsheim am Main,medium,06433012,67656,2003-09-18,2003-09-21,4,30.3,28.9,2003
Rüsselsheim am Main,medium,06433012,67656,2004-06-07,2004-06-09,3,31.0,30.0,2004
Rüsselsheim am Main,medium,06433012,67656,2006-07-18,2006-07-21,4,35.2,34.0,2006
Rüsselsheim am Main,medium,06433012,67656,2006-07-24,2006-07-26,3,35.0,34.2,2006
Rüsselsheim am Main,medium,06433012,67656,2010-07-08,2010-07-11,4,34.2,33.4,2010
Rüsselsheim am Main,medium,06433012,67656,2012-08-18,2012-08-20,3,34.8,33.3,2012
Rüsselsheim am Main,medium,06433012,67656,2014-06-06,2014-06-09,4,33.2,31.7,2014
Rüsselsheim am Main,medium,06433012,67656,2015-06-30,2015-07-04,5,37.4,35.3,2015
Rüsselsheim am Main,medium,06433012,67656,2015-08-05,2015-08-07,3,37.8,34.8,2015
Rüsselsheim am Main,medium,06433012,67656,2016-08-24,2016-08-27,4,33.6,32.3,2016
Rüsselsheim am Main,medium,06433012,67656,2016-09-11,2016-09-14,4,31.1,30.2,2016
Rüsselsheim am Main,medium,06433012,67656,2017-05-26,2017-05-29,4,33.2,30.9,2017
Rüsselsheim am Main,medium,06433012,67656,2017-06-18,2017-06-21,4,36.6,33.7,2017
Rüsselsheim am Main,medium,06433012,67656,2018-07-23,2018-07-26,4,34.7,33.8,2018
Rüsselsheim am Main,medium,06433012,67656,2018-07-29,2018-08-03,6,35.8,34.5,2018
Rüsselsheim am Main,medium,06433012,67656,2018-09-17,2018-09-19,3,31.5,30.2,2018
Rüsselsheim am Main,medium,06433012,67656,2019-05-31,2019-06-04,5,32.1,30.9,2019
Rüsselsheim am Main,medium,06433012,67656,2019-06-23,2019-06-26,4,37.8,34.4,2019
Rüsselsheim am Main,medium,06433012,67656,2019-07-22,2019-07-25,4,39.6,37.7,2019
Rüsselsheim am Main,medium,06433012,67656,2019-08-24,2019-08-28,5,33.0,31.7,2019
Rüsselsheim am Main,medium,06433012,67656,2020-08-06,2020-08-11,6,36.2,35.1,2020
Rüsselsheim am Main,medium,06433012,67656,2020-09-11,2020-09-15,5,31.2,29.8,2020
Rüsselsheim am Main,medium,06433012,67656,2021-06-14,2021-06-18,5,34.6,33.3,2021
Rüsselsheim am Main,medium,06433012,67656,2022-06-16,2022-06-18,3,35.4,33.4,2022
Rüsselsheim am Main,medium,06433012,67656,2022-07-17,2022-07-19,3,37.2,35.6,2022
Rüsselsheim am Main,medium,06433012,67656,2022-08-23,2022-08-25,3,32.3,31.4,2022
Rüsselsheim am Main,medium,06433012,67656,2023-06-08,2023-06-10,3,29.4,29.1,2023
Rüsselsheim am Main,medium,06433012,67656,2023-09-07,2023-09-11,5,29.6,29.1,2023
Rüsselsheim am Main,medium,06433012,67656,2025-06-28,2025-07-01,4,36.4,34.2,2025
Rüsselsheim am Main,medium,06433012,67656,2025-08-11,2025-08-14,4,34.5,33.6,2025
Hochheim am Main,small,06436006,18810,1982-06-01,1982-06-04,4,30.0,29.4,1982
Hochheim am Main,small,06436006,18810,1982-09-14,1982-09-16,3,29.0,28.6,1982
Hochheim am Main,small,06436006,18810,1990-08-02,1990-08-04,3,33.9,33.3,1990
Hochheim am Main,small,06436006,18810,1992-08-06,1992-08-08,3,35.4,34.1,1992
Hochheim am Main,small,06436006,18810,1999-09-11,1999-09-14,4,29.5,29.1,1999
Hochheim am Main,small,06436006,18810,2000-06-18,2000-06-20,3,31.4,30.7,2000
Hochheim am Main,small,06436006,18810,2003-08-01,2003-08-12,12,37.6,35.1,2003
Hochheim am Main,small,06436006,18810,2003-09-18,2003-09-20,3,30.1,28.9,2003
Hochheim am Main,small,06436006,18810,2004-06-07,2004-06-09,3,30.8,29.7,2004
Hochheim am Main,small,06436006,18810,2006-07-18,2006-07-21,4,34.9,33.7,2006
Hochheim am Main,small,06436006,18810,2006-07-24,2006-07-26,3,34.7,34.0,2006
Hochheim am Main,small,06436006,18810,2010-07-08,2010-07-11,4,33.9,33.2,2010
Hochheim am Main,small,06436006,18810,2012-08-18,2012-08-20,3,34.5,33.0,2012
Hochheim am Main,small,06436006,18810,2014-06-06,2014-06-09,4,33.0,31.5,2014
Hochheim am Main,small,06436006,18810,2015-06-30,2015-07-04,5,37.2,35.0,2015
Hochheim am Main,small,06436006,18810,2015-08-05,2015-08-07,3,37.5,34.5,2015
Hochheim am Main,small,06436006,18810,2016-08-24,2016-08-27,4,33.4,32.0,2016
Hochheim am Main,small,06436006,18810,2016-09-11,2016-09-14,4,30.8,29.9,2016
Hochheim am Main,small,06436006,18810,2017-05-26,2017-05-29,4,33.6,30.6,2017
Hochheim am Main,small,06436006,18810,2017-06-18,2017-06-21,4,35.8,33.1,2017
Hochheim am Main,small,06436006,18810,2018-07-23,2018-07-26,4,34.6,33.6,2018
Hochheim am Main,small,06436006,18810,2018-07-29,2018-08-03,6,35.4,34.2,2018
Hochheim am Main,small,06436006,18810,2018-09-17,2018-09-19,3,31.1,29.8,2018
Hochheim am Main,small,06436006,18810,2019-05-31,2019-06-04,5,31.9,30.9,2019
Hochheim am Main,small,06436006,18810,2019-06-23,2019-06-26,4,37.2,34.3,2019
Hochheim am Main,small,06436006,18810,2019-07-22,2019-07-25,4,39.4,37.4,2019
Hochheim am Main,small,06436006,18810,2019-08-24,2019-08-28,5,32.8,31.7,2019
Hochheim am Main,small,06436006,18810,2020-08-06,2020-08-11,6,35.6,34.6,2020
Hochheim am Main,small,06436006,18810,2020-09-11,2020-09-15,5,30.8,29.9,2020
Hochheim am Main,small,06436006,18810,2021-06-14,2021-06-18,5,34.6,33.1,2021
Hochheim am Main,small,06436006,18810,2022-06-16,2022-06-18,3,36.4,34.0,2022
Hochheim am Main,small,06436006,18810,2022-07-17,2022-07-19,3,36.7,35.2,2022
Hochheim am Main,small,06436006,18810,2023-06-08,2023-06-10,3,28.8,28.5,2023
Hochheim am Main,small,06436006,18810,2023-09-08,2023-09-11,4,29.3,28.8,2023
Hochheim am Main,small,06436006,18810,2024-08-30,2024-09-01,3,32.2,30.4,2024
Hochheim am Main,small,06436006,18810,2025-06-27,2025-07-01,5,36.8,33.7,2025
Hochheim am Main,small,06436006,18810,2025-08-11,2025-08-14,4,35.3,33.9,2025
Selzen,rural,07339053,1526,1982-06-01,1982-06-04,4,30.1,29.4,1982
Selzen,rural,07339053,1526,1982-09-14,1982-09-16,3,29.1,28.8,1982
Selzen,rural,07339053,1526,1990-08-01,1990-08-04,4,34.1,33.3,1990
Selzen,rural,07339053,1526,1992-08-06,1992-08-08,3,35.8,34.6,1992
Selzen,rural,07339053,1526,1998-08-09,1998-08-11,3,35.6,34.2,1998
Selzen,rural,07339053,1526,1999-09-11,1999-09-14,4,29.7,29.2,1999
Selzen,rural,07339053,1526,2000-06-18,2000-06-20,3,31.4,30.8,2000
Selzen,rural,07339053,1526,2003-08-02,2003-08-12,11,37.8,35.8,2003
Selzen,rural,07339053,1526,2003-09-18,2003-09-20,3,30.4,29.2,2003
Selzen,rural,07339053,1526,2004-06-07,2004-06-09,3,31.2,30.3,2004
Selzen,rural,07339053,1526,2006-07-17,2006-07-21,5,35.4,33.8,2006
Selzen,rural,07339053,1526,2006-07-24,2006-07-26,3,35.2,34.4,2006
Selzen,rural,07339053,1526,2010-07-08,2010-07-11,4,34.4,33.5,2010
Selzen,rural,07339053,1526,2012-08-17,2012-08-20,4,35.2,33.0,2012
Selzen,rural,07339053,1526,2014-06-06,2014-06-09,4,33.3,31.8,2014
Selzen,rural,07339053,1526,2015-06-30,2015-07-04,5,37.8,35.6,2015
Selzen,rural,07339053,1526,2015-08-05,2015-08-07,3,37.6,34.8,2015
Selzen,rural,07339053,1526,2016-08-24,2016-08-27,4,33.5,32.2,2016
Selzen,rural,07339053,1526,2016-09-11,2016-09-14,4,31.0,30.0,2016
Selzen,rural,07339053,1526,2017-05-26,2017-05-29,4,32.6,30.1,2017
Selzen,rural,07339053,1526,2017-06-18,2017-06-21,4,35.6,33.0,2017
Selzen,rural,07339053,1526,2018-07-24,2018-07-26,3,34.4,33.8,2018
Selzen,rural,07339053,1526,2018-07-29,2018-08-03,6,35.2,34.0,2018
Selzen,rural,07339053,1526,2018-09-17,2018-09-19,3,30.9,29.7,2018
Selzen,rural,07339053,1526,2019-05-31,2019-06-04,5,31.9,30.9,2019
Selzen,rural,07339053,1526,2019-06-23,2019-06-26,4,37.4,34.4,2019
Selzen,rural,07339053,1526,2019-07-22,2019-07-25,4,39.2,37.2,2019
Selzen,rural,07339053,1526,2019-08-25,2019-08-27,3,32.0,31.5,2019
Selzen,rural,07339053,1526,2020-08-06,2020-08-11,6,35.5,34.5,2020
Selzen,rural,07339053,1526,2020-09-13,2020-09-15,3,30.6,30.3,2020
Selzen,rural,07339053,1526,2021-06-14,2021-06-18,5,34.4,32.8,2021
Selzen,rural,07339053,1526,2022-05-17,2022-05-19,3,29.2,28.9,2022
Selzen,rural,07339053,1526,2022-06-16,2022-06-18,3,35.8,33.6,2022
Selzen,rural,07339053,1526,2022-07-17,2022-07-19,3,37.2,35.7,2022
Selzen,rural,07339053,1526,2025-06-28,2025-07-01,4,35.6,33.4,2025
Selzen,rural,07339053,1526,2025-08-12,2025-08-14,3,33.5,33.1,2025
Lübeck,large,01003000,219044,1982-06-02,1982-06-04,3,29.4,28.9,1982
Lübeck,large,01003000,219044,1994-07-11,1994-07-13,3,29.9,29.3,1994
Lübeck,large,01003000,219044,1994-07-21,1994-07-27,7,32.4,30.5,1994
Lübeck,large,01003000,219044,2000-06-18,2000-06-20,3,31.7,30.7,2000
Lübeck,large,01003000,219044,2003-08-06,2003-08-12,7,32.2,30.0,2003
Lübeck,large,01003000,219044,2006-07-17,2006-07-19,3,34.3,30.7,2006
Lübeck,large,01003000,219044,2010-07-07,2010-07-11,5,32.2,31.0,2010
Lübeck,large,01003000,219044,2012-08-17,2012-08-19,3,31.6,29.5,2012
Lübeck,large,01003000,219044,2015-07-02,2015-07-04,3,33.8,30.8,2015
Lübeck,large,01003000,219044,2018-07-23,2018-07-27,5,32.1,30.8,2018
Lübeck,large,01003000,219044,2018-08-06,2018-08-08,3,33.5,31.4,2018
Lübeck,large,01003000,219044,2019-08-24,2019-08-27,4,31.0,29.8,2019
Lübeck,large,01003000,219044,2020-08-05,2020-08-07,3,30.4,30.1,2020
Lübeck,large,01003000,219044,2020-08-09,2020-08-12,4,30.0,29.4,2020
Lübeck,large,01003000,219044,2020-08-14,2020-08-16,3,30.4,29.7,2020
Lübeck,large,01003000,219044,2021-06-16,2021-06-18,3,32.8,31.6,2021
Lübeck,large,01003000,219044,2024-09-04,2024-09-07,4,30.2,29.2,2024
Bad Schwartau,medium,01055004,20169,1982-06-02,1982-06-04,3,29.5,29.0,1982
Bad Schwartau,medium,01055004,20169,1994-07-11,1994-07-13,3,30.0,29.3,1994
Bad Schwartau,medium,01055004,20169,1994-07-21,1994-07-27,7,32.4,30.5,1994
Bad Schwartau,medium,01055004,20169,2000-06-18,2000-06-20,3,31.7,30.7,2000
Bad Schwartau,medium,01055004,20169,2003-08-06,2003-08-12,7,32.2,30.1,2003
Bad Schwartau,medium,01055004,20169,2006-07-17,2006-07-19,3,34.4,30.7,2006
Bad Schwartau,medium,01055004,20169,2010-07-07,2010-07-11,5,32.2,31.0,2010
Bad Schwartau,medium,01055004,20169,2012-08-17,2012-08-19,3,31.7,29.5,2012
Bad Schwartau,medium,01055004,20169,2015-07-02,2015-07-04,3,33.8,30.9,2015
Bad Schwartau,medium,01055004,20169,2018-07-23,2018-07-25,3,30.8,30.4,2018
Bad Schwartau,medium,01055004,20169,2018-08-05,2018-08-07,3,33.9,31.5,2018
Bad Schwartau,medium,01055004,20169,2019-08-24,2019-08-27,4,30.8,29.8,2019
Bad Schwartau,medium,01055004,20169,2020-08-05,2020-08-07,3,30.2,30.1,2020
Bad Schwartau,medium,01055004,20169,2020-08-09,2020-08-11,3,29.4,29.1,2020
Bad Schwartau,medium,01055004,20169,2020-08-14,2020-08-16,3,30.4,29.9,2020
Bad Schwartau,medium,01055004,20169,2021-06-16,2021-06-18,3,32.9,31.6,2021
Bad Schwartau,medium,01055004,20169,2024-09-04,2024-09-07,4,30.4,29.3,2024
Reinfeld,small,01062061,9023,1982-06-01,1982-06-04,4,29.5,29.0,1982
Reinfeld,small,01062061,9023,1994-07-21,1994-07-27,7,32.4,30.6,1994
Reinfeld,small,01062061,9023,1994-07-29,1994-07-31,3,32.5,31.1,1994
Reinfeld,small,01062061,9023,2000-06-18,2000-06-20,3,31.6,30.5,2000
Reinfeld,small,01062061,9023,2003-08-06,2003-08-11,6,33.1,30.9,2003
Reinfeld,small,01062061,9023,2006-07-17,2006-07-19,3,34.2,30.9,2006
Reinfeld,small,01062061,9023,2008-07-26,2008-07-28,3,30.3,29.5,2008
Reinfeld,small,01062061,9023,2010-07-07,2010-07-11,5,32.8,31.4,2010
Reinfeld,small,01062061,9023,2012-08-17,2012-08-19,3,31.9,29.5,2012
Reinfeld,small,01062061,9023,2015-07-02,2015-07-04,3,34.3,31.4,2015
Reinfeld,small,01062061,9023,2018-07-23,2018-07-25,3,31.6,31.0,2018
Reinfeld,small,01062061,9023,2019-08-25,2019-08-27,3,29.8,29.6,2019
Reinfeld,small,01062061,9023,2020-08-05,2020-08-11,7,30.6,29.9,2020
Reinfeld,small,01062061,9023,2020-08-14,2020-08-16,3,30.2,29.8,2020
Reinfeld,small,01062061,9023,2021-06-16,2021-06-18,3,32.0,30.3,2021
Niendorf,rural,13074058,314,1982-06-02,1982-06-04,3,29.4,29.0,1982
Niendorf,rural,13074058,314,1994-07-21,1994-07-27,7,32.3,30.4,1994
Niendorf,rural,13074058,314,1994-07-29,1994-07-31,3,31.9,31.0,1994
Niendorf,rural,13074058,314,2000-06-18,2000-06-20,3,31.5,30.6,2000
Niendorf,rural,13074058,314,2003-08-06,2003-08-12,7,32.6,30.2,2003
Niendorf,rural,13074058,314,2006-07-17,2006-07-19,3,34.2,30.6,2006
Niendorf,rural,13074058,314,2008-07-26,2008-07-28,3,30.3,29.5,2008
Niendorf,rural,13074058,314,2010-07-07,2010-07-11,5,32.5,31.3,2010
Niendorf,rural,13074058,314,2015-07-02,2015-07-04,3,34.1,31.1,2015
Niendorf,rural,13074058,314,2018-07-23,2018-07-27,5,31.7,30.6,2018
Niendorf,rural,13074058,314,2018-08-06,2018-08-08,3,33.6,31.5,2018
Niendorf,rural,13074058,314,2019-07-23,2019-07-25,3,32.1,30.4,2019
Niendorf,rural,13074058,314,2019-08-24,2019-08-27,4,31.6,30.1,2019
Niendorf,rural,13074058,314,2020-08-05,2020-08-07,3,30.4,30.2,2020
Niendorf,rural,13074058,314,2020-08-09,2020-08-12,4,30.2,29.6,2020
Niendorf,rural,13074058,314,2020-08-14,2020-08-16,3,30.4,29.8,2020
Niendorf,rural,13074058,314,2021-06-16,2021-06-18,3,32.4,31.2,2021
Niendorf,rural,13074058,314,2024-09-04,2024-09-07,4,30.2,29.1,2024
Erfurt,large,16051000,215199,1982-06-02,1982-06-04,3,30.1,29.7,1982
Erfurt,large,16051000,215199,1982-09-14,1982-09-16,3,28.7,28.5,1982
Erfurt,large,16051000,215199,1994-07-29,1994-07-31,3,32.4,32.2,1994
Erfurt,large,16051000,215199,2000-06-18,2000-06-20,3,31.4,30.5,2000
Erfurt,large,16051000,215199,2003-08-02,2003-08-04,3,32.2,31.7,2003
Erfurt,large,16051000,215199,2003-08-06,2003-08-09,4,33.8,33.1,2003
Erfurt,large,16051000,215199,2006-07-17,2006-07-21,5,34.0,32.0,2006
Erfurt,large,16051000,215199,2010-07-08,2010-07-11,4,33.3,32.6,2010
Erfurt,large,16051000,215199,2013-06-17,2013-06-19,3,31.3,29.8,2013
Erfurt,large,16051000,215199,2014-06-07,2014-06-09,3,31.2,30.4,2014
Erfurt,large,16051000,215199,2015-07-01,2015-07-04,4,35.3,32.7,2015
Erfurt,large,16051000,215199,2016-08-24,2016-08-27,4,32.0,31.4,2016
Erfurt,large,16051000,215199,2016-09-11,2016-09-13,3,30.4,29.9,2016
Erfurt,large,16051000,215199,2018-07-23,2018-07-27,5,32.8,32.1,2018
Erfurt,large,16051000,215199,2018-08-05,2018-08-08,4,34.8,33.5,2018
Erfurt,large,16051000,215199,2018-09-17,2018-09-19,3,29.4,29.1,2018
Erfurt,large,16051000,215199,2019-06-01,2019-06-04,4,31.2,29.6,2019
Erfurt,large,16051000,215199,2019-06-23,2019-06-25,3,34.4,32.3,2019
Erfurt,large,16051000,215199,2019-07-22,2019-07-25,4,36.4,34.0,2019
Erfurt,large,16051000,215199,2019-08-24,2019-08-28,5,31.5,30.8,2019
Erfurt,large,16051000,215199,2020-08-06,2020-08-08,3,33.5,32.3,2020
Erfurt,large,16051000,215199,2020-08-10,2020-08-12,3,32.0,31.1,2020
Erfurt,large,16051000,215199,2021-06-16,2021-06-19,4,32.3,30.7,2021
Erfurt,large,16051000,215199,2023-09-07,2023-09-11,5,28.8,28.7,2023
Erfurt,large,16051000,215199,2024-09-01,2024-09-07,7,32.0,29.7,2024
Erfurt,large,16051000,215199,2025-08-11,2025-08-14,4,34.8,33.3,2025
Arnstadt,medium,16070004,28264,1982-06-02,1982-06-04,3,29.7,29.4,1982
Arnstadt,medium,16070004,28264,1994-07-29,1994-07-31,3,31.6,31.4,1994
Arnstadt,medium,16070004,28264,2000-06-18,2000-06-20,3,30.7,29.9,2000
Arnstadt,medium,16070004,28264,2003-08-02,2003-08-04,3,31.3,30.7,2003
Arnstadt,medium,16070004,28264,2003-08-06,2003-08-09,4,32.5,32.0,2003
Arnstadt,medium,16070004,28264,2006-07-18,2006-07-21,4,32.7,31.3,2006
Arnstadt,medium,16070004,28264,2010-07-08,2010-07-11,4,32.8,32.0,2010
Arnstadt,medium,16070004,28264,2012-08-18,2012-08-20,3,32.2,31.0,2012
Arnstadt,medium,16070004,28264,2013-06-17,2013-06-19,3,31.6,30.2,2013
Arnstadt,medium,16070004,28264,2014-06-07,2014-06-09,3,30.7,30.2,2014
Arnstadt,medium,16070004,28264,2015-07-01,2015-07-04,4,34.4,32.7,2015
Arnstadt,medium,16070004,28264,2015-08-05,2015-08-07,3,34.4,32.3,2015
Arnstadt,medium,16070004,28264,2016-08-24,2016-08-27,4,30.8,30.2,2016
Arnstadt,medium,16070004,28264,2018-07-24,2018-07-27,4,31.8,31.2,2018
Arnstadt,medium,16070004,28264,2018-08-05,2018-08-08,4,33.8,32.6,2018
Arnstadt,medium,16070004,28264,2019-07-22,2019-07-26,5,35.4,32.2,2019
Arnstadt,medium,16070004,28264,2019-08-24,2019-08-28,5,30.7,30.0,2019
Arnstadt,medium,16070004,28264,2020-08-06,2020-08-08,3,33.2,32.0,2020
Arnstadt,medium,16070004,28264,2020-08-10,2020-08-12,3,31.0,30.3,2020
Arnstadt,medium,16070004,28264,2021-06-16,2021-06-18,3,31.3,30.2,2021
Arnstadt,medium,16070004,28264,2022-07-17,2022-07-19,3,37.5,34.2,2022
Arnstadt,medium,16070004,28264,2022-08-02,2022-08-04,3,34.5,32.3,2022
Arnstadt,medium,16070004,28264,2024-09-04,2024-09-06,3,30.7,29.4,2024
Arnstadt,medium,16070004,28264,2025-08-11,2025-08-14,4,34.6,32.8,2025
Bad Berka,small,16071003,7385,1982-06-02,1982-06-04,3,29.6,29.2,1982
Bad Berka,small,16071003,7385,1994-07-27,1994-07-31,5,31.8,31.3,1994
Bad Berka,small,16071003,7385,2000-06-18,2000-06-20,3,30.8,30.0,2000
Bad Berka,small,16071003,7385,2003-08-02,2003-08-04,3,30.9,30.4,2003
Bad Berka,small,16071003,7385,2003-08-06,2003-08-09,4,32.3,31.7,2003
Bad Berka,small,16071003,7385,2010-07-08,2010-07-11,4,32.8,31.9,2010
Bad Berka,small,16071003,7385,2013-06-17,2013-06-19,3,31.2,29.8,2013
Bad Berka,small,16071003,7385,2014-06-07,2014-06-09,3,30.6,30.2,2014
Bad Berka,small,16071003,7385,2015-07-01,2015-07-04,4,34.5,32.4,2015
Bad Berka,small,16071003,7385,2015-08-05,2015-08-07,3,34.2,32.2,2015
Bad Berka,small,16071003,7385,2016-08-24,2016-08-27,4,30.8,30.3,2016
Bad Berka,small,16071003,7385,2018-07-24,2018-07-27,4,31.9,30.9,2018
Bad Berka,small,16071003,7385,2018-08-06,2018-08-08,3,34.1,33.9,2018
Bad Berka,small,16071003,7385,2019-07-22,2019-07-25,4,34.8,32.6,2019
Bad Berka,small,16071003,7385,2019-08-24,2019-08-28,5,30.3,29.9,2019
Bad Berka,small,16071003,7385,2020-08-06,2020-08-08,3,33.2,32.3,2020
Bad Berka,small,16071003,7385,2021-06-16,2021-06-19,4,31.5,29.9,2021
Bad Berka,small,16071003,7385,2024-09-01,2024-09-07,7,30.7,28.9,2024
Bad Berka,small,16071003,7385,2025-08-12,2025-08-14,3,33.0,32.2,2025
Markvippach,rural,16068036,542,1982-06-02,1982-06-04,3,30.2,29.8,1982
Markvippach,rural,16068036,542,1982-09-14,1982-09-16,3,28.7,28.4,1982
Markvippach,rural,16068036,542,1994-07-27,1994-07-31,5,32.8,32.1,1994
Markvippach,rural,16068036,542,2000-06-18,2000-06-20,3,31.5,30.6,2000
Markvippach,rural,16068036,542,2003-08-02,2003-08-04,3,31.9,31.4,2003
Markvippach,rural,16068036,542,2003-08-06,2003-08-09,4,33.6,32.8,2003
Markvippach,rural,16068036,542,2006-07-17,2006-07-21,5,34.3,32.1,2006
Markvippach,rural,16068036,542,2010-07-08,2010-07-11,4,33.2,32.6,2010
Markvippach,rural,16068036,542,2013-06-17,2013-06-19,3,31.4,29.8,2013
Markvippach,rural,16068036,542,2014-06-07,2014-06-09,3,31.1,30.3,2014
Markvippach,rural,16068036,542,2015-07-01,2015-07-04,4,35.0,32.5,2015
Markvippach,rural,16068036,542,2016-08-24,2016-08-27,4,32.3,31.3,2016
Markvippach,rural,16068036,542,2016-09-11,2016-09-13,3,30.4,29.9,2016
Markvippach,rural,16068036,542,2018-06-06,2018-06-08,3,29.6,29.0,2018
Markvippach,rural,16068036,542,2018-07-23,2018-07-27,5,33.0,32.4,2018
Markvippach,rural,16068036,542,2018-08-05,2018-08-08,4,35.6,34.2,2018
Markvippach,rural,16068036,542,2018-09-17,2018-09-19,3,29.9,29.5,2018
Markvippach,rural,16068036,542,2019-06-01,2019-06-04,4,31.8,29.9,2019
Markvippach,rural,16068036,542,2019-06-23,2019-06-25,3,35.2,32.8,2019
Markvippach,rural,16068036,542,2019-07-22,2019-07-26,5,36.6,33.6,2019
Markvippach,rural,16068036,542,2019-08-24,2019-08-28,5,31.4,30.9,2019
Markvippach,rural,16068036,542,2020-08-06,2020-08-08,3,33.6,32.6,2020
Markvippach,rural,16068036,542,2021-06-16,2021-06-19,4,33.2,31.0,2021
Markvippach,rural,16068036,542,2023-07-06,2023-07-08,3,33.2,31.2,2023
Markvippach,rural,16068036,542,2023-09-07,2023-09-11,5,28.8,28.6,2023
Markvippach,rural,16068036,542,2024-08-27,2024-08-29,3,32.2,30.5,2024
Markvippach,rural,16068036,542,2024-09-01,2024-09-07,7,32.2,30.2,2024
Markvippach,rural,16068036,542,2025-08-11,2025-08-14,4,34.4,33.0,2025
Oberhausen,large,05119000,211099,1982-06-01,1982-06-04,4,28.9,28.7,1982
Oberhausen,large,05119000,211099,1990-08-01,1990-08-03,3,34.2,32.5,1990
Oberhausen,large,05119000,211099,1991-09-01,1991-09-03,3,28.8,28.6,1991
Oberhausen,large,05119000,211099,1994-07-22,1994-07-24,3,32.8,31.6,1994
Oberhausen,large,05119000,211099,1995-07-08,1995-07-10,3,32.3,31.6,1995
Oberhausen,large,05119000,211099,1996-06-05,1996-06-07,3,30.3,29.1,1996
Oberhausen,large,05119000,211099,1999-09-10,1999-09-12,3,29.4,28.9,1999
Oberhausen,large,05119000,211099,2003-08-04,2003-08-08,5,34.9,32.9,2003
Oberhausen,large,05119000,211099,2006-07-17,2006-07-21,5,34.5,32.1,2006
Oberhausen,large,05119000,211099,2006-07-24,2006-07-26,3,33.4,32.2,2006
Oberhausen,large,05119000,211099,2010-07-07,2010-07-11,5,33.9,32.3,2010
Oberhausen,large,05119000,211099,2015-06-30,2015-07-03,4,34.9,32.9,2015
Oberhausen,large,05119000,211099,2016-08-23,2016-08-27,5,31.7,30.5,2016
Oberhausen,large,05119000,211099,2016-09-11,2016-09-14,4,31.6,30.5,2016
Oberhausen,large,05119000,211099,2017-06-18,2017-06-21,4,33.6,31.0,2017
Oberhausen,large,05119000,211099,2018-07-23,2018-07-26,4,35.1,33.9,2018
Oberhausen,large,05119000,211099,2018-08-01,2018-08-03,3,33.9,32.8,2018
Oberhausen,large,05119000,211099,2019-06-22,2019-06-25,4,35.6,32.1,2019
Oberhausen,large,05119000,211099,2019-07-22,2019-07-26,5,39.8,36.0,2019
Oberhausen,large,05119000,211099,2019-08-23,2019-08-27,5,32.6,31.2,2019
Oberhausen,large,05119000,211099,2020-08-05,2020-08-12,8,34.6,32.2,2020
Oberhausen,large,05119000,211099,2021-06-15,2021-06-18,4,33.0,30.6,2021
Oberhausen,large,05119000,211099,2022-08-10,2022-08-13,4,31.0,30.8,2022
Oberhausen,large,05119000,211099,2022-08-22,2022-08-24,3,33.2,31.8,2022
Oberhausen,large,05119000,211099,2023-06-09,2023-06-11,3,29.4,28.8,2023
Oberhausen,large,05119000,211099,2023-09-04,2023-09-10,7,30.0,29.0,2023
Oberhausen,large,05119000,211099,2025-06-29,2025-07-01,3,37.4,35.0,2025
Oberhausen,large,05119000,211099,2025-08-11,2025-08-13,3,34.8,34.0,2025
Rostock,large,13003000,210795,1982-06-01,1982-06-04,4,29.0,28.6,1982
Rostock,large,13003000,210795,1992-06-28,1992-06-30,3,30.0,29.0,1992
Rostock,large,13003000,210795,1994-07-11,1994-07-13,3,30.3,29.5,1994
Rostock,large,13003000,210795,1994-07-21,1994-07-25,5,31.6,30.3,1994
Rostock,large,13003000,210795,2000-06-18,2000-06-20,3,32.0,30.8,2000
Rostock,large,13003000,210795,2010-07-08,2010-07-11,4,32.9,32.0,2010
Rostock,large,13003000,210795,2015-07-02,2015-07-04,3,32.4,30.5,2015
Rostock,large,13003000,210795,2018-05-27,2018-05-30,4,30.1,29.2,2018
Rostock,large,13003000,210795,2018-08-06,2018-08-08,3,34.0,32.3,2018
Rostock,large,13003000,210795,2019-08-24,2019-08-27,4,30.6,29.7,2019
Rostock,large,13003000,210795,2020-08-14,2020-08-16,3,29.8,29.3,2020
Rostock,large,13003000,210795,2021-06-16,2021-06-18,3,32.5,30.9,2021
Rostock,large,13003000,210795,2022-08-12,2022-08-14,3,29.9,29.5,2022
Rostock,large,13003000,210795,2024-09-02,2024-09-04,3,31.2,30.0,2024
Güstrow,medium,13072043,29582,1982-06-01,1982-06-04,4,30.3,29.6,1982
Güstrow,medium,13072043,29582,1992-06-28,1992-06-30,3,30.1,29.3,1992
Güstrow,medium,13072043,29582,1994-07-11,1994-07-13,3,30.3,29.5,1994
Güstrow,medium,13072043,29582,1994-07-21,1994-07-27,7,31.9,30.7,1994
Güstrow,medium,13072043,29582,1994-07-29,1994-07-31,3,33.9,32.5,1994
Güstrow,medium,13072043,29582,2000-06-18,2000-06-20,3,32.5,31.2,2000
Güstrow,medium,13072043,29582,2010-07-08,2010-07-11,4,33.4,32.5,2010
Güstrow,medium,13072043,29582,2015-07-02,2015-07-04,3,33.2,31.5,2015
Güstrow,medium,13072043,29582,2016-06-22,2016-06-24,3,29.7,29.2,2016
Güstrow,medium,13072043,29582,2018-05-27,2018-05-31,5,30.6,29.4,2018
Güstrow,medium,13072043,29582,2018-07-23,2018-07-25,3,31.4,30.4,2018
Güstrow,medium,13072043,29582,2018-08-06,2018-08-08,3,34.0,32.5,2018
Güstrow,medium,13072043,29582,2019-08-24,2019-08-27,4,31.0,29.9,2019
Güstrow,medium,13072043,29582,2020-08-06,2020-08-09,4,31.2,30.6,2020
Güstrow,medium,13072043,29582,2020-08-14,2020-08-16,3,30.1,29.8,2020
Güstrow,medium,13072043,29582,2021-06-16,2021-06-19,4,32.9,31.1,2021
Güstrow,medium,13072043,29582,2022-08-11,2022-08-14,4,30.4,29.7,2022
Güstrow,medium,13072043,29582,2024-09-02,2024-09-07,6,32.0,30.0,2024
Bad Doberan,small,13072006,13105,1992-06-28,1992-06-30,3,30.0,28.9,1992
Bad Doberan,small,13072006,13105,1994-07-11,1994-07-13,3,30.1,29.4,1994
Bad Doberan,small,13072006,13105,1994-07-21,1994-07-25,5,31.5,30.2,1994
Bad Doberan,small,13072006,13105,2000-06-18,2000-06-20,3,31.7,30.7,2000
Bad Doberan,small,13072006,13105,2010-07-08,2010-07-11,4,32.7,31.7,2010
Bad Doberan,small,13072006,13105,2015-07-02,2015-07-04,3,32.5,30.4,2015
Bad Doberan,small,13072006,13105,2018-08-06,2018-08-08,3,32.8,31.2,2018
Bad Doberan,small,13072006,13105,2019-08-24,2019-08-27,4,29.8,28.9,2019
Bad Doberan,small,13072006,13105,2021-06-16,2021-06-18,3,31.2,29.9,2021
Bad Doberan,small,13072006,13105,2024-09-02,2024-09-04,3,29.1,28.9,2024
Börgerende-Rethwisch,rural,13072017,1695,1982-06-02,1982-06-04,3,28.9,28.6,1982
Börgerende-Rethwisch,rural,13072017,1695,1992-06-28,1992-06-30,3,30.1,29.0,1992
Börgerende-Rethwisch,rural,13072017,1695,1994-07-11,1994-07-13,3,30.2,29.5,1994
Börgerende-Rethwisch,rural,13072017,1695,1994-07-21,1994-07-25,5,31.6,30.3,1994
Börgerende-Rethwisch,rural,13072017,1695,2000-06-18,2000-06-20,3,31.8,30.8,2000
Börgerende-Rethwisch,rural,13072017,1695,2010-07-08,2010-07-11,4,32.8,31.8,2010
Börgerende-Rethwisch,rural,13072017,1695,2015-07-02,2015-07-04,3,32.6,30.5,2015
Börgerende-Rethwisch,rural,13072017,1695,2018-08-06,2018-08-08,3,33.1,31.4,2018
Börgerende-Rethwisch,rural,13072017,1695,2019-08-24,2019-08-27,4,30.1,29.1,2019
Börgerende-Rethwisch,rural,13072017,1695,2021-06-16,2021-06-18,3,31.5,30.1,2021
Börgerende-Rethwisch,rural,13072017,1695,2024-09-02,2024-09-04,3,29.4,29.2,2024
Kassel,large,06611000,204687,1982-06-02,1982-06-04,3,29.6,29.1,1982
Kassel,large,06611000,204687,1983-08-18,1983-08-20,3,29.0,28.9,1983
Kassel,large,06611000,204687,1994-07-22,1994-07-24,3,31.2,30.5,1994
Kassel,large,06611000,204687,1994-07-29,1994-07-31,3,31.3,30.9,1994
Kassel,large,06611000,204687,2000-06-18,2000-06-20,3,31.1,30.3,2000
Kassel,large,06611000,204687,2003-08-02,2003-08-12,11,34.7,32.2,2003
Kassel,large,06611000,204687,2006-07-17,2006-07-19,3,32.7,31.6,2006
Kassel,large,06611000,204687,2010-07-08,2010-07-11,4,33.4,32.4,2010
Kassel,large,06611000,204687,2013-06-17,2013-06-19,3,31.6,30.1,2013
Kassel,large,06611000,204687,2014-06-07,2014-06-09,3,30.5,30.5,2014
Kassel,large,06611000,204687,2015-07-01,2015-07-04,4,35.1,32.9,2015
Kassel,large,06611000,204687,2016-08-23,2016-08-27,5,31.5,30.7,2016
Kassel,large,06611000,204687,2016-09-11,2016-09-13,3,30.3,29.7,2016
Kassel,large,06611000,204687,2018-07-23,2018-07-27,5,32.1,31.4,2018
Kassel,large,06611000,204687,2018-08-05,2018-08-08,4,34.4,32.0,2018
Kassel,large,06611000,204687,2019-07-22,2019-07-25,4,35.6,33.0,2019
Kassel,large,06611000,204687,2019-08-24,2019-08-27,4,30.8,30.3,2019
Kassel,large,06611000,204687,2020-08-06,2020-08-11,6,34.2,31.8,2020
Kassel,large,06611000,204687,2020-09-13,2020-09-15,3,29.3,28.9,2020
Kassel,large,06611000,204687,2021-06-16,2021-06-18,3,32.0,31.1,2021
Kassel,large,06611000,204687,2022-07-17,2022-07-19,3,37.6,35.1,2022
Kassel,large,06611000,204687,2022-08-22,2022-08-25,4,30.7,29.7,2022
Kassel,large,06611000,204687,2025-06-29,2025-07-01,3,36.1,32.8,2025
Kassel,large,06611000,204687,2025-08-11,2025-08-14,4,35.1,32.0,2025
Baunatal,medium,06633003,28298,1982-06-02,1982-06-04,3,29.2,28.7,1982
Baunatal,medium,06633003,28298,1983-08-18,1983-08-20,3,28.7,28.6,1983
Baunatal,medium,06633003,28298,1994-07-22,1994-07-24,3,30.9,30.2,1994
Baunatal,medium,06633003,28298,1994-07-29,1994-07-31,3,30.7,30.4,1994
Baunatal,medium,06633003,28298,2000-06-18,2000-06-20,3,30.8,29.9,2000
Baunatal,medium,06633003,28298,2003-08-01,2003-08-12,12,34.4,31.6,2003
Baunatal,medium,06633003,28298,2006-07-17,2006-07-21,5,32.4,30.9,2006
Baunatal,medium,06633003,28298,2010-07-08,2010-07-11,4,33.0,32.0,2010
Baunatal,medium,06633003,28298,2013-06-17,2013-06-19,3,31.3,29.7,2013
Baunatal,medium,06633003,28298,2014-06-07,2014-06-09,3,30.2,30.1,2014
Baunatal,medium,06633003,28298,2015-07-01,2015-07-04,4,34.7,32.5,2015
Baunatal,medium,06633003,28298,2016-08-23,2016-08-27,5,31.2,30.3,2016
Baunatal,medium,06633003,28298,2016-09-11,2016-09-13,3,30.0,29.3,2016
Baunatal,medium,06633003,28298,2018-07-23,2018-07-27,5,31.8,31.0,2018
Baunatal,medium,06633003,28298,2018-08-01,2018-08-03,3,32.0,30.9,2018
Baunatal,medium,06633003,28298,2018-08-05,2018-08-08,4,34.0,31.5,2018
Baunatal,medium,06633003,28298,2019-06-23,2019-06-25,3,31.4,30.3,2019
Baunatal,medium,06633003,28298,2019-07-22,2019-07-25,4,35.2,32.7,2019
Baunatal,medium,06633003,28298,2019-08-24,2019-08-27,4,30.8,29.9,2019
Baunatal,medium,06633003,28298,2020-08-06,2020-08-11,6,34.0,31.4,2020
Baunatal,medium,06633003,28298,2021-06-16,2021-06-18,3,31.4,30.6,2021
Baunatal,medium,06633003,28298,2022-07-17,2022-07-19,3,36.9,34.3,2022
Baunatal,medium,06633003,28298,2022-08-22,2022-08-25,4,30.4,29.3,2022
Baunatal,medium,06633003,28298,2025-08-11,2025-08-14,4,34.4,31.5,2025
Vellmar,small,06633026,18622,1982-06-02,1982-06-04,3,29.4,28.9,1982
Vellmar,small,06633026,18622,1994-07-22,1994-07-24,3,31.0,30.3,1994
Vellmar,small,06633026,18622,1994-07-29,1994-07-31,3,31.2,30.7,1994
Vellmar,small,06633026,18622,2000-06-18,2000-06-20,3,30.9,30.1,2000
Vellmar,small,06633026,18622,2003-08-01,2003-08-12,12,34.4,31.6,2003
Vellmar,small,06633026,18622,2006-07-17,2006-07-21,5,32.4,31.0,2006
Vellmar,small,06633026,18622,2010-07-08,2010-07-11,4,33.2,32.1,2010
Vellmar,small,06633026,18622,2013-06-17,2013-06-19,3,31.4,29.9,2013
Vellmar,small,06633026,18622,2014-06-07,2014-06-09,3,30.2,30.2,2014
Vellmar,small,06633026,18622,2015-07-01,2015-07-04,4,34.8,32.5,2015
Vellmar,small,06633026,18622,2016-08-23,2016-08-27,5,31.4,30.5,2016
Vellmar,small,06633026,18622,2016-09-11,2016-09-13,3,30.0,29.3,2016
Vellmar,small,06633026,18622,2018-07-23,2018-07-27,5,32.0,31.3,2018
Vellmar,small,06633026,18622,2018-08-01,2018-08-03,3,32.1,31.0,2018
Vellmar,small,06633026,18622,2018-08-05,2018-08-08,4,34.3,31.9,2018
Vellmar,small,06633026,18622,2019-06-23,2019-06-25,3,31.5,30.4,2019
Vellmar,small,06633026,18622,2019-07-22,2019-07-26,5,35.5,32.2,2019
Vellmar,small,06633026,18622,2019-08-24,2019-08-27,4,30.7,30.2,2019
Vellmar,small,06633026,18622,2020-08-06,2020-08-11,6,34.1,31.7,2020
Vellmar,small,06633026,18622,2020-09-13,2020-09-15,3,29.2,28.8,2020
Vellmar,small,06633026,18622,2021-06-16,2021-06-18,3,31.9,31.0,2021
Vellmar,small,06633026,18622,2022-07-17,2022-07-19,3,37.5,35.0,2022
Vellmar,small,06633026,18622,2022-08-22,2022-08-25,4,30.6,29.6,2022
Vellmar,small,06633026,18622,2025-06-29,2025-07-01,3,36.0,32.7,2025
Vellmar,small,06633026,18622,2025-08-11,2025-08-14,4,35.0,31.9,2025
Körle,rural,06634012,3186,1982-06-01,1982-06-04,4,29.8,29.1,1982
Körle,rural,06634012,3186,1983-08-18,1983-08-20,3,29.3,29.2,1983
Körle,rural,06634012,3186,1994-07-22,1994-07-24,3,31.4,30.8,1994
Körle,rural,06634012,3186,1994-07-29,1994-07-31,3,31.3,31.1,1994
Körle,rural,06634012,3186,2000-06-18,2000-06-20,3,31.4,30.6,2000
Körle,rural,06634012,3186,2003-08-01,2003-08-12,12,35.1,32.5,2003
Körle,rural,06634012,3186,2006-07-17,2006-07-21,5,33.1,31.6,2006
Körle,rural,06634012,3186,2010-07-08,2010-07-11,4,33.6,32.4,2010
Körle,rural,06634012,3186,2013-06-17,2013-06-19,3,31.9,30.3,2013
Körle,rural,06634012,3186,2014-06-07,2014-06-09,3,30.8,30.8,2014
Körle,rural,06634012,3186,2015-07-01,2015-07-04,4,35.3,33.2,2015
Körle,rural,06634012,3186,2016-08-23,2016-08-27,5,31.7,30.7,2016
Körle,rural,06634012,3186,2016-09-11,2016-09-13,3,30.5,29.9,2016
Körle,rural,06634012,3186,2018-07-23,2018-07-27,5,33.0,32.1,2018
Körle,rural,06634012,3186,2018-07-29,2018-07-31,3,34.4,32.6,2018
Körle,rural,06634012,3186,2018-08-05,2018-08-08,4,34.7,32.6,2018
Körle,rural,06634012,3186,2019-07-22,2019-07-26,5,36.0,32.9,2019
Körle,rural,06634012,3186,2019-08-24,2019-08-28,5,30.9,30.2,2019
Körle,rural,06634012,3186,2020-08-06,2020-08-11,6,34.5,31.7,2020
Körle,rural,06634012,3186,2020-09-13,2020-09-15,3,29.2,29.0,2020
Körle,rural,06634012,3186,2021-06-15,2021-06-18,4,32.5,30.7,2021
Körle,rural,06634012,3186,2022-07-17,2022-07-19,3,37.6,35.0,2022
Körle,rural,06634012,3186,2022-08-22,2022-08-25,4,30.9,29.9,2022
Körle,rural,06634012,3186,2022-09-04,2022-09-06,3,29.1,28.4,2022
Körle,rural,06634012,3186,2023-09-05,2023-09-10,6,28.7,28.5,2023
Körle,rural,06634012,3186,2024-08-31,2024-09-02,3,29.1,28.7,2024
Körle,rural,06634012,3186,2024-09-04,2024-09-06,3,31.1,29.7,2024
Hagen,large,05914000,190384,1982-06-01,1982-06-03,3,28.6,28.5,1982
Hagen,large,05914000,190384,1990-08-01,1990-08-03,3,33.5,31.6,1990
Hagen,large,05914000,190384,1994-08-02,1994-08-04,3,32.9,31.4,1994
Hagen,large,05914000,190384,1995-07-08,1995-07-10,3,31.1,30.4,1995
Hagen,large,05914000,190384,2003-08-04,2003-08-11,8,34.6,31.8,2003
Hagen,large,05914000,190384,2006-07-17,2006-07-21,5,33.2,31.5,2006
Hagen,large,05914000,190384,2010-07-07,2010-07-11,5,33.3,32.0,2010
Hagen,large,05914000,190384,2012-08-17,2012-08-19,3,33.0,30.3,2012
Hagen,large,05914000,190384,2015-06-30,2015-07-04,5,34.0,32.1,2015
Hagen,large,05914000,190384,2016-08-23,2016-08-27,5,31.1,30.0,2016
Hagen,large,05914000,190384,2016-09-11,2016-09-14,4,29.9,29.0,2016
Hagen,large,05914000,190384,2018-07-23,2018-07-26,4,33.9,32.9,2018
Hagen,large,05914000,190384,2018-08-01,2018-08-03,3,33.5,32.5,2018
Hagen,large,05914000,190384,2019-06-23,2019-06-25,3,33.1,31.2,2019
Hagen,large,05914000,190384,2019-07-22,2019-07-26,5,37.1,34.0,2019
Hagen,large,05914000,190384,2019-08-23,2019-08-27,5,31.7,30.4,2019
Hagen,large,05914000,190384,2020-08-05,2020-08-12,8,34.3,31.9,2020
Hagen,large,05914000,190384,2021-06-15,2021-06-17,3,31.8,30.5,2021
Hagen,large,05914000,190384,2022-07-17,2022-07-19,3,36.2,32.9,2022
Hagen,large,05914000,190384,2022-08-10,2022-08-13,4,31.3,30.9,2022
Hagen,large,05914000,190384,2022-08-22,2022-08-24,3,32.1,31.5,2022
Hagen,large,05914000,190384,2023-09-05,2023-09-10,6,29.4,29.0,2023
Hagen,large,05914000,190384,2025-06-29,2025-07-01,3,37.5,34.4,2025
Hagen,large,05914000,190384,2025-08-11,2025-08-13,3,33.9,32.9,2025
Herdecke,medium,05954020,22665,1982-06-01,1982-06-03,3,28.6,28.5,1982
Herdecke,medium,05954020,22665,1990-08-01,1990-08-03,3,33.7,31.8,1990
Herdecke,medium,05954020,22665,1994-07-22,1994-07-24,3,31.3,30.5,1994
Herdecke,medium,05954020,22665,1994-08-02,1994-08-04,3,33.1,31.5,1994
Herdecke,medium,05954020,22665,1995-07-08,1995-07-10,3,31.3,30.6,1995
Herdecke,medium,05954020,22665,1998-08-09,1998-08-11,3,30.0,29.6,1998
Herdecke,medium,05954020,22665,2003-08-04,2003-08-11,8,34.8,32.0,2003
Herdecke,medium,05954020,22665,2006-07-17,2006-07-21,5,33.3,31.6,2006
Herdecke,medium,05954020,22665,2006-07-24,2006-07-26,3,32.7,31.4,2006
Herdecke,medium,05954020,22665,2010-07-07,2010-07-11,5,33.4,32.1,2010
Herdecke,medium,05954020,22665,2012-08-17,2012-08-19,3,33.2,30.4,2012
Herdecke,medium,05954020,22665,2015-06-30,2015-07-04,5,34.1,32.1,2015
Herdecke,medium,05954020,22665,2016-08-23,2016-08-27,5,31.1,30.0,2016
Herdecke,medium,05954020,22665,2016-09-11,2016-09-14,4,30.1,29.2,2016
Herdecke,medium,05954020,22665,2018-07-23,2018-07-26,4,33.7,32.7,2018
Herdecke,medium,05954020,22665,2018-08-01,2018-08-03,3,33.0,32.0,2018
Herdecke,medium,05954020,22665,2019-06-23,2019-06-25,3,32.7,31.0,2019
Herdecke,medium,05954020,22665,2019-07-22,2019-07-26,5,37.2,33.8,2019
Herdecke,medium,05954020,22665,2019-08-23,2019-08-27,5,31.4,30.1,2019
Herdecke,medium,05954020,22665,2020-08-05,2020-08-12,8,33.8,31.5,2020
Herdecke,medium,05954020,22665,2021-06-15,2021-06-17,3,31.7,30.4,2021
Herdecke,medium,05954020,22665,2022-08-10,2022-08-13,4,30.6,30.1,2022
Herdecke,medium,05954020,22665,2022-08-22,2022-08-24,3,31.4,31.0,2022
Herdecke,medium,05954020,22665,2023-09-05,2023-09-10,6,29.4,28.8,2023
Herdecke,medium,05954020,22665,2025-06-29,2025-07-01,3,37.0,33.7,2025
Herdecke,medium,05954020,22665,2025-08-11,2025-08-13,3,33.4,32.5,2025
Potsdam,large,12054000,187119,1982-05-31,1982-06-04,5,31.7,30.3,1982
Potsdam,large,12054000,187119,1992-08-07,1992-08-09,3,36.9,34.6,1992
Potsdam,large,12054000,187119,1994-07-21,1994-07-31,11,36.2,32.7,1994
Potsdam,large,12054000,187119,1997-08-23,1997-08-25,3,30.6,29.8,1997
Potsdam,large,12054000,187119,2000-06-18,2000-06-20,3,33.5,32.1,2000
Potsdam,large,12054000,187119,2003-06-02,2003-06-04,3,30.8,29.8,2003
Potsdam,large,12054000,187119,2006-07-04,2006-07-06,3,31.7,30.7,2006
Potsdam,large,12054000,187119,2006-07-17,2006-07-21,5,34.8,31.7,2006
Potsdam,large,12054000,187119,2010-07-01,2010-07-03,3,31.2,30.8,2010
Potsdam,large,12054000,187119,2010-07-08,2010-07-11,4,35.6,34.4,2010
Potsdam,large,12054000,187119,2014-06-07,2014-06-09,3,31.9,30.9,2014
Potsdam,large,12054000,187119,2015-07-02,2015-07-04,3,35.3,34.2,2015
Potsdam,large,12054000,187119,2015-08-05,2015-08-07,3,35.5,33.1,2015
Potsdam,large,12054000,187119,2016-06-22,2016-06-24,3,32.9,31.3,2016
Potsdam,large,12054000,187119,2016-08-24,2016-08-27,4,33.8,31.3,2016
Potsdam,large,12054000,187119,2016-09-10,2016-09-13,4,30.6,29.4,2016
Potsdam,large,12054000,187119,2018-05-27,2018-05-31,5,30.5,29.8,2018
Potsdam,large,12054000,187119,2018-07-23,2018-07-27,5,32.5,31.3,2018
Potsdam,large,12054000,187119,2018-07-29,2018-07-31,3,34.2,32.7,2018
Potsdam,large,12054000,187119,2018-08-06,2018-08-08,3,36.3,34.9,2018
Potsdam,large,12054000,187119,2018-09-17,2018-09-20,4,29.4,28.8,2018
Potsdam,large,12054000,187119,2019-06-01,2019-06-05,5,32.2,30.2,2019
Potsdam,large,12054000,187119,2019-08-24,2019-08-30,7,32.1,30.6,2019
Potsdam,large,12054000,187119,2020-08-06,2020-08-08,3,33.8,32.8,2020
Potsdam,large,12054000,187119,2020-09-13,2020-09-15,3,30.2,29.0,2020
Potsdam,large,12054000,187119,2021-06-16,2021-06-20,5,33.4,32.1,2021
Potsdam,large,12054000,187119,2023-09-08,2023-09-11,4,29.3,28.9,2023
Potsdam,large,12054000,187119,2024-09-02,2024-09-07,6,33.0,30.8,2024
Potsdam,large,12054000,187119,2025-08-12,2025-08-14,3,32.3,31.5,2025
Werder (Havel),medium,12069656,26970,1982-05-31,1982-06-04,5,31.7,30.3,1982
Werder (Havel),medium,12069656,26970,1992-08-07,1992-08-09,3,36.6,34.0,1992
Werder (Havel),medium,12069656,26970,1994-07-21,1994-07-31,11,36.1,32.5,1994
Werder (Havel),medium,12069656,26970,2000-06-18,2000-06-20,3,33.2,32.0,2000
Werder (Havel),medium,12069656,26970,2003-06-02,2003-06-04,3,30.8,29.9,2003
Werder (Havel),medium,12069656,26970,2006-07-04,2006-07-06,3,31.3,30.5,2006
Werder (Havel),medium,12069656,26970,2006-07-17,2006-07-21,5,34.8,31.5,2006
Werder (Havel),medium,12069656,26970,2010-07-01,2010-07-03,3,31.1,30.6,2010
Werder (Havel),medium,12069656,26970,2010-07-08,2010-07-11,4,35.4,34.2,2010
Werder (Havel),medium,12069656,26970,2014-06-07,2014-06-09,3,31.8,30.8,2014
Werder (Havel),medium,12069656,26970,2015-07-02,2015-07-04,3,35.3,34.2,2015
Werder (Havel),medium,12069656,26970,2015-08-05,2015-08-07,3,35.3,32.6,2015
Werder (Havel),medium,12069656,26970,2016-06-22,2016-06-24,3,32.9,31.2,2016
Werder (Havel),medium,12069656,26970,2016-08-24,2016-08-27,4,33.4,31.2,2016
Werder (Havel),medium,12069656,26970,2016-09-11,2016-09-13,3,30.4,29.7,2016
Werder (Havel),medium,12069656,26970,2017-05-27,2017-05-29,3,29.6,28.8,2017
Werder (Havel),medium,12069656,26970,2018-05-27,2018-05-31,5,30.4,29.7,2018
Werder (Havel),medium,12069656,26970,2018-07-23,2018-07-27,5,32.8,31.7,2018
Werder (Havel),medium,12069656,26970,2018-07-29,2018-07-31,3,34.3,32.8,2018
Werder (Havel),medium,12069656,26970,2018-08-06,2018-08-08,3,36.2,34.9,2018
Werder (Havel),medium,12069656,26970,2018-09-17,2018-09-20,4,29.6,29.0,2018
Werder (Havel),medium,12069656,26970,2019-06-01,2019-06-04,4,32.3,30.7,2019
Werder (Havel),medium,12069656,26970,2019-08-24,2019-08-30,7,32.0,30.7,2019
Werder (Havel),medium,12069656,26970,2020-08-06,2020-08-08,3,34.6,33.2,2020
Werder (Havel),medium,12069656,26970,2020-09-13,2020-09-15,3,30.0,28.9,2020
Werder (Havel),medium,12069656,26970,2021-06-16,2021-06-20,5,33.4,32.0,2021
Werder (Havel),medium,12069656,26970,2023-09-08,2023-09-11,4,29.6,29.0,2023
Werder (Havel),medium,12069656,26970,2024-09-02,2024-09-07,6,33.2,31.1,2024
Werder (Havel),medium,12069656,26970,2025-08-12,2025-08-14,3,32.4,31.6,2025
Ketzin/Havel,small,12063148,6758,1982-05-31,1982-06-04,5,31.7,30.3,1982
Ketzin/Havel,small,12063148,6758,1992-08-07,1992-08-09,3,36.4,33.4,1992
Ketzin/Havel,small,12063148,6758,1994-07-21,1994-07-31,11,36.1,32.4,1994
Ketzin/Havel,small,12063148,6758,1997-08-23,1997-08-25,3,30.7,29.4,1997
Ketzin/Havel,small,12063148,6758,2000-06-18,2000-06-20,3,33.3,32.1,2000
Ketzin/Havel,small,12063148,6758,2003-06-02,2003-06-04,3,30.8,29.7,2003
Ketzin/Havel,small,12063148,6758,2006-07-04,2006-07-06,3,31.2,30.3,2006
Ketzin/Havel,small,12063148,6758,2006-07-17,2006-07-21,5,34.7,31.4,2006
Ketzin/Havel,small,12063148,6758,2010-07-01,2010-07-03,3,31.1,30.5,2010
Ketzin/Havel,small,12063148,6758,2010-07-08,2010-07-11,4,35.5,34.2,2010
Ketzin/Havel,small,12063148,6758,2014-06-07,2014-06-09,3,31.9,30.7,2014
Ketzin/Havel,small,12063148,6758,2015-07-02,2015-07-04,3,35.3,34.1,2015
Ketzin/Havel,small,12063148,6758,2016-06-22,2016-06-24,3,32.9,31.2,2016
Ketzin/Havel,small,12063148,6758,2016-08-24,2016-08-27,4,33.2,30.9,2016
Ketzin/Havel,small,12063148,6758,2016-09-11,2016-09-13,3,30.2,29.5,2016
Ketzin/Havel,small,12063148,6758,2018-05-27,2018-05-31,5,30.4,29.6,2018
Ketzin/Havel,small,12063148,6758,2018-07-29,2018-07-31,3,33.6,32.0,2018
Ketzin/Havel,small,12063148,6758,2018-08-06,2018-08-08,3,35.6,34.1,2018
Ketzin/Havel,small,12063148,6758,2019-06-01,2019-06-04,4,32.2,30.5,2019
Ketzin/Havel,small,12063148,6758,2019-08-24,2019-08-30,7,31.8,30.2,2019
Ketzin/Havel,small,12063148,6758,2020-08-06,2020-08-08,3,33.4,32.4,2020
Ketzin/Havel,small,12063148,6758,2020-09-13,2020-09-15,3,30.0,28.9,2020
Ketzin/Havel,small,12063148,6758,2021-06-16,2021-06-20,5,32.9,31.7,2021
Ketzin/Havel,small,12063148,6758,2023-09-08,2023-09-11,4,29.5,28.8,2023
Ketzin/Havel,small,12063148,6758,2024-09-02,2024-09-07,6,32.6,30.6,2024
Ketzin/Havel,small,12063148,6758,2025-08-12,2025-08-14,3,31.7,31.0,2025
Borkwalde,rural,12069056,2131,1982-05-31,1982-06-04,5,31.9,30.4,1982
Borkwalde,rural,12069056,2131,1992-08-07,1992-08-09,3,37.1,34.3,1992
Borkwalde,rural,12069056,2131,1994-07-21,1994-07-31,11,36.5,32.8,1994
Borkwalde,rural,12069056,2131,2000-06-18,2000-06-20,3,33.5,32.2,2000
Borkwalde,rural,12069056,2131,2003-06-01,2003-06-04,4,31.2,29.7,2003
Borkwalde,rural,12069056,2131,2006-07-17,2006-07-21,5,34.9,31.7,2006
Borkwalde,rural,12069056,2131,2010-07-01,2010-07-03,3,31.3,30.6,2010
Borkwalde,rural,12069056,2131,2010-07-08,2010-07-11,4,35.7,34.3,2010
Borkwalde,rural,12069056,2131,2014-06-07,2014-06-09,3,31.9,31.0,2014
Borkwalde,rural,12069056,2131,2015-07-02,2015-07-04,3,35.6,34.4,2015
Borkwalde,rural,12069056,2131,2016-06-22,2016-06-24,3,32.9,31.1,2016
Borkwalde,rural,12069056,2131,2016-08-24,2016-08-27,4,33.9,31.6,2016
Borkwalde,rural,12069056,2131,2016-09-11,2016-09-13,3,30.8,30.1,2016
Borkwalde,rural,12069056,2131,2017-05-27,2017-05-29,3,30.6,29.8,2017
Borkwalde,rural,12069056,2131,2018-05-27,2018-05-31,5,30.8,30.3,2018
Borkwalde,rural,12069056,2131,2018-07-23,2018-07-27,5,33.4,32.3,2018
Borkwalde,rural,12069056,2131,2018-07-29,2018-07-31,3,35.2,33.3,2018
Borkwalde,rural,12069056,2131,2018-08-06,2018-08-08,3,36.8,35.5,2018
Borkwalde,rural,12069056,2131,2018-09-17,2018-09-20,4,30.0,29.4,2018
Borkwalde,rural,12069056,2131,2019-06-01,2019-06-05,5,33.4,31.4,2019
Borkwalde,rural,12069056,2131,2019-06-23,2019-06-25,3,35.9,33.2,2019
Borkwalde,rural,12069056,2131,2019-07-22,2019-07-25,4,34.2,32.1,2019
Borkwalde,rural,12069056,2131,2019-08-24,2019-08-31,8,32.7,31.0,2019
Borkwalde,rural,12069056,2131,2020-08-06,2020-08-08,3,35.0,33.7,2020
Borkwalde,rural,12069056,2131,2020-09-13,2020-09-15,3,30.2,29.2,2020
Borkwalde,rural,12069056,2131,2021-06-16,2021-06-20,5,33.9,32.6,2021
Borkwalde,rural,12069056,2131,2022-06-22,2022-06-26,5,33.0,31.0,2022
Borkwalde,rural,12069056,2131,2023-09-05,2023-09-11,7,30.2,29.1,2023
Borkwalde,rural,12069056,2131,2024-09-02,2024-09-07,6,33.4,31.6,2024
Borkwalde,rural,12069056,2131,2025-08-12,2025-08-14,3,33.4,32.7,2025
Saarbrücken,large,10041100,183509,1983-07-25,1983-07-27,3,35.3,34.2,1983
Saarbrücken,large,10041100,183509,1990-08-01,1990-08-04,4,32.9,32.1,1990
Saarbrücken,large,10041100,183509,1992-08-06,1992-08-08,3,34.4,33.5,1992
Saarbrücken,large,10041100,183509,1998-08-09,1998-08-11,3,34.7,33.3,1998
Saarbrücken,large,10041100,183509,2002-06-16,2002-06-18,3,32.7,31.3,2002
Saarbrücken,large,10041100,183509,2003-08-02,2003-08-12,11,36.2,34.9,2003
Saarbrücken,large,10041100,183509,2004-06-07,2004-06-09,3,29.2,28.8,2004
Saarbrücken,large,10041100,183509,2006-07-17,2006-07-21,5,34.5,32.6,2006
Saarbrücken,large,10041100,183509,2006-07-24,2006-07-26,3,34.4,33.8,2006
Saarbrücken,large,10041100,183509,2010-07-08,2010-07-10,3,34.9,32.8,2010
Saarbrücken,large,10041100,183509,2011-08-20,2011-08-22,3,30.1,30.0,2011
Saarbrücken,large,10041100,183509,2012-08-17,2012-08-20,4,35.4,32.5,2012
Saarbrücken,large,10041100,183509,2013-06-16,2013-06-18,3,31.6,30.8,2013
Saarbrücken,large,10041100,183509,2014-06-06,2014-06-09,4,32.8,30.8,2014
Saarbrücken,large,10041100,183509,2015-06-30,2015-07-04,5,37.3,35.6,2015
Saarbrücken,large,10041100,183509,2015-08-28,2015-08-30,3,31.7,31.1,2015
Saarbrücken,large,10041100,183509,2016-08-23,2016-08-27,5,33.7,31.8,2016
Saarbrücken,large,10041100,183509,2016-09-11,2016-09-13,3,30.5,30.1,2016
Saarbrücken,large,10041100,183509,2017-05-26,2017-05-28,3,30.6,29.8,2017
Saarbrücken,large,10041100,183509,2017-06-18,2017-06-21,4,34.8,32.2,2017
Saarbrücken,large,10041100,183509,2018-07-24,2018-07-26,3,32.8,32.4,2018
Saarbrücken,large,10041100,183509,2019-06-23,2019-06-26,4,34.1,32.0,2019
Saarbrücken,large,10041100,183509,2019-07-22,2019-07-25,4,37.9,35.5,2019
Saarbrücken,large,10041100,183509,2019-08-25,2019-08-27,3,30.8,30.4,2019
Saarbrücken,large,10041100,183509,2020-08-06,2020-08-11,6,35.4,33.6,2020
Saarbrücken,large,10041100,183509,2020-09-13,2020-09-15,3,31.8,31.2,2020
Saarbrücken,large,10041100,183509,2021-06-14,2021-06-18,5,30.4,29.7,2021
Saarbrücken,large,10041100,183509,2022-06-16,2022-06-18,3,33.8,32.0,2022
Saarbrücken,large,10041100,183509,2025-06-11,2025-06-13,3,34.1,31.4,2025
Saarbrücken,large,10041100,183509,2025-06-28,2025-07-01,4,37.4,35.0,2025
Saarbrücken,large,10041100,183509,2025-08-11,2025-08-14,4,35.4,34.1,2025
St. Ingbert,medium,10045117,35059,1983-07-25,1983-07-27,3,35.7,34.3,1983
St. Ingbert,medium,10045117,35059,1990-08-01,1990-08-04,4,33.3,32.6,1990
St. Ingbert,medium,10045117,35059,1992-08-06,1992-08-08,3,34.2,33.3,1992
St. Ingbert,medium,10045117,35059,1998-08-09,1998-08-11,3,34.7,33.3,1998
St. Ingbert,medium,10045117,35059,2002-06-16,2002-06-18,3,33.1,31.4,2002
St. Ingbert,medium,10045117,35059,2003-08-02,2003-08-12,11,36.4,35.1,2003
St. Ingbert,medium,10045117,35059,2004-06-07,2004-06-09,3,29.4,29.0,2004
St. Ingbert,medium,10045117,35059,2006-07-17,2006-07-21,5,35.1,33.1,2006
St. Ingbert,medium,10045117,35059,2006-07-24,2006-07-26,3,34.9,34.2,2006
St. Ingbert,medium,10045117,35059,2010-07-08,2010-07-10,3,35.3,33.1,2010
St. Ingbert,medium,10045117,35059,2012-08-17,2012-08-20,4,35.6,32.5,2012
St. Ingbert,medium,10045117,35059,2013-06-16,2013-06-18,3,31.8,31.0,2013
St. Ingbert,medium,10045117,35059,2014-06-06,2014-06-09,4,33.2,31.0,2014
St. Ingbert,medium,10045117,35059,2015-06-30,2015-07-04,5,38.1,35.9,2015
St. Ingbert,medium,10045117,35059,2015-08-28,2015-08-30,3,31.5,30.8,2015
St. Ingbert,medium,10045117,35059,2016-08-23,2016-08-27,5,34.0,32.1,2016
St. Ingbert,medium,10045117,35059,2016-09-11,2016-09-13,3,30.7,30.3,2016
St. Ingbert,medium,10045117,35059,2017-05-26,2017-05-28,3,30.0,29.3,2017
St. Ingbert,medium,10045117,35059,2017-06-18,2017-06-21,4,34.2,31.5,2017
St. Ingbert,medium,10045117,35059,2019-06-24,2019-06-26,3,34.4,32.7,2019
St. Ingbert,medium,10045117,35059,2019-07-22,2019-07-25,4,38.1,35.5,2019
St. Ingbert,medium,10045117,35059,2019-08-25,2019-08-27,3,31.0,30.4,2019
St. Ingbert,medium,10045117,35059,2020-08-06,2020-08-10,5,34.7,33.4,2020
St. Ingbert,medium,10045117,35059,2020-09-13,2020-09-15,3,31.2,30.7,2020
St. Ingbert,medium,10045117,35059,2022-07-17,2022-07-19,3,35.4,33.4,2022
St. Ingbert,medium,10045117,35059,2025-06-11,2025-06-13,3,32.8,30.2,2025
St. Ingbert,medium,10045117,35059,2025-06-28,2025-07-01,4,36.8,34.0,2025
St. Ingbert,medium,10045117,35059,2025-08-11,2025-08-14,4,34.6,33.7,2025
Sulzbach/Saar,small,10041518,16368,1983-07-25,1983-07-27,3,34.9,33.6,1983
Sulzbach/Saar,small,10041518,16368,1990-08-01,1990-08-04,4,32.6,31.8,1990
Sulzbach/Saar,small,10041518,16368,1992-08-06,1992-08-08,3,33.5,32.6,1992
Sulzbach/Saar,small,10041518,16368,1998-08-09,1998-08-11,3,34.0,32.6,1998
Sulzbach/Saar,small,10041518,16368,2002-06-16,2002-06-18,3,32.4,30.7,2002
Sulzbach/Saar,small,10041518,16368,2003-08-02,2003-08-12,11,35.7,34.3,2003
Sulzbach/Saar,small,10041518,16368,2006-07-17,2006-07-21,5,34.4,32.3,2006
Sulzbach/Saar,small,10041518,16368,2006-07-24,2006-07-26,3,34.1,33.4,2006
Sulzbach/Saar,small,10041518,16368,2010-07-08,2010-07-10,3,34.5,32.4,2010
Sulzbach/Saar,small,10041518,16368,2012-08-17,2012-08-20,4,34.8,31.7,2012
Sulzbach/Saar,small,10041518,16368,2013-06-16,2013-06-18,3,31.0,30.3,2013
Sulzbach/Saar,small,10041518,16368,2014-06-07,2014-06-09,3,32.4,31.1,2014
Sulzbach/Saar,small,10041518,16368,2015-06-30,2015-07-04,5,37.4,35.2,2015
Sulzbach/Saar,small,10041518,16368,2015-08-28,2015-08-30,3,30.7,30.1,2015
Sulzbach/Saar,small,10041518,16368,2016-08-23,2016-08-27,5,33.3,31.4,2016
Sulzbach/Saar,small,10041518,16368,2016-09-11,2016-09-13,3,30.0,29.6,2016
Sulzbach/Saar,small,10041518,16368,2017-05-26,2017-05-28,3,30.6,29.7,2017
Sulzbach/Saar,small,10041518,16368,2017-06-18,2017-06-21,4,34.5,31.9,2017
Sulzbach/Saar,small,10041518,16368,2018-07-24,2018-07-26,3,32.4,32.1,2018
Sulzbach/Saar,small,10041518,16368,2018-08-01,2018-08-03,3,33.1,32.4,2018
Sulzbach/Saar,small,10041518,16368,2019-06-23,2019-06-26,4,34.7,32.3,2019
Sulzbach/Saar,small,10041518,16368,2019-07-22,2019-07-25,4,38.6,35.8,2019
Sulzbach/Saar,small,10041518,16368,2019-08-24,2019-08-27,4,31.4,30.3,2019
Sulzbach/Saar,small,10041518,16368,2020-08-06,2020-08-11,6,34.8,33.1,2020
Sulzbach/Saar,small,10041518,16368,2020-09-13,2020-09-15,3,31.7,31.2,2020
Sulzbach/Saar,small,10041518,16368,2021-06-14,2021-06-18,5,30.5,29.8,2021
Sulzbach/Saar,small,10041518,16368,2022-06-16,2022-06-18,3,34.0,32.3,2022
Sulzbach/Saar,small,10041518,16368,2022-07-17,2022-07-19,3,35.8,33.8,2022
Sulzbach/Saar,small,10041518,16368,2023-09-07,2023-09-10,4,29.3,28.8,2023
Sulzbach/Saar,small,10041518,16368,2024-08-27,2024-08-31,5,30.6,29.6,2024
Sulzbach/Saar,small,10041518,16368,2025-06-11,2025-06-13,3,33.4,31.0,2025
Sulzbach/Saar,small,10041518,16368,2025-06-28,2025-07-01,4,36.8,34.4,2025
Sulzbach/Saar,small,10041518,16368,2025-08-11,2025-08-14,4,35.3,34.2,2025
Althornbach,rural,07340201,680,1983-07-25,1983-07-27,3,35.0,33.8,1983
Althornbach,rural,07340201,680,1990-08-02,1990-08-04,3,32.1,31.6,1990
Althornbach,rural,07340201,680,1992-08-06,1992-08-08,3,33.0,32.4,1992
Althornbach,rural,07340201,680,1998-08-09,1998-08-11,3,34.1,32.7,1998
Althornbach,rural,07340201,680,2000-06-18,2000-06-20,3,30.5,29.9,2000
Althornbach,rural,07340201,680,2003-08-02,2003-08-12,11,35.4,34.2,2003
Althornbach,rural,07340201,680,2006-07-17,2006-07-21,5,33.8,32.3,2006
Althornbach,rural,07340201,680,2006-07-24,2006-07-26,3,33.7,33.3,2006
Althornbach,rural,07340201,680,2010-07-08,2010-07-10,3,33.9,32.2,2010
Althornbach,rural,07340201,680,2012-08-17,2012-08-20,4,33.5,31.5,2012
Althornbach,rural,07340201,680,2013-06-16,2013-06-18,3,31.2,30.3,2013
Althornbach,rural,07340201,680,2014-06-06,2014-06-09,4,32.3,30.4,2014
Althornbach,rural,07340201,680,2015-06-30,2015-07-04,5,36.6,35.0,2015
Althornbach,rural,07340201,680,2015-08-05,2015-08-07,3,36.2,33.5,2015
Althornbach,rural,07340201,680,2015-08-28,2015-08-30,3,31.6,30.9,2015
Althornbach,rural,07340201,680,2016-08-23,2016-08-27,5,33.2,31.2,2016
Althornbach,rural,07340201,680,2016-09-11,2016-09-13,3,30.1,29.8,2016
Althornbach,rural,07340201,680,2017-06-18,2017-06-21,4,33.4,31.4,2017
Althornbach,rural,07340201,680,2018-07-24,2018-07-26,3,32.2,32.0,2018
Althornbach,rural,07340201,680,2018-08-01,2018-08-03,3,33.4,32.6,2018
Althornbach,rural,07340201,680,2019-06-23,2019-06-26,4,34.2,32.0,2019
Althornbach,rural,07340201,680,2019-07-22,2019-07-25,4,37.4,34.9,2019
Althornbach,rural,07340201,680,2019-08-25,2019-08-27,3,30.8,30.6,2019
Althornbach,rural,07340201,680,2020-08-06,2020-08-11,6,34.4,32.9,2020
Althornbach,rural,07340201,680,2020-09-12,2020-09-15,4,30.9,30.0,2020
Althornbach,rural,07340201,680,2021-06-15,2021-06-18,4,30.6,30.0,2021
Althornbach,rural,07340201,680,2022-06-16,2022-06-18,3,33.6,32.0,2022
Althornbach,rural,07340201,680,2022-07-17,2022-07-19,3,35.4,33.3,2022
Althornbach,rural,07340201,680,2022-08-22,2022-08-24,3,30.9,30.2,2022
Althornbach,rural,07340201,680,2023-09-07,2023-09-11,5,29.8,29.3,2023
Althornbach,rural,07340201,680,2024-08-27,2024-08-31,5,30.6,29.8,2024
Althornbach,rural,07340201,680,2025-06-11,2025-06-13,3,32.8,30.6,2025
Althornbach,rural,07340201,680,2025-06-27,2025-07-01,5,35.8,32.9,2025
Althornbach,rural,07340201,680,2025-08-11,2025-08-14,4,35.0,33.8,2025
Hamm,large,05915000,180761,1982-06-01,1982-06-04,4,30.1,29.5,1982
Hamm,large,05915000,180761,1990-08-01,1990-08-03,3,34.0,31.7,1990
Hamm,large,05915000,180761,1994-07-01,1994-07-03,3,31.7,30.6,1994
Hamm,large,05915000,180761,1994-07-22,1994-07-24,3,31.8,31.3,1994
Hamm,large,05915000,180761,1994-08-02,1994-08-04,3,33.3,31.8,1994
Hamm,large,05915000,180761,1995-07-08,1995-07-10,3,31.5,30.6,1995
Hamm,large,05915000,180761,2000-06-18,2000-06-20,3,31.8,30.6,2000
Hamm,large,05915000,180761,2001-08-23,2001-08-25,3,32.5,30.5,2001
Hamm,large,05915000,180761,2003-08-03,2003-08-11,9,35.3,32.7,2003
Hamm,large,05915000,180761,2006-07-17,2006-07-21,5,33.7,32.1,2006
Hamm,large,05915000,180761,2010-07-07,2010-07-11,5,33.7,32.2,2010
Hamm,large,05915000,180761,2012-08-17,2012-08-19,3,33.7,31.1,2012
Hamm,large,05915000,180761,2015-06-30,2015-07-04,5,34.7,32.3,2015
Hamm,large,05915000,180761,2016-08-23,2016-08-27,5,31.8,30.8,2016
Hamm,large,05915000,180761,2016-09-11,2016-09-14,4,30.7,29.7,2016
Hamm,large,05915000,180761,2018-07-23,2018-07-26,4,34.4,33.3,2018
Hamm,large,05915000,180761,2018-08-01,2018-08-03,3,34.0,32.9,2018
Hamm,large,05915000,180761,2019-06-23,2019-06-25,3,34.0,32.0,2019
Hamm,large,05915000,180761,2019-07-22,2019-07-26,5,38.0,34.2,2019
Hamm,large,05915000,180761,2019-08-23,2019-08-27,5,32.8,31.1,2019
Hamm,large,05915000,180761,2020-08-05,2020-08-12,8,34.6,32.2,2020
Hamm,large,05915000,180761,2021-06-15,2021-06-18,4,33.0,31.0,2021
Hamm,large,05915000,180761,2022-07-17,2022-07-19,3,35.6,32.9,2022
Hamm,large,05915000,180761,2022-08-22,2022-08-24,3,30.8,30.4,2022
Hamm,large,05915000,180761,2023-09-07,2023-09-10,4,30.4,29.5,2023
Ahlen,medium,05570004,53278,1982-06-01,1982-06-04,4,30.6,29.8,1982
Ahlen,medium,05570004,53278,1994-07-22,1994-07-24,3,32.2,31.6,1994
Ahlen,medium,05570004,53278,1994-08-02,1994-08-04,3,33.4,31.9,1994
Ahlen,medium,05570004,53278,1995-07-08,1995-07-10,3,31.7,30.7,1995
Ahlen,medium,05570004,53278,2000-06-18,2000-06-20,3,31.9,30.7,2000
Ahlen,medium,05570004,53278,2001-08-23,2001-08-25,3,32.9,30.7,2001
Ahlen,medium,05570004,53278,2003-08-03,2003-08-11,9,35.5,33.1,2003
Ahlen,medium,05570004,53278,2006-07-17,2006-07-21,5,33.8,32.1,2006
Ahlen,medium,05570004,53278,2010-07-07,2010-07-11,5,33.7,32.3,2010
Ahlen,medium,05570004,53278,2012-08-17,2012-08-19,3,34.1,31.4,2012
Ahlen,medium,05570004,53278,2015-06-30,2015-07-04,5,34.9,32.4,2015
Ahlen,medium,05570004,53278,2016-08-23,2016-08-27,5,31.9,31.0,2016
Ahlen,medium,05570004,53278,2016-09-11,2016-09-14,4,30.8,29.7,2016
Ahlen,medium,05570004,53278,2018-07-23,2018-07-26,4,34.0,33.0,2018
Ahlen,medium,05570004,53278,2018-08-01,2018-08-03,3,33.5,32.3,2018
Ahlen,medium,05570004,53278,2019-06-23,2019-06-25,3,33.8,31.7,2019
Ahlen,medium,05570004,53278,2019-07-22,2019-07-26,5,38.0,34.1,2019
Ahlen,medium,05570004,53278,2019-08-23,2019-08-27,5,32.6,30.9,2019
Ahlen,medium,05570004,53278,2020-08-05,2020-08-12,8,34.4,32.0,2020
Ahlen,medium,05570004,53278,2021-06-15,2021-06-18,4,32.7,30.8,2021
Ahlen,medium,05570004,53278,2022-07-17,2022-07-19,3,35.6,32.9,2022
Ahlen,medium,05570004,53278,2022-08-22,2022-08-24,3,30.6,30.2,2022
Ahlen,medium,05570004,53278,2023-09-07,2023-09-10,4,30.1,29.2,2023
Drensteinfurt,small,05570016,15865,1982-06-01,1982-06-04,4,31.1,30.2,1982
Drensteinfurt,small,05570016,15865,1990-08-01,1990-08-03,3,34.5,32.2,1990
Drensteinfurt,small,05570016,15865,1991-09-01,1991-09-03,3,28.4,28.2,1991
Drensteinfurt,small,05570016,15865,1994-07-01,1994-07-03,3,32.2,31.0,1994
Drensteinfurt,small,05570016,15865,1994-07-22,1994-07-24,3,32.7,32.0,1994
Drensteinfurt,small,05570016,15865,1994-08-02,1994-08-04,3,33.9,32.2,1994
Drensteinfurt,small,05570016,15865,1995-07-08,1995-07-10,3,32.2,31.1,1995
Drensteinfurt,small,05570016,15865,1996-06-05,1996-06-07,3,29.9,29.0,1996
Drensteinfurt,small,05570016,15865,1999-09-10,1999-09-12,3,29.1,28.7,1999
Drensteinfurt,small,05570016,15865,2000-06-18,2000-06-20,3,32.3,31.0,2000
Drensteinfurt,small,05570016,15865,2003-08-03,2003-08-11,9,35.7,33.2,2003
Drensteinfurt,small,05570016,15865,2006-07-17,2006-07-21,5,34.3,32.4,2006
Drensteinfurt,small,05570016,15865,2010-07-08,2010-07-11,4,33.9,32.9,2010
Drensteinfurt,small,05570016,15865,2012-08-17,2012-08-19,3,34.3,31.6,2012
Drensteinfurt,small,05570016,15865,2015-06-30,2015-07-04,5,35.1,32.4,2015
Drensteinfurt,small,05570016,15865,2016-08-23,2016-08-27,5,31.8,30.9,2016
Drensteinfurt,small,05570016,15865,2016-09-11,2016-09-14,4,31.1,30.1,2016
Drensteinfurt,small,05570016,15865,2018-07-23,2018-07-26,4,34.4,33.4,2018
Drensteinfurt,small,05570016,15865,2018-08-01,2018-08-03,3,33.9,32.8,2018
Drensteinfurt,small,05570016,15865,2019-06-23,2019-06-25,3,34.6,32.3,2019
Drensteinfurt,small,05570016,15865,2019-07-22,2019-07-26,5,38.5,34.7,2019
Drensteinfurt,small,05570016,15865,2019-08-23,2019-08-27,5,33.2,31.4,2019
Drensteinfurt,small,05570016,15865,2020-08-05,2020-08-12,8,34.8,32.6,2020
Drensteinfurt,small,05570016,15865,2021-06-15,2021-06-18,4,33.2,31.3,2021
Drensteinfurt,small,05570016,15865,2022-07-17,2022-07-19,3,36.4,33.4,2022
Drensteinfurt,small,05570016,15865,2022-08-22,2022-08-24,3,30.9,30.5,2022
Drensteinfurt,small,05570016,15865,2023-09-04,2023-09-10,7,30.4,29.1,2023
Ludwigshafen am Rhein,large,07314000,176110,1982-06-01,1982-06-03,3,30.1,29.9,1982
Ludwigshafen am Rhein,large,07314000,176110,1990-08-02,1990-08-04,3,34.8,33.9,1990
Ludwigshafen am Rhein,large,07314000,176110,1992-08-06,1992-08-08,3,35.6,34.6,1992
Ludwigshafen am Rhein,large,07314000,176110,1996-06-05,1996-06-07,3,30.8,29.6,1996
Ludwigshafen am Rhein,large,07314000,176110,2000-06-18,2000-06-20,3,32.3,31.6,2000
Ludwigshafen am Rhein,large,07314000,176110,2003-08-02,2003-08-12,11,38.0,36.6,2003
Ludwigshafen am Rhein,large,07314000,176110,2003-09-18,2003-09-21,4,30.8,29.4,2003
Ludwigshafen am Rhein,large,07314000,176110,2004-06-07,2004-06-09,3,31.8,31.0,2004
Ludwigshafen am Rhein,large,07314000,176110,2006-07-17,2006-07-21,5,35.6,34.2,2006
Ludwigshafen am Rhein,large,07314000,176110,2006-07-24,2006-07-26,3,35.5,34.8,2006
Ludwigshafen am Rhein,large,07314000,176110,2010-07-08,2010-07-11,4,35.0,34.2,2010
Ludwigshafen am Rhein,large,07314000,176110,2012-08-17,2012-08-20,4,35.9,33.7,2012
Ludwigshafen am Rhein,large,07314000,176110,2013-06-16,2013-06-18,3,33.6,32.0,2013
Ludwigshafen am Rhein,large,07314000,176110,2014-06-06,2014-06-09,4,34.4,32.7,2014
Ludwigshafen am Rhein,large,07314000,176110,2015-06-30,2015-07-04,5,38.7,36.2,2015
Ludwigshafen am Rhein,large,07314000,176110,2015-08-05,2015-08-07,3,38.5,35.6,2015
Ludwigshafen am Rhein,large,07314000,176110,2016-08-24,2016-08-27,4,33.8,32.7,2016
Ludwigshafen am Rhein,large,07314000,176110,2016-09-09,2016-09-13,5,31.8,30.4,2016
Ludwigshafen am Rhein,large,07314000,176110,2017-05-26,2017-05-29,4,33.3,30.8,2017
Ludwigshafen am Rhein,large,07314000,176110,2017-06-18,2017-06-21,4,36.7,33.7,2017
Ludwigshafen am Rhein,large,07314000,176110,2018-06-03,2018-06-05,3,29.9,29.2,2018
Ludwigshafen am Rhein,large,07314000,176110,2018-07-24,2018-07-26,3,35.0,34.2,2018
Ludwigshafen am Rhein,large,07314000,176110,2018-07-29,2018-07-31,3,35.5,34.5,2018
Ludwigshafen am Rhein,large,07314000,176110,2018-09-09,2018-09-11,3,31.4,30.0,2018
Ludwigshafen am Rhein,large,07314000,176110,2018-09-17,2018-09-19,3,31.4,30.5,2018
Ludwigshafen am Rhein,large,07314000,176110,2019-05-31,2019-06-04,5,32.8,31.4,2019
Ludwigshafen am Rhein,large,07314000,176110,2019-06-23,2019-06-26,4,37.5,34.5,2019
Ludwigshafen am Rhein,large,07314000,176110,2019-07-22,2019-07-25,4,39.8,37.6,2019
Ludwigshafen am Rhein,large,07314000,176110,2019-08-24,2019-08-28,5,33.3,32.1,2019
Ludwigshafen am Rhein,large,07314000,176110,2020-08-06,2020-08-11,6,35.8,35.0,2020
Ludwigshafen am Rhein,large,07314000,176110,2020-09-11,2020-09-15,5,31.4,30.4,2020
Ludwigshafen am Rhein,large,07314000,176110,2021-06-14,2021-06-18,5,34.5,33.2,2021
Ludwigshafen am Rhein,large,07314000,176110,2022-05-17,2022-05-19,3,33.2,30.8,2022
Ludwigshafen am Rhein,large,07314000,176110,2022-06-14,2022-06-18,5,36.8,33.2,2022
Ludwigshafen am Rhein,large,07314000,176110,2022-07-17,2022-07-19,3,37.6,36.1,2022
Ludwigshafen am Rhein,large,07314000,176110,2022-08-22,2022-08-24,3,32.8,32.0,2022
Ludwigshafen am Rhein,large,07314000,176110,2023-06-08,2023-06-10,3,30.2,29.4,2023
Ludwigshafen am Rhein,large,07314000,176110,2023-07-07,2023-07-10,4,36.2,34.7,2023
Ludwigshafen am Rhein,large,07314000,176110,2023-09-05,2023-09-11,7,31.0,30.5,2023
Ludwigshafen am Rhein,large,07314000,176110,2025-06-27,2025-07-01,5,37.9,34.4,2025
Ludwigshafen am Rhein,large,07314000,176110,2025-08-12,2025-08-14,3,33.5,33.1,2025
Erpolzheim,rural,07332015,1320,1982-06-01,1982-06-03,3,29.5,29.4,1982
Erpolzheim,rural,07332015,1320,1990-08-01,1990-08-04,4,33.9,33.0,1990
Erpolzheim,rural,07332015,1320,1992-08-06,1992-08-08,3,34.9,33.9,1992
Erpolzheim,rural,07332015,1320,1996-06-05,1996-06-07,3,30.4,29.4,1996
Erpolzheim,rural,07332015,1320,2000-06-18,2000-06-20,3,31.7,31.0,2000
Erpolzheim,rural,07332015,1320,2003-08-02,2003-08-12,11,37.1,35.8,2003
Erpolzheim,rural,07332015,1320,2003-09-18,2003-09-20,3,30.2,29.0,2003
Erpolzheim,rural,07332015,1320,2004-06-07,2004-06-09,3,31.1,30.4,2004
Erpolzheim,rural,07332015,1320,2006-07-17,2006-07-21,5,34.7,33.5,2006
Erpolzheim,rural,07332015,1320,2006-07-24,2006-07-26,3,34.8,34.3,2006
Erpolzheim,rural,07332015,1320,2010-07-08,2010-07-11,4,34.2,33.4,2010
Erpolzheim,rural,07332015,1320,2012-08-17,2012-08-20,4,35.0,33.0,2012
Erpolzheim,rural,07332015,1320,2013-06-16,2013-06-18,3,33.0,31.5,2013
Erpolzheim,rural,07332015,1320,2014-06-06,2014-06-09,4,33.7,32.2,2014
Erpolzheim,rural,07332015,1320,2015-06-30,2015-07-04,5,37.9,35.6,2015
Erpolzheim,rural,07332015,1320,2015-08-05,2015-08-07,3,37.6,34.8,2015
Erpolzheim,rural,07332015,1320,2015-08-28,2015-08-30,3,33.0,31.8,2015
Erpolzheim,rural,07332015,1320,2016-08-24,2016-08-27,4,33.3,32.3,2016
Erpolzheim,rural,07332015,1320,2016-09-11,2016-09-13,3,31.0,30.5,2016
Erpolzheim,rural,07332015,1320,2017-05-26,2017-05-29,4,32.7,30.2,2017
Erpolzheim,rural,07332015,1320,2017-06-18,2017-06-21,4,36.0,33.0,2017
Erpolzheim,rural,07332015,1320,2018-07-24,2018-07-26,3,34.2,33.5,2018
Erpolzheim,rural,07332015,1320,2018-07-29,2018-07-31,3,34.6,33.9,2018
Erpolzheim,rural,07332015,1320,2018-09-17,2018-09-19,3,30.8,29.9,2018
Erpolzheim,rural,07332015,1320,2019-05-31,2019-06-04,5,32.4,30.9,2019
Erpolzheim,rural,07332015,1320,2019-06-23,2019-06-26,4,37.1,34.1,2019
Erpolzheim,rural,07332015,1320,2019-07-22,2019-07-25,4,38.8,37.0,2019
Erpolzheim,rural,07332015,1320,2019-08-24,2019-08-27,4,32.0,31.5,2019
Erpolzheim,rural,07332015,1320,2020-08-06,2020-08-11,6,35.0,34.1,2020
Erpolzheim,rural,07332015,1320,2020-09-11,2020-09-15,5,31.0,29.9,2020
Erpolzheim,rural,07332015,1320,2021-06-14,2021-06-18,5,33.6,32.4,2021
Erpolzheim,rural,07332015,1320,2022-05-17,2022-05-19,3,31.2,29.5,2022
Erpolzheim,rural,07332015,1320,2022-07-17,2022-07-19,3,36.3,35.0,2022
Erpolzheim,rural,07332015,1320,2023-07-07,2023-07-10,4,35.6,33.8,2023
Erpolzheim,rural,07332015,1320,2023-09-06,2023-09-11,6,30.8,30.0,2023
Erpolzheim,rural,07332015,1320,2025-06-28,2025-07-01,4,37.2,34.3,2025
Erpolzheim,rural,07332015,1320,2025-08-12,2025-08-14,3,32.9,32.7,2025
Oldenburg,large,03403000,174629,1982-06-01,1982-06-04,4,30.8,29.8,1982
Oldenburg,large,03403000,174629,1997-08-10,1997-08-12,3,30.5,29.5,1997
Oldenburg,large,03403000,174629,2000-06-18,2000-06-20,3,32.1,30.6,2000
Oldenburg,large,03403000,174629,2002-07-28,2002-07-30,3,30.0,29.6,2002
Oldenburg,large,03403000,174629,2003-08-06,2003-08-11,6,33.7,32.0,2003
Oldenburg,large,03403000,174629,2008-07-26,2008-07-28,3,30.3,30.1,2008
Oldenburg,large,03403000,174629,2010-07-08,2010-07-11,4,33.0,31.5,2010
Oldenburg,large,03403000,174629,2014-07-17,2014-07-19,3,31.8,30.3,2014
Oldenburg,large,03403000,174629,2016-08-23,2016-08-25,3,30.3,29.3,2016
Oldenburg,large,03403000,174629,2018-07-23,2018-07-27,5,33.4,31.6,2018
Oldenburg,large,03403000,174629,2019-07-22,2019-07-25,4,35.8,32.7,2019
Oldenburg,large,03403000,174629,2019-08-24,2019-08-27,4,31.5,30.3,2019
Oldenburg,large,03403000,174629,2020-08-05,2020-08-12,8,32.0,30.8,2020
Oldenburg,large,03403000,174629,2022-08-10,2022-08-16,7,31.8,29.9,2022
Oldenburg,large,03403000,174629,2022-08-22,2022-08-24,3,30.2,29.4,2022
Westerstede,medium,03451007,23984,1982-06-01,1982-06-04,4,30.5,29.4,1982
Westerstede,medium,03451007,23984,1997-08-09,1997-08-12,4,30.1,28.9,1997
Westerstede,medium,03451007,23984,2002-07-28,2002-07-30,3,29.6,29.2,2002
Westerstede,medium,03451007,23984,2003-08-06,2003-08-11,6,32.7,31.0,2003
Westerstede,medium,03451007,23984,2008-07-26,2008-07-28,3,29.9,29.7,2008
Westerstede,medium,03451007,23984,2010-07-08,2010-07-11,4,32.2,30.6,2010
Westerstede,medium,03451007,23984,2014-07-17,2014-07-19,3,31.6,30.1,2014
Westerstede,medium,03451007,23984,2018-07-23,2018-07-27,5,33.6,31.4,2018
Westerstede,medium,03451007,23984,2019-07-22,2019-07-26,5,35.4,31.7,2019
Westerstede,medium,03451007,23984,2019-08-24,2019-08-27,4,30.8,29.9,2019
Westerstede,medium,03451007,23984,2020-08-05,2020-08-12,8,31.8,30.4,2020
Westerstede,medium,03451007,23984,2022-08-11,2022-08-15,5,31.2,29.4,2022
Westerstede,medium,03451007,23984,2022-08-22,2022-08-24,3,29.2,28.9,2022
Elsfleth,small,03461004,9187,1982-06-01,1982-06-04,4,30.6,29.7,1982
Elsfleth,small,03461004,9187,1997-08-10,1997-08-12,3,30.0,29.2,1997
Elsfleth,small,03461004,9187,2000-06-18,2000-06-20,3,32.0,30.6,2000
Elsfleth,small,03461004,9187,2002-07-28,2002-07-30,3,30.1,29.4,2002
Elsfleth,small,03461004,9187,2003-08-06,2003-08-11,6,33.0,31.4,2003
Elsfleth,small,03461004,9187,2008-07-26,2008-07-28,3,30.2,29.9,2008
Elsfleth,small,03461004,9187,2010-07-07,2010-07-11,5,32.7,30.9,2010
Elsfleth,small,03461004,9187,2016-08-23,2016-08-25,3,29.8,29.0,2016
Elsfleth,small,03461004,9187,2018-07-23,2018-07-27,5,32.6,30.9,2018
Elsfleth,small,03461004,9187,2019-07-22,2019-07-26,5,34.8,31.4,2019
Elsfleth,small,03461004,9187,2019-08-24,2019-08-27,4,30.8,30.1,2019
Elsfleth,small,03461004,9187,2020-08-05,2020-08-12,8,31.7,30.5,2020
Elsfleth,small,03461004,9187,2022-08-11,2022-08-16,6,29.8,29.2,2022
Uthlede,rural,03352054,962,1982-06-01,1982-06-04,4,30.6,29.7,1982
Uthlede,rural,03352054,962,1997-08-10,1997-08-12,3,29.8,29.1,1997
Uthlede,rural,03352054,962,2000-06-18,2000-06-20,3,32.0,30.5,2000
Uthlede,rural,03352054,962,2002-07-28,2002-07-30,3,30.0,29.3,2002
Uthlede,rural,03352054,962,2003-08-06,2003-08-11,6,32.8,31.0,2003
Uthlede,rural,03352054,962,2008-07-25,2008-07-28,4,30.2,29.5,2008
Uthlede,rural,03352054,962,2010-07-07,2010-07-11,5,32.5,30.7,2010
Uthlede,rural,03352054,962,2016-08-23,2016-08-25,3,29.6,28.8,2016
Uthlede,rural,03352054,962,2018-07-23,2018-07-27,5,32.6,30.9,2018
Uthlede,rural,03352054,962,2019-07-22,2019-07-25,4,34.5,31.8,2019
Uthlede,rural,03352054,962,2019-08-24,2019-08-27,4,30.7,30.1,2019
Uthlede,rural,03352054,962,2020-08-05,2020-08-12,8,31.6,30.5,2020
Uthlede,rural,03352054,962,2022-08-11,2022-08-14,4,29.8,29.5,2022
Mülheim an der Ruhr,large,05117000,173255,1982-06-01,1982-06-03,3,28.5,28.5,1982
Mülheim an der Ruhr,large,05117000,173255,1990-08-01,1990-08-03,3,33.8,32.2,1990
Mülheim an der Ruhr,large,05117000,173255,1994-07-22,1994-07-24,3,32.2,31.1,1994
Mülheim an der Ruhr,large,05117000,173255,1994-08-02,1994-08-04,3,33.6,31.6,1994
Mülheim an der Ruhr,large,05117000,173255,1995-07-08,1995-07-10,3,32.0,31.4,1995
Mülheim an der Ruhr,large,05117000,173255,1996-06-05,1996-06-07,3,30.0,29.0,1996
Mülheim an der Ruhr,large,05117000,173255,2003-08-04,2003-08-08,5,34.5,32.5,2003
Mülheim an der Ruhr,large,05117000,173255,2006-07-17,2006-07-21,5,34.0,31.7,2006
Mülheim an der Ruhr,large,05117000,173255,2006-07-24,2006-07-26,3,33.2,31.9,2006
Mülheim an der Ruhr,large,05117000,173255,2010-07-07,2010-07-11,5,33.6,32.2,2010
Mülheim an der Ruhr,large,05117000,173255,2015-06-30,2015-07-03,4,34.4,32.6,2015
Mülheim an der Ruhr,large,05117000,173255,2016-08-23,2016-08-27,5,31.6,30.2,2016
Mülheim an der Ruhr,large,05117000,173255,2016-09-11,2016-09-14,4,31.1,30.0,2016
Mülheim an der Ruhr,large,05117000,173255,2017-06-18,2017-06-21,4,33.4,30.8,2017
Mülheim an der Ruhr,large,05117000,173255,2018-07-23,2018-07-26,4,34.8,33.7,2018
Mülheim an der Ruhr,large,05117000,173255,2018-08-01,2018-08-03,3,33.8,32.6,2018
Mülheim an der Ruhr,large,05117000,173255,2019-06-22,2019-06-25,4,35.1,31.6,2019
Mülheim an der Ruhr,large,05117000,173255,2019-07-22,2019-07-26,5,39.6,35.8,2019
Mülheim an der Ruhr,large,05117000,173255,2019-08-23,2019-08-27,5,32.5,31.0,2019
Mülheim an der Ruhr,large,05117000,173255,2020-08-05,2020-08-12,8,34.6,32.3,2020
Mülheim an der Ruhr,large,05117000,173255,2021-06-15,2021-06-17,3,32.4,30.7,2021
Mülheim an der Ruhr,large,05117000,173255,2022-08-10,2022-08-13,4,31.1,30.9,2022
Mülheim an der Ruhr,large,05117000,173255,2022-08-22,2022-08-24,3,33.0,31.5,2022
Mülheim an der Ruhr,large,05117000,173255,2023-06-08,2023-06-11,4,29.4,28.6,2023
Mülheim an der Ruhr,large,05117000,173255,2023-09-04,2023-09-10,7,30.0,29.0,2023
Mülheim an der Ruhr,large,05117000,173255,2025-06-29,2025-07-01,3,37.4,35.0,2025
Mülheim an der Ruhr,large,05117000,173255,2025-08-11,2025-08-13,3,34.6,33.8,2025
Osnabrück,large,03404000,166960,1982-06-01,1982-06-04,4,31.8,30.5,1982
Osnabrück,large,03404000,166960,1983-08-18,1983-08-20,3,30.6,29.7,1983
Osnabrück,large,03404000,166960,1986-06-30,1986-07-02,3,31.2,30.4,1986
Osnabrück,large,03404000,166960,1994-07-22,1994-07-24,3,33.6,32.4,1994
Osnabrück,large,03404000,166960,1994-07-29,1994-07-31,3,32.9,31.6,1994
Osnabrück,large,03404000,166960,1996-06-05,1996-06-07,3,30.5,29.6,1996
Osnabrück,large,03404000,166960,1999-09-10,1999-09-12,3,29.0,28.7,1999
Osnabrück,large,03404000,166960,2000-06-18,2000-06-20,3,32.8,31.4,2000
Osnabrück,large,03404000,166960,2003-08-03,2003-08-11,9,35.6,33.4,2003
Osnabrück,large,03404000,166960,2006-07-17,2006-07-21,5,34.2,32.2,2006
Osnabrück,large,03404000,166960,2010-07-07,2010-07-11,5,34.5,33.0,2010
Osnabrück,large,03404000,166960,2012-08-17,2012-08-19,3,34.8,31.6,2012
Osnabrück,large,03404000,166960,2015-06-30,2015-07-04,5,35.7,32.3,2015
Osnabrück,large,03404000,166960,2016-08-23,2016-08-27,5,31.7,30.8,2016
Osnabrück,large,03404000,166960,2016-09-11,2016-09-14,4,31.3,29.8,2016
Osnabrück,large,03404000,166960,2018-07-23,2018-07-26,4,33.4,32.7,2018
Osnabrück,large,03404000,166960,2018-08-01,2018-08-03,3,33.3,31.6,2018
Osnabrück,large,03404000,166960,2019-07-22,2019-07-25,4,37.8,34.5,2019
Osnabrück,large,03404000,166960,2019-08-24,2019-08-27,4,32.3,31.4,2019
Osnabrück,large,03404000,166960,2020-08-05,2020-08-12,8,33.8,31.8,2020
Osnabrück,large,03404000,166960,2022-07-17,2022-07-19,3,36.3,33.1,2022
Osnabrück,large,03404000,166960,2022-08-10,2022-08-13,4,31.2,30.5,2022
Osnabrück,large,03404000,166960,2022-08-22,2022-08-24,3,30.8,30.3,2022
Osnabrück,large,03404000,166960,2023-09-04,2023-09-10,7,30.0,28.8,2023
Osnabrück,large,03404000,166960,2025-08-11,2025-08-13,3,33.8,32.6,2025
Georgsmarienhütte,medium,03459019,32022,1982-06-01,1982-06-04,4,30.9,29.9,1982
Georgsmarienhütte,medium,03459019,32022,1994-07-22,1994-07-24,3,32.5,31.4,1994
Georgsmarienhütte,medium,03459019,32022,1994-07-29,1994-07-31,3,32.0,31.0,1994
Georgsmarienhütte,medium,03459019,32022,1994-08-02,1994-08-04,3,33.3,31.6,1994
Georgsmarienhütte,medium,03459019,32022,2003-08-03,2003-08-11,9,34.6,32.7,2003
Georgsmarienhütte,medium,03459019,32022,2006-07-17,2006-07-21,5,33.3,31.5,2006
Georgsmarienhütte,medium,03459019,32022,2010-07-07,2010-07-11,5,33.7,32.3,2010
Georgsmarienhütte,medium,03459019,32022,2012-08-17,2012-08-19,3,33.9,31.0,2012
Georgsmarienhütte,medium,03459019,32022,2015-06-30,2015-07-04,5,34.8,31.7,2015
Georgsmarienhütte,medium,03459019,32022,2016-08-23,2016-08-27,5,31.3,30.3,2016
Georgsmarienhütte,medium,03459019,32022,2016-09-11,2016-09-13,3,30.5,29.7,2016
Georgsmarienhütte,medium,03459019,32022,2018-07-23,2018-07-26,4,33.4,32.5,2018
Georgsmarienhütte,medium,03459019,32022,2018-08-01,2018-08-03,3,32.8,31.3,2018
Georgsmarienhütte,medium,03459019,32022,2019-07-22,2019-07-26,5,37.8,33.5,2019
Georgsmarienhütte,medium,03459019,32022,2019-08-24,2019-08-27,4,32.2,31.4,2019
Georgsmarienhütte,medium,03459019,32022,2020-08-05,2020-08-12,8,33.7,31.7,2020
Georgsmarienhütte,medium,03459019,32022,2021-06-16,2021-06-18,3,33.0,31.6,2021
Georgsmarienhütte,medium,03459019,32022,2022-07-17,2022-07-19,3,35.6,32.7,2022
Georgsmarienhütte,medium,03459019,32022,2022-08-10,2022-08-13,4,30.8,30.1,2022
Georgsmarienhütte,medium,03459019,32022,2022-08-22,2022-08-24,3,30.4,29.8,2022
Georgsmarienhütte,medium,03459019,32022,2023-09-04,2023-09-10,7,29.9,28.6,2023
Georgsmarienhütte,medium,03459019,32022,2025-08-11,2025-08-13,3,32.9,31.6,2025
Bad Iburg,small,03459004,10574,1982-06-01,1982-06-04,4,30.9,29.9,1982
Bad Iburg,small,03459004,10574,1994-07-22,1994-07-24,3,32.5,31.4,1994
Bad Iburg,small,03459004,10574,1994-07-29,1994-07-31,3,32.0,31.0,1994
Bad Iburg,small,03459004,10574,1994-08-02,1994-08-04,3,33.3,31.6,1994
Bad Iburg,small,03459004,10574,2003-08-03,2003-08-11,9,34.6,32.6,2003
Bad Iburg,small,03459004,10574,2006-07-17,2006-07-21,5,33.3,31.5,2006
Bad Iburg,small,03459004,10574,2010-07-07,2010-07-11,5,33.7,32.3,2010
Bad Iburg,small,03459004,10574,2012-08-17,2012-08-19,3,33.9,31.0,2012
Bad Iburg,small,03459004,10574,2015-06-30,2015-07-04,5,34.8,31.7,2015
Bad Iburg,small,03459004,10574,2016-08-23,2016-08-27,5,31.3,30.3,2016
Bad Iburg,small,03459004,10574,2016-09-11,2016-09-13,3,30.5,29.7,2016
Bad Iburg,small,03459004,10574,2018-07-23,2018-07-27,5,33.4,32.1,2018
Bad Iburg,small,03459004,10574,2018-08-01,2018-08-03,3,33.8,31.9,2018
Bad Iburg,small,03459004,10574,2019-06-23,2019-06-25,3,33.6,31.0,2019
Bad Iburg,small,03459004,10574,2019-07-22,2019-07-26,5,37.6,33.3,2019
Bad Iburg,small,03459004,10574,2019-08-24,2019-08-27,4,31.8,31.1,2019
Bad Iburg,small,03459004,10574,2020-08-05,2020-08-12,8,34.0,31.8,2020
Bad Iburg,small,03459004,10574,2021-06-15,2021-06-18,4,33.1,31.1,2021
Bad Iburg,small,03459004,10574,2022-07-17,2022-07-19,3,35.9,33.0,2022
Bad Iburg,small,03459004,10574,2022-08-10,2022-08-13,4,31.0,30.2,2022
Bad Iburg,small,03459004,10574,2022-08-22,2022-08-24,3,30.3,29.7,2022
Bad Iburg,small,03459004,10574,2023-09-05,2023-09-08,4,28.8,28.6,2023
Bad Iburg,small,03459004,10574,2025-08-11,2025-08-13,3,33.2,32.0,2025
Neuenkirchen,rural,03459027,4650,1982-06-01,1982-06-04,4,31.4,30.4,1982
Neuenkirchen,rural,03459027,4650,1983-08-18,1983-08-20,3,30.6,29.6,1983
Neuenkirchen,rural,03459027,4650,1994-07-22,1994-07-24,3,33.3,32.1,1994
Neuenkirchen,rural,03459027,4650,1994-07-29,1994-07-31,3,32.9,31.4,1994
Neuenkirchen,rural,03459027,4650,1994-08-02,1994-08-04,3,34.1,31.9,1994
Neuenkirchen,rural,03459027,4650,1996-06-05,1996-06-07,3,30.5,29.6,1996
Neuenkirchen,rural,03459027,4650,1999-09-10,1999-09-12,3,28.9,28.6,1999
Neuenkirchen,rural,03459027,4650,2003-08-04,2003-08-11,8,35.5,33.6,2003
Neuenkirchen,rural,03459027,4650,2006-07-17,2006-07-21,5,34.0,32.0,2006
Neuenkirchen,rural,03459027,4650,2010-07-07,2010-07-11,5,34.1,32.8,2010
Neuenkirchen,rural,03459027,4650,2012-08-17,2012-08-19,3,34.7,31.4,2012
Neuenkirchen,rural,03459027,4650,2015-06-30,2015-07-03,4,35.2,32.5,2015
Neuenkirchen,rural,03459027,4650,2016-08-23,2016-08-27,5,31.5,30.2,2016
Neuenkirchen,rural,03459027,4650,2016-09-11,2016-09-13,3,31.0,30.0,2016
Neuenkirchen,rural,03459027,4650,2018-07-22,2018-07-26,5,34.2,32.6,2018
Neuenkirchen,rural,03459027,4650,2019-07-22,2019-07-26,5,38.2,33.7,2019
Neuenkirchen,rural,03459027,4650,2019-08-23,2019-08-27,5,32.3,31.0,2019
Neuenkirchen,rural,03459027,4650,2020-08-05,2020-08-12,8,33.7,31.9,2020
Neuenkirchen,rural,03459027,4650,2021-06-15,2021-06-18,4,34.8,31.7,2021
Neuenkirchen,rural,03459027,4650,2022-07-17,2022-07-19,3,36.8,33.2,2022
Neuenkirchen,rural,03459027,4650,2022-08-10,2022-08-14,5,31.6,30.4,2022
Neuenkirchen,rural,03459027,4650,2022-08-22,2022-08-24,3,30.8,30.4,2022
Neuenkirchen,rural,03459027,4650,2023-09-04,2023-09-08,5,29.4,29.0,2023
Neuenkirchen,rural,03459027,4650,2025-08-11,2025-08-13,3,32.2,31.5,2025
Leverkusen,large,05316000,166414,1982-06-01,1982-06-03,3,28.6,28.3,1982
Leverkusen,large,05316000,166414,1990-08-01,1990-08-03,3,34.9,33.3,1990
Leverkusen,large,05316000,166414,1992-08-06,1992-08-08,3,33.8,32.4,1992
Leverkusen,large,05316000,166414,1994-08-02,1994-08-04,3,33.8,32.3,1994
Leverkusen,large,05316000,166414,1995-07-08,1995-07-10,3,32.2,31.7,1995
Leverkusen,large,05316000,166414,1996-06-05,1996-06-07,3,30.0,29.0,1996
Leverkusen,large,05316000,166414,2001-08-23,2001-08-25,3,33.0,31.2,2001
Leverkusen,large,05316000,166414,2003-08-03,2003-08-11,9,37.0,33.7,2003
Leverkusen,large,05316000,166414,2006-07-17,2006-07-21,5,34.3,32.1,2006
Leverkusen,large,05316000,166414,2006-07-24,2006-07-26,3,34.1,32.6,2006
Leverkusen,large,05316000,166414,2010-06-30,2010-07-02,3,33.3,32.2,2010
Leverkusen,large,05316000,166414,2010-07-07,2010-07-11,5,34.6,32.9,2010
Leverkusen,large,05316000,166414,2012-08-17,2012-08-19,3,34.7,31.8,2012
Leverkusen,large,05316000,166414,2015-06-30,2015-07-04,5,34.6,32.6,2015
Leverkusen,large,05316000,166414,2016-08-23,2016-08-27,5,32.4,30.6,2016
Leverkusen,large,05316000,166414,2016-09-11,2016-09-14,4,31.3,30.3,2016
Leverkusen,large,05316000,166414,2017-06-18,2017-06-21,4,33.4,30.5,2017
Leverkusen,large,05316000,166414,2018-07-23,2018-07-26,4,34.8,33.7,2018
Leverkusen,large,05316000,166414,2018-08-01,2018-08-03,3,34.4,33.2,2018
Leverkusen,large,05316000,166414,2019-06-23,2019-06-25,3,35.6,32.4,2019
Leverkusen,large,05316000,166414,2019-07-22,2019-07-25,4,38.7,36.4,2019
Leverkusen,large,05316000,166414,2019-08-23,2019-08-27,5,32.1,30.5,2019
Leverkusen,large,05316000,166414,2020-08-05,2020-08-12,8,35.6,33.1,2020
Leverkusen,large,05316000,166414,2021-06-15,2021-06-18,4,33.8,31.3,2021
Leverkusen,large,05316000,166414,2022-08-09,2022-08-13,5,32.4,31.7,2022
Leverkusen,large,05316000,166414,2022-08-22,2022-08-24,3,33.0,31.8,2022
Leverkusen,large,05316000,166414,2023-06-08,2023-06-11,4,29.1,28.7,2023
Leverkusen,large,05316000,166414,2023-09-06,2023-09-10,5,29.6,29.2,2023
Leverkusen,large,05316000,166414,2025-06-29,2025-07-01,3,36.8,33.8,2025
Leverkusen,large,05316000,166414,2025-08-11,2025-08-13,3,33.6,32.7,2025
Monheim am Rhein,medium,05158026,43524,1982-06-01,1982-06-03,3,28.4,28.3,1982
Monheim am Rhein,medium,05158026,43524,1990-08-01,1990-08-03,3,34.7,33.1,1990
Monheim am Rhein,medium,05158026,43524,1991-09-01,1991-09-03,3,28.6,28.4,1991
Monheim am Rhein,medium,05158026,43524,1992-08-06,1992-08-08,3,33.5,32.0,1992
Monheim am Rhein,medium,05158026,43524,1994-08-02,1994-08-04,3,33.8,32.1,1994
Monheim am Rhein,medium,05158026,43524,1995-07-08,1995-07-10,3,32.2,31.6,1995
Monheim am Rhein,medium,05158026,43524,1996-06-05,1996-06-07,3,30.1,29.1,1996
Monheim am Rhein,medium,05158026,43524,2001-08-23,2001-08-25,3,33.2,31.3,2001
Monheim am Rhein,medium,05158026,43524,2003-08-03,2003-08-11,9,36.6,33.2,2003
Monheim am Rhein,medium,05158026,43524,2006-07-17,2006-07-21,5,34.4,31.9,2006
Monheim am Rhein,medium,05158026,43524,2006-07-24,2006-07-26,3,33.8,32.3,2006
Monheim am Rhein,medium,05158026,43524,2010-06-30,2010-07-02,3,33.3,32.0,2010
Monheim am Rhein,medium,05158026,43524,2010-07-07,2010-07-11,5,34.3,32.7,2010
Monheim am Rhein,medium,05158026,43524,2012-08-17,2012-08-19,3,34.7,31.7,2012
Monheim am Rhein,medium,05158026,43524,2015-06-30,2015-07-04,5,34.7,32.4,2015
Monheim am Rhein,medium,05158026,43524,2016-08-23,2016-08-27,5,32.3,30.5,2016
Monheim am Rhein,medium,05158026,43524,2016-09-11,2016-09-14,4,31.4,30.3,2016
Monheim am Rhein,medium,05158026,43524,2017-06-18,2017-06-21,4,33.4,30.5,2017
Monheim am Rhein,medium,05158026,43524,2018-07-23,2018-07-26,4,34.8,33.7,2018
Monheim am Rhein,medium,05158026,43524,2018-08-01,2018-08-03,3,34.4,33.2,2018
Monheim am Rhein,medium,05158026,43524,2019-06-23,2019-06-25,3,35.6,32.4,2019
Monheim am Rhein,medium,05158026,43524,2019-07-22,2019-07-25,4,38.7,36.4,2019
Monheim am Rhein,medium,05158026,43524,2019-08-23,2019-08-27,5,32.1,30.5,2019
Monheim am Rhein,medium,05158026,43524,2020-08-05,2020-08-12,8,35.6,33.1,2020
Monheim am Rhein,medium,05158026,43524,2021-06-15,2021-06-18,4,33.8,31.3,2021
Monheim am Rhein,medium,05158026,43524,2022-08-09,2022-08-13,5,32.4,31.7,2022
Monheim am Rhein,medium,05158026,43524,2022-08-22,2022-08-24,3,33.0,31.8,2022
Monheim am Rhein,medium,05158026,43524,2023-06-08,2023-06-11,4,29.1,28.7,2023
Monheim am Rhein,medium,05158026,43524,2023-09-06,2023-09-10,5,29.6,29.2,2023
Monheim am Rhein,medium,05158026,43524,2025-06-29,2025-07-01,3,36.8,33.8,2025
Monheim am Rhein,medium,05158026,43524,2025-08-11,2025-08-13,3,33.6,32.7,2025
Darmstadt,large,06411000,164792,1982-06-01,1982-06-04,4,29.7,29.2,1982
Darmstadt,large,06411000,164792,1982-09-14,1982-09-16,3,28.7,28.5,1982
Darmstadt,large,06411000,164792,1990-08-02,1990-08-04,3,33.8,33.1,1990
Darmstadt,large,06411000,164792,1992-08-06,1992-08-08,3,35.1,33.9,1992
Darmstadt,large,06411000,164792,1999-09-11,1999-09-14,4,29.4,29.0,1999
Darmstadt,large,06411000,164792,2000-06-18,2000-06-20,3,31.4,30.7,2000
Darmstadt,large,06411000,164792,2003-08-01,2003-08-12,12,37.1,35.2,2003
Darmstadt,large,06411000,164792,2003-09-18,2003-09-20,3,30.1,28.8,2003
Darmstadt,large,06411000,164792,2004-06-07,2004-06-09,3,30.6,29.6,2004
Darmstadt,large,06411000,164792,2006-07-18,2006-07-21,4,34.7,33.5,2006
Darmstadt,large,06411000,164792,2006-07-24,2006-07-26,3,34.5,33.8,2006
Darmstadt,large,06411000,164792,2012-08-17,2012-08-20,4,34.7,32.5,2012
Darmstadt,large,06411000,164792,2013-06-16,2013-06-18,3,33.1,31.0,2013
Darmstadt,large,06411000,164792,2014-06-06,2014-06-09,4,33.0,31.3,2014
Darmstadt,large,06411000,164792,2015-06-30,2015-07-04,5,37.2,34.9,2015
Darmstadt,large,06411000,164792,2015-08-05,2015-08-07,3,37.6,34.7,2015
Darmstadt,large,06411000,164792,2016-08-24,2016-08-27,4,33.1,32.0,2016
Darmstadt,large,06411000,164792,2016-09-11,2016-09-14,4,30.8,29.8,2016
Darmstadt,large,06411000,164792,2017-06-18,2017-06-21,4,35.5,32.9,2017
Darmstadt,large,06411000,164792,2018-07-23,2018-07-26,4,33.6,32.8,2018
Darmstadt,large,06411000,164792,2018-07-29,2018-08-03,6,34.8,33.7,2018
Darmstadt,large,06411000,164792,2018-09-17,2018-09-19,3,30.5,29.4,2018
Darmstadt,large,06411000,164792,2019-06-01,2019-06-04,4,30.6,29.9,2019
Darmstadt,large,06411000,164792,2019-06-23,2019-06-26,4,36.3,33.1,2019
Darmstadt,large,06411000,164792,2019-07-22,2019-07-25,4,38.8,36.9,2019
Darmstadt,large,06411000,164792,2019-08-25,2019-08-28,4,31.6,31.3,2019
Darmstadt,large,06411000,164792,2020-08-06,2020-08-11,6,36.0,34.8,2020
Darmstadt,large,06411000,164792,2020-09-13,2020-09-15,3,30.8,30.0,2020
Darmstadt,large,06411000,164792,2021-06-14,2021-06-18,5,33.8,32.3,2021
Darmstadt,large,06411000,164792,2022-05-17,2022-05-19,3,30.2,29.1,2022
Darmstadt,large,06411000,164792,2022-07-17,2022-07-19,3,37.0,35.2,2022
Darmstadt,large,06411000,164792,2022-08-22,2022-08-25,4,32.2,31.6,2022
Darmstadt,large,06411000,164792,2023-09-07,2023-09-10,4,29.3,29.0,2023
Darmstadt,large,06411000,164792,2025-06-11,2025-06-13,3,32.8,31.5,2025
Darmstadt,large,06411000,164792,2025-06-28,2025-07-01,4,37.0,34.8,2025
Darmstadt,large,06411000,164792,2025-08-11,2025-08-14,4,34.8,33.5,2025
Weiterstadt,medium,06432023,26291,1982-06-01,1982-06-04,4,29.9,29.4,1982
Weiterstadt,medium,06432023,26291,1982-09-14,1982-09-16,3,29.0,28.7,1982
Weiterstadt,medium,06432023,26291,1990-08-02,1990-08-04,3,34.0,33.4,1990
Weiterstadt,medium,06432023,26291,1992-08-06,1992-08-08,3,35.4,34.1,1992
Weiterstadt,medium,06432023,26291,1999-09-11,1999-09-14,4,29.6,29.2,1999
Weiterstadt,medium,06432023,26291,2000-06-18,2000-06-20,3,31.7,31.0,2000
Weiterstadt,medium,06432023,26291,2003-06-01,2003-06-03,3,29.5,28.6,2003
Weiterstadt,medium,06432023,26291,2003-08-01,2003-08-12,12,37.4,35.5,2003
Weiterstadt,medium,06432023,26291,2003-09-18,2003-09-21,4,30.3,28.8,2003
Weiterstadt,medium,06432023,26291,2004-06-07,2004-06-09,3,30.9,29.9,2004
Weiterstadt,medium,06432023,26291,2006-07-18,2006-07-21,4,35.0,33.8,2006
Weiterstadt,medium,06432023,26291,2006-07-24,2006-07-26,3,34.7,34.1,2006
Weiterstadt,medium,06432023,26291,2012-08-17,2012-08-20,4,34.9,32.8,2012
Weiterstadt,medium,06432023,26291,2013-06-16,2013-06-18,3,33.3,31.2,2013
Weiterstadt,medium,06432023,26291,2014-06-06,2014-06-09,4,33.3,31.5,2014
Weiterstadt,medium,06432023,26291,2015-06-30,2015-07-04,5,37.4,35.2,2015
Weiterstadt,medium,06432023,26291,2015-08-05,2015-08-07,3,37.8,35.0,2015
Weiterstadt,medium,06432023,26291,2016-08-24,2016-08-27,4,33.3,32.3,2016
Weiterstadt,medium,06432023,26291,2016-09-11,2016-09-14,4,31.0,30.1,2016
Weiterstadt,medium,06432023,26291,2017-06-18,2017-06-21,4,35.5,32.9,2017
Weiterstadt,medium,06432023,26291,2018-07-24,2018-07-26,3,33.6,33.1,2018
Weiterstadt,medium,06432023,26291,2018-07-29,2018-07-31,3,34.2,33.6,2018
Weiterstadt,medium,06432023,26291,2018-09-17,2018-09-19,3,30.5,29.4,2018
Weiterstadt,medium,06432023,26291,2019-06-01,2019-06-04,4,30.6,29.9,2019
Weiterstadt,medium,06432023,26291,2019-06-23,2019-06-26,4,36.3,33.1,2019
Weiterstadt,medium,06432023,26291,2019-07-22,2019-07-25,4,38.8,36.9,2019
Weiterstadt,medium,06432023,26291,2019-08-25,2019-08-28,4,31.6,31.3,2019
Weiterstadt,medium,06432023,26291,2020-08-06,2020-08-11,6,36.0,34.8,2020
Weiterstadt,medium,06432023,26291,2020-09-13,2020-09-15,3,30.8,30.0,2020
Weiterstadt,medium,06432023,26291,2021-06-14,2021-06-18,5,33.8,32.3,2021
Weiterstadt,medium,06432023,26291,2022-05-17,2022-05-19,3,30.2,29.1,2022
Weiterstadt,medium,06432023,26291,2022-07-17,2022-07-19,3,37.0,35.2,2022
Weiterstadt,medium,06432023,26291,2022-08-22,2022-08-25,4,32.2,31.6,2022
Weiterstadt,medium,06432023,26291,2025-06-11,2025-06-13,3,32.8,31.5,2025
Weiterstadt,medium,06432023,26291,2025-06-28,2025-07-01,4,37.0,34.8,2025
Weiterstadt,medium,06432023,26291,2025-08-11,2025-08-14,4,34.8,33.5,2025
Ober-Ramstadt,small,06432016,15313,1982-06-01,1982-06-04,4,29.1,28.7,1982
Ober-Ramstadt,small,06432016,15313,1983-07-25,1983-07-27,3,34.7,33.3,1983
Ober-Ramstadt,small,06432016,15313,1992-08-06,1992-08-08,3,34.2,33.1,1992
Ober-Ramstadt,small,06432016,15313,2000-06-18,2000-06-20,3,31.1,30.4,2000
Ober-Ramstadt,small,06432016,15313,2003-08-01,2003-08-12,12,36.3,34.8,2003
Ober-Ramstadt,small,06432016,15313,2004-06-07,2004-06-09,3,29.8,28.9,2004
Ober-Ramstadt,small,06432016,15313,2006-07-24,2006-07-26,3,33.5,32.9,2006
Ober-Ramstadt,small,06432016,15313,2012-08-17,2012-08-20,4,34.2,32.1,2012
Ober-Ramstadt,small,06432016,15313,2013-06-16,2013-06-18,3,32.8,31.0,2013
Ober-Ramstadt,small,06432016,15313,2014-06-06,2014-06-09,4,32.7,30.8,2014
Ober-Ramstadt,small,06432016,15313,2015-06-30,2015-07-04,5,36.4,34.2,2015
Ober-Ramstadt,small,06432016,15313,2015-08-05,2015-08-08,4,37.1,33.6,2015
Ober-Ramstadt,small,06432016,15313,2016-08-24,2016-08-27,4,32.4,31.5,2016
Ober-Ramstadt,small,06432016,15313,2016-09-11,2016-09-13,3,30.3,29.7,2016
Ober-Ramstadt,small,06432016,15313,2017-06-19,2017-06-21,3,33.2,31.4,2017
Ober-Ramstadt,small,06432016,15313,2018-07-24,2018-07-26,3,32.0,31.7,2018
Ober-Ramstadt,small,06432016,15313,2018-07-29,2018-07-31,3,33.4,32.8,2018
Ober-Ramstadt,small,06432016,15313,2019-07-22,2019-07-25,4,36.8,35.0,2019
Ober-Ramstadt,small,06432016,15313,2019-08-25,2019-08-27,3,30.4,30.3,2019
Ober-Ramstadt,small,06432016,15313,2020-08-06,2020-08-11,6,35.1,34.0,2020
Ober-Ramstadt,small,06432016,15313,2020-09-13,2020-09-15,3,29.7,29.2,2020
Ober-Ramstadt,small,06432016,15313,2021-06-15,2021-06-18,4,32.4,31.3,2021
Ober-Ramstadt,small,06432016,15313,2022-07-17,2022-07-19,3,35.3,33.9,2022
Ober-Ramstadt,small,06432016,15313,2022-08-22,2022-08-24,3,30.6,30.3,2022
Ober-Ramstadt,small,06432016,15313,2025-06-28,2025-07-01,4,35.6,33.1,2025
Ober-Ramstadt,small,06432016,15313,2025-08-12,2025-08-14,3,32.8,32.1,2025
Fischbachtal,rural,06432007,2785,1982-06-01,1982-06-04,4,29.4,29.0,1982
Fischbachtal,rural,06432007,2785,1983-07-25,1983-07-27,3,35.0,33.6,1983
Fischbachtal,rural,06432007,2785,1992-08-06,1992-08-08,3,34.6,33.4,1992
Fischbachtal,rural,06432007,2785,1999-09-11,1999-09-14,4,29.1,28.7,1999
Fischbachtal,rural,06432007,2785,2000-06-18,2000-06-20,3,31.5,30.7,2000
Fischbachtal,rural,06432007,2785,2003-08-01,2003-08-12,12,36.7,35.1,2003
Fischbachtal,rural,06432007,2785,2004-06-07,2004-06-09,3,30.2,29.3,2004
Fischbachtal,rural,06432007,2785,2006-07-24,2006-07-26,3,33.8,33.2,2006
Fischbachtal,rural,06432007,2785,2012-08-17,2012-08-20,4,34.5,32.4,2012
Fischbachtal,rural,06432007,2785,2013-06-16,2013-06-18,3,33.2,31.3,2013
Fischbachtal,rural,06432007,2785,2014-06-06,2014-06-09,4,33.0,31.1,2014
Fischbachtal,rural,06432007,2785,2015-06-30,2015-07-04,5,36.8,34.5,2015
Fischbachtal,rural,06432007,2785,2015-08-05,2015-08-08,4,37.4,33.9,2015
Fischbachtal,rural,06432007,2785,2016-08-24,2016-08-27,4,32.7,31.8,2016
Fischbachtal,rural,06432007,2785,2016-09-11,2016-09-14,4,30.6,29.6,2016
Fischbachtal,rural,06432007,2785,2019-07-22,2019-07-25,4,36.8,35.0,2019
Fischbachtal,rural,06432007,2785,2019-08-25,2019-08-27,3,30.4,30.3,2019
Fischbachtal,rural,06432007,2785,2020-08-06,2020-08-11,6,35.1,34.0,2020
Fischbachtal,rural,06432007,2785,2020-09-13,2020-09-15,3,29.7,29.2,2020
Fischbachtal,rural,06432007,2785,2021-06-15,2021-06-18,4,32.4,31.3,2021
Fischbachtal,rural,06432007,2785,2022-07-17,2022-07-19,3,35.3,33.9,2022
Fischbachtal,rural,06432007,2785,2025-06-28,2025-07-01,4,35.6,33.1,2025
Fischbachtal,rural,06432007,2785,2025-08-12,2025-08-14,3,32.8,32.1,2025
Heidelberg,large,08221000,162960,1982-06-01,1982-06-04,4,29.9,29.2,1982
Heidelberg,large,08221000,162960,1983-07-25,1983-07-27,3,35.8,34.9,1983
Heidelberg,large,08221000,162960,1992-08-06,1992-08-08,3,34.8,34.0,1992
Heidelberg,large,08221000,162960,1996-06-05,1996-06-07,3,30.9,29.6,1996
Heidelberg,large,08221000,162960,2000-06-18,2000-06-20,3,32.1,31.3,2000
Heidelberg,large,08221000,162960,2003-06-01,2003-06-03,3,29.8,28.8,2003
Heidelberg,large,08221000,162960,2003-08-02,2003-08-12,11,37.1,36.1,2003
Heidelberg,large,08221000,162960,2004-06-07,2004-06-09,3,30.7,29.9,2004
Heidelberg,large,08221000,162960,2005-05-26,2005-05-28,3,29.5,29.0,2005
Heidelberg,large,08221000,162960,2006-07-18,2006-07-21,4,34.2,33.6,2006
Heidelberg,large,08221000,162960,2006-07-24,2006-07-26,3,34.6,34.1,2006
Heidelberg,large,08221000,162960,2010-07-08,2010-07-11,4,34.5,33.6,2010
Heidelberg,large,08221000,162960,2012-08-17,2012-08-20,4,35.6,33.5,2012
Heidelberg,large,08221000,162960,2013-06-16,2013-06-18,3,33.6,32.3,2013
Heidelberg,large,08221000,162960,2014-06-06,2014-06-09,4,33.9,32.2,2014
Heidelberg,large,08221000,162960,2015-06-30,2015-07-04,5,37.4,35.2,2015
Heidelberg,large,08221000,162960,2015-08-05,2015-08-08,4,37.5,34.5,2015
Heidelberg,large,08221000,162960,2015-08-28,2015-08-30,3,32.8,32.1,2015
Heidelberg,large,08221000,162960,2016-08-23,2016-08-27,5,33.4,32.1,2016
Heidelberg,large,08221000,162960,2016-09-11,2016-09-13,3,31.3,30.7,2016
Heidelberg,large,08221000,162960,2017-06-19,2017-06-21,3,33.8,32.0,2017
Heidelberg,large,08221000,162960,2018-07-29,2018-07-31,3,34.6,34.2,2018
Heidelberg,large,08221000,162960,2018-09-17,2018-09-19,3,29.8,29.1,2018
Heidelberg,large,08221000,162960,2019-06-01,2019-06-04,4,29.6,29.0,2019
Heidelberg,large,08221000,162960,2019-07-22,2019-07-25,4,37.5,35.4,2019
Heidelberg,large,08221000,162960,2019-08-25,2019-08-27,3,31.0,30.9,2019
Heidelberg,large,08221000,162960,2020-08-07,2020-08-11,5,34.0,33.6,2020
Heidelberg,large,08221000,162960,2020-09-13,2020-09-15,3,29.6,29.0,2020
Heidelberg,large,08221000,162960,2021-06-15,2021-06-18,4,32.4,31.7,2021
Heidelberg,large,08221000,162960,2022-07-17,2022-07-19,3,35.7,34.4,2022
Heidelberg,large,08221000,162960,2023-07-08,2023-07-10,3,35.6,33.5,2023
Heidelberg,large,08221000,162960,2023-09-09,2023-09-11,3,29.3,29.2,2023
Heidelberg,large,08221000,162960,2025-06-28,2025-07-01,4,36.8,33.8,2025
Leimen,medium,08226041,27286,1982-06-01,1982-06-03,3,29.9,29.7,1982
Leimen,medium,08226041,27286,1983-07-25,1983-07-27,3,36.7,35.7,1983
Leimen,medium,08226041,27286,1992-08-06,1992-08-08,3,35.1,34.4,1992
Leimen,medium,08226041,27286,1996-06-05,1996-06-07,3,31.0,29.7,1996
Leimen,medium,08226041,27286,2000-06-18,2000-06-20,3,32.3,31.7,2000
Leimen,medium,08226041,27286,2003-08-02,2003-08-12,11,37.3,36.3,2003
Leimen,medium,08226041,27286,2004-06-07,2004-06-09,3,30.9,30.2,2004
Leimen,medium,08226041,27286,2005-05-26,2005-05-28,3,29.6,29.2,2005
Leimen,medium,08226041,27286,2006-07-18,2006-07-21,4,34.6,34.0,2006
Leimen,medium,08226041,27286,2006-07-24,2006-07-26,3,35.0,34.5,2006
Leimen,medium,08226041,27286,2010-07-08,2010-07-11,4,35.0,34.1,2010
Leimen,medium,08226041,27286,2012-08-17,2012-08-20,4,36.0,33.8,2012
Leimen,medium,08226041,27286,2013-06-16,2013-06-18,3,33.9,32.6,2013
Leimen,medium,08226041,27286,2014-06-06,2014-06-09,4,34.4,32.5,2014
Leimen,medium,08226041,27286,2015-06-30,2015-07-04,5,37.9,35.5,2015
Leimen,medium,08226041,27286,2015-08-05,2015-08-08,4,37.6,34.7,2015
Leimen,medium,08226041,27286,2015-08-28,2015-08-30,3,32.8,32.2,2015
Leimen,medium,08226041,27286,2016-08-23,2016-08-27,5,33.7,32.4,2016
Leimen,medium,08226041,27286,2016-09-11,2016-09-13,3,31.5,31.0,2016
Leimen,medium,08226041,27286,2017-06-19,2017-06-21,3,33.8,32.0,2017
Leimen,medium,08226041,27286,2018-07-29,2018-07-31,3,34.6,34.2,2018
Leimen,medium,08226041,27286,2018-09-17,2018-09-19,3,29.8,29.1,2018
Leimen,medium,08226041,27286,2019-06-01,2019-06-04,4,29.6,29.0,2019
Leimen,medium,08226041,27286,2019-07-23,2019-07-25,3,37.5,36.2,2019
Leimen,medium,08226041,27286,2019-08-25,2019-08-27,3,31.0,30.9,2019
Leimen,medium,08226041,27286,2020-08-07,2020-08-11,5,34.0,33.6,2020
Leimen,medium,08226041,27286,2020-09-13,2020-09-15,3,29.6,29.0,2020
Leimen,medium,08226041,27286,2021-06-15,2021-06-18,4,32.4,31.7,2021
Leimen,medium,08226041,27286,2022-07-17,2022-07-19,3,35.7,34.4,2022
Leimen,medium,08226041,27286,2023-09-09,2023-09-11,3,29.3,29.2,2023
Leimen,medium,08226041,27286,2025-06-28,2025-07-01,4,36.8,33.8,2025
Eppelheim,small,08226018,15543,1982-06-01,1982-06-03,3,29.8,29.6,1982
Eppelheim,small,08226018,15543,1983-07-25,1983-07-27,3,35.8,34.8,1983
Eppelheim,small,08226018,15543,1992-08-06,1992-08-08,3,34.9,34.1,1992
Eppelheim,small,08226018,15543,1996-06-05,1996-06-07,3,30.8,29.5,1996
Eppelheim,small,08226018,15543,2000-06-18,2000-06-20,3,32.1,31.3,2000
Eppelheim,small,08226018,15543,2003-08-02,2003-08-12,11,37.2,36.1,2003
Eppelheim,small,08226018,15543,2004-06-07,2004-06-09,3,30.9,30.2,2004
Eppelheim,small,08226018,15543,2005-05-26,2005-05-28,3,29.5,29.0,2005
Eppelheim,small,08226018,15543,2006-07-18,2006-07-21,4,34.4,33.8,2006
Eppelheim,small,08226018,15543,2006-07-24,2006-07-26,3,34.8,34.2,2006
Eppelheim,small,08226018,15543,2007-05-23,2007-05-25,3,28.2,28.1,2007
Eppelheim,small,08226018,15543,2010-07-08,2010-07-11,4,34.6,33.8,2010
Eppelheim,small,08226018,15543,2012-08-17,2012-08-20,4,35.5,33.5,2012
Eppelheim,small,08226018,15543,2013-06-16,2013-06-18,3,33.5,32.2,2013
Eppelheim,small,08226018,15543,2014-06-06,2014-06-09,4,33.9,32.3,2014
Eppelheim,small,08226018,15543,2015-06-30,2015-07-04,5,37.6,35.3,2015
Eppelheim,small,08226018,15543,2015-08-05,2015-08-08,4,37.7,34.5,2015
Eppelheim,small,08226018,15543,2015-08-28,2015-08-30,3,32.9,32.1,2015
Eppelheim,small,08226018,15543,2016-08-24,2016-08-27,4,33.4,32.4,2016
Eppelheim,small,08226018,15543,2016-09-11,2016-09-13,3,31.3,30.8,2016
Eppelheim,small,08226018,15543,2017-06-19,2017-06-21,3,33.8,32.0,2017
Eppelheim,small,08226018,15543,2018-07-29,2018-07-31,3,34.6,34.2,2018
Eppelheim,small,08226018,15543,2018-09-17,2018-09-19,3,29.8,29.1,2018
Eppelheim,small,08226018,15543,2019-06-01,2019-06-04,4,29.6,29.0,2019
Eppelheim,small,08226018,15543,2019-07-22,2019-07-25,4,37.5,35.4,2019
Eppelheim,small,08226018,15543,2019-08-25,2019-08-27,3,31.0,30.9,2019
Eppelheim,small,08226018,15543,2020-08-07,2020-08-11,5,34.0,33.6,2020
Eppelheim,small,08226018,15543,2020-09-13,2020-09-15,3,29.6,29.0,2020
Eppelheim,small,08226018,15543,2021-06-15,2021-06-18,4,32.4,31.7,2021
Eppelheim,small,08226018,15543,2022-07-17,2022-07-19,3,35.7,34.4,2022
Eppelheim,small,08226018,15543,2023-07-08,2023-07-10,3,35.6,33.5,2023
Eppelheim,small,08226018,15543,2023-09-09,2023-09-11,3,29.3,29.2,2023
Eppelheim,small,08226018,15543,2025-06-28,2025-07-01,4,36.8,33.8,2025
Spechbach,rural,08226086,1766,1982-06-01,1982-06-03,3,29.6,29.3,1982
Spechbach,rural,08226086,1766,1983-07-25,1983-07-27,3,36.2,35.2,1983
Spechbach,rural,08226086,1766,1992-08-06,1992-08-08,3,34.6,34.0,1992
Spechbach,rural,08226086,1766,1996-06-05,1996-06-07,3,30.7,29.3,1996
Spechbach,rural,08226086,1766,2000-06-18,2000-06-20,3,32.1,31.3,2000
Spechbach,rural,08226086,1766,2003-06-01,2003-06-03,3,29.5,28.6,2003
Spechbach,rural,08226086,1766,2003-06-09,2003-06-11,3,33.1,30.9,2003
Spechbach,rural,08226086,1766,2003-08-02,2003-08-12,11,36.7,35.9,2003
Spechbach,rural,08226086,1766,2004-06-07,2004-06-09,3,30.3,29.5,2004
Spechbach,rural,08226086,1766,2005-05-26,2005-05-28,3,29.3,29.0,2005
Spechbach,rural,08226086,1766,2006-07-18,2006-07-21,4,34.1,33.5,2006
Spechbach,rural,08226086,1766,2006-07-24,2006-07-26,3,34.2,33.8,2006
Spechbach,rural,08226086,1766,2010-07-08,2010-07-11,4,34.5,33.5,2010
Spechbach,rural,08226086,1766,2011-08-20,2011-08-22,3,32.6,31.2,2011
Spechbach,rural,08226086,1766,2012-08-17,2012-08-20,4,35.6,33.5,2012
Spechbach,rural,08226086,1766,2013-06-16,2013-06-18,3,33.6,32.4,2013
Spechbach,rural,08226086,1766,2014-06-06,2014-06-09,4,34.2,32.1,2014
Spechbach,rural,08226086,1766,2015-06-30,2015-07-04,5,37.2,34.8,2015
Spechbach,rural,08226086,1766,2015-08-05,2015-08-08,4,37.1,34.3,2015
Spechbach,rural,08226086,1766,2015-08-28,2015-08-30,3,32.3,31.7,2015
Spechbach,rural,08226086,1766,2016-08-23,2016-08-27,5,33.4,32.0,2016
Spechbach,rural,08226086,1766,2016-09-11,2016-09-13,3,31.2,30.6,2016
Spechbach,rural,08226086,1766,2017-06-19,2017-06-21,3,33.2,31.5,2017
Spechbach,rural,08226086,1766,2018-07-29,2018-07-31,3,34.4,33.9,2018
Spechbach,rural,08226086,1766,2018-09-17,2018-09-19,3,28.8,28.4,2018
Spechbach,rural,08226086,1766,2019-06-01,2019-06-04,4,29.4,28.9,2019
Spechbach,rural,08226086,1766,2019-06-24,2019-06-26,3,34.5,32.5,2019
Spechbach,rural,08226086,1766,2019-07-23,2019-07-25,3,36.8,35.8,2019
Spechbach,rural,08226086,1766,2020-08-07,2020-08-11,5,33.6,33.2,2020
Spechbach,rural,08226086,1766,2021-06-15,2021-06-18,4,32.0,31.2,2021
Spechbach,rural,08226086,1766,2023-08-18,2023-08-20,3,31.0,31.0,2023
Spechbach,rural,08226086,1766,2024-08-28,2024-08-31,4,32.0,30.8,2024
Spechbach,rural,08226086,1766,2025-08-12,2025-08-14,3,32.6,32.3,2025
Solingen,large,05122000,161545,1990-08-01,1990-08-03,3,33.2,31.6,1990
Solingen,large,05122000,161545,1992-08-06,1992-08-08,3,32.1,30.8,1992
Solingen,large,05122000,161545,1994-07-22,1994-07-24,3,30.9,30.0,1994
Solingen,large,05122000,161545,1994-08-02,1994-08-04,3,32.6,30.9,1994
Solingen,large,05122000,161545,1995-07-08,1995-07-10,3,31.0,30.4,1995
Solingen,large,05122000,161545,2003-08-03,2003-08-11,9,35.0,31.6,2003
Solingen,large,05122000,161545,2006-07-17,2006-07-21,5,32.9,30.8,2006
Solingen,large,05122000,161545,2006-07-24,2006-07-26,3,32.6,31.1,2006
Solingen,large,05122000,161545,2010-07-07,2010-07-11,5,33.1,31.8,2010
Solingen,large,05122000,161545,2012-08-17,2012-08-19,3,33.1,30.2,2012
Solingen,large,05122000,161545,2015-06-30,2015-07-04,5,33.4,31.4,2015
Solingen,large,05122000,161545,2016-08-23,2016-08-27,5,31.0,29.4,2016
Solingen,large,05122000,161545,2016-09-11,2016-09-13,3,29.7,29.1,2016
Solingen,large,05122000,161545,2018-07-23,2018-07-26,4,33.3,32.2,2018
Solingen,large,05122000,161545,2018-08-01,2018-08-03,3,33.3,32.2,2018
Solingen,large,05122000,161545,2019-06-23,2019-06-25,3,34.1,31.4,2019
Solingen,large,05122000,161545,2019-07-22,2019-07-26,5,37.4,33.9,2019
Solingen,large,05122000,161545,2019-08-24,2019-08-27,4,30.4,29.5,2019
Solingen,large,05122000,161545,2020-08-05,2020-08-12,8,33.9,31.4,2020
Solingen,large,05122000,161545,2021-06-15,2021-06-17,3,32.1,30.1,2021
Solingen,large,05122000,161545,2022-08-09,2022-08-13,5,31.2,30.3,2022
Solingen,large,05122000,161545,2022-08-22,2022-08-24,3,31.6,30.5,2022
Solingen,large,05122000,161545,2025-06-29,2025-07-01,3,35.8,33.4,2025
Solingen,large,05122000,161545,2025-08-11,2025-08-13,3,32.4,31.5,2025
Haan,medium,05158008,30558,1990-08-01,1990-08-03,3,33.5,32.0,1990
Haan,medium,05158008,30558,1992-08-06,1992-08-08,3,32.4,31.0,1992
Haan,medium,05158008,30558,1994-07-22,1994-07-24,3,31.3,30.3,1994
Haan,medium,05158008,30558,1994-08-02,1994-08-04,3,32.9,31.2,1994
Haan,medium,05158008,30558,1995-07-08,1995-07-10,3,31.4,30.8,1995
Haan,medium,05158008,30558,2003-08-03,2003-08-11,9,35.3,31.9,2003
Haan,medium,05158008,30558,2006-07-17,2006-07-21,5,33.3,31.1,2006
Haan,medium,05158008,30558,2006-07-24,2006-07-26,3,33.0,31.4,2006
Haan,medium,05158008,30558,2010-06-30,2010-07-02,3,32.5,31.2,2010
Haan,medium,05158008,30558,2010-07-07,2010-07-11,5,33.4,32.0,2010
Haan,medium,05158008,30558,2012-08-17,2012-08-19,3,33.6,30.6,2012
Haan,medium,05158008,30558,2015-06-30,2015-07-04,5,33.8,31.6,2015
Haan,medium,05158008,30558,2016-08-23,2016-08-27,5,31.3,29.6,2016
Haan,medium,05158008,30558,2016-09-11,2016-09-14,4,30.2,29.2,2016
Haan,medium,05158008,30558,2017-06-18,2017-06-21,4,31.8,29.7,2017
Haan,medium,05158008,30558,2018-07-23,2018-07-26,4,34.2,33.0,2018
Haan,medium,05158008,30558,2018-07-29,2018-08-03,6,33.8,31.5,2018
Haan,medium,05158008,30558,2019-06-22,2019-06-25,4,34.8,31.1,2019
Haan,medium,05158008,30558,2019-07-22,2019-07-26,5,38.4,34.8,2019
Haan,medium,05158008,30558,2019-08-23,2019-08-27,5,31.2,29.8,2019
Haan,medium,05158008,30558,2020-08-05,2020-08-12,8,34.6,32.1,2020
Haan,medium,05158008,30558,2021-06-15,2021-06-17,3,32.2,30.7,2021
Haan,medium,05158008,30558,2022-07-17,2022-07-19,3,36.2,32.5,2022
Haan,medium,05158008,30558,2022-08-09,2022-08-13,5,32.0,31.1,2022
Haan,medium,05158008,30558,2022-08-22,2022-08-24,3,32.7,31.4,2022
Haan,medium,05158008,30558,2023-06-08,2023-06-10,3,28.7,28.4,2023
Haan,medium,05158008,30558,2023-09-06,2023-09-10,5,29.2,28.5,2023
Haan,medium,05158008,30558,2025-06-29,2025-07-01,3,36.4,33.8,2025
Haan,medium,05158008,30558,2025-08-11,2025-08-13,3,33.5,32.8,2025
Kircheib,rural,07132062,536,1990-08-01,1990-08-03,3,32.4,30.6,1990
Kircheib,rural,07132062,536,1992-08-06,1992-08-08,3,32.0,30.8,1992
Kircheib,rural,07132062,536,1995-07-08,1995-07-10,3,30.5,30.0,1995
Kircheib,rural,07132062,536,2003-08-03,2003-08-12,10,34.7,31.5,2003
Kircheib,rural,07132062,536,2006-07-17,2006-07-21,5,32.3,30.6,2006
Kircheib,rural,07132062,536,2006-07-24,2006-07-26,3,32.8,31.2,2006
Kircheib,rural,07132062,536,2010-07-07,2010-07-11,5,32.9,31.1,2010
Kircheib,rural,07132062,536,2012-08-17,2012-08-19,3,32.9,30.1,2012
Kircheib,rural,07132062,536,2015-06-30,2015-07-04,5,33.6,31.8,2015
Kircheib,rural,07132062,536,2016-08-24,2016-08-27,4,30.9,29.7,2016
Kircheib,rural,07132062,536,2017-06-19,2017-06-21,3,31.4,29.8,2017
Kircheib,rural,07132062,536,2018-07-23,2018-07-26,4,32.6,31.8,2018
Kircheib,rural,07132062,536,2018-08-01,2018-08-03,3,33.3,32.1,2018
Kircheib,rural,07132062,536,2019-06-23,2019-06-25,3,32.8,30.7,2019
Kircheib,rural,07132062,536,2019-07-22,2019-07-25,4,36.8,34.8,2019
Kircheib,rural,07132062,536,2019-08-25,2019-08-27,3,30.0,29.4,2019
Kircheib,rural,07132062,536,2020-08-05,2020-08-12,8,34.6,31.9,2020
Kircheib,rural,07132062,536,2020-09-13,2020-09-15,3,31.0,29.6,2020
Kircheib,rural,07132062,536,2021-06-15,2021-06-18,4,31.7,29.9,2021
Kircheib,rural,07132062,536,2022-07-17,2022-07-19,3,33.7,31.1,2022
Kircheib,rural,07132062,536,2022-08-10,2022-08-13,4,30.2,29.0,2022
Kircheib,rural,07132062,536,2022-08-22,2022-08-24,3,30.8,30.1,2022
Kircheib,rural,07132062,536,2025-06-29,2025-07-01,3,35.0,32.5,2025
Kircheib,rural,07132062,536,2025-08-11,2025-08-13,3,32.4,31.1,2025
Herne,large,05916000,157896,1982-06-01,1982-06-04,4,29.3,28.9,1982
Herne,large,05916000,157896,1990-08-01,1990-08-03,3,34.4,32.6,1990
Herne,large,05916000,157896,1991-09-01,1991-09-03,3,28.5,28.4,1991
Herne,large,05916000,157896,1994-07-22,1994-07-24,3,32.5,31.5,1994
Herne,large,05916000,157896,1994-08-02,1994-08-04,3,34.0,32.1,1994
Herne,large,05916000,157896,1995-07-08,1995-07-10,3,32.1,31.3,1995
Herne,large,05916000,157896,1996-06-05,1996-06-07,3,30.2,29.1,1996
Herne,large,05916000,157896,1999-09-10,1999-09-12,3,29.1,28.7,1999
Herne,large,05916000,157896,2003-08-04,2003-08-08,5,34.7,32.9,2003
Herne,large,05916000,157896,2006-07-17,2006-07-21,5,34.3,32.3,2006
Herne,large,05916000,157896,2006-07-24,2006-07-26,3,33.5,32.2,2006
Herne,large,05916000,157896,2010-07-07,2010-07-11,5,34.1,32.6,2010
Herne,large,05916000,157896,2015-06-30,2015-07-04,5,34.7,32.3,2015
Herne,large,05916000,157896,2016-08-23,2016-08-27,5,31.6,30.7,2016
Herne,large,05916000,157896,2016-09-11,2016-09-14,4,31.3,30.3,2016
Herne,large,05916000,157896,2018-07-23,2018-07-26,4,35.4,34.1,2018
Herne,large,05916000,157896,2018-08-01,2018-08-03,3,34.2,33.4,2018
Herne,large,05916000,157896,2019-06-22,2019-06-25,4,35.3,32.2,2019
Herne,large,05916000,157896,2019-07-22,2019-07-26,5,39.2,35.5,2019
Herne,large,05916000,157896,2019-08-23,2019-08-27,5,33.0,31.3,2019
Herne,large,05916000,157896,2020-08-05,2020-08-12,8,34.3,31.9,2020
Herne,large,05916000,157896,2021-06-15,2021-06-18,4,33.0,31.0,2021
Herne,large,05916000,157896,2022-07-17,2022-07-19,3,36.9,33.1,2022
Herne,large,05916000,157896,2022-08-10,2022-08-13,4,32.1,31.0,2022
Herne,large,05916000,157896,2022-08-22,2022-08-24,3,32.0,31.2,2022
Herne,large,05916000,157896,2023-06-09,2023-06-11,3,28.8,28.4,2023
Herne,large,05916000,157896,2023-09-04,2023-09-10,7,29.5,29.0,2023
Herne,large,05916000,157896,2025-06-29,2025-07-01,3,37.7,34.9,2025
Herne,large,05916000,157896,2025-08-11,2025-08-14,4,35.4,33.2,2025
Castrop-Rauxel,medium,05562004,74370,1982-06-01,1982-06-04,4,29.5,28.9,1982
Castrop-Rauxel,medium,05562004,74370,1990-08-01,1990-08-03,3,33.9,32.0,1990
Castrop-Rauxel,medium,05562004,74370,1994-07-22,1994-07-24,3,32.0,31.0,1994
Castrop-Rauxel,medium,05562004,74370,1994-08-02,1994-08-04,3,33.5,31.6,1994
Castrop-Rauxel,medium,05562004,74370,1995-07-08,1995-07-10,3,31.6,30.8,1995
Castrop-Rauxel,medium,05562004,74370,1998-08-09,1998-08-11,3,30.1,29.8,1998
Castrop-Rauxel,medium,05562004,74370,2003-08-04,2003-08-11,8,35.1,32.4,2003
Castrop-Rauxel,medium,05562004,74370,2006-07-17,2006-07-21,5,33.9,32.0,2006
Castrop-Rauxel,medium,05562004,74370,2006-07-24,2006-07-26,3,33.0,31.8,2006
Castrop-Rauxel,medium,05562004,74370,2010-07-07,2010-07-11,5,33.5,31.9,2010
Castrop-Rauxel,medium,05562004,74370,2012-08-17,2012-08-19,3,33.8,30.7,2012
Castrop-Rauxel,medium,05562004,74370,2015-06-30,2015-07-04,5,34.3,31.8,2015
Castrop-Rauxel,medium,05562004,74370,2016-08-23,2016-08-27,5,31.4,30.3,2016
Castrop-Rauxel,medium,05562004,74370,2016-09-11,2016-09-14,4,30.9,29.8,2016
Castrop-Rauxel,medium,05562004,74370,2018-07-23,2018-07-26,4,35.2,34.0,2018
Castrop-Rauxel,medium,05562004,74370,2018-08-01,2018-08-03,3,34.4,33.5,2018
Castrop-Rauxel,medium,05562004,74370,2019-06-22,2019-06-25,4,34.6,31.7,2019
Castrop-Rauxel,medium,05562004,74370,2019-07-22,2019-07-26,5,39.0,35.1,2019
Castrop-Rauxel,medium,05562004,74370,2019-08-23,2019-08-27,5,32.4,30.7,2019
Castrop-Rauxel,medium,05562004,74370,2020-08-05,2020-08-12,8,34.2,31.9,2020
Castrop-Rauxel,medium,05562004,74370,2021-06-15,2021-06-18,4,32.9,30.8,2021
Castrop-Rauxel,medium,05562004,74370,2022-07-17,2022-07-19,3,36.5,32.9,2022
Castrop-Rauxel,medium,05562004,74370,2022-08-10,2022-08-13,4,31.4,30.7,2022
Castrop-Rauxel,medium,05562004,74370,2022-08-22,2022-08-24,3,31.8,31.2,2022
Castrop-Rauxel,medium,05562004,74370,2023-09-04,2023-09-10,7,29.5,29.0,2023
Castrop-Rauxel,medium,05562004,74370,2025-06-29,2025-07-01,3,36.9,33.9,2025
Castrop-Rauxel,medium,05562004,74370,2025-08-11,2025-08-13,3,35.0,33.8,2025
Paderborn,large,05774032,155749,1982-06-01,1982-06-04,4,30.0,29.1,1982
Paderborn,large,05774032,155749,1994-07-22,1994-07-24,3,31.2,30.5,1994
Paderborn,large,05774032,155749,1994-07-29,1994-07-31,3,30.6,30.3,1994
Paderborn,large,05774032,155749,2000-06-18,2000-06-20,3,31.4,30.5,2000
Paderborn,large,05774032,155749,2003-08-02,2003-08-11,10,34.7,32.3,2003
Paderborn,large,05774032,155749,2006-07-17,2006-07-21,5,32.4,31.1,2006
Paderborn,large,05774032,155749,2010-07-07,2010-07-11,5,33.1,31.9,2010
Paderborn,large,05774032,155749,2012-08-17,2012-08-19,3,32.5,30.4,2012
Paderborn,large,05774032,155749,2013-06-17,2013-06-19,3,32.1,30.0,2013
Paderborn,large,05774032,155749,2014-06-07,2014-06-09,3,29.5,29.2,2014
Paderborn,large,05774032,155749,2015-07-01,2015-07-04,4,34.8,32.9,2015
Paderborn,large,05774032,155749,2016-08-23,2016-08-27,5,32.3,30.8,2016
Paderborn,large,05774032,155749,2016-09-11,2016-09-13,3,30.1,29.5,2016
Paderborn,large,05774032,155749,2018-07-23,2018-07-27,5,32.8,31.7,2018
Paderborn,large,05774032,155749,2018-07-29,2018-08-03,6,32.8,31.3,2018
Paderborn,large,05774032,155749,2018-08-05,2018-08-08,4,35.6,32.0,2018
Paderborn,large,05774032,155749,2019-06-23,2019-06-25,3,32.7,30.9,2019
Paderborn,large,05774032,155749,2019-07-22,2019-07-26,5,36.9,33.3,2019
Paderborn,large,05774032,155749,2019-08-23,2019-08-27,5,31.9,30.7,2019
Paderborn,large,05774032,155749,2020-08-05,2020-08-12,8,34.8,31.9,2020
Paderborn,large,05774032,155749,2021-06-15,2021-06-18,4,31.8,30.0,2021
Paderborn,large,05774032,155749,2022-07-17,2022-07-19,3,35.7,33.8,2022
Paderborn,large,05774032,155749,2022-08-10,2022-08-13,4,31.5,30.5,2022
Paderborn,large,05774032,155749,2022-08-22,2022-08-25,4,31.8,30.4,2022
Paderborn,large,05774032,155749,2025-06-29,2025-07-01,3,35.9,32.4,2025
Paderborn,large,05774032,155749,2025-08-11,2025-08-13,3,32.8,31.8,2025
Salzkotten,medium,05774036,25283,1982-06-01,1982-06-04,4,30.1,29.3,1982
Salzkotten,medium,05774036,25283,1994-07-22,1994-07-24,3,31.5,30.9,1994
Salzkotten,medium,05774036,25283,1994-07-29,1994-07-31,3,30.9,30.4,1994
Salzkotten,medium,05774036,25283,1999-09-11,1999-09-14,4,28.5,28.3,1999
Salzkotten,medium,05774036,25283,2000-06-18,2000-06-20,3,31.9,30.8,2000
Salzkotten,medium,05774036,25283,2003-08-02,2003-08-11,10,35.1,32.7,2003
Salzkotten,medium,05774036,25283,2006-07-17,2006-07-21,5,32.9,31.4,2006
Salzkotten,medium,05774036,25283,2010-07-07,2010-07-11,5,33.5,32.2,2010
Salzkotten,medium,05774036,25283,2012-08-17,2012-08-19,3,32.8,30.6,2012
Salzkotten,medium,05774036,25283,2015-07-01,2015-07-04,4,35.1,33.1,2015
Salzkotten,medium,05774036,25283,2016-08-23,2016-08-27,5,32.4,30.9,2016
Salzkotten,medium,05774036,25283,2016-09-11,2016-09-14,4,30.6,29.4,2016
Salzkotten,medium,05774036,25283,2018-07-23,2018-07-27,5,33.5,32.5,2018
Salzkotten,medium,05774036,25283,2018-07-29,2018-08-03,6,34.1,32.4,2018
Salzkotten,medium,05774036,25283,2018-08-05,2018-08-08,4,36.6,32.5,2018
Salzkotten,medium,05774036,25283,2019-06-23,2019-06-25,3,33.2,31.3,2019
Salzkotten,medium,05774036,25283,2019-07-22,2019-07-26,5,37.7,34.0,2019
Salzkotten,medium,05774036,25283,2019-08-23,2019-08-27,5,32.4,30.9,2019
Salzkotten,medium,05774036,25283,2020-08-05,2020-08-12,8,35.7,32.8,2020
Salzkotten,medium,05774036,25283,2021-06-15,2021-06-18,4,32.4,30.5,2021
Salzkotten,medium,05774036,25283,2022-07-17,2022-07-19,3,36.2,34.0,2022
Salzkotten,medium,05774036,25283,2022-08-10,2022-08-13,4,31.8,30.9,2022
Salzkotten,medium,05774036,25283,2022-08-22,2022-08-25,4,32.4,30.7,2022
Salzkotten,medium,05774036,25283,2023-09-05,2023-09-08,4,29.1,28.5,2023
Salzkotten,medium,05774036,25283,2025-08-11,2025-08-13,3,33.0,31.9,2025
Bad Lippspringe,small,05774008,16884,1982-06-01,1982-06-04,4,30.5,29.6,1982
Bad Lippspringe,small,05774008,16884,1994-07-22,1994-07-24,3,31.5,30.9,1994
Bad Lippspringe,small,05774008,16884,1994-07-29,1994-07-31,3,31.0,30.5,1994
Bad Lippspringe,small,05774008,16884,2000-06-18,2000-06-20,3,31.9,30.8,2000
Bad Lippspringe,small,05774008,16884,2003-08-01,2003-08-11,11,35.3,32.5,2003
Bad Lippspringe,small,05774008,16884,2006-07-17,2006-07-21,5,32.8,31.5,2006
Bad Lippspringe,small,05774008,16884,2010-07-07,2010-07-11,5,33.5,32.1,2010
Bad Lippspringe,small,05774008,16884,2012-08-17,2012-08-19,3,32.9,30.7,2012
Bad Lippspringe,small,05774008,16884,2013-06-17,2013-06-19,3,32.4,30.0,2013
Bad Lippspringe,small,05774008,16884,2014-06-07,2014-06-09,3,29.7,29.3,2014
Bad Lippspringe,small,05774008,16884,2015-07-01,2015-07-04,4,35.1,33.1,2015
Bad Lippspringe,small,05774008,16884,2016-08-23,2016-08-27,5,32.7,31.2,2016
Bad Lippspringe,small,05774008,16884,2016-09-11,2016-09-13,3,30.5,29.8,2016
Bad Lippspringe,small,05774008,16884,2018-07-23,2018-07-26,4,31.8,31.4,2018
Bad Lippspringe,small,05774008,16884,2019-07-22,2019-07-25,4,35.1,32.5,2019
Bad Lippspringe,small,05774008,16884,2019-08-24,2019-08-27,4,30.8,30.1,2019
Bad Lippspringe,small,05774008,16884,2020-08-06,2020-08-11,6,33.3,31.1,2020
Bad Lippspringe,small,05774008,16884,2021-06-16,2021-06-18,3,31.2,30.1,2021
Bad Lippspringe,small,05774008,16884,2022-07-17,2022-07-19,3,34.5,32.7,2022
Bad Lippspringe,small,05774008,16884,2022-08-22,2022-08-24,3,30.0,29.0,2022
Bad Lippspringe,small,05774008,16884,2025-08-11,2025-08-13,3,32.2,31.3,2025
Diemelsee,rural,06635007,4686,1994-07-22,1994-07-24,3,29.4,28.7,1994
Diemelsee,rural,06635007,4686,1994-07-29,1994-07-31,3,28.7,28.6,1994
Diemelsee,rural,06635007,4686,2000-06-18,2000-06-20,3,29.5,28.7,2000
Diemelsee,rural,06635007,4686,2003-08-03,2003-08-11,9,32.6,30.5,2003
Diemelsee,rural,06635007,4686,2006-07-17,2006-07-21,5,30.6,29.4,2006
Diemelsee,rural,06635007,4686,2010-07-08,2010-07-11,4,31.5,30.9,2010
Diemelsee,rural,06635007,4686,2014-06-07,2014-06-09,3,28.7,28.4,2014
Diemelsee,rural,06635007,4686,2015-07-01,2015-07-04,4,33.2,31.4,2015
Diemelsee,rural,06635007,4686,2016-08-24,2016-08-27,4,30.5,29.5,2016
Diemelsee,rural,06635007,4686,2018-07-23,2018-07-26,4,30.1,29.6,2018
Diemelsee,rural,06635007,4686,2018-08-01,2018-08-03,3,30.2,29.1,2018
Diemelsee,rural,06635007,4686,2019-07-22,2019-07-25,4,34.0,31.5,2019
Diemelsee,rural,06635007,4686,2019-08-24,2019-08-27,4,29.4,28.9,2019
Diemelsee,rural,06635007,4686,2020-08-06,2020-08-10,5,32.4,30.7,2020
Diemelsee,rural,06635007,4686,2022-07-17,2022-07-19,3,33.5,32.2,2022
Neuss,large,05162024,155163,1982-06-01,1982-06-03,3,28.3,28.2,1982
Neuss,large,05162024,155163,1990-08-01,1990-08-03,3,34.6,33.0,1990
Neuss,large,05162024,155163,1991-09-01,1991-09-03,3,28.8,28.6,1991
Neuss,large,05162024,155163,1992-08-06,1992-08-08,3,33.4,31.7,1992
Neuss,large,05162024,155163,1994-08-02,1994-08-04,3,34.0,32.0,1994
Neuss,large,05162024,155163,1995-07-08,1995-07-10,3,32.3,31.8,1995
Neuss,large,05162024,155163,1996-06-05,1996-06-07,3,30.3,29.4,1996
Neuss,large,05162024,155163,1998-08-09,1998-08-11,3,31.2,30.3,1998
Neuss,large,05162024,155163,2001-08-23,2001-08-25,3,33.6,31.6,2001
Neuss,large,05162024,155163,2003-08-04,2003-08-11,8,36.4,33.2,2003
Neuss,large,05162024,155163,2006-07-17,2006-07-21,5,34.6,32.0,2006
Neuss,large,05162024,155163,2006-07-24,2006-07-26,3,33.6,32.1,2006
Neuss,large,05162024,155163,2010-07-07,2010-07-11,5,34.0,32.6,2010
Neuss,large,05162024,155163,2012-08-17,2012-08-19,3,35.2,32.0,2012
Neuss,large,05162024,155163,2015-06-30,2015-07-03,4,35.0,33.0,2015
Neuss,large,05162024,155163,2016-08-23,2016-08-27,5,32.4,30.6,2016
Neuss,large,05162024,155163,2016-09-11,2016-09-14,4,31.8,30.6,2016
Neuss,large,05162024,155163,2017-06-18,2017-06-21,4,34.0,30.9,2017
Neuss,large,05162024,155163,2018-07-23,2018-07-26,4,34.8,33.4,2018
Neuss,large,05162024,155163,2018-08-01,2018-08-03,3,34.0,32.6,2018
Neuss,large,05162024,155163,2019-06-23,2019-06-25,3,35.4,32.5,2019
Neuss,large,05162024,155163,2019-07-22,2019-07-25,4,39.3,37.0,2019
Neuss,large,05162024,155163,2019-08-23,2019-08-27,5,32.8,31.0,2019
Neuss,large,05162024,155163,2020-08-05,2020-08-12,8,35.9,33.4,2020
Neuss,large,05162024,155163,2021-06-15,2021-06-18,4,33.4,31.1,2021
Neuss,large,05162024,155163,2022-07-17,2022-07-19,3,37.0,33.6,2022
Neuss,large,05162024,155163,2022-08-09,2022-08-13,5,32.4,31.9,2022
Neuss,large,05162024,155163,2022-08-22,2022-08-24,3,32.6,31.5,2022
Neuss,large,05162024,155163,2023-06-08,2023-06-11,4,29.2,28.8,2023
Neuss,large,05162024,155163,2023-09-05,2023-09-10,6,29.9,29.0,2023
Neuss,large,05162024,155163,2025-06-29,2025-07-01,3,36.6,34.7,2025
Neuss,large,05162024,155163,2025-08-11,2025-08-13,3,33.8,33.3,2025
Kaarst,medium,05162016,44208,1982-06-01,1982-06-03,3,28.3,28.2,1982
Kaarst,medium,05162016,44208,1990-08-01,1990-08-03,3,34.6,32.9,1990
Kaarst,medium,05162016,44208,1991-09-01,1991-09-03,3,28.9,28.6,1991
Kaarst,medium,05162016,44208,1994-08-02,1994-08-04,3,34.0,31.9,1994
Kaarst,medium,05162016,44208,1995-07-08,1995-07-10,3,32.3,31.8,1995
Kaarst,medium,05162016,44208,1996-06-05,1996-06-07,3,30.3,29.4,1996
Kaarst,medium,05162016,44208,1999-09-10,1999-09-12,3,29.4,28.8,1999
Kaarst,medium,05162016,44208,2001-08-23,2001-08-25,3,33.8,31.7,2001
Kaarst,medium,05162016,44208,2003-08-04,2003-08-11,8,36.4,33.3,2003
Kaarst,medium,05162016,44208,2006-07-17,2006-07-21,5,34.7,32.1,2006
Kaarst,medium,05162016,44208,2006-07-24,2006-07-26,3,33.5,32.0,2006
Kaarst,medium,05162016,44208,2010-07-07,2010-07-11,5,33.9,32.5,2010
Kaarst,medium,05162016,44208,2012-08-17,2012-08-19,3,35.4,32.2,2012
Kaarst,medium,05162016,44208,2015-06-30,2015-07-03,4,35.1,33.1,2015
Kaarst,medium,05162016,44208,2016-08-23,2016-08-27,5,32.5,30.6,2016
Kaarst,medium,05162016,44208,2016-09-11,2016-09-14,4,31.9,30.6,2016
Kaarst,medium,05162016,44208,2017-06-18,2017-06-21,4,34.0,30.9,2017
Kaarst,medium,05162016,44208,2018-07-23,2018-07-26,4,34.8,33.4,2018
Kaarst,medium,05162016,44208,2018-08-01,2018-08-03,3,34.0,32.6,2018
Kaarst,medium,05162016,44208,2019-06-23,2019-06-25,3,35.4,32.5,2019
Kaarst,medium,05162016,44208,2019-07-22,2019-07-25,4,39.3,37.0,2019
Kaarst,medium,05162016,44208,2019-08-23,2019-08-27,5,32.8,31.0,2019
Kaarst,medium,05162016,44208,2020-08-05,2020-08-12,8,35.9,33.4,2020
Kaarst,medium,05162016,44208,2021-06-15,2021-06-18,4,33.4,31.1,2021
Kaarst,medium,05162016,44208,2022-07-17,2022-07-19,3,37.0,33.6,2022
Kaarst,medium,05162016,44208,2022-08-09,2022-08-13,5,32.4,31.9,2022
Kaarst,medium,05162016,44208,2022-08-22,2022-08-24,3,32.6,31.5,2022
Kaarst,medium,05162016,44208,2023-06-08,2023-06-11,4,29.2,28.8,2023
Kaarst,medium,05162016,44208,2023-09-05,2023-09-10,6,29.9,29.0,2023
Kaarst,medium,05162016,44208,2025-06-29,2025-07-01,3,36.6,34.7,2025
Kaarst,medium,05162016,44208,2025-08-11,2025-08-13,3,33.8,33.3,2025
Regensburg,large,09362000,151517,1982-05-31,1982-06-05,6,30.3,29.2,1982
Regensburg,large,09362000,151517,1983-07-25,1983-07-27,3,36.7,33.9,1983
Regensburg,large,09362000,151517,1992-08-06,1992-08-08,3,34.1,33.1,1992
Regensburg,large,09362000,151517,1994-06-25,1994-06-27,3,32.4,31.8,1994
Regensburg,large,09362000,151517,1994-07-27,1994-07-31,5,32.6,31.8,1994
Regensburg,large,09362000,151517,1994-08-03,1994-08-05,3,33.2,32.2,1994
Regensburg,large,09362000,151517,1998-06-04,1998-06-06,3,31.6,30.5,1998
Regensburg,large,09362000,151517,2000-06-19,2000-06-21,3,31.5,30.2,2000
Regensburg,large,09362000,151517,2002-06-17,2002-06-19,3,31.3,30.9,2002
Regensburg,large,09362000,151517,2003-06-09,2003-06-11,3,32.7,30.7,2003
Regensburg,large,09362000,151517,2003-08-02,2003-08-13,12,36.0,32.8,2003
Regensburg,large,09362000,151517,2006-07-19,2006-07-21,3,33.0,32.1,2006
Regensburg,large,09362000,151517,2008-05-26,2008-05-29,4,30.0,29.1,2008
Regensburg,large,09362000,151517,2010-07-09,2010-07-11,3,32.1,31.7,2010
Regensburg,large,09362000,151517,2011-08-20,2011-08-23,4,30.8,30.5,2011
Regensburg,large,09362000,151517,2012-08-18,2012-08-20,3,34.1,32.2,2012
Regensburg,large,09362000,151517,2013-06-16,2013-06-19,4,32.3,31.7,2013
Regensburg,large,09362000,151517,2013-08-04,2013-08-06,3,32.4,31.8,2013
Regensburg,large,09362000,151517,2014-06-07,2014-06-10,4,32.2,30.8,2014
Regensburg,large,09362000,151517,2015-07-02,2015-07-04,3,33.5,32.5,2015
Regensburg,large,09362000,151517,2015-08-05,2015-08-13,9,35.6,33.4,2015
Regensburg,large,09362000,151517,2015-08-28,2015-08-31,4,32.7,31.5,2015
Regensburg,large,09362000,151517,2017-06-19,2017-06-21,3,32.2,31.5,2017
Regensburg,large,09362000,151517,2018-07-29,2018-08-03,6,34.8,33.1,2018
Regensburg,large,09362000,151517,2018-08-05,2018-08-08,4,33.8,32.4,2018
Regensburg,large,09362000,151517,2019-06-24,2019-06-26,3,34.7,32.4,2019
Regensburg,large,09362000,151517,2019-06-28,2019-06-30,3,34.8,32.4,2019
Regensburg,large,09362000,151517,2019-07-23,2019-07-25,3,35.2,34.4,2019
Regensburg,large,09362000,151517,2021-06-16,2021-06-19,4,31.0,30.6,2021
Regensburg,large,09362000,151517,2022-08-02,2022-08-04,3,33.1,32.5,2022
Regensburg,large,09362000,151517,2023-08-18,2023-08-21,4,31.6,30.9,2023
Regensburg,large,09362000,151517,2024-08-28,2024-08-31,4,30.4,29.6,2024
Regensburg,large,09362000,151517,2025-06-28,2025-07-01,4,34.0,32.2,2025
Regensburg,large,09362000,151517,2025-08-12,2025-08-14,3,33.4,32.7,2025
Schwandorf,medium,09376161,30239,1982-05-31,1982-06-05,6,30.7,29.7,1982
Schwandorf,medium,09376161,30239,1983-07-25,1983-07-27,3,36.7,34.0,1983
Schwandorf,medium,09376161,30239,1992-08-06,1992-08-08,3,34.3,33.1,1992
Schwandorf,medium,09376161,30239,1994-06-24,1994-06-27,4,32.5,31.4,1994
Schwandorf,medium,09376161,30239,1994-07-27,1994-07-31,5,33.1,32.3,1994
Schwandorf,medium,09376161,30239,1994-08-03,1994-08-05,3,33.4,32.2,1994
Schwandorf,medium,09376161,30239,1998-06-04,1998-06-06,3,32.1,30.6,1998
Schwandorf,medium,09376161,30239,2000-06-19,2000-06-21,3,32.0,30.5,2000
Schwandorf,medium,09376161,30239,2002-06-17,2002-06-19,3,31.2,31.0,2002
Schwandorf,medium,09376161,30239,2003-06-09,2003-06-11,3,32.5,30.5,2003
Schwandorf,medium,09376161,30239,2003-08-02,2003-08-12,11,35.6,32.8,2003
Schwandorf,medium,09376161,30239,2006-07-18,2006-07-21,4,33.5,32.0,2006
Schwandorf,medium,09376161,30239,2008-05-27,2008-05-29,3,29.3,29.3,2008
Schwandorf,medium,09376161,30239,2010-07-09,2010-07-11,3,33.0,32.4,2010
Schwandorf,medium,09376161,30239,2011-08-21,2011-08-23,3,30.4,30.2,2011
Schwandorf,medium,09376161,30239,2012-08-18,2012-08-20,3,34.4,32.2,2012
Schwandorf,medium,09376161,30239,2013-06-16,2013-06-19,4,32.8,31.9,2013
Schwandorf,medium,09376161,30239,2014-06-07,2014-06-10,4,32.5,31.0,2014
Schwandorf,medium,09376161,30239,2015-07-01,2015-07-04,4,34.1,32.4,2015
Schwandorf,medium,09376161,30239,2015-07-16,2015-07-18,3,32.9,31.9,2015
Schwandorf,medium,09376161,30239,2015-08-05,2015-08-13,9,36.4,33.9,2015
Schwandorf,medium,09376161,30239,2015-08-28,2015-08-31,4,32.5,31.2,2015
Schwandorf,medium,09376161,30239,2016-09-11,2016-09-13,3,29.0,28.6,2016
Schwandorf,medium,09376161,30239,2017-06-18,2017-06-21,4,33.0,31.0,2017
Schwandorf,medium,09376161,30239,2018-07-29,2018-08-03,6,33.8,32.6,2018
Schwandorf,medium,09376161,30239,2018-08-06,2018-08-08,3,33.2,32.4,2018
Schwandorf,medium,09376161,30239,2019-06-02,2019-06-04,3,29.4,28.7,2019
Schwandorf,medium,09376161,30239,2019-06-24,2019-06-26,3,35.2,32.6,2019
Schwandorf,medium,09376161,30239,2019-06-28,2019-06-30,3,35.0,32.6,2019
Schwandorf,medium,09376161,30239,2019-07-23,2019-07-25,3,34.4,33.8,2019
Schwandorf,medium,09376161,30239,2021-06-16,2021-06-19,4,30.8,30.2,2021
Schwandorf,medium,09376161,30239,2022-08-02,2022-08-04,3,33.3,32.6,2022
Schwandorf,medium,09376161,30239,2023-08-18,2023-08-21,4,31.6,30.8,2023
Schwandorf,medium,09376161,30239,2024-08-28,2024-08-30,3,30.7,30.0,2024
Schwandorf,medium,09376161,30239,2025-06-28,2025-07-01,4,34.2,32.2,2025
Schwandorf,medium,09376161,30239,2025-08-12,2025-08-14,3,32.9,32.3,2025
Neutraubling,small,09375174,14614,1982-05-31,1982-06-05,6,30.3,29.2,1982
Neutraubling,small,09375174,14614,1983-07-25,1983-07-27,3,36.3,33.7,1983
Neutraubling,small,09375174,14614,1992-08-06,1992-08-08,3,34.2,33.2,1992
Neutraubling,small,09375174,14614,1994-06-25,1994-06-27,3,32.5,31.8,1994
Neutraubling,small,09375174,14614,1994-07-27,1994-07-31,5,32.7,31.9,1994
Neutraubling,small,09375174,14614,1994-08-03,1994-08-05,3,33.2,32.2,1994
Neutraubling,small,09375174,14614,1998-06-04,1998-06-06,3,31.7,30.6,1998
Neutraubling,small,09375174,14614,2000-06-19,2000-06-21,3,31.4,30.2,2000
Neutraubling,small,09375174,14614,2002-06-17,2002-06-19,3,31.4,30.9,2002
Neutraubling,small,09375174,14614,2003-06-09,2003-06-11,3,32.7,30.7,2003
Neutraubling,small,09375174,14614,2003-08-02,2003-08-13,12,36.2,32.8,2003
Neutraubling,small,09375174,14614,2006-07-19,2006-07-21,3,32.9,32.0,2006
Neutraubling,small,09375174,14614,2008-05-26,2008-05-29,4,30.0,29.2,2008
Neutraubling,small,09375174,14614,2010-07-09,2010-07-11,3,32.1,31.7,2010
Neutraubling,small,09375174,14614,2011-08-20,2011-08-23,4,30.8,30.4,2011
Neutraubling,small,09375174,14614,2012-08-18,2012-08-20,3,34.1,32.2,2012
Neutraubling,small,09375174,14614,2013-06-16,2013-06-19,4,32.4,31.7,2013
Neutraubling,small,09375174,14614,2013-08-04,2013-08-06,3,32.4,31.9,2013
Neutraubling,small,09375174,14614,2014-06-07,2014-06-10,4,32.3,30.8,2014
Neutraubling,small,09375174,14614,2015-07-01,2015-07-04,4,33.4,31.8,2015
Neutraubling,small,09375174,14614,2015-08-05,2015-08-13,9,35.5,33.4,2015
Neutraubling,small,09375174,14614,2015-08-28,2015-08-31,4,32.7,31.6,2015
Neutraubling,small,09375174,14614,2016-09-11,2016-09-13,3,28.7,28.5,2016
Neutraubling,small,09375174,14614,2017-06-19,2017-06-22,4,32.0,30.8,2017
Neutraubling,small,09375174,14614,2018-07-29,2018-08-03,6,34.9,33.2,2018
Neutraubling,small,09375174,14614,2018-08-05,2018-08-08,4,33.9,32.5,2018
Neutraubling,small,09375174,14614,2018-08-18,2018-08-22,5,31.2,30.4,2018
Neutraubling,small,09375174,14614,2019-06-24,2019-06-26,3,34.0,32.2,2019
Neutraubling,small,09375174,14614,2019-06-28,2019-06-30,3,34.2,31.7,2019
Neutraubling,small,09375174,14614,2019-07-23,2019-07-25,3,34.6,34.0,2019
Neutraubling,small,09375174,14614,2021-06-16,2021-06-19,4,30.8,30.5,2021
Neutraubling,small,09375174,14614,2022-08-02,2022-08-04,3,32.8,32.2,2022
Neutraubling,small,09375174,14614,2023-06-19,2023-06-21,3,31.9,30.3,2023
Neutraubling,small,09375174,14614,2023-08-18,2023-08-23,6,31.8,30.6,2023
Neutraubling,small,09375174,14614,2024-08-28,2024-08-31,4,30.6,30.1,2024
Neutraubling,small,09375174,14614,2025-08-12,2025-08-14,3,32.6,31.8,2025
Holzheim am Forst,rural,09375153,1111,1982-05-31,1982-06-05,6,30.3,29.1,1982
Holzheim am Forst,rural,09375153,1111,1983-07-25,1983-07-27,3,36.8,34.0,1983
Holzheim am Forst,rural,09375153,1111,1992-08-06,1992-08-08,3,34.1,33.0,1992
Holzheim am Forst,rural,09375153,1111,1994-06-24,1994-06-27,4,32.4,31.2,1994
Holzheim am Forst,rural,09375153,1111,1994-07-27,1994-07-31,5,32.5,31.7,1994
Holzheim am Forst,rural,09375153,1111,1994-08-03,1994-08-05,3,33.2,32.0,1994
Holzheim am Forst,rural,09375153,1111,1998-06-04,1998-06-06,3,31.8,30.4,1998
Holzheim am Forst,rural,09375153,1111,2002-06-17,2002-06-19,3,31.1,30.8,2002
Holzheim am Forst,rural,09375153,1111,2003-06-09,2003-06-11,3,32.4,30.5,2003
Holzheim am Forst,rural,09375153,1111,2003-08-02,2003-08-13,12,35.8,32.7,2003
Holzheim am Forst,rural,09375153,1111,2006-07-19,2006-07-21,3,33.1,32.1,2006
Holzheim am Forst,rural,09375153,1111,2008-05-27,2008-05-29,3,30.0,29.3,2008
Holzheim am Forst,rural,09375153,1111,2010-07-09,2010-07-11,3,32.4,31.9,2010
Holzheim am Forst,rural,09375153,1111,2011-08-21,2011-08-23,3,30.6,30.4,2011
Holzheim am Forst,rural,09375153,1111,2012-08-18,2012-08-20,3,34.2,32.2,2012
Holzheim am Forst,rural,09375153,1111,2013-06-16,2013-06-19,4,32.5,31.7,2013
Holzheim am Forst,rural,09375153,1111,2013-08-04,2013-08-06,3,32.2,31.5,2013
Holzheim am Forst,rural,09375153,1111,2014-06-07,2014-06-10,4,32.2,30.8,2014
Holzheim am Forst,rural,09375153,1111,2015-07-01,2015-07-04,4,33.7,32.0,2015
Holzheim am Forst,rural,09375153,1111,2015-08-05,2015-08-13,9,35.8,33.4,2015
Holzheim am Forst,rural,09375153,1111,2015-08-28,2015-08-31,4,32.5,31.2,2015
Holzheim am Forst,rural,09375153,1111,2017-06-19,2017-06-21,3,32.4,31.1,2017
Holzheim am Forst,rural,09375153,1111,2018-07-29,2018-08-03,6,33.4,32.1,2018
Holzheim am Forst,rural,09375153,1111,2018-08-06,2018-08-08,3,32.8,31.8,2018
Holzheim am Forst,rural,09375153,1111,2019-06-24,2019-06-26,3,34.8,32.1,2019
Holzheim am Forst,rural,09375153,1111,2019-06-28,2019-06-30,3,34.1,31.7,2019
Holzheim am Forst,rural,09375153,1111,2019-07-23,2019-07-25,3,34.0,33.5,2019
Holzheim am Forst,rural,09375153,1111,2021-06-16,2021-06-19,4,30.8,30.3,2021
Holzheim am Forst,rural,09375153,1111,2023-08-18,2023-08-21,4,31.3,30.7,2023
Holzheim am Forst,rural,09375153,1111,2024-08-28,2024-08-30,3,30.2,29.6,2024
Holzheim am Forst,rural,09375153,1111,2025-06-28,2025-07-01,4,33.0,31.4,2025
Holzheim am Forst,rural,09375153,1111,2025-08-12,2025-08-14,3,32.6,31.6,2025
