city,country,population,is_capital,start,end,duration_days,max_temp,avg_temp,year
London,United Kingdom,8961989,True,1983-07-13,1983-07-15,3,29.2,28.8,1983
London,United Kingdom,8961989,True,1990-07-31,1990-08-03,4,33.7,31.6,1990
London,United Kingdom,8961989,True,1995-07-30,1995-08-02,4,30.2,29.3,1995
London,United Kingdom,8961989,True,1999-07-30,1999-08-01,3,29.5,29.0,1999
London,United Kingdom,8961989,True,2003-08-07,2003-08-11,5,34.7,30.7,2003
London,United Kingdom,8961989,True,2006-07-01,2006-07-03,3,28.8,28.4,2006
London,United Kingdom,8961989,True,2006-07-16,2006-07-20,5,31.4,29.6,2006
London,United Kingdom,8961989,True,2017-06-17,2017-06-20,4,31.6,29.8,2017
London,United Kingdom,8961989,True,2018-07-05,2018-07-07,3,29.4,28.9,2018
London,United Kingdom,8961989,True,2018-07-24,2018-07-26,3,32.7,31.0,2018
London,United Kingdom,8961989,True,2019-07-22,2019-07-24,3,35.2,32.0,2019
London,United Kingdom,8961989,True,2019-08-24,2019-08-26,3,31.4,31.0,2019
London,United Kingdom,8961989,True,2020-06-23,2020-06-25,3,30.0,29.3,2020
London,United Kingdom,8961989,True,2020-08-06,2020-08-11,6,33.8,32.4,2020
London,United Kingdom,8961989,True,2022-07-16,2022-07-18,3,37.9,34.1,2022
London,United Kingdom,8961989,True,2022-08-09,2022-08-14,6,32.8,30.9,2022
London,United Kingdom,8961989,True,2023-09-05,2023-09-09,5,31.4,30.2,2023
London,United Kingdom,8961989,True,2025-06-17,2025-06-20,4,32.0,30.2,2025
London,United Kingdom,8961989,True,2025-06-27,2025-06-30,4,33.6,31.3,2025
London,United Kingdom,8961989,True,2025-07-09,2025-07-11,3,31.6,30.1,2025
Berlin,Germany,3426354,True,1982-05-31,1982-06-04,5,31.9,30.4,1982
Berlin,Germany,3426354,True,1992-06-01,1992-06-04,4,28.8,28.5,1992
Berlin,Germany,3426354,True,1992-08-07,1992-08-09,3,37.6,35.6,1992
Berlin,Germany,3426354,True,1994-07-21,1994-07-31,11,36.6,33.2,1994
Berlin,Germany,3426354,True,1997-08-23,1997-08-25,3,31.1,30.4,1997
Berlin,Germany,3426354,True,2000-06-18,2000-06-21,4,34.3,31.9,2000
Berlin,Germany,3426354,True,2003-06-01,2003-06-04,4,30.7,29.5,2003
Berlin,Germany,3426354,True,2006-07-04,2006-07-06,3,32.3,31.3,2006
Berlin,Germany,3426354,True,2006-07-17,2006-07-21,5,35.3,32.2,2006
Berlin,Germany,3426354,True,2006-07-25,2006-07-27,3,33.9,32.3,2006
Berlin,Germany,3426354,True,2008-05-30,2008-06-02,4,29.0,28.6,2008
Berlin,Germany,3426354,True,2010-07-01,2010-07-03,3,31.5,31.1,2010
Berlin,Germany,3426354,True,2010-07-08,2010-07-11,4,36.0,34.8,2010
Berlin,Germany,3426354,True,2014-06-07,2014-06-09,3,31.7,30.5,2014
Berlin,Germany,3426354,True,2015-07-02,2015-07-04,3,35.5,34.4,2015
Berlin,Germany,3426354,True,2015-08-05,2015-08-07,3,36.1,33.9,2015
Berlin,Germany,3426354,True,2016-06-22,2016-06-24,3,32.8,31.3,2016
Berlin,Germany,3426354,True,2016-08-24,2016-08-27,4,34.6,31.7,2016
Berlin,Germany,3426354,True,2016-09-10,2016-09-13,4,31.0,29.9,2016
Berlin,Germany,3426354,True,2017-05-27,2017-05-29,3,30.0,28.9,2017
Berlin,Germany,3426354,True,2018-05-27,2018-05-31,5,31.1,30.4,2018
Berlin,Germany,3426354,True,2018-06-07,2018-06-09,3,30.4,29.4,2018
Berlin,Germany,3426354,True,2018-07-24,2018-07-27,4,32.2,31.3,2018
Berlin,Germany,3426354,True,2018-07-29,2018-08-03,6,34.8,32.3,2018
Berlin,Germany,3426354,True,2018-08-06,2018-08-08,3,36.6,35.1,2018
Berlin,Germany,3426354,True,2019-05-31,2019-06-05,6,33.6,30.8,2019
Berlin,Germany,3426354,True,2019-07-23,2019-07-25,3,34.0,32.6,2019
Berlin,Germany,3426354,True,2019-08-24,2019-08-31,8,32.5,30.6,2019
Berlin,Germany,3426354,True,2020-08-06,2020-08-12,7,35.4,32.5,2020
Berlin,Germany,3426354,True,2020-09-13,2020-09-15,3,30.2,29.1,2020
Berlin,Germany,3426354,True,2021-06-16,2021-06-20,5,34.5,32.8,2021
Berlin,Germany,3426354,True,2023-07-07,2023-07-09,3,31.6,30.8,2023
Berlin,Germany,3426354,True,2023-09-05,2023-09-11,7,30.2,29.4,2023
Berlin,Germany,3426354,True,2024-09-02,2024-09-07,6,33.6,31.4,2024
Berlin,Germany,3426354,True,2025-06-30,2025-07-02,3,37.6,33.6,2025
Berlin,Germany,3426354,True,2025-08-12,2025-08-14,3,33.0,32.4,2025
Madrid,Spain,3255944,True,1981-06-10,1981-06-16,7,37.7,35.7,1981
Madrid,Spain,3255944,True,1983-06-09,1983-06-11,3,35.2,34.8,1983
Madrid,Spain,3255944,True,1987-08-11,1987-08-14,4,39.5,38.0,1987
Madrid,Spain,3255944,True,1987-09-12,1987-09-14,3,35.0,34.6,1987
Madrid,Spain,3255944,True,1988-09-05,1988-09-07,3,37.6,36.9,1988
Madrid,Spain,3255944,True,1991-07-15,1991-07-17,3,38.2,37.9,1991
Madrid,Spain,3255944,True,1991-08-14,1991-08-16,3,37.6,37.1,1991
Madrid,Spain,3255944,True,1994-06-28,1994-07-01,4,38.0,36.8,1994
Madrid,Spain,3255944,True,1995-07-17,1995-07-23,7,40.0,38.8,1995
Madrid,Spain,3255944,True,2001-05-27,2001-06-02,7,34.3,33.2,2001
Madrid,Spain,3255944,True,2001-06-20,2001-06-23,4,38.2,36.9,2001
Madrid,Spain,3255944,True,2002-06-14,2002-06-17,4,36.8,35.5,2002
Madrid,Spain,3255944,True,2003-06-10,2003-06-12,3,35.3,34.8,2003
Madrid,Spain,3255944,True,2003-07-30,2003-08-03,5,39.2,38.4,2003
Madrid,Spain,3255944,True,2004-06-26,2004-06-28,3,37.6,37.4,2004
Madrid,Spain,3255944,True,2005-05-24,2005-05-27,4,33.4,32.1,2005
Madrid,Spain,3255944,True,2006-05-26,2006-05-28,3,33.0,32.1,2006
Madrid,Spain,3255944,True,2006-08-31,2006-09-03,4,36.0,35.7,2006
Madrid,Spain,3255944,True,2009-06-11,2009-06-13,3,36.7,35.7,2009
Madrid,Spain,3255944,True,2011-10-10,2011-10-13,4,29.8,29.1,2011
Madrid,Spain,3255944,True,2012-05-09,2012-05-13,5,32.1,31.3,2012
Madrid,Spain,3255944,True,2012-06-23,2012-06-26,4,39.0,37.0,2012
Madrid,Spain,3255944,True,2012-08-08,2012-08-10,3,39.4,38.7,2012
Madrid,Spain,3255944,True,2012-08-16,2012-08-21,6,38.0,37.0,2012
Madrid,Spain,3255944,True,2015-05-09,2015-05-13,5,35.4,32.7,2015
Madrid,Spain,3255944,True,2015-06-26,2015-06-29,4,38.6,37.6,2015
Madrid,Spain,3255944,True,2015-07-02,2015-07-08,7,38.6,37.4,2015
Madrid,Spain,3255944,True,2015-07-12,2015-07-15,4,38.2,37.6,2015
Madrid,Spain,3255944,True,2016-09-03,2016-09-06,4,38.3,37.5,2016
Madrid,Spain,3255944,True,2017-05-22,2017-05-26,5,32.8,32.2,2017
Madrid,Spain,3255944,True,2017-06-09,2017-06-17,9,39.8,37.3,2017
Madrid,Spain,3255944,True,2017-06-20,2017-06-23,4,35.8,35.6,2017
Madrid,Spain,3255944,True,2017-07-12,2017-07-15,4,40.2,38.5,2017
Madrid,Spain,3255944,True,2017-08-20,2017-08-22,3,36.4,36.2,2017
Madrid,Spain,3255944,True,2017-10-11,2017-10-14,4,28.8,28.4,2017
Madrid,Spain,3255944,True,2018-06-22,2018-06-24,3,36.8,36.1,2018
Madrid,Spain,3255944,True,2018-08-01,2018-08-05,5,39.6,38.3,2018
Madrid,Spain,3255944,True,2019-05-31,2019-06-02,3,33.6,32.9,2019
Madrid,Spain,3255944,True,2019-06-26,2019-06-29,4,40.3,39.1,2019
Madrid,Spain,3255944,True,2019-07-19,2019-07-22,4,38.2,37.7,2019
Madrid,Spain,3255944,True,2020-05-20,2020-05-22,3,32.0,31.5,2020
Madrid,Spain,3255944,True,2020-07-05,2020-07-07,3,38.4,37.9,2020
Madrid,Spain,3255944,True,2020-07-29,2020-07-31,3,38.4,38.1,2020
Madrid,Spain,3255944,True,2020-08-24,2020-08-26,3,36.8,36.4,2020
Madrid,Spain,3255944,True,2021-06-07,2021-06-09,3,34.6,34.2,2021
Madrid,Spain,3255944,True,2021-08-10,2021-08-14,5,41.5,39.4,2021
Madrid,Spain,3255944,True,2022-05-17,2022-05-20,4,34.8,33.5,2022
Madrid,Spain,3255944,True,2022-06-09,2022-06-17,9,40.1,37.6,2022
Madrid,Spain,3255944,True,2022-07-08,2022-07-17,10,41.3,39.2,2022
Madrid,Spain,3255944,True,2022-07-20,2022-07-24,5,39.6,38.3,2022
Madrid,Spain,3255944,True,2023-04-24,2023-04-27,4,32.1,30.5,2023
Madrid,Spain,3255944,True,2023-06-24,2023-06-28,5,38.4,37.0,2023
Madrid,Spain,3255944,True,2023-07-16,2023-07-18,3,38.8,38.3,2023
Madrid,Spain,3255944,True,2023-08-07,2023-08-12,6,40.0,38.5,2023
Madrid,Spain,3255944,True,2023-08-19,2023-08-24,6,39.0,38.5,2023
Madrid,Spain,3255944,True,2023-10-04,2023-10-07,4,30.7,30.2,2023
Madrid,Spain,3255944,True,2024-06-04,2024-06-06,3,35.5,34.4,2024
Madrid,Spain,3255944,True,2024-07-22,2024-07-27,6,40.4,38.8,2024
Madrid,Spain,3255944,True,2024-08-02,2024-08-10,9,39.8,38.3,2024
Madrid,Spain,3255944,True,2025-05-26,2025-05-31,6,34.6,33.7,2025
Madrid,Spain,3255944,True,2025-06-07,2025-06-09,3,36.7,35.2,2025
Madrid,Spain,3255944,True,2025-06-14,2025-06-22,9,37.2,36.3,2025
Madrid,Spain,3255944,True,2025-06-26,2025-07-03,8,40.2,37.6,2025
Madrid,Spain,3255944,True,2025-07-14,2025-07-16,3,38.6,37.9,2025
Madrid,Spain,3255944,True,2025-08-03,2025-08-11,9,39.2,38.4,2025
Madrid,Spain,3255944,True,2025-08-13,2025-08-16,4,40.7,39.0,2025
Madrid,Spain,3255944,True,2025-09-16,2025-09-18,3,35.4,34.6,2025
Kyiv,Ukraine,2952301,True,1981-06-07,1981-06-10,4,30.5,30.3,1981
Kyiv,Ukraine,2952301,True,1989-07-10,1989-07-12,3,30.3,30.1,1989
Kyiv,Ukraine,2952301,True,1992-08-14,1992-08-16,3,32.2,30.8,1992
Kyiv,Ukraine,2952301,True,1992-08-28,1992-08-30,3,31.6,30.7,1992
Kyiv,Ukraine,2952301,True,1994-08-06,1994-08-08,3,31.2,30.4,1994
Kyiv,Ukraine,2952301,True,1998-08-01,1998-08-03,3,32.7,31.4,1998
Kyiv,Ukraine,2952301,True,1999-07-05,1999-07-07,3,33.1,31.9,1999
Kyiv,Ukraine,2952301,True,2000-08-19,2000-08-21,3,33.6,32.6,2000
Kyiv,Ukraine,2952301,True,2001-07-14,2001-07-17,4,31.6,30.8,2001
Kyiv,Ukraine,2952301,True,2001-07-20,2001-07-23,4,32.8,31.6,2001
Kyiv,Ukraine,2952301,True,2001-08-19,2001-08-21,3,30.7,29.8,2001
Kyiv,Ukraine,2952301,True,2002-07-08,2002-07-10,3,31.2,30.6,2002
Kyiv,Ukraine,2952301,True,2002-07-28,2002-07-31,4,32.5,31.7,2002
Kyiv,Ukraine,2952301,True,2003-05-24,2003-05-26,3,30.0,29.2,2003
Kyiv,Ukraine,2952301,True,2005-07-28,2005-07-31,4,32.4,31.4,2005
Kyiv,Ukraine,2952301,True,2007-05-18,2007-05-27,10,31.9,30.3,2007
Kyiv,Ukraine,2952301,True,2007-07-16,2007-07-18,3,33.2,32.2,2007
Kyiv,Ukraine,2952301,True,2007-08-19,2007-08-23,5,33.5,32.1,2007
Kyiv,Ukraine,2952301,True,2008-08-12,2008-08-16,5,33.9,32.6,2008
Kyiv,Ukraine,2952301,True,2008-09-05,2008-09-07,3,29.6,29.1,2008
Kyiv,Ukraine,2952301,True,2009-06-24,2009-06-26,3,30.4,30.2,2009
Kyiv,Ukraine,2952301,True,2010-06-10,2010-06-12,3,31.9,31.0,2010
Kyiv,Ukraine,2952301,True,2010-07-14,2010-07-22,9,33.4,31.8,2010
Kyiv,Ukraine,2952301,True,2010-07-31,2010-08-16,17,36.2,33.9,2010
Kyiv,Ukraine,2952301,True,2011-05-30,2011-06-02,4,29.5,29.3,2011
Kyiv,Ukraine,2952301,True,2012-07-05,2012-07-08,4,33.1,32.0,2012
Kyiv,Ukraine,2952301,True,2012-07-26,2012-07-29,4,31.3,30.8,2012
Kyiv,Ukraine,2952301,True,2014-07-30,2014-08-03,5,32.6,31.3,2014
Kyiv,Ukraine,2952301,True,2015-08-08,2015-08-12,5,33.7,32.3,2015
Kyiv,Ukraine,2952301,True,2015-08-30,2015-09-01,3,33.3,31.6,2015
Kyiv,Ukraine,2952301,True,2016-07-11,2016-07-13,3,31.0,30.6,2016
Kyiv,Ukraine,2952301,True,2016-08-27,2016-08-29,3,29.9,29.1,2016
Kyiv,Ukraine,2952301,True,2017-07-31,2017-08-05,6,33.4,31.9,2017
Kyiv,Ukraine,2952301,True,2017-08-10,2017-08-12,3,32.5,31.6,2017
Kyiv,Ukraine,2952301,True,2017-08-17,2017-08-20,4,32.2,31.1,2017
Kyiv,Ukraine,2952301,True,2018-05-01,2018-05-04,4,29.7,29.4,2018
Kyiv,Ukraine,2952301,True,2018-08-24,2018-08-26,3,30.0,29.4,2018
Kyiv,Ukraine,2952301,True,2018-09-01,2018-09-03,3,30.0,29.5,2018
Kyiv,Ukraine,2952301,True,2019-06-10,2019-06-14,5,31.8,30.5,2019
Kyiv,Ukraine,2952301,True,2019-06-20,2019-06-23,4,32.0,31.0,2019
Kyiv,Ukraine,2952301,True,2020-06-09,2020-06-12,4,32.6,31.6,2020
Kyiv,Ukraine,2952301,True,2020-08-17,2020-08-19,3,30.8,30.3,2020
Kyiv,Ukraine,2952301,True,2020-08-29,2020-09-01,4,31.3,30.4,2020
Kyiv,Ukraine,2952301,True,2021-06-19,2021-06-25,7,34.6,32.4,2021
Kyiv,Ukraine,2952301,True,2021-07-13,2021-07-17,5,33.2,32.1,2021
Kyiv,Ukraine,2952301,True,2022-07-03,2022-07-05,3,33.4,31.6,2022
Kyiv,Ukraine,2952301,True,2022-08-22,2022-08-26,5,31.3,30.4,2022
Kyiv,Ukraine,2952301,True,2023-08-03,2023-08-05,3,33.8,32.1,2023
Kyiv,Ukraine,2952301,True,2023-08-13,2023-08-15,3,31.7,30.9,2023
Kyiv,Ukraine,2952301,True,2023-08-17,2023-08-19,3,31.6,31.0,2023
Kyiv,Ukraine,2952301,True,2023-08-25,2023-08-30,6,34.0,31.5,2023
Kyiv,Ukraine,2952301,True,2024-06-29,2024-07-01,3,32.0,31.2,2024
Kyiv,Ukraine,2952301,True,2024-07-10,2024-07-17,8,35.9,33.1,2024
Kyiv,Ukraine,2952301,True,2024-08-17,2024-08-21,5,33.6,32.4,2024
Kyiv,Ukraine,2952301,True,2024-08-24,2024-09-02,10,31.8,30.2,2024
Kyiv,Ukraine,2952301,True,2025-06-05,2025-06-07,3,33.0,31.8,2025
Kyiv,Ukraine,2952301,True,2025-07-06,2025-07-08,3,33.6,32.3,2025
Kyiv,Ukraine,2952301,True,2025-08-28,2025-08-31,4,31.6,30.4,2025
Rome,Italy,2318895,True,1983-07-18,1983-07-20,3,35.5,35.1,1983
Rome,Italy,2318895,True,1983-07-25,1983-07-28,4,37.3,35.9,1983
Rome,Italy,2318895,True,1987-09-13,1987-09-18,6,33.5,32.6,1987
Rome,Italy,2318895,True,1994-06-30,1994-07-02,3,33.9,33.2,1994
Rome,Italy,2318895,True,1994-08-03,1994-08-05,3,35.2,35.0,1994
Rome,Italy,2318895,True,1996-06-09,1996-06-11,3,31.4,31.0,1996
Rome,Italy,2318895,True,1998-06-03,1998-06-05,3,32.1,31.3,1998
Rome,Italy,2318895,True,2000-08-21,2000-08-24,4,35.1,34.8,2000
Rome,Italy,2318895,True,2002-06-14,2002-06-24,11,35.2,32.8,2002
Rome,Italy,2318895,True,2003-06-08,2003-06-15,8,34.8,33.6,2003
Rome,Italy,2318895,True,2003-06-23,2003-06-25,3,33.6,33.4,2003
Rome,Italy,2318895,True,2003-08-04,2003-08-06,3,36.5,36.3,2003
Rome,Italy,2318895,True,2003-08-08,2003-08-12,5,36.1,35.5,2003
Rome,Italy,2318895,True,2003-08-16,2003-08-20,5,35.1,34.7,2003
Rome,Italy,2318895,True,2005-05-27,2005-05-29,3,29.7,29.6,2005
Rome,Italy,2318895,True,2005-06-25,2005-06-28,4,34.8,34.0,2005
Rome,Italy,2318895,True,2006-06-18,2006-06-28,11,34.2,33.0,2006
Rome,Italy,2318895,True,2007-08-23,2007-08-25,3,37.3,36.1,2007
Rome,Italy,2318895,True,2008-09-08,2008-09-11,4,33.5,32.6,2008
Rome,Italy,2318895,True,2009-05-18,2009-05-25,8,31.5,29.8,2009
Rome,Italy,2318895,True,2009-08-16,2009-08-22,7,35.5,34.6,2009
Rome,Italy,2318895,True,2010-07-15,2010-07-17,3,35.9,35.3,2010
Rome,Italy,2318895,True,2011-08-19,2011-08-25,7,36.0,35.4,2011
Rome,Italy,2318895,True,2011-09-14,2011-09-16,3,32.6,31.9,2011
Rome,Italy,2318895,True,2012-06-16,2012-06-19,4,33.8,33.0,2012
Rome,Italy,2318895,True,2012-06-21,2012-06-23,3,33.5,33.1,2012
Rome,Italy,2318895,True,2012-06-29,2012-07-01,3,35.2,34.2,2012
Rome,Italy,2318895,True,2012-08-05,2012-08-07,3,36.8,35.7,2012
Rome,Italy,2318895,True,2012-08-17,2012-08-22,6,35.3,34.5,2012
Rome,Italy,2318895,True,2013-08-03,2013-08-07,5,37.2,36.1,2013
Rome,Italy,2318895,True,2014-06-06,2014-06-12,7,32.7,31.7,2014
Rome,Italy,2318895,True,2015-06-04,2015-06-06,3,31.1,30.6,2015
Rome,Italy,2318895,True,2015-07-15,2015-07-21,7,35.7,35.3,2015
Rome,Italy,2318895,True,2015-08-04,2015-08-07,4,35.6,35.4,2015
Rome,Italy,2318895,True,2015-08-29,2015-08-31,3,34.0,33.5,2015
Rome,Italy,2318895,True,2016-06-22,2016-06-24,3,33.6,33.1,2016
Rome,Italy,2318895,True,2017-06-02,2017-06-04,3,30.3,29.8,2017
Rome,Italy,2318895,True,2017-06-14,2017-06-17,4,33.5,32.8,2017
Rome,Italy,2318895,True,2017-06-21,2017-06-23,3,33.3,32.7,2017
Rome,Italy,2318895,True,2017-06-25,2017-06-27,3,33.8,33.5,2017
Rome,Italy,2318895,True,2017-07-04,2017-07-08,5,35.8,35.3,2017
Rome,Italy,2318895,True,2017-07-30,2017-08-09,11,39.2,37.8,2017
Rome,Italy,2318895,True,2017-08-14,2017-08-17,4,35.6,35.0,2017
Rome,Italy,2318895,True,2017-08-25,2017-08-29,5,36.0,34.6,2017
Rome,Italy,2318895,True,2018-07-28,2018-08-01,5,36.4,35.8,2018
Rome,Italy,2318895,True,2019-06-07,2019-06-10,4,34.2,32.1,2019
Rome,Italy,2318895,True,2019-06-23,2019-07-08,16,37.8,34.9,2019
Rome,Italy,2318895,True,2019-07-21,2019-07-25,5,36.2,35.5,2019
Rome,Italy,2318895,True,2019-08-08,2019-08-12,5,38.0,36.4,2019
Rome,Italy,2318895,True,2020-07-28,2020-08-01,5,38.7,36.9,2020
Rome,Italy,2318895,True,2020-08-07,2020-08-12,6,36.4,35.5,2020
Rome,Italy,2318895,True,2020-08-19,2020-08-22,4,36.0,34.7,2020
Rome,Italy,2318895,True,2020-09-07,2020-09-09,3,32.8,32.6,2020
Rome,Italy,2318895,True,2020-09-11,2020-09-18,8,34.2,32.5,2020
Rome,Italy,2318895,True,2021-06-20,2021-06-23,4,34.4,33.4,2021
Rome,Italy,2318895,True,2021-06-26,2021-06-28,3,35.3,33.9,2021
Rome,Italy,2318895,True,2021-07-05,2021-07-07,3,39.2,35.8,2021
Rome,Italy,2318895,True,2021-07-26,2021-07-30,5,36.1,35.5,2021
Rome,Italy,2318895,True,2021-08-09,2021-08-15,7,38.8,37.0,2021
Rome,Italy,2318895,True,2022-05-15,2022-05-19,5,31.1,29.2,2022
Rome,Italy,2318895,True,2022-05-21,2022-05-27,7,34.8,31.2,2022
Rome,Italy,2318895,True,2022-05-30,2022-06-07,9,36.4,33.2,2022
Rome,Italy,2318895,True,2022-06-10,2022-06-22,13,34.7,32.8,2022
Rome,Italy,2318895,True,2022-06-24,2022-07-05,12,39.8,36.6,2022
Rome,Italy,2318895,True,2022-07-14,2022-07-25,12,37.4,36.3,2022
Rome,Italy,2318895,True,2022-08-01,2022-08-07,7,37.4,35.8,2022
Rome,Italy,2318895,True,2023-07-06,2023-07-11,6,37.8,35.9,2023
Rome,Italy,2318895,True,2023-07-15,2023-07-24,10,40.0,37.2,2023
Rome,Italy,2318895,True,2023-08-16,2023-08-26,11,38.6,36.9,2023
Rome,Italy,2318895,True,2023-09-06,2023-09-10,5,33.0,32.3,2023
Rome,Italy,2318895,True,2023-09-16,2023-09-18,3,32.8,31.6,2023
Rome,Italy,2318895,True,2023-10-05,2023-10-11,7,31.9,29.4,2023
Rome,Italy,2318895,True,2024-06-05,2024-06-08,4,33.1,31.7,2024
Rome,Italy,2318895,True,2024-06-17,2024-06-21,5,38.8,35.4,2024
Rome,Italy,2318895,True,2024-07-08,2024-07-23,16,38.8,36.5,2024
Rome,Italy,2318895,True,2024-07-25,2024-08-02,9,38.8,36.5,2024
Rome,Italy,2318895,True,2024-08-05,2024-08-15,11,37.4,36.2,2024
Rome,Italy,2318895,True,2024-08-23,2024-09-01,10,36.1,34.7,2024
Rome,Italy,2318895,True,2025-05-28,2025-06-16,20,37.4,32.6,2025
Rome,Italy,2318895,True,2025-06-18,2025-07-05,18,39.5,35.8,2025
Rome,Italy,2318895,True,2025-08-07,2025-08-15,9,38.8,37.2,2025
Rome,Italy,2318895,True,2025-09-16,2025-09-20,5,32.0,31.2,2025
Paris,France,2138551,True,1982-09-14,1982-09-16,3,29.3,28.8,1982
Paris,France,2138551,True,1990-07-31,1990-08-03,4,35.4,34.0,1990
Paris,France,2138551,True,1997-08-22,1997-08-24,3,32.1,31.4,1997
Paris,France,2138551,True,1998-08-07,1998-08-10,4,36.0,34.8,1998
Paris,France,2138551,True,2003-08-02,2003-08-12,11,38.0,35.5,2003
Paris,France,2138551,True,2003-09-18,2003-09-20,3,29.8,29.2,2003
Paris,France,2138551,True,2005-06-17,2005-06-19,3,32.1,31.0,2005
Paris,France,2138551,True,2006-06-09,2006-06-12,4,30.8,29.7,2006
Paris,France,2138551,True,2006-07-16,2006-07-18,3,35.7,33.6,2006
Paris,France,2138551,True,2012-08-16,2012-08-18,3,37.2,35.2,2012
Paris,France,2138551,True,2016-08-22,2016-08-26,5,35.2,33.5,2016
Paris,France,2138551,True,2016-09-11,2016-09-13,3,32.6,30.5,2016
Paris,France,2138551,True,2017-05-26,2017-05-28,3,30.4,29.8,2017
Paris,France,2138551,True,2017-06-17,2017-06-21,5,35.1,33.0,2017
Paris,France,2138551,True,2019-07-22,2019-07-24,3,40.6,38.0,2019
Paris,France,2138551,True,2019-08-24,2019-08-26,3,32.8,31.8,2019
Paris,France,2138551,True,2020-08-05,2020-08-11,7,37.4,35.0,2020
Paris,France,2138551,True,2020-09-13,2020-09-15,3,33.2,32.1,2020
Paris,France,2138551,True,2021-06-13,2021-06-15,3,31.9,30.2,2021
Paris,France,2138551,True,2022-08-09,2022-08-12,4,32.6,32.0,2022
Paris,France,2138551,True,2023-06-15,2023-06-17,3,30.4,29.7,2023
Paris,France,2138551,True,2023-09-04,2023-09-09,6,33.7,32.5,2023
Paris,France,2138551,True,2025-04-29,2025-05-01,3,29.8,29.5,2025
Paris,France,2138551,True,2025-06-18,2025-06-20,3,35.4,32.8,2025
Paris,France,2138551,True,2025-06-29,2025-07-01,3,38.3,35.8,2025
Paris,France,2138551,True,2025-08-10,2025-08-14,5,35.0,32.8,2025
Hamburg,Germany,1973896,False,1982-06-01,1982-06-04,4,30.8,30.2,1982
Hamburg,Germany,1973896,False,1994-07-11,1994-07-13,3,30.3,29.9,1994
Hamburg,Germany,1973896,False,1994-07-21,1994-07-27,7,33.5,31.5,1994
Hamburg,Germany,1973896,False,1995-08-20,1995-08-22,3,30.4,29.3,1995
Hamburg,Germany,1973896,False,2000-06-18,2000-06-20,3,32.4,31.1,2000
Hamburg,Germany,1973896,False,2003-08-06,2003-08-11,6,33.8,32.3,2003
Hamburg,Germany,1973896,False,2008-05-30,2008-06-02,4,29.4,28.6,2008
Hamburg,Germany,1973896,False,2008-07-26,2008-07-28,3,30.9,30.2,2008
Hamburg,Germany,1973896,False,2010-07-07,2010-07-11,5,34.1,32.5,2010
Hamburg,Germany,1973896,False,2015-07-01,2015-07-04,4,35.3,31.2,2015
Hamburg,Germany,1973896,False,2016-08-23,2016-08-25,3,30.3,29.5,2016
Hamburg,Germany,1973896,False,2016-09-11,2016-09-13,3,30.0,29.0,2016
Hamburg,Germany,1973896,False,2018-05-27,2018-05-31,5,30.9,29.5,2018
Hamburg,Germany,1973896,False,2018-07-23,2018-07-27,5,32.9,32.3,2018
Hamburg,Germany,1973896,False,2018-08-01,2018-08-03,3,32.2,30.5,2018
Hamburg,Germany,1973896,False,2018-08-05,2018-08-08,4,34.7,31.5,2018
Hamburg,Germany,1973896,False,2019-07-23,2019-07-25,3,34.4,32.4,2019
Hamburg,Germany,1973896,False,2019-08-24,2019-08-27,4,31.4,30.7,2019
Hamburg,Germany,1973896,False,2020-08-05,2020-08-16,12,33.2,31.2,2020
Hamburg,Germany,1973896,False,2021-06-16,2021-06-18,3,32.9,31.1,2021
Hamburg,Germany,1973896,False,2022-08-10,2022-08-14,5,31.2,30.3,2022
Bucharest,Romania,1877155,True,1986-09-15,1986-09-17,3,33.9,33.1,1986
Bucharest,Romania,1877155,True,1987-07-19,1987-07-22,4,36.1,35.1,1987
Bucharest,Romania,1877155,True,1988-07-04,1988-07-06,3,36.1,34.6,1988
Bucharest,Romania,1877155,True,1992-08-26,1992-08-28,3,33.7,33.1,1992
Bucharest,Romania,1877155,True,1993-08-22,1993-08-24,3,36.9,35.1,1993
Bucharest,Romania,1877155,True,1994-05-16,1994-05-18,3,31.9,31.2,1994
Bucharest,Romania,1877155,True,1996-06-08,1996-06-10,3,31.6,31.5,1996
Bucharest,Romania,1877155,True,1998-08-01,1998-08-04,4,37.2,36.1,1998
Bucharest,Romania,1877155,True,2000-06-12,2000-06-14,3,33.9,32.5,2000
Bucharest,Romania,1877155,True,2000-07-03,2000-07-05,3,39.4,37.0,2000
Bucharest,Romania,1877155,True,2000-07-24,2000-07-26,3,37.0,36.0,2000
Bucharest,Romania,1877155,True,2000-08-18,2000-08-22,5,36.4,35.2,2000
Bucharest,Romania,1877155,True,2001-08-08,2001-08-10,3,36.5,35.5,2001
Bucharest,Romania,1877155,True,2002-06-21,2002-06-23,3,35.5,34.5,2002
Bucharest,Romania,1877155,True,2003-04-30,2003-05-02,3,32.2,30.6,2003
Bucharest,Romania,1877155,True,2003-05-07,2003-05-12,6,32.0,30.2,2003
Bucharest,Romania,1877155,True,2003-06-09,2003-06-13,5,34.0,32.5,2003
Bucharest,Romania,1877155,True,2003-07-01,2003-07-03,3,36.3,35.1,2003
Bucharest,Romania,1877155,True,2003-08-28,2003-08-30,3,37.5,34.8,2003
Bucharest,Romania,1877155,True,2006-08-18,2006-08-20,3,35.4,35.0,2006
Bucharest,Romania,1877155,True,2007-06-21,2007-06-26,6,39.2,35.1,2007
Bucharest,Romania,1877155,True,2007-07-16,2007-07-24,9,39.9,37.4,2007
Bucharest,Romania,1877155,True,2007-07-27,2007-07-29,3,35.3,34.6,2007
Bucharest,Romania,1877155,True,2007-08-21,2007-08-24,4,37.0,35.8,2007
Bucharest,Romania,1877155,True,2008-08-12,2008-08-16,5,36.4,35.3,2008
Bucharest,Romania,1877155,True,2008-08-21,2008-08-23,3,35.7,34.3,2008
Bucharest,Romania,1877155,True,2008-09-05,2008-09-07,3,32.4,32.2,2008
Bucharest,Romania,1877155,True,2010-06-10,2010-06-14,5,33.8,32.6,2010
Bucharest,Romania,1877155,True,2010-08-11,2010-08-15,5,35.8,35.0,2010
Bucharest,Romania,1877155,True,2011-09-11,2011-09-14,4,32.7,32.1,2011
Bucharest,Romania,1877155,True,2012-04-30,2012-05-02,3,28.7,28.6,2012
Bucharest,Romania,1877155,True,2012-07-06,2012-07-09,4,35.3,34.5,2012
Bucharest,Romania,1877155,True,2012-07-24,2012-07-29,6,35.6,34.9,2012
Bucharest,Romania,1877155,True,2012-08-04,2012-08-06,3,38.3,36.1,2012
Bucharest,Romania,1877155,True,2012-08-20,2012-08-25,6,38.0,36.2,2012
Bucharest,Romania,1877155,True,2015-08-30,2015-09-04,6,35.1,33.6,2015
Bucharest,Romania,1877155,True,2016-06-20,2016-06-22,3,33.0,32.6,2016
Bucharest,Romania,1877155,True,2017-06-28,2017-06-30,3,37.4,34.9,2017
Bucharest,Romania,1877155,True,2017-08-03,2017-08-05,3,36.0,35.3,2017
Bucharest,Romania,1877155,True,2020-08-28,2020-08-31,4,34.6,33.6,2020
Bucharest,Romania,1877155,True,2023-08-02,2023-08-04,3,38.0,35.4,2023
Bucharest,Romania,1877155,True,2023-08-19,2023-08-22,4,35.6,35.1,2023
Bucharest,Romania,1877155,True,2023-08-24,2023-08-28,5,36.2,34.8,2023
Bucharest,Romania,1877155,True,2024-06-08,2024-06-10,3,34.6,34.2,2024
Bucharest,Romania,1877155,True,2024-06-17,2024-06-19,3,36.1,34.0,2024
Bucharest,Romania,1877155,True,2024-06-29,2024-07-01,3,35.8,34.7,2024
Bucharest,Romania,1877155,True,2024-07-07,2024-07-19,13,38.8,36.8,2024
Bucharest,Romania,1877155,True,2024-07-31,2024-08-02,3,35.7,34.9,2024
Bucharest,Romania,1877155,True,2024-08-11,2024-08-21,11,36.0,34.7,2024
Bucharest,Romania,1877155,True,2024-08-23,2024-08-26,4,35.2,34.1,2024
Bucharest,Romania,1877155,True,2025-06-22,2025-06-26,5,37.2,35.8,2025
Bucharest,Romania,1877155,True,2025-07-05,2025-07-07,3,39.0,37.6,2025
Bucharest,Romania,1877155,True,2025-07-12,2025-07-14,3,37.0,35.4,2025
Bucharest,Romania,1877155,True,2025-07-23,2025-07-27,5,40.4,37.6,2025
Bucharest,Romania,1877155,True,2025-09-01,2025-09-03,3,35.4,33.6,2025
Minsk,Belarus,1742124,True,1992-08-28,1992-08-31,4,31.6,30.5,1992
Minsk,Belarus,1742124,True,1994-07-29,1994-07-31,3,31.0,30.6,1994
Minsk,Belarus,1742124,True,1999-06-10,1999-06-12,3,29.9,28.8,1999
Minsk,Belarus,1742124,True,1999-07-04,1999-07-06,3,31.2,30.2,1999
Minsk,Belarus,1742124,True,1999-07-12,1999-07-14,3,29.9,29.5,1999
Minsk,Belarus,1742124,True,2001-07-14,2001-07-17,4,30.4,30.0,2001
Minsk,Belarus,1742124,True,2002-07-28,2002-08-01,5,32.1,30.6,2002
Minsk,Belarus,1742124,True,2006-07-07,2006-07-12,6,30.4,29.5,2006
Minsk,Belarus,1742124,True,2007-08-20,2007-08-23,4,31.8,30.8,2007
Minsk,Belarus,1742124,True,2010-07-21,2010-07-23,3,30.1,29.7,2010
Minsk,Belarus,1742124,True,2010-08-05,2010-08-07,3,32.6,31.4,2010
Minsk,Belarus,1742124,True,2010-08-12,2010-08-16,5,32.4,31.8,2010
Minsk,Belarus,1742124,True,2012-07-25,2012-07-29,5,31.4,30.1,2012
Minsk,Belarus,1742124,True,2014-07-27,2014-08-04,9,32.2,30.3,2014
Minsk,Belarus,1742124,True,2015-07-03,2015-07-05,3,29.4,28.9,2015
Minsk,Belarus,1742124,True,2015-08-04,2015-08-08,5,32.2,31.1,2015
Minsk,Belarus,1742124,True,2016-06-24,2016-06-26,3,30.0,29.6,2016
Minsk,Belarus,1742124,True,2016-06-30,2016-07-02,3,29.2,28.8,2016
Minsk,Belarus,1742124,True,2017-08-17,2017-08-19,3,29.6,29.1,2017
Minsk,Belarus,1742124,True,2019-06-10,2019-06-13,4,31.0,29.6,2019
Minsk,Belarus,1742124,True,2020-06-09,2020-06-11,3,30.8,29.2,2020
Minsk,Belarus,1742124,True,2021-06-19,2021-06-24,6,32.9,30.4,2021
Minsk,Belarus,1742124,True,2021-07-07,2021-07-16,10,32.3,30.8,2021
Minsk,Belarus,1742124,True,2022-08-14,2022-08-17,4,30.4,29.3,2022
Minsk,Belarus,1742124,True,2022-08-22,2022-08-27,6,30.8,29.7,2022
Minsk,Belarus,1742124,True,2023-06-16,2023-06-18,3,29.2,28.9,2023
Minsk,Belarus,1742124,True,2023-08-15,2023-08-19,5,30.2,29.7,2023
Minsk,Belarus,1742124,True,2024-07-10,2024-07-13,4,33.8,30.8,2024
Minsk,Belarus,1742124,True,2024-08-28,2024-08-30,3,28.6,28.4,2024
Budapest,Hungary,1741041,True,1983-05-14,1983-05-16,3,30.3,29.1,1983
Budapest,Hungary,1741041,True,1992-08-18,1992-08-21,4,34.5,33.8,1992
Budapest,Hungary,1741041,True,1992-08-25,1992-08-29,5,35.1,34.5,1992
Budapest,Hungary,1741041,True,1994-06-26,1994-06-28,3,34.0,33.4,1994
Budapest,Hungary,1741041,True,1994-07-29,1994-08-01,4,34.4,34.2,1994
Budapest,Hungary,1741041,True,1996-06-08,1996-06-10,3,31.3,30.9,1996
Budapest,Hungary,1741041,True,1997-05-12,1997-05-15,4,28.8,28.4,1997
Budapest,Hungary,1741041,True,2000-06-09,2000-06-13,5,33.5,32.1,2000
Budapest,Hungary,1741041,True,2000-06-20,2000-06-22,3,34.9,33.8,2000
Budapest,Hungary,1741041,True,2000-08-16,2000-08-20,5,36.4,35.0,2000
Budapest,Hungary,1741041,True,2003-05-05,2003-05-08,4,30.9,30.0,2003
Budapest,Hungary,1741041,True,2003-06-07,2003-06-12,6,32.8,31.5,2003
Budapest,Hungary,1741041,True,2005-05-27,2005-05-29,3,30.4,30.2,2005
Budapest,Hungary,1741041,True,2006-06-25,2006-06-27,3,33.1,32.6,2006
Budapest,Hungary,1741041,True,2007-05-21,2007-05-24,4,30.6,30.4,2007
Budapest,Hungary,1741041,True,2007-07-14,2007-07-21,8,38.4,36.5,2007
Budapest,Hungary,1741041,True,2008-09-03,2008-09-06,4,33.3,31.8,2008
Budapest,Hungary,1741041,True,2011-08-22,2011-08-26,5,34.9,34.0,2011
Budapest,Hungary,1741041,True,2012-04-29,2012-05-02,4,30.6,29.7,2012
Budapest,Hungary,1741041,True,2012-06-16,2012-06-20,5,33.8,32.5,2012
Budapest,Hungary,1741041,True,2012-06-29,2012-07-08,10,35.6,34.5,2012
Budapest,Hungary,1741041,True,2012-08-19,2012-08-24,6,35.5,34.3,2012
Budapest,Hungary,1741041,True,2013-06-17,2013-06-21,5,32.9,32.4,2013
Budapest,Hungary,1741041,True,2013-08-05,2013-08-08,4,36.2,35.0,2013
Budapest,Hungary,1741041,True,2014-06-07,2014-06-11,5,33.2,31.5,2014
Budapest,Hungary,1741041,True,2015-07-04,2015-07-07,4,34.9,34.3,2015
Budapest,Hungary,1741041,True,2015-08-10,2015-08-14,5,35.3,34.5,2015
Budapest,Hungary,1741041,True,2015-08-28,2015-08-31,4,32.9,32.1,2015
Budapest,Hungary,1741041,True,2018-08-19,2018-08-22,4,32.5,32.1,2018
Budapest,Hungary,1741041,True,2019-06-12,2019-06-15,4,32.0,31.6,2019
Budapest,Hungary,1741041,True,2019-08-27,2019-09-01,6,32.5,31.6,2019
Budapest,Hungary,1741041,True,2020-09-12,2020-09-16,5,30.4,29.8,2020
Budapest,Hungary,1741041,True,2021-06-20,2021-06-23,4,36.6,33.6,2021
Budapest,Hungary,1741041,True,2021-07-06,2021-07-08,3,35.4,34.0,2021
Budapest,Hungary,1741041,True,2022-06-26,2022-06-30,5,36.1,34.1,2022
Budapest,Hungary,1741041,True,2022-07-18,2022-07-22,5,37.8,36.4,2022
Budapest,Hungary,1741041,True,2022-08-15,2022-08-18,4,35.6,34.4,2022
Budapest,Hungary,1741041,True,2023-08-19,2023-08-27,9,35.2,33.7,2023
Budapest,Hungary,1741041,True,2023-09-10,2023-09-12,3,30.1,29.9,2023
Budapest,Hungary,1741041,True,2024-06-18,2024-06-20,3,32.4,31.8,2024
Budapest,Hungary,1741041,True,2024-07-08,2024-07-12,5,36.4,34.7,2024
Budapest,Hungary,1741041,True,2024-08-10,2024-08-16,7,35.8,34.3,2024
Budapest,Hungary,1741041,True,2024-08-23,2024-09-03,12,33.2,32.1,2024
Budapest,Hungary,1741041,True,2025-06-03,2025-06-07,5,32.3,31.4,2025
Budapest,Hungary,1741041,True,2025-07-01,2025-07-03,3,36.6,34.1,2025
Budapest,Hungary,1741041,True,2025-08-12,2025-08-15,4,36.6,35.3,2025
Budapest,Hungary,1741041,True,2025-08-26,2025-08-28,3,33.5,32.9,2025
Budapest,Hungary,1741041,True,2025-09-19,2025-09-21,3,30.4,29.6,2025
Warsaw,Poland,1702139,True,1992-08-27,1992-08-30,4,34.9,32.2,1992
Warsaw,Poland,1702139,True,1994-07-24,1994-08-01,9,34.6,33.1,1994
Warsaw,Poland,1702139,True,2005-05-27,2005-05-29,3,31.1,30.4,2005
Warsaw,Poland,1702139,True,2005-07-27,2005-07-29,3,32.2,32.0,2005
Warsaw,Poland,1702139,True,2006-07-04,2006-07-12,9,32.7,31.5,2006
Warsaw,Poland,1702139,True,2007-05-24,2007-05-28,5,29.1,28.7,2007
Warsaw,Poland,1702139,True,2010-08-13,2010-08-15,3,32.1,30.7,2010
Warsaw,Poland,1702139,True,2015-07-03,2015-07-05,3,32.3,31.0,2015
Warsaw,Poland,1702139,True,2015-08-03,2015-08-08,6,34.2,32.5,2015
Warsaw,Poland,1702139,True,2015-08-29,2015-08-31,3,33.1,31.3,2015
Warsaw,Poland,1702139,True,2016-06-23,2016-06-25,3,33.7,32.3,2016
Warsaw,Poland,1702139,True,2018-05-28,2018-05-31,4,30.4,29.5,2018
Warsaw,Poland,1702139,True,2019-06-09,2019-06-14,6,32.7,31.0,2019
Warsaw,Poland,1702139,True,2019-07-27,2019-07-29,3,31.4,31.2,2019
Warsaw,Poland,1702139,True,2019-08-25,2019-08-31,7,32.0,30.1,2019
Warsaw,Poland,1702139,True,2021-06-17,2021-06-21,5,32.8,30.9,2021
Warsaw,Poland,1702139,True,2021-07-06,2021-07-08,3,32.0,31.2,2021
Warsaw,Poland,1702139,True,2022-06-25,2022-06-27,3,32.9,31.5,2022
Warsaw,Poland,1702139,True,2022-07-20,2022-07-22,3,32.2,31.4,2022
Warsaw,Poland,1702139,True,2022-08-24,2022-08-27,4,31.6,30.8,2022
Warsaw,Poland,1702139,True,2023-07-14,2023-07-16,3,33.5,31.9,2023
Warsaw,Poland,1702139,True,2023-08-13,2023-08-17,5,34.1,32.5,2023
Warsaw,Poland,1702139,True,2023-09-10,2023-09-12,3,29.2,28.8,2023
Warsaw,Poland,1702139,True,2024-07-08,2024-07-10,3,33.6,31.6,2024
Warsaw,Poland,1702139,True,2024-08-14,2024-08-17,4,31.6,30.5,2024
Warsaw,Poland,1702139,True,2025-08-12,2025-08-14,3,32.0,31.4,2025
Warsaw,Poland,1702139,True,2025-08-27,2025-08-29,3,32.9,31.0,2025
Vienna,Austria,1691468,True,1981-05-31,1981-06-02,3,31.8,31.1,1981
Vienna,Austria,1691468,True,1982-06-02,1982-06-05,4,30.8,30.0,1982
Vienna,Austria,1691468,True,1992-08-07,1992-08-09,3,35.4,34.7,1992
Vienna,Austria,1691468,True,1992-08-18,1992-08-20,3,35.9,34.1,1992
Vienna,Austria,1691468,True,1992-08-25,1992-08-29,5,35.1,34.1,1992
Vienna,Austria,1691468,True,1994-06-26,1994-06-28,3,32.5,31.9,1994
Vienna,Austria,1691468,True,1994-07-29,1994-07-31,3,34.4,34.1,1994
Vienna,Austria,1691468,True,2000-08-17,2000-08-20,4,35.5,33.6,2000
Vienna,Austria,1691468,True,2002-06-18,2002-06-20,3,31.3,31.0,2002
Vienna,Austria,1691468,True,2003-06-09,2003-06-12,4,33.0,31.6,2003
Vienna,Austria,1691468,True,2005-05-27,2005-05-29,3,31.5,30.7,2005
Vienna,Austria,1691468,True,2007-07-14,2007-07-19,6,37.1,34.8,2007
Vienna,Austria,1691468,True,2010-06-09,2010-06-11,3,31.7,30.8,2010
Vienna,Austria,1691468,True,2012-04-29,2012-05-01,3,29.0,28.6,2012
Vienna,Austria,1691468,True,2012-06-17,2012-06-19,3,32.2,31.2,2012
Vienna,Austria,1691468,True,2012-06-29,2012-07-02,4,34.2,33.9,2012
Vienna,Austria,1691468,True,2013-06-16,2013-06-19,4,32.3,31.4,2013
Vienna,Austria,1691468,True,2013-07-26,2013-07-28,3,36.2,34.3,2013
Vienna,Austria,1691468,True,2013-08-01,2013-08-03,3,35.7,34.4,2013
Vienna,Austria,1691468,True,2013-08-05,2013-08-07,3,38.0,35.6,2013
Vienna,Austria,1691468,True,2014-06-07,2014-06-10,4,32.7,31.3,2014
Vienna,Austria,1691468,True,2015-06-05,2015-06-07,3,29.6,29.5,2015
Vienna,Austria,1691468,True,2015-07-03,2015-07-06,4,35.5,33.7,2015
Vienna,Austria,1691468,True,2015-07-16,2015-07-18,3,36.1,34.6,2015
Vienna,Austria,1691468,True,2015-08-05,2015-08-13,9,35.5,34.7,2015
Vienna,Austria,1691468,True,2015-08-28,2015-08-31,4,34.7,33.8,2015
Vienna,Austria,1691468,True,2017-06-21,2017-06-23,3,32.8,31.7,2017
Vienna,Austria,1691468,True,2019-06-09,2019-06-14,6,34.3,31.2,2019
Vienna,Austria,1691468,True,2021-06-17,2021-06-20,4,32.6,31.7,2021
Vienna,Austria,1691468,True,2022-07-19,2022-07-21,3,34.4,33.8,2022
Vienna,Austria,1691468,True,2023-08-19,2023-08-21,3,34.2,33.6,2023
Vienna,Austria,1691468,True,2023-09-10,2023-09-12,3,29.8,29.6,2023
Vienna,Austria,1691468,True,2024-08-13,2024-08-15,3,33.6,33.0,2024
Vienna,Austria,1691468,True,2024-08-27,2024-09-04,9,32.6,31.9,2024
Vienna,Austria,1691468,True,2025-06-28,2025-07-02,5,37.2,33.2,2025
Vienna,Austria,1691468,True,2025-08-07,2025-08-09,3,33.7,33.4,2025
Vienna,Austria,1691468,True,2025-08-12,2025-08-14,3,35.4,34.8,2025
Barcelona,Spain,1686208,False,1983-07-28,1983-07-30,3,33.4,32.3,1983
Barcelona,Spain,1686208,False,1987-09-16,1987-09-22,7,30.2,29.1,1987
Barcelona,Spain,1686208,False,1990-08-02,1990-08-04,3,32.2,31.6,1990
Barcelona,Spain,1686208,False,1993-08-17,1993-08-20,4,30.5,30.3,1993
Barcelona,Spain,1686208,False,1994-07-01,1994-07-03,3,32.7,31.4,1994
Barcelona,Spain,1686208,False,1998-08-09,1998-08-11,3,31.6,31.3,1998
Barcelona,Spain,1686208,False,2001-05-28,2001-05-30,3,28.9,28.4,2001
Barcelona,Spain,1686208,False,2001-07-29,2001-07-31,3,31.8,31.2,2001
Barcelona,Spain,1686208,False,2003-06-11,2003-06-15,5,30.7,29.6,2003
Barcelona,Spain,1686208,False,2003-06-18,2003-06-24,7,32.5,30.5,2003
Barcelona,Spain,1686208,False,2003-07-10,2003-07-12,3,31.3,31.0,2003
Barcelona,Spain,1686208,False,2003-08-01,2003-08-14,14,34.6,32.8,2003
Barcelona,Spain,1686208,False,2005-06-20,2005-06-22,3,30.4,29.8,2005
Barcelona,Spain,1686208,False,2006-07-22,2006-07-26,5,32.5,31.8,2006
Barcelona,Spain,1686208,False,2006-07-28,2006-07-30,3,31.0,30.9,2006
Barcelona,Spain,1686208,False,2009-08-16,2009-08-19,4,32.8,32.2,2009
Barcelona,Spain,1686208,False,2011-08-19,2011-08-21,3,31.4,30.8,2011
Barcelona,Spain,1686208,False,2012-08-17,2012-08-23,7,32.5,31.4,2012
Barcelona,Spain,1686208,False,2014-06-11,2014-06-13,3,30.9,29.9,2014
Barcelona,Spain,1686208,False,2015-06-28,2015-07-06,9,33.9,31.5,2015
Barcelona,Spain,1686208,False,2016-07-08,2016-07-10,3,31.5,30.9,2016
Barcelona,Spain,1686208,False,2016-09-03,2016-09-05,3,30.3,29.8,2016
Barcelona,Spain,1686208,False,2017-06-12,2017-06-15,4,33.1,31.4,2017
Barcelona,Spain,1686208,False,2017-06-19,2017-06-22,4,31.4,30.6,2017
Barcelona,Spain,1686208,False,2018-07-30,2018-08-06,8,35.3,32.4,2018
Barcelona,Spain,1686208,False,2019-06-25,2019-06-28,4,35.6,31.9,2019
Barcelona,Spain,1686208,False,2019-08-28,2019-08-30,3,30.7,30.4,2019
Barcelona,Spain,1686208,False,2020-08-07,2020-08-09,3,31.7,31.2,2020
Barcelona,Spain,1686208,False,2021-06-09,2021-06-15,7,31.7,29.6,2021
Barcelona,Spain,1686208,False,2021-07-18,2021-07-21,4,32.1,31.5,2021
Barcelona,Spain,1686208,False,2022-06-11,2022-06-17,7,32.9,30.5,2022
Barcelona,Spain,1686208,False,2022-07-30,2022-08-03,5,33.4,32.3,2022
Barcelona,Spain,1686208,False,2022-08-05,2022-08-13,9,36.2,32.5,2022
Barcelona,Spain,1686208,False,2022-08-27,2022-08-29,3,31.0,30.6,2022
Barcelona,Spain,1686208,False,2023-08-19,2023-08-24,6,35.0,33.7,2023
Barcelona,Spain,1686208,False,2024-07-28,2024-08-01,5,37.0,34.1,2024
Barcelona,Spain,1686208,False,2024-08-03,2024-08-05,3,31.8,31.5,2024
Barcelona,Spain,1686208,False,2024-08-07,2024-08-09,3,32.1,31.2,2024
Barcelona,Spain,1686208,False,2024-08-21,2024-08-24,4,30.7,30.2,2024
Barcelona,Spain,1686208,False,2025-06-17,2025-07-05,19,34.6,31.7,2025
Barcelona,Spain,1686208,False,2025-08-09,2025-08-17,9,35.9,33.4,2025
Stockholm,Sweden,1515017,True,1982-08-02,1982-08-04,3,28.9,28.4,1982
Stockholm,Sweden,1515017,True,1994-07-26,1994-07-28,3,29.9,29.3,1994
Stockholm,Sweden,1515017,True,2018-07-13,2018-07-19,7,30.4,29.5,2018
Stockholm,Sweden,1515017,True,2018-07-23,2018-07-26,4,31.3,30.2,2018
Stockholm,Sweden,1515017,True,2018-07-30,2018-08-01,3,29.8,29.0,2018
Stockholm,Sweden,1515017,True,2020-06-23,2020-06-27,5,30.1,29.1,2020
Munich,Germany,1505005,False,1983-07-25,1983-07-27,3,33.9,32.0,1983
Munich,Germany,1505005,False,1992-08-05,1992-08-08,4,33.2,31.4,1992
Munich,Germany,1505005,False,1992-08-17,1992-08-19,3,31.5,30.3,1992
Munich,Germany,1505005,False,1994-06-25,1994-06-27,3,29.8,29.0,1994
Munich,Germany,1505005,False,1994-08-03,1994-08-06,4,31.4,30.1,1994
Munich,Germany,1505005,False,1998-06-04,1998-06-06,3,30.1,29.0,1998
Munich,Germany,1505005,False,1999-07-02,1999-07-04,3,30.7,29.6,1999
Munich,Germany,1505005,False,2002-06-16,2002-06-20,5,30.6,29.6,2002
Munich,Germany,1505005,False,2003-06-09,2003-06-11,3,32.1,30.2,2003
Munich,Germany,1505005,False,2003-08-02,2003-08-13,12,34.8,32.0,2003
Munich,Germany,1505005,False,2006-07-18,2006-07-21,4,31.4,30.4,2006
Munich,Germany,1505005,False,2006-07-24,2006-07-26,3,31.2,30.8,2006
Munich,Germany,1505005,False,2010-07-08,2010-07-11,4,30.7,29.9,2010
Munich,Germany,1505005,False,2011-08-20,2011-08-25,6,31.4,30.0,2011
Munich,Germany,1505005,False,2012-08-18,2012-08-20,3,32.4,31.3,2012
Munich,Germany,1505005,False,2013-06-16,2013-06-19,4,32.0,31.1,2013
Munich,Germany,1505005,False,2013-07-25,2013-07-27,3,34.3,32.8,2013
Munich,Germany,1505005,False,2013-08-04,2013-08-06,3,30.5,30.0,2013
Munich,Germany,1505005,False,2014-06-07,2014-06-09,3,30.4,29.9,2014
Munich,Germany,1505005,False,2015-07-01,2015-07-04,4,32.5,30.3,2015
Munich,Germany,1505005,False,2015-08-05,2015-08-08,4,33.3,32.3,2015
Munich,Germany,1505005,False,2015-08-11,2015-08-13,3,32.7,31.5,2015
Munich,Germany,1505005,False,2015-08-26,2015-08-31,6,31.0,30.0,2015
Munich,Germany,1505005,False,2017-06-19,2017-06-21,3,30.0,29.1,2017
Munich,Germany,1505005,False,2018-07-29,2018-07-31,3,31.8,31.2,2018
Munich,Germany,1505005,False,2018-08-02,2018-08-08,7,32.8,31.2,2018
Munich,Germany,1505005,False,2019-06-24,2019-06-26,3,32.5,30.9,2019
Munich,Germany,1505005,False,2019-06-28,2019-06-30,3,32.9,30.5,2019
Munich,Germany,1505005,False,2019-07-22,2019-07-25,4,33.7,32.2,2019
Munich,Germany,1505005,False,2021-06-16,2021-06-18,3,30.4,30.0,2021
Munich,Germany,1505005,False,2022-06-17,2022-06-19,3,33.4,30.8,2022
Munich,Germany,1505005,False,2022-07-17,2022-07-19,3,35.2,32.1,2022
Munich,Germany,1505005,False,2022-08-02,2022-08-04,3,33.4,31.8,2022
Munich,Germany,1505005,False,2023-06-19,2023-06-21,3,32.0,30.3,2023
Munich,Germany,1505005,False,2023-07-08,2023-07-10,3,33.4,31.4,2023
Munich,Germany,1505005,False,2023-08-18,2023-08-24,7,31.2,30.5,2023
Munich,Germany,1505005,False,2025-06-12,2025-06-14,3,32.0,30.5,2025
Munich,Germany,1505005,False,2025-06-23,2025-06-25,3,32.4,30.7,2025
Munich,Germany,1505005,False,2025-06-28,2025-07-01,4,34.4,32.2,2025
Munich,Germany,1505005,False,2025-08-11,2025-08-14,4,33.3,31.6,2025
Kharkiv,Ukraine,1421125,False,1981-06-20,1981-06-24,5,33.5,33.0,1981
Kharkiv,Ukraine,1421125,False,1991-06-30,1991-07-02,3,33.5,33.1,1991
Kharkiv,Ukraine,1421125,False,1994-09-13,1994-09-15,3,29.6,29.2,1994
Kharkiv,Ukraine,1421125,False,1994-09-17,1994-09-19,3,32.5,30.0,1994
Kharkiv,Ukraine,1421125,False,1995-05-31,1995-06-03,4,31.0,30.5,1995
Kharkiv,Ukraine,1421125,False,1996-07-07,1996-07-11,5,36.2,34.2,1996
Kharkiv,Ukraine,1421125,False,1998-07-31,1998-08-02,3,34.4,34.0,1998
Kharkiv,Ukraine,1421125,False,1999-07-06,1999-07-08,3,34.4,33.7,1999
Kharkiv,Ukraine,1421125,False,2001-07-20,2001-07-26,7,35.6,34.2,2001
Kharkiv,Ukraine,1421125,False,2002-07-04,2002-07-11,8,35.8,33.4,2002
Kharkiv,Ukraine,1421125,False,2002-07-31,2002-08-02,3,33.5,33.4,2002
Kharkiv,Ukraine,1421125,False,2003-05-23,2003-05-25,3,30.5,30.0,2003
Kharkiv,Ukraine,1421125,False,2005-05-21,2005-05-24,4,31.3,30.3,2005
Kharkiv,Ukraine,1421125,False,2005-05-28,2005-05-30,3,32.6,32.0,2005
Kharkiv,Ukraine,1421125,False,2007-05-18,2007-05-31,14,33.3,31.4,2007
Kharkiv,Ukraine,1421125,False,2007-08-17,2007-08-24,8,36.1,34.5,2007
Kharkiv,Ukraine,1421125,False,2008-08-12,2008-08-18,7,35.6,34.1,2008
Kharkiv,Ukraine,1421125,False,2008-09-06,2008-09-08,3,29.8,29.6,2008
Kharkiv,Ukraine,1421125,False,2009-06-23,2009-06-25,3,33.9,32.6,2009
Kharkiv,Ukraine,1421125,False,2009-07-14,2009-07-18,5,35.9,34.5,2009
Kharkiv,Ukraine,1421125,False,2010-06-26,2010-06-28,3,34.0,33.1,2010
Kharkiv,Ukraine,1421125,False,2010-07-15,2010-07-23,9,36.0,34.1,2010
Kharkiv,Ukraine,1421125,False,2010-07-25,2010-07-27,3,36.1,34.9,2010
Kharkiv,Ukraine,1421125,False,2010-07-30,2010-08-17,19,38.2,36.2,2010
Kharkiv,Ukraine,1421125,False,2012-05-10,2012-05-12,3,30.0,29.6,2012
Kharkiv,Ukraine,1421125,False,2012-06-11,2012-06-13,3,33.6,32.4,2012
Kharkiv,Ukraine,1421125,False,2012-08-02,2012-08-07,6,35.2,34.3,2012
Kharkiv,Ukraine,1421125,False,2013-05-14,2013-05-17,4,29.5,29.3,2013
Kharkiv,Ukraine,1421125,False,2013-06-25,2013-06-27,3,32.9,32.6,2013
Kharkiv,Ukraine,1421125,False,2014-05-15,2014-05-18,4,32.2,31.4,2014
Kharkiv,Ukraine,1421125,False,2014-05-22,2014-05-24,3,31.1,30.5,2014
Kharkiv,Ukraine,1421125,False,2014-07-31,2014-08-02,3,34.0,33.6,2014
Kharkiv,Ukraine,1421125,False,2015-07-24,2015-07-26,3,35.5,34.6,2015
Kharkiv,Ukraine,1421125,False,2015-08-09,2015-08-11,3,34.5,33.4,2015
Kharkiv,Ukraine,1421125,False,2016-07-13,2016-07-17,5,37.4,35.8,2016
Kharkiv,Ukraine,1421125,False,2017-06-28,2017-06-30,3,33.4,32.4,2017
Kharkiv,Ukraine,1421125,False,2019-05-29,2019-05-31,3,32.6,31.6,2019
Kharkiv,Ukraine,1421125,False,2019-06-20,2019-06-23,4,33.8,33.3,2019
Kharkiv,Ukraine,1421125,False,2019-08-13,2019-08-15,3,33.4,32.9,2019
Kharkiv,Ukraine,1421125,False,2020-06-09,2020-06-12,4,33.1,32.5,2020
Kharkiv,Ukraine,1421125,False,2020-07-03,2020-07-06,4,34.4,34.1,2020
Kharkiv,Ukraine,1421125,False,2020-08-30,2020-09-02,4,33.0,32.3,2020
Kharkiv,Ukraine,1421125,False,2021-06-23,2021-06-26,4,34.2,33.4,2021
Kharkiv,Ukraine,1421125,False,2022-07-05,2022-07-08,4,33.1,33.0,2022
Kharkiv,Ukraine,1421125,False,2024-07-01,2024-07-04,4,34.6,33.6,2024
Kharkiv,Ukraine,1421125,False,2024-07-08,2024-07-10,3,33.2,32.9,2024
Kharkiv,Ukraine,1421125,False,2024-07-13,2024-07-17,5,35.0,34.1,2024
Kharkiv,Ukraine,1421125,False,2024-08-18,2024-08-21,4,34.6,33.7,2024
Kharkiv,Ukraine,1421125,False,2024-08-28,2024-08-30,3,32.2,31.6,2024
Kharkiv,Ukraine,1421125,False,2024-09-11,2024-09-13,3,30.2,29.2,2024
Kharkiv,Ukraine,1421125,False,2025-06-06,2025-06-08,3,34.2,33.5,2025
Kharkiv,Ukraine,1421125,False,2025-07-06,2025-07-10,5,36.2,34.6,2025
Kharkiv,Ukraine,1421125,False,2025-08-29,2025-08-31,3,32.4,31.8,2025
Milan,Italy,1371498,False,1982-07-09,1982-07-11,3,33.5,33.0,1982
Milan,Italy,1371498,False,1983-07-18,1983-07-20,3,36.4,34.5,1983
Milan,Italy,1371498,False,1983-07-25,1983-07-30,6,37.1,35.6,1983
Milan,Italy,1371498,False,1987-09-16,1987-09-18,3,30.2,29.8,1987
Milan,Italy,1371498,False,1991-06-23,1991-06-25,3,32.0,31.3,1991
Milan,Italy,1371498,False,1991-07-02,1991-07-07,6,34.5,33.4,1991
Milan,Italy,1371498,False,1991-07-10,1991-07-12,3,35.1,33.8,1991
Milan,Italy,1371498,False,1991-08-10,1991-08-12,3,33.0,32.7,1991
Milan,Italy,1371498,False,1991-08-24,1991-08-26,3,32.7,32.2,1991
Milan,Italy,1371498,False,1993-06-06,1993-06-08,3,30.1,29.8,1993
Milan,Italy,1371498,False,1993-08-15,1993-08-22,8,34.1,32.6,1993
Milan,Italy,1371498,False,1994-06-29,1994-07-04,6,32.7,32.1,1994
Milan,Italy,1371498,False,1994-08-02,1994-08-06,5,34.8,33.9,1994
Milan,Italy,1371498,False,1994-08-19,1994-08-22,4,32.4,31.9,1994
Milan,Italy,1371498,False,1996-06-03,1996-06-12,10,34.4,31.7,1996
Milan,Italy,1371498,False,1998-07-20,1998-07-23,4,34.4,33.6,1998
Milan,Italy,1371498,False,1998-08-07,1998-08-15,9,36.7,34.3,1998
Milan,Italy,1371498,False,1999-07-02,1999-07-04,3,33.2,32.8,1999
Milan,Italy,1371498,False,2001-05-27,2001-05-29,3,30.1,29.2,2001
Milan,Italy,1371498,False,2001-06-23,2001-06-26,4,32.5,32.2,2001
Milan,Italy,1371498,False,2001-07-29,2001-08-02,5,34.6,33.8,2001
Milan,Italy,1371498,False,2001-08-23,2001-08-28,6,34.8,33.5,2001
Milan,Italy,1371498,False,2002-06-14,2002-06-19,6,32.0,30.9,2002
Milan,Italy,1371498,False,2002-06-21,2002-06-23,3,32.6,31.8,2002
Milan,Italy,1371498,False,2003-06-04,2003-06-15,12,36.8,33.8,2003
Milan,Italy,1371498,False,2003-06-17,2003-06-26,10,35.6,33.5,2003
Milan,Italy,1371498,False,2003-07-09,2003-07-12,4,35.0,33.5,2003
Milan,Italy,1371498,False,2003-07-17,2003-07-22,6,34.4,33.9,2003
Milan,Italy,1371498,False,2003-08-01,2003-08-16,16,38.4,35.4,2003
Milan,Italy,1371498,False,2003-08-21,2003-08-23,3,33.5,32.4,2003
Milan,Italy,1371498,False,2004-06-07,2004-06-11,5,33.4,31.3,2004
Milan,Italy,1371498,False,2004-07-20,2004-07-22,3,36.2,34.8,2004
Milan,Italy,1371498,False,2005-05-26,2005-05-30,5,31.2,30.3,2005
Milan,Italy,1371498,False,2005-06-17,2005-06-23,7,34.5,32.5,2005
Milan,Italy,1371498,False,2005-06-25,2005-06-27,3,34.3,33.9,2005
Milan,Italy,1371498,False,2005-07-27,2005-07-29,3,33.6,33.3,2005
Milan,Italy,1371498,False,2006-06-12,2006-06-23,12,34.2,32.0,2006
Milan,Italy,1371498,False,2006-07-18,2006-07-26,9,36.4,34.8,2006
Milan,Italy,1371498,False,2007-05-20,2007-05-24,5,31.9,30.6,2007
Milan,Italy,1371498,False,2007-07-14,2007-07-20,7,34.6,33.6,2007
Milan,Italy,1371498,False,2009-05-22,2009-05-25,4,32.9,31.3,2009
Milan,Italy,1371498,False,2009-06-12,2009-06-15,4,31.9,30.6,2009
Milan,Italy,1371498,False,2009-08-16,2009-08-20,5,34.4,33.8,2009
Milan,Italy,1371498,False,2010-07-01,2010-07-03,3,33.3,32.1,2010
Milan,Italy,1371498,False,2010-07-14,2010-07-16,3,34.0,33.7,2010
Milan,Italy,1371498,False,2011-05-20,2011-05-25,6,30.7,29.5,2011
Milan,Italy,1371498,False,2011-08-18,2011-08-25,8,35.3,34.0,2011
Milan,Italy,1371498,False,2012-08-17,2012-08-24,8,35.8,33.7,2012
Milan,Italy,1371498,False,2013-07-24,2013-07-27,4,35.1,33.5,2013
Milan,Italy,1371498,False,2013-08-02,2013-08-05,4,34.0,33.5,2013
Milan,Italy,1371498,False,2014-06-06,2014-06-12,7,34.6,33.0,2014
Milan,Italy,1371498,False,2015-06-03,2015-06-06,4,31.3,30.6,2015
Milan,Italy,1371498,False,2015-07-01,2015-07-06,6,34.2,33.1,2015
Milan,Italy,1371498,False,2015-07-11,2015-07-22,12,35.4,33.8,2015
Milan,Italy,1371498,False,2015-08-05,2015-08-07,3,35.6,35.1,2015
Milan,Italy,1371498,False,2017-05-27,2017-05-30,4,30.8,29.9,2017
Milan,Italy,1371498,False,2017-06-09,2017-06-13,5,31.6,30.5,2017
Milan,Italy,1371498,False,2017-06-19,2017-06-23,5,33.8,33.0,2017
Milan,Italy,1371498,False,2017-07-05,2017-07-07,3,33.1,32.3,2017
Milan,Italy,1371498,False,2017-08-01,2017-08-04,4,34.2,33.8,2017
Milan,Italy,1371498,False,2018-08-20,2018-08-22,3,32.6,31.9,2018
Milan,Italy,1371498,False,2019-06-02,2019-06-04,3,29.6,29.2,2019
Milan,Italy,1371498,False,2019-06-23,2019-07-01,9,37.6,34.1,2019
Milan,Italy,1371498,False,2019-07-20,2019-07-25,6,36.2,34.8,2019
Milan,Italy,1371498,False,2020-07-27,2020-07-31,5,35.2,33.8,2020
Milan,Italy,1371498,False,2020-08-07,2020-08-11,5,34.0,33.1,2020
Milan,Italy,1371498,False,2021-06-11,2021-06-13,3,34.2,32.2,2021
Milan,Italy,1371498,False,2021-06-16,2021-06-20,5,32.6,31.6,2021
Milan,Italy,1371498,False,2021-08-11,2021-08-15,5,34.2,33.4,2021
Milan,Italy,1371498,False,2022-05-19,2022-05-22,4,32.2,30.3,2022
Milan,Italy,1371498,False,2022-06-03,2022-06-05,3,29.8,29.2,2022
Milan,Italy,1371498,False,2022-06-09,2022-06-20,12,34.6,32.6,2022
Milan,Italy,1371498,False,2022-07-01,2022-07-07,7,35.4,33.6,2022
Milan,Italy,1371498,False,2022-07-12,2022-07-25,14,37.7,35.1,2022
Milan,Italy,1371498,False,2022-08-02,2022-08-05,4,36.8,35.7,2022
Milan,Italy,1371498,False,2023-06-20,2023-06-26,7,35.5,33.4,2023
Milan,Italy,1371498,False,2023-07-08,2023-07-10,3,34.6,33.8,2023
Milan,Italy,1371498,False,2023-08-12,2023-08-15,4,32.8,32.6,2023
Milan,Italy,1371498,False,2023-08-17,2023-08-24,8,36.9,35.4,2023
Milan,Italy,1371498,False,2024-08-09,2024-08-16,8,33.8,32.9,2024
Milan,Italy,1371498,False,2024-08-28,2024-08-30,3,32.0,31.9,2024
Milan,Italy,1371498,False,2025-06-07,2025-06-15,9,35.4,32.4,2025
Milan,Italy,1371498,False,2025-06-17,2025-06-19,3,33.8,32.8,2025
Milan,Italy,1371498,False,2025-06-22,2025-07-03,12,36.2,34.7,2025
Milan,Italy,1371498,False,2025-08-07,2025-08-16,10,35.9,34.1,2025
Belgrade,Serbia,1273651,True,1983-05-14,1983-05-16,3,31.5,30.6,1983
Belgrade,Serbia,1273651,True,1985-07-28,1985-07-30,3,37.2,36.9,1985
Belgrade,Serbia,1273651,True,1985-08-23,1985-08-25,3,34.4,34.1,1985
Belgrade,Serbia,1273651,True,1986-09-15,1986-09-17,3,32.2,31.8,1986
Belgrade,Serbia,1273651,True,1987-09-12,1987-09-14,3,33.8,33.1,1987
Belgrade,Serbia,1273651,True,1988-08-11,1988-08-15,5,35.7,35.2,1988
Belgrade,Serbia,1273651,True,1992-08-18,1992-08-21,4,36.8,35.6,1992
Belgrade,Serbia,1273651,True,1992-08-25,1992-08-29,5,35.6,34.8,1992
Belgrade,Serbia,1273651,True,1996-06-07,1996-06-10,4,32.8,32.0,1996
Belgrade,Serbia,1273651,True,1998-06-04,1998-06-07,4,32.6,32.1,1998
Belgrade,Serbia,1273651,True,1998-08-01,1998-08-03,3,37.4,36.7,1998
Belgrade,Serbia,1273651,True,2000-06-11,2000-06-14,4,36.0,34.2,2000
Belgrade,Serbia,1273651,True,2000-07-02,2000-07-04,3,40.8,37.7,2000
Belgrade,Serbia,1273651,True,2000-08-17,2000-08-22,6,39.6,37.2,2000
Belgrade,Serbia,1273651,True,2002-06-21,2002-06-23,3,36.1,34.4,2002
Belgrade,Serbia,1273651,True,2003-04-29,2003-05-02,4,30.8,30.0,2003
Belgrade,Serbia,1273651,True,2003-05-05,2003-05-12,8,32.8,31.3,2003
Belgrade,Serbia,1273651,True,2003-06-05,2003-06-14,10,34.8,33.0,2003
Belgrade,Serbia,1273651,True,2007-07-15,2007-07-23,9,41.6,38.0,2007
Belgrade,Serbia,1273651,True,2007-08-21,2007-08-24,4,37.5,35.8,2007
Belgrade,Serbia,1273651,True,2008-08-12,2008-08-14,3,37.4,36.2,2008
Belgrade,Serbia,1273651,True,2010-06-10,2010-06-13,4,34.2,33.3,2010
Belgrade,Serbia,1273651,True,2011-07-08,2011-07-10,3,35.9,35.1,2011
Belgrade,Serbia,1273651,True,2011-08-23,2011-08-25,3,37.2,35.8,2011
Belgrade,Serbia,1273651,True,2012-06-18,2012-06-21,4,35.1,33.8,2012
Belgrade,Serbia,1273651,True,2012-06-29,2012-07-05,7,36.0,35.1,2012
Belgrade,Serbia,1273651,True,2012-08-20,2012-08-25,6,37.8,36.4,2012
Belgrade,Serbia,1273651,True,2012-09-28,2012-10-01,4,31.9,31.3,2012
Belgrade,Serbia,1273651,True,2013-04-28,2013-05-01,4,30.8,29.5,2013
Belgrade,Serbia,1273651,True,2013-06-17,2013-06-21,5,34.0,33.3,2013
Belgrade,Serbia,1273651,True,2013-08-06,2013-08-08,3,36.9,36.4,2013
Belgrade,Serbia,1273651,True,2015-08-27,2015-09-01,6,36.2,34.5,2015
Belgrade,Serbia,1273651,True,2017-06-27,2017-06-29,3,34.8,34.3,2017
Belgrade,Serbia,1273651,True,2017-08-01,2017-08-05,5,37.2,36.7,2017
Belgrade,Serbia,1273651,True,2017-08-08,2017-08-10,3,36.7,36.1,2017
Belgrade,Serbia,1273651,True,2021-06-21,2021-06-24,4,37.0,35.1,2021
Belgrade,Serbia,1273651,True,2021-07-06,2021-07-08,3,35.9,35.1,2021
Belgrade,Serbia,1273651,True,2023-08-25,2023-08-27,3,34.6,34.2,2023
Belgrade,Serbia,1273651,True,2024-06-07,2024-06-09,3,31.4,31.2,2024
Belgrade,Serbia,1273651,True,2024-06-18,2024-06-21,4,36.6,34.9,2024
Belgrade,Serbia,1273651,True,2024-07-09,2024-07-15,7,38.2,36.1,2024
Belgrade,Serbia,1273651,True,2024-08-11,2024-08-15,5,37.0,36.2,2024
Belgrade,Serbia,1273651,True,2024-08-23,2024-08-25,3,34.6,34.3,2024
Belgrade,Serbia,1273651,True,2024-08-30,2024-09-04,6,34.3,33.5,2024
Belgrade,Serbia,1273651,True,2025-06-01,2025-06-07,7,34.6,33.1,2025
Belgrade,Serbia,1273651,True,2025-06-22,2025-06-26,5,38.7,35.4,2025
Belgrade,Serbia,1273651,True,2025-07-23,2025-07-25,3,39.2,37.5,2025
Prague,Czechia,1165581,True,1982-06-01,1982-06-05,5,31.1,30.1,1982
Prague,Czechia,1165581,True,1990-08-28,1990-08-30,3,30.9,30.5,1990
Prague,Czechia,1165581,True,1992-08-06,1992-08-09,4,35.1,33.4,1992
Prague,Czechia,1165581,True,1994-06-25,1994-06-28,4,33.6,32.2,1994
Prague,Czechia,1165581,True,1994-07-24,1994-07-31,8,36.1,34.0,1994
Prague,Czechia,1165581,True,1994-08-03,1994-08-05,3,33.1,31.9,1994
Prague,Czechia,1165581,True,1998-06-04,1998-06-06,3,33.2,31.6,1998
Prague,Czechia,1165581,True,2000-06-19,2000-06-21,3,33.2,32.5,2000
Prague,Czechia,1165581,True,2002-06-17,2002-06-19,3,31.7,30.7,2002
Prague,Czechia,1165581,True,2003-06-09,2003-06-11,3,32.2,30.5,2003
Prague,Czechia,1165581,True,2003-08-07,2003-08-09,3,32.6,31.9,2003
Prague,Czechia,1165581,True,2003-08-11,2003-08-13,3,36.9,33.9,2003
Prague,Czechia,1165581,True,2003-09-18,2003-09-21,4,30.7,29.8,2003
Prague,Czechia,1165581,True,2005-05-27,2005-05-29,3,30.7,29.9,2005
Prague,Czechia,1165581,True,2006-07-18,2006-07-22,5,34.5,33.3,2006
Prague,Czechia,1165581,True,2006-07-24,2006-07-27,4,34.1,32.7,2006
Prague,Czechia,1165581,True,2007-07-14,2007-07-16,3,33.9,33.1,2007
Prague,Czechia,1165581,True,2010-07-09,2010-07-11,3,33.2,32.3,2010
Prague,Czechia,1165581,True,2012-06-28,2012-06-30,3,31.7,31.1,2012
Prague,Czechia,1165581,True,2012-08-18,2012-08-20,3,36.8,33.8,2012
Prague,Czechia,1165581,True,2013-06-17,2013-06-19,3,32.3,31.8,2013
Prague,Czechia,1165581,True,2014-06-07,2014-06-10,4,32.1,31.3,2014
Prague,Czechia,1165581,True,2015-07-02,2015-07-04,3,35.3,33.9,2015
Prague,Czechia,1165581,True,2015-07-16,2015-07-18,3,33.8,33.0,2015
Prague,Czechia,1165581,True,2015-08-05,2015-08-13,9,36.7,35.0,2015
Prague,Czechia,1165581,True,2015-08-29,2015-08-31,3,32.7,31.9,2015
Prague,Czechia,1165581,True,2016-06-22,2016-06-24,3,31.6,30.7,2016
Prague,Czechia,1165581,True,2016-09-09,2016-09-14,6,30.9,29.5,2016
Prague,Czechia,1165581,True,2017-06-18,2017-06-21,4,33.9,31.8,2017
Prague,Czechia,1165581,True,2018-05-27,2018-05-30,4,30.2,28.9,2018
Prague,Czechia,1165581,True,2018-07-24,2018-07-27,4,32.8,31.7,2018
Prague,Czechia,1165581,True,2018-07-29,2018-08-03,6,34.9,33.9,2018
Prague,Czechia,1165581,True,2018-08-06,2018-08-08,3,35.7,34.1,2018
Prague,Czechia,1165581,True,2019-06-01,2019-06-04,4,30.8,29.8,2019
Prague,Czechia,1165581,True,2019-06-09,2019-06-11,3,32.9,31.5,2019
Prague,Czechia,1165581,True,2019-06-24,2019-06-26,3,38.0,33.6,2019
Prague,Czechia,1165581,True,2019-06-28,2019-06-30,3,37.0,33.6,2019
Prague,Czechia,1165581,True,2019-07-22,2019-07-25,4,35.3,33.8,2019
Prague,Czechia,1165581,True,2019-08-28,2019-08-31,4,31.6,30.8,2019
Prague,Czechia,1165581,True,2020-09-13,2020-09-15,3,30.2,29.2,2020
Prague,Czechia,1165581,True,2021-06-16,2021-06-20,5,32.9,32.1,2021
Prague,Czechia,1165581,True,2022-06-17,2022-06-19,3,36.3,33.4,2022
Prague,Czechia,1165581,True,2022-07-18,2022-07-21,4,34.7,32.6,2022
Prague,Czechia,1165581,True,2022-08-02,2022-08-04,3,33.2,32.5,2022
Prague,Czechia,1165581,True,2023-06-18,2023-06-21,4,32.2,31.1,2023
Prague,Czechia,1165581,True,2023-07-07,2023-07-11,5,34.7,33.0,2023
Prague,Czechia,1165581,True,2023-09-08,2023-09-11,4,30.3,29.4,2023
Prague,Czechia,1165581,True,2024-08-12,2024-08-15,4,33.7,32.5,2024
Prague,Czechia,1165581,True,2024-08-27,2024-08-29,3,32.2,31.6,2024
Prague,Czechia,1165581,True,2024-09-02,2024-09-07,6,33.2,31.4,2024
Prague,Czechia,1165581,True,2025-08-12,2025-08-14,3,36.4,35.1,2025
Birmingham,United Kingdom,1157603,False,1995-07-30,1995-08-02,4,30.0,29.4,1995
Birmingham,United Kingdom,1157603,False,2020-08-09,2020-08-11,3,30.9,29.5,2020
Birmingham,United Kingdom,1157603,False,2022-07-16,2022-07-18,3,37.4,33.6,2022
Birmingham,United Kingdom,1157603,False,2022-08-09,2022-08-13,5,31.2,30.4,2022
Birmingham,United Kingdom,1157603,False,2025-06-18,2025-06-20,3,29.4,28.9,2025
Birmingham,United Kingdom,1157603,False,2025-07-09,2025-07-11,3,32.8,30.5,2025
Copenhagen,Denmark,1153615,True,1994-07-25,1994-07-27,3,29.5,28.9,1994
Copenhagen,Denmark,1153615,True,2010-07-09,2010-07-11,3,29.1,28.8,2010
Copenhagen,Denmark,1153615,True,2018-07-24,2018-07-26,3,28.3,28.2,2018
Sofia,Bulgaria,1152556,True,1986-09-15,1986-09-17,3,30.4,30.0,1986
Sofia,Bulgaria,1152556,True,1987-06-13,1987-06-15,3,32.0,31.3,1987
Sofia,Bulgaria,1152556,True,1987-07-18,1987-07-25,8,36.4,34.7,1987
Sofia,Bulgaria,1152556,True,1988-07-04,1988-07-06,3,36.6,34.3,1988
Sofia,Bulgaria,1152556,True,1993-08-22,1993-08-25,4,35.2,33.2,1993
Sofia,Bulgaria,1152556,True,1994-05-22,1994-05-24,3,30.5,29.2,1994
Sofia,Bulgaria,1152556,True,1994-09-11,1994-09-14,4,33.3,31.3,1994
Sofia,Bulgaria,1152556,True,1997-07-03,1997-07-05,3,34.1,33.1,1997
Sofia,Bulgaria,1152556,True,1998-08-02,1998-08-04,3,33.4,33.1,1998
Sofia,Bulgaria,1152556,True,1999-08-17,1999-08-20,4,35.0,33.6,1999
Sofia,Bulgaria,1152556,True,1999-09-25,1999-09-27,3,29.5,29.2,1999
Sofia,Bulgaria,1152556,True,2000-07-02,2000-07-04,3,36.8,34.9,2000
Sofia,Bulgaria,1152556,True,2000-08-19,2000-08-22,4,34.5,32.9,2000
Sofia,Bulgaria,1152556,True,2003-04-30,2003-05-02,3,29.6,29.3,2003
Sofia,Bulgaria,1152556,True,2007-06-24,2007-06-26,3,34.3,33.5,2007
Sofia,Bulgaria,1152556,True,2007-07-21,2007-07-23,3,37.4,35.5,2007
Sofia,Bulgaria,1152556,True,2007-08-21,2007-08-24,4,33.2,32.5,2007
Sofia,Bulgaria,1152556,True,2008-09-05,2008-09-07,3,31.1,30.9,2008
Sofia,Bulgaria,1152556,True,2010-06-11,2010-06-13,3,31.7,31.3,2010
Sofia,Bulgaria,1152556,True,2011-09-11,2011-09-14,4,30.7,30.2,2011
Sofia,Bulgaria,1152556,True,2012-08-04,2012-08-06,3,34.3,33.5,2012
Sofia,Bulgaria,1152556,True,2012-08-20,2012-08-25,6,35.2,33.9,2012
Sofia,Bulgaria,1152556,True,2012-09-26,2012-10-01,6,30.4,29.4,2012
Sofia,Bulgaria,1152556,True,2015-08-31,2015-09-04,5,32.1,31.6,2015
Sofia,Bulgaria,1152556,True,2017-06-28,2017-06-30,3,36.8,35.1,2017
Sofia,Bulgaria,1152556,True,2017-08-03,2017-08-06,4,33.9,33.8,2017
Sofia,Bulgaria,1152556,True,2019-08-09,2019-08-13,5,33.4,33.0,2019
Sofia,Bulgaria,1152556,True,2021-07-26,2021-08-01,7,37.5,35.2,2021
Sofia,Bulgaria,1152556,True,2021-08-07,2021-08-09,3,34.0,33.5,2021
Sofia,Bulgaria,1152556,True,2023-07-16,2023-07-18,3,33.4,33.3,2023
Sofia,Bulgaria,1152556,True,2023-07-23,2023-07-25,3,38.0,35.4,2023
Sofia,Bulgaria,1152556,True,2023-08-02,2023-08-04,3,35.7,34.9,2023
Sofia,Bulgaria,1152556,True,2023-08-19,2023-08-22,4,32.9,32.5,2023
Sofia,Bulgaria,1152556,True,2023-08-24,2023-08-27,4,33.8,33.0,2023
Sofia,Bulgaria,1152556,True,2024-06-08,2024-06-10,3,32.7,31.6,2024
Sofia,Bulgaria,1152556,True,2024-06-17,2024-06-23,7,33.6,32.5,2024
Sofia,Bulgaria,1152556,True,2024-07-07,2024-07-20,14,36.1,34.1,2024
Sofia,Bulgaria,1152556,True,2024-08-10,2024-08-18,9,35.8,33.8,2024
Sofia,Bulgaria,1152556,True,2025-06-23,2025-06-26,4,34.7,33.2,2025
Sofia,Bulgaria,1152556,True,2025-07-02,2025-07-07,6,35.2,34.1,2025
Sofia,Bulgaria,1152556,True,2025-07-20,2025-07-26,7,37.7,35.1,2025
Sofia,Bulgaria,1152556,True,2025-08-08,2025-08-11,4,35.1,33.6,2025
Oslo,Norway,1082575,True,1982-07-30,1982-08-06,8,32.6,31.0,1982
Oslo,Norway,1082575,True,1983-07-08,1983-07-11,4,30.1,29.4,1983
Oslo,Norway,1082575,True,1986-06-28,1986-07-01,4,31.2,29.7,1986
Oslo,Norway,1082575,True,1991-07-04,1991-07-07,4,30.8,30.2,1991
Oslo,Norway,1082575,True,1994-07-06,1994-07-08,3,30.5,30.0,1994
Oslo,Norway,1082575,True,2007-06-07,2007-06-10,4,29.0,28.6,2007
Oslo,Norway,1082575,True,2008-06-05,2008-06-07,3,30.0,29.3,2008
Oslo,Norway,1082575,True,2008-07-25,2008-07-28,4,31.2,30.2,2008
Oslo,Norway,1082575,True,2009-06-30,2009-07-02,3,31.3,30.2,2009
Oslo,Norway,1082575,True,2014-07-21,2014-07-25,5,31.8,30.4,2014
Oslo,Norway,1082575,True,2018-05-29,2018-06-02,5,30.3,28.9,2018
Oslo,Norway,1082575,True,2023-06-13,2023-06-16,4,30.5,29.7,2023
Cologne,Germany,1024621,False,1990-08-01,1990-08-03,3,34.9,33.1,1990
Cologne,Germany,1024621,False,1992-08-06,1992-08-08,3,33.8,32.3,1992
Cologne,Germany,1024621,False,1994-08-02,1994-08-04,3,33.5,32.0,1994
Cologne,Germany,1024621,False,1995-07-08,1995-07-10,3,32.2,31.5,1995
Cologne,Germany,1024621,False,1996-06-05,1996-06-07,3,29.9,28.9,1996
Cologne,Germany,1024621,False,2001-08-23,2001-08-25,3,32.9,31.0,2001
Cologne,Germany,1024621,False,2003-08-03,2003-08-12,10,37.0,33.1,2003
Cologne,Germany,1024621,False,2006-07-17,2006-07-21,5,34.3,31.8,2006
Cologne,Germany,1024621,False,2006-07-24,2006-07-26,3,33.6,32.1,2006
Cologne,Germany,1024621,False,2010-06-30,2010-07-02,3,33.1,31.9,2010
Cologne,Germany,1024621,False,2010-07-07,2010-07-11,5,34.1,32.5,2010
Cologne,Germany,1024621,False,2012-08-17,2012-08-19,3,34.7,31.8,2012
Cologne,Germany,1024621,False,2015-06-30,2015-07-04,5,34.6,32.6,2015
Cologne,Germany,1024621,False,2016-08-23,2016-08-27,5,32.3,30.6,2016
Cologne,Germany,1024621,False,2016-09-11,2016-09-14,4,31.1,30.0,2016
Cologne,Germany,1024621,False,2017-06-18,2017-06-21,4,34.2,30.9,2017
Cologne,Germany,1024621,False,2018-07-23,2018-07-26,4,34.6,33.4,2018
Cologne,Germany,1024621,False,2018-08-01,2018-08-03,3,34.2,33.1,2018
Cologne,Germany,1024621,False,2019-06-22,2019-06-25,4,35.8,31.9,2019
Cologne,Germany,1024621,False,2019-07-22,2019-07-25,4,38.8,36.6,2019
Cologne,Germany,1024621,False,2019-08-23,2019-08-27,5,32.1,30.5,2019
Cologne,Germany,1024621,False,2020-08-05,2020-08-12,8,35.8,33.3,2020
Cologne,Germany,1024621,False,2020-09-13,2020-09-15,3,32.6,30.4,2020
Cologne,Germany,1024621,False,2021-06-15,2021-06-18,4,34.6,32.2,2021
Cologne,Germany,1024621,False,2022-07-17,2022-07-19,3,36.4,33.2,2022
Cologne,Germany,1024621,False,2022-08-01,2022-08-03,3,35.0,32.8,2022
Cologne,Germany,1024621,False,2022-08-09,2022-08-13,5,32.8,31.7,2022
Cologne,Germany,1024621,False,2022-08-22,2022-08-24,3,32.9,31.9,2022
Cologne,Germany,1024621,False,2023-06-08,2023-06-11,4,29.0,28.5,2023
Cologne,Germany,1024621,False,2023-09-05,2023-09-10,6,30.2,29.3,2023
Cologne,Germany,1024621,False,2025-06-29,2025-07-01,3,38.2,35.3,2025
Cologne,Germany,1024621,False,2025-08-11,2025-08-14,4,34.6,32.5,2025
Brussels,Belgium,1019022,True,1990-08-01,1990-08-03,3,33.8,32.3,1990
Brussels,Belgium,1019022,True,1995-07-30,1995-08-01,3,31.7,30.4,1995
Brussels,Belgium,1019022,True,1997-08-09,1997-08-12,4,29.9,29.4,1997
Brussels,Belgium,1019022,True,2001-08-23,2001-08-25,3,31.1,30.0,2001
Brussels,Belgium,1019022,True,2003-08-04,2003-08-11,8,33.9,32.0,2003
Brussels,Belgium,1019022,True,2006-07-24,2006-07-26,3,32.2,30.9,2006
Brussels,Belgium,1019022,True,2015-06-30,2015-07-03,4,33.3,31.7,2015
Brussels,Belgium,1019022,True,2016-08-23,2016-08-26,4,31.5,30.4,2016
Brussels,Belgium,1019022,True,2017-06-18,2017-06-21,4,32.0,30.7,2017
Brussels,Belgium,1019022,True,2018-07-24,2018-07-26,3,34.6,33.3,2018
Brussels,Belgium,1019022,True,2018-08-01,2018-08-03,3,32.0,30.7,2018
Brussels,Belgium,1019022,True,2019-07-22,2019-07-25,4,38.4,35.0,2019
Brussels,Belgium,1019022,True,2019-08-23,2019-08-27,5,32.2,29.9,2019
Brussels,Belgium,1019022,True,2020-08-05,2020-08-12,8,34.4,32.3,2020
Brussels,Belgium,1019022,True,2022-08-09,2022-08-13,5,31.9,31.1,2022
Brussels,Belgium,1019022,True,2023-06-08,2023-06-11,4,29.7,29.2,2023
Brussels,Belgium,1019022,True,2023-09-04,2023-09-09,6,31.0,29.5,2023
Brussels,Belgium,1019022,True,2025-06-11,2025-06-13,3,32.6,30.5,2025
Brussels,Belgium,1019022,True,2025-06-29,2025-07-01,3,36.2,34.0,2025
Brussels,Belgium,1019022,True,2025-08-10,2025-08-13,4,33.6,31.4,2025
Odesa,Ukraine,1010537,False,1996-08-01,1996-08-03,3,32.4,32.1,1996
Odesa,Ukraine,1010537,False,1998-07-23,1998-07-25,3,32.7,32.3,1998
Odesa,Ukraine,1010537,False,1998-07-31,1998-08-04,5,35.9,34.3,1998
Odesa,Ukraine,1010537,False,1999-06-07,1999-06-13,7,30.6,29.6,1999
Odesa,Ukraine,1010537,False,1999-07-07,1999-07-09,3,32.3,31.9,1999
Odesa,Ukraine,1010537,False,1999-07-24,1999-07-27,4,33.5,32.5,1999
Odesa,Ukraine,1010537,False,2000-06-04,2000-06-06,3,29.6,29.0,2000
Odesa,Ukraine,1010537,False,2000-08-18,2000-08-22,5,33.4,32.1,2000
Odesa,Ukraine,1010537,False,2001-07-14,2001-07-18,5,34.6,32.9,2001
Odesa,Ukraine,1010537,False,2002-07-06,2002-07-14,9,35.0,33.1,2002
Odesa,Ukraine,1010537,False,2005-05-27,2005-05-29,3,28.8,28.4,2005
Odesa,Ukraine,1010537,False,2005-07-31,2005-08-02,3,31.8,31.8,2005
Odesa,Ukraine,1010537,False,2006-06-25,2006-06-28,4,30.7,30.4,2006
Odesa,Ukraine,1010537,False,2006-08-18,2006-08-20,3,32.4,32.0,2006
Odesa,Ukraine,1010537,False,2007-05-22,2007-05-24,3,32.0,30.4,2007
Odesa,Ukraine,1010537,False,2007-07-19,2007-07-22,4,35.3,33.5,2007
Odesa,Ukraine,1010537,False,2007-08-21,2007-08-24,4,35.0,34.1,2007
Odesa,Ukraine,1010537,False,2008-08-12,2008-08-17,6,34.9,32.6,2008
Odesa,Ukraine,1010537,False,2008-08-20,2008-08-23,4,32.2,31.1,2008
Odesa,Ukraine,1010537,False,2009-07-15,2009-07-17,3,33.7,33.2,2009
Odesa,Ukraine,1010537,False,2009-07-22,2009-07-24,3,31.5,31.4,2009
Odesa,Ukraine,1010537,False,2010-07-18,2010-07-21,4,31.7,31.5,2010
Odesa,Ukraine,1010537,False,2010-07-30,2010-08-16,18,36.5,33.7,2010
Odesa,Ukraine,1010537,False,2012-06-19,2012-06-22,4,32.2,30.9,2012
Odesa,Ukraine,1010537,False,2012-07-21,2012-07-29,9,34.4,33.4,2012
Odesa,Ukraine,1010537,False,2012-08-02,2012-08-07,6,34.7,33.1,2012
Odesa,Ukraine,1010537,False,2012-08-24,2012-08-26,3,32.7,32.3,2012
Odesa,Ukraine,1010537,False,2013-06-26,2013-06-28,3,31.0,30.6,2013
Odesa,Ukraine,1010537,False,2014-06-05,2014-06-08,4,30.2,29.5,2014
Odesa,Ukraine,1010537,False,2014-08-01,2014-08-03,3,34.2,33.4,2014
Odesa,Ukraine,1010537,False,2014-08-11,2014-08-15,5,33.0,31.7,2014
Odesa,Ukraine,1010537,False,2015-08-03,2015-08-05,3,33.2,32.7,2015
Odesa,Ukraine,1010537,False,2015-09-02,2015-09-04,3,30.3,29.4,2015
Odesa,Ukraine,1010537,False,2016-06-20,2016-06-22,3,31.7,31.1,2016
Odesa,Ukraine,1010537,False,2016-08-20,2016-08-22,3,33.2,32.6,2016
Odesa,Ukraine,1010537,False,2017-08-01,2017-08-06,6,35.8,34.4,2017
Odesa,Ukraine,1010537,False,2017-08-09,2017-08-12,4,32.2,31.9,2017
Odesa,Ukraine,1010537,False,2018-08-14,2018-08-17,4,32.8,32.0,2018
Odesa,Ukraine,1010537,False,2018-08-27,2018-09-02,7,33.3,31.7,2018
Odesa,Ukraine,1010537,False,2019-06-09,2019-06-15,7,31.6,30.4,2019
Odesa,Ukraine,1010537,False,2019-06-17,2019-06-22,6,31.9,31.0,2019
Odesa,Ukraine,1010537,False,2019-08-20,2019-08-24,5,33.3,32.1,2019
Odesa,Ukraine,1010537,False,2020-07-03,2020-07-06,4,34.2,33.5,2020
Odesa,Ukraine,1010537,False,2020-08-05,2020-08-07,3,34.1,32.9,2020
Odesa,Ukraine,1010537,False,2020-08-31,2020-09-02,3,30.4,29.8,2020
Odesa,Ukraine,1010537,False,2021-06-23,2021-06-25,3,31.8,31.2,2021
Odesa,Ukraine,1010537,False,2022-08-06,2022-08-08,3,32.8,32.6,2022
Odesa,Ukraine,1010537,False,2022-08-28,2022-08-30,3,30.8,30.5,2022
Odesa,Ukraine,1010537,False,2023-07-04,2023-07-06,3,33.5,32.6,2023
Odesa,Ukraine,1010537,False,2023-08-18,2023-08-22,5,35.2,33.2,2023
Odesa,Ukraine,1010537,False,2023-08-26,2023-08-28,3,35.6,33.2,2023
Odesa,Ukraine,1010537,False,2024-07-07,2024-07-19,13,37.3,34.9,2024
Odesa,Ukraine,1010537,False,2024-08-23,2024-08-26,4,32.3,31.5,2024
Odesa,Ukraine,1010537,False,2025-06-01,2025-06-03,3,28.7,28.5,2025
Odesa,Ukraine,1010537,False,2025-07-20,2025-07-22,3,33.3,32.7,2025
Odesa,Ukraine,1010537,False,2025-07-24,2025-07-26,3,36.0,33.4,2025
Odesa,Ukraine,1010537,False,2025-08-02,2025-08-05,4,33.3,32.4,2025
Dnipro,Ukraine,968502,False,1981-06-21,1981-06-24,4,33.8,33.4,1981
Dnipro,Ukraine,968502,False,1996-07-06,1996-07-11,6,36.5,35.3,1996
Dnipro,Ukraine,968502,False,1998-07-31,1998-08-02,3,36.9,36.5,1998
Dnipro,Ukraine,968502,False,1999-07-06,1999-07-09,4,34.0,33.6,1999
Dnipro,Ukraine,968502,False,2001-07-20,2001-07-25,6,36.1,35.3,2001
Dnipro,Ukraine,968502,False,2002-07-06,2002-07-13,8,36.6,34.8,2002
Dnipro,Ukraine,968502,False,2003-05-12,2003-05-14,3,30.8,29.8,2003
Dnipro,Ukraine,968502,False,2003-05-22,2003-05-26,5,32.0,31.0,2003
Dnipro,Ukraine,968502,False,2005-05-21,2005-05-24,4,31.5,30.5,2005
Dnipro,Ukraine,968502,False,2005-05-28,2005-05-30,3,32.2,31.5,2005
Dnipro,Ukraine,968502,False,2007-05-18,2007-05-27,10,34.8,32.2,2007
Dnipro,Ukraine,968502,False,2007-08-17,2007-08-24,8,37.0,35.5,2007
Dnipro,Ukraine,968502,False,2008-08-13,2008-08-17,5,36.2,35.7,2008
Dnipro,Ukraine,968502,False,2009-07-16,2009-07-18,3,36.0,34.8,2009
Dnipro,Ukraine,968502,False,2010-07-30,2010-08-16,18,38.5,36.8,2010
Dnipro,Ukraine,968502,False,2012-05-09,2012-05-12,4,31.7,30.7,2012
Dnipro,Ukraine,968502,False,2012-06-11,2012-06-13,3,33.9,33.3,2012
Dnipro,Ukraine,968502,False,2012-08-02,2012-08-07,6,35.7,35.0,2012
Dnipro,Ukraine,968502,False,2014-05-23,2014-05-25,3,30.7,30.4,2014
Dnipro,Ukraine,968502,False,2014-08-12,2014-08-14,3,36.6,35.1,2014
Dnipro,Ukraine,968502,False,2015-08-09,2015-08-11,3,35.2,34.6,2015
Dnipro,Ukraine,968502,False,2015-09-01,2015-09-05,5,34.1,33.0,2015
Dnipro,Ukraine,968502,False,2016-07-13,2016-07-17,5,37.9,35.9,2016
Dnipro,Ukraine,968502,False,2016-08-20,2016-08-22,3,35.7,34.6,2016
Dnipro,Ukraine,968502,False,2017-08-03,2017-08-06,4,35.8,34.9,2017
Dnipro,Ukraine,968502,False,2017-08-11,2017-08-13,3,35.4,34.7,2017
Dnipro,Ukraine,968502,False,2017-09-19,2017-09-21,3,33.4,32.1,2017
Dnipro,Ukraine,968502,False,2018-05-03,2018-05-05,3,30.4,29.5,2018
Dnipro,Ukraine,968502,False,2018-08-29,2018-08-31,3,33.2,33.0,2018
Dnipro,Ukraine,968502,False,2020-07-02,2020-07-06,5,36.1,35.4,2020
Dnipro,Ukraine,968502,False,2020-08-30,2020-09-02,4,34.5,33.7,2020
Dnipro,Ukraine,968502,False,2022-07-05,2022-07-07,3,33.5,33.2,2022
Dnipro,Ukraine,968502,False,2024-07-01,2024-07-03,3,34.4,34.0,2024
Dnipro,Ukraine,968502,False,2024-07-07,2024-07-10,4,35.0,34.4,2024
Dnipro,Ukraine,968502,False,2024-07-13,2024-07-17,5,36.2,35.5,2024
Dnipro,Ukraine,968502,False,2024-08-19,2024-08-21,3,34.0,33.6,2024
Dnipro,Ukraine,968502,False,2025-06-06,2025-06-08,3,36.1,35.0,2025
Dnipro,Ukraine,968502,False,2025-07-07,2025-07-10,4,37.0,35.6,2025
Naples,Italy,909048,False,1981-08-02,1981-08-04,3,36.1,34.6,1981
Naples,Italy,909048,False,1982-06-23,1982-06-25,3,32.7,31.6,1982
Naples,Italy,909048,False,1982-09-01,1982-09-04,4,33.1,32.6,1982
Naples,Italy,909048,False,1983-07-25,1983-07-27,3,35.3,34.2,1983
Naples,Italy,909048,False,1987-09-15,1987-09-18,4,33.0,31.9,1987
Naples,Italy,909048,False,1992-08-05,1992-08-07,3,33.9,33.5,1992
Naples,Italy,909048,False,1993-06-07,1993-06-09,3,29.6,29.3,1993
Naples,Italy,909048,False,1993-07-02,1993-07-04,3,34.1,32.8,1993
Naples,Italy,909048,False,1994-06-29,1994-07-01,3,32.6,31.4,1994
Naples,Italy,909048,False,1994-08-03,1994-08-05,3,33.8,33.4,1994
Naples,Italy,909048,False,1997-06-16,1997-06-18,3,31.6,31.0,1997
Naples,Italy,909048,False,1998-06-03,1998-06-05,3,31.4,30.6,1998
Naples,Italy,909048,False,2000-08-20,2000-08-22,3,32.7,32.6,2000
Naples,Italy,909048,False,2002-06-21,2002-06-24,4,31.5,31.3,2002
Naples,Italy,909048,False,2003-06-08,2003-06-15,8,32.4,31.5,2003
Naples,Italy,909048,False,2003-06-18,2003-06-20,3,30.7,30.4,2003
Naples,Italy,909048,False,2003-06-27,2003-06-29,3,31.3,30.9,2003
Naples,Italy,909048,False,2003-08-03,2003-08-12,10,34.8,34.0,2003
Naples,Italy,909048,False,2003-08-16,2003-08-20,5,34.8,33.9,2003
Naples,Italy,909048,False,2005-06-25,2005-06-27,3,32.7,31.9,2005
Naples,Italy,909048,False,2005-07-27,2005-07-29,3,35.5,34.3,2005
Naples,Italy,909048,False,2006-06-17,2006-06-22,6,31.7,31.1,2006
Naples,Italy,909048,False,2006-06-24,2006-06-28,5,34.6,32.4,2006
Naples,Italy,909048,False,2007-06-23,2007-06-25,3,31.4,31.2,2007
Naples,Italy,909048,False,2007-07-17,2007-07-19,3,33.4,33.1,2007
Naples,Italy,909048,False,2007-08-21,2007-08-26,6,36.6,34.8,2007
Naples,Italy,909048,False,2008-05-25,2008-05-27,3,31.0,29.6,2008
Naples,Italy,909048,False,2009-08-18,2009-08-20,3,34.7,34.2,2009
Naples,Italy,909048,False,2011-08-19,2011-08-22,4,34.6,33.8,2011
Naples,Italy,909048,False,2011-09-14,2011-09-16,3,31.0,30.9,2011
Naples,Italy,909048,False,2012-06-15,2012-06-18,4,31.1,30.5,2012
Naples,Italy,909048,False,2012-06-29,2012-07-01,3,31.7,31.6,2012
Naples,Italy,909048,False,2012-08-16,2012-08-19,4,34.3,33.8,2012
Naples,Italy,909048,False,2013-08-03,2013-08-05,3,34.5,34.0,2013
Naples,Italy,909048,False,2014-06-07,2014-06-11,5,30.7,29.9,2014
Naples,Italy,909048,False,2015-07-02,2015-07-04,3,33.0,32.4,2015
Naples,Italy,909048,False,2015-07-14,2015-07-22,9,34.8,33.6,2015
Naples,Italy,909048,False,2015-08-03,2015-08-07,5,35.4,34.3,2015
Naples,Italy,909048,False,2015-09-15,2015-09-17,3,32.5,31.9,2015
Naples,Italy,909048,False,2016-06-22,2016-06-24,3,31.8,31.2,2016
Naples,Italy,909048,False,2019-06-24,2019-06-29,6,33.0,32.1,2019
Naples,Italy,909048,False,2020-05-15,2020-05-17,3,33.2,30.6,2020
Naples,Italy,909048,False,2020-09-07,2020-09-09,3,32.4,31.7,2020
Naples,Italy,909048,False,2020-09-12,2020-09-17,6,34.0,32.3,2020
Naples,Italy,909048,False,2021-06-20,2021-06-28,9,32.7,31.5,2021
Naples,Italy,909048,False,2021-07-25,2021-07-27,3,35.4,34.7,2021
Naples,Italy,909048,False,2021-08-08,2021-08-14,7,36.2,34.5,2021
Naples,Italy,909048,False,2022-05-24,2022-05-26,3,32.0,30.2,2022
Naples,Italy,909048,False,2022-06-01,2022-06-05,5,30.7,30.0,2022
Naples,Italy,909048,False,2022-06-10,2022-06-12,3,31.0,30.5,2022
Naples,Italy,909048,False,2022-06-25,2022-06-27,3,35.6,34.8,2022
Naples,Italy,909048,False,2022-06-29,2022-07-05,7,33.6,32.2,2022
Naples,Italy,909048,False,2022-07-16,2022-07-18,3,34.4,33.7,2022
Naples,Italy,909048,False,2022-07-30,2022-08-02,4,35.4,34.4,2022
Naples,Italy,909048,False,2022-08-06,2022-08-09,4,35.0,34.0,2022
Naples,Italy,909048,False,2023-07-07,2023-07-09,3,33.7,32.7,2023
Naples,Italy,909048,False,2023-07-15,2023-07-17,3,34.4,33.4,2023
Naples,Italy,909048,False,2023-08-19,2023-08-23,5,36.6,34.8,2023
Naples,Italy,909048,False,2023-09-05,2023-09-09,5,32.6,31.9,2023
Naples,Italy,909048,False,2024-06-18,2024-06-20,3,33.9,32.0,2024
Naples,Italy,909048,False,2024-07-24,2024-07-30,7,36.6,34.0,2024
Naples,Italy,909048,False,2024-08-09,2024-08-11,3,35.9,34.7,2024
Naples,Italy,909048,False,2024-08-13,2024-08-16,4,34.8,33.7,2024
Naples,Italy,909048,False,2024-08-23,2024-08-31,9,33.9,33.1,2024
Naples,Italy,909048,False,2025-06-08,2025-06-14,7,32.0,30.9,2025
Naples,Italy,909048,False,2025-06-18,2025-06-21,4,32.9,31.8,2025
Naples,Italy,909048,False,2025-06-23,2025-07-05,13,36.6,33.9,2025
Naples,Italy,909048,False,2025-08-07,2025-08-13,7,35.9,34.4,2025
Donetsk,Ukraine,901645,False,1981-06-22,1981-06-24,3,32.8,32.5,1981
Donetsk,Ukraine,901645,False,1991-06-30,1991-07-02,3,33.5,32.9,1991
Donetsk,Ukraine,901645,False,1994-09-16,1994-09-18,3,31.8,30.4,1994
Donetsk,Ukraine,901645,False,1996-07-06,1996-07-13,8,35.6,34.2,1996
Donetsk,Ukraine,901645,False,1998-07-23,1998-08-02,11,36.3,34.3,1998
Donetsk,Ukraine,901645,False,1999-07-26,1999-07-28,3,35.7,34.6,1999
Donetsk,Ukraine,901645,False,2001-07-21,2001-07-26,6,36.0,35.0,2001
Donetsk,Ukraine,901645,False,2002-07-07,2002-07-13,7,35.3,34.5,2002
Donetsk,Ukraine,901645,False,2002-07-28,2002-08-01,5,34.3,33.5,2002
Donetsk,Ukraine,901645,False,2005-05-21,2005-05-23,3,29.8,29.2,2005
Donetsk,Ukraine,901645,False,2005-05-28,2005-05-31,4,31.9,31.1,2005
Donetsk,Ukraine,901645,False,2006-08-04,2006-08-07,4,35.1,34.2,2006
Donetsk,Ukraine,901645,False,2006-08-12,2006-08-14,3,33.9,33.6,2006
Donetsk,Ukraine,901645,False,2007-05-19,2007-06-01,14,33.6,31.6,2007
Donetsk,Ukraine,901645,False,2007-07-18,2007-07-20,3,35.9,33.9,2007
Donetsk,Ukraine,901645,False,2007-07-30,2007-08-01,3,35.7,34.8,2007
Donetsk,Ukraine,901645,False,2007-08-18,2007-08-25,8,35.8,34.5,2007
Donetsk,Ukraine,901645,False,2008-08-13,2008-08-18,6,34.5,34.1,2008
Donetsk,Ukraine,901645,False,2009-07-14,2009-07-19,6,35.7,34.0,2009
Donetsk,Ukraine,901645,False,2010-07-30,2010-08-15,17,37.1,35.5,2010
Donetsk,Ukraine,901645,False,2012-05-09,2012-05-12,4,29.4,28.8,2012
Donetsk,Ukraine,901645,False,2012-08-02,2012-08-07,6,35.7,34.4,2012
Donetsk,Ukraine,901645,False,2014-05-15,2014-05-17,3,31.1,30.1,2014
Donetsk,Ukraine,901645,False,2014-08-13,2014-08-15,3,35.7,34.3,2014
Donetsk,Ukraine,901645,False,2015-07-24,2015-07-26,3,34.6,34.3,2015
Donetsk,Ukraine,901645,False,2015-08-09,2015-08-12,4,34.5,33.5,2015
Donetsk,Ukraine,901645,False,2015-09-01,2015-09-05,5,33.4,32.8,2015
Donetsk,Ukraine,901645,False,2016-07-13,2016-07-17,5,37.2,35.3,2016
Donetsk,Ukraine,901645,False,2016-08-20,2016-08-22,3,34.4,33.8,2016
Donetsk,Ukraine,901645,False,2017-08-01,2017-08-07,7,38.5,36.1,2017
Donetsk,Ukraine,901645,False,2017-09-14,2017-09-21,8,32.7,30.5,2017
Donetsk,Ukraine,901645,False,2018-05-01,2018-05-05,5,29.8,29.1,2018
Donetsk,Ukraine,901645,False,2018-06-26,2018-06-28,3,35.0,34.5,2018
Donetsk,Ukraine,901645,False,2019-05-30,2019-06-01,3,31.5,31.2,2019
Donetsk,Ukraine,901645,False,2019-06-20,2019-06-22,3,33.0,32.7,2019
Donetsk,Ukraine,901645,False,2020-07-02,2020-07-07,6,36.0,34.4,2020
Donetsk,Ukraine,901645,False,2020-08-31,2020-09-02,3,33.0,32.4,2020
Donetsk,Ukraine,901645,False,2021-07-17,2021-07-20,4,35.7,34.4,2021
Donetsk,Ukraine,901645,False,2023-07-04,2023-07-06,3,33.7,33.2,2023
Donetsk,Ukraine,901645,False,2023-08-04,2023-08-06,3,36.2,34.9,2023
Donetsk,Ukraine,901645,False,2023-08-18,2023-08-20,3,34.8,34.2,2023
Donetsk,Ukraine,901645,False,2024-06-01,2024-06-03,3,31.5,30.9,2024
Donetsk,Ukraine,901645,False,2024-07-01,2024-07-04,4,35.3,34.4,2024
Donetsk,Ukraine,901645,False,2024-07-06,2024-07-11,6,35.4,33.9,2024
Donetsk,Ukraine,901645,False,2024-07-13,2024-07-17,5,36.8,35.7,2024
Donetsk,Ukraine,901645,False,2024-08-20,2024-08-22,3,33.4,32.9,2024
Donetsk,Ukraine,901645,False,2025-06-06,2025-06-08,3,34.2,33.5,2025
Donetsk,Ukraine,901645,False,2025-07-06,2025-07-12,7,37.2,35.5,2025
Donetsk,Ukraine,901645,False,2025-08-29,2025-08-31,3,32.7,32.1,2025
Marseille,France,877215,False,1981-06-11,1981-06-15,5,31.4,29.9,1981
Marseille,France,877215,False,1982-07-06,1982-07-08,3,35.4,32.5,1982
Marseille,France,877215,False,1983-07-24,1983-07-30,7,34.1,32.9,1983
Marseille,France,877215,False,1993-08-17,1993-08-19,3,31.8,31.1,1993
Marseille,France,877215,False,2000-08-23,2000-08-25,3,31.5,31.4,2000
Marseille,France,877215,False,2001-07-28,2001-07-31,4,32.7,31.8,2001
Marseille,France,877215,False,2002-06-17,2002-06-19,3,29.6,29.2,2002
Marseille,France,877215,False,2002-06-21,2002-06-24,4,31.5,30.8,2002
Marseille,France,877215,False,2003-06-11,2003-06-20,10,34.1,30.5,2003
Marseille,France,877215,False,2003-06-25,2003-06-27,3,32.7,31.1,2003
Marseille,France,877215,False,2003-08-02,2003-08-14,13,33.9,32.8,2003
Marseille,France,877215,False,2003-08-18,2003-08-26,9,32.6,31.4,2003
Marseille,France,877215,False,2006-06-28,2006-06-30,3,32.0,31.2,2006
Marseille,France,877215,False,2006-07-28,2006-07-30,3,32.3,31.6,2006
Marseille,France,877215,False,2008-06-25,2008-06-27,3,31.2,30.7,2008
Marseille,France,877215,False,2009-08-16,2009-08-21,6,32.2,31.1,2009
Marseille,France,877215,False,2010-07-03,2010-07-05,3,31.5,31.3,2010
Marseille,France,877215,False,2012-08-17,2012-08-20,4,31.3,31.0,2012
Marseille,France,877215,False,2014-06-08,2014-06-13,6,30.2,29.3,2014
Marseille,France,877215,False,2015-06-05,2015-06-07,3,28.8,28.7,2015
Marseille,France,877215,False,2015-07-02,2015-07-05,4,31.4,30.8,2015
Marseille,France,877215,False,2015-07-10,2015-07-13,4,31.6,31.3,2015
Marseille,France,877215,False,2016-08-31,2016-09-05,6,30.7,30.2,2016
Marseille,France,877215,False,2016-09-10,2016-09-12,3,29.4,28.7,2016
Marseille,France,877215,False,2017-06-15,2017-06-17,3,31.6,31.1,2017
Marseille,France,877215,False,2019-06-24,2019-06-29,6,33.0,31.4,2019
Marseille,France,877215,False,2022-07-03,2022-07-06,4,33.4,32.3,2022
Marseille,France,877215,False,2023-06-25,2023-06-27,3,33.4,31.6,2023
Marseille,France,877215,False,2023-08-17,2023-08-23,7,34.1,32.4,2023
Marseille,France,877215,False,2024-06-17,2024-06-19,3,29.8,29.5,2024
Marseille,France,877215,False,2024-07-31,2024-08-03,4,33.5,32.8,2024
Marseille,France,877215,False,2024-08-06,2024-08-08,3,33.8,33.0,2024
Marseille,France,877215,False,2025-06-13,2025-06-15,3,29.8,29.4,2025
Marseille,France,877215,False,2025-06-25,2025-07-05,11,36.8,33.3,2025
Marseille,France,877215,False,2025-07-14,2025-07-16,3,33.2,32.6,2025
Marseille,France,877215,False,2025-08-11,2025-08-17,7,35.8,33.7,2025
Rotterdam,The Netherlands,868135,False,1982-08-01,1982-08-03,3,29.5,29.1,1982
Rotterdam,The Netherlands,868135,False,1990-08-01,1990-08-03,3,33.8,32.0,1990
Rotterdam,The Netherlands,868135,False,1997-08-09,1997-08-12,4,30.6,29.9,1997
Rotterdam,The Netherlands,868135,False,2003-08-04,2003-08-06,3,31.4,30.4,2003
Rotterdam,The Netherlands,868135,False,2003-08-09,2003-08-11,3,32.0,30.5,2003
Rotterdam,The Netherlands,868135,False,2006-07-16,2006-07-18,3,34.7,32.2,2006
Rotterdam,The Netherlands,868135,False,2006-07-24,2006-07-26,3,31.3,30.3,2006
Rotterdam,The Netherlands,868135,False,2016-09-12,2016-09-14,3,30.6,29.8,2016
Rotterdam,The Netherlands,868135,False,2018-07-22,2018-07-26,5,34.8,31.4,2018
Rotterdam,The Netherlands,868135,False,2019-07-22,2019-07-25,4,37.0,34.1,2019
Rotterdam,The Netherlands,868135,False,2019-08-23,2019-08-26,4,30.2,29.5,2019
Rotterdam,The Netherlands,868135,False,2020-08-05,2020-08-12,8,33.2,31.6,2020
Rotterdam,The Netherlands,868135,False,2021-06-15,2021-06-17,3,29.4,29.1,2021
Rotterdam,The Netherlands,868135,False,2022-08-10,2022-08-13,4,31.0,30.6,2022
Rotterdam,The Netherlands,868135,False,2023-06-09,2023-06-11,3,29.6,29.2,2023
Rotterdam,The Netherlands,868135,False,2025-06-29,2025-07-01,3,36.4,33.0,2025
Rotterdam,The Netherlands,868135,False,2025-08-11,2025-08-13,3,30.6,29.9,2025
Turin,Italy,847287,False,1983-07-25,1983-07-30,6,34.2,32.8,1983
Turin,Italy,847287,False,1987-06-29,1987-07-03,5,31.2,30.4,1987
Turin,Italy,847287,False,1987-09-15,1987-09-18,4,30.0,29.5,1987
Turin,Italy,847287,False,1991-07-02,1991-07-05,4,32.8,31.6,1991
Turin,Italy,847287,False,1993-08-19,1993-08-21,3,30.6,30.4,1993
Turin,Italy,847287,False,1994-08-03,1994-08-06,4,33.8,32.8,1994
Turin,Italy,847287,False,1996-06-09,1996-06-12,4,31.4,30.3,1996
Turin,Italy,847287,False,1998-08-08,1998-08-11,4,34.2,33.5,1998
Turin,Italy,847287,False,1998-08-21,1998-08-23,3,30.9,30.9,1998
Turin,Italy,847287,False,2000-08-23,2000-08-25,3,33.3,32.0,2000
Turin,Italy,847287,False,2001-08-25,2001-08-28,4,32.2,31.2,2001
Turin,Italy,847287,False,2002-06-16,2002-06-18,3,30.8,30.5,2002
Turin,Italy,847287,False,2003-06-04,2003-06-15,12,35.0,32.0,2003
Turin,Italy,847287,False,2003-06-17,2003-06-25,9,36.0,32.7,2003
Turin,Italy,847287,False,2003-07-09,2003-07-12,4,33.2,32.3,2003
Turin,Italy,847287,False,2003-07-16,2003-07-19,4,32.7,32.0,2003
Turin,Italy,847287,False,2003-07-31,2003-08-13,14,38.4,35.6,2003
Turin,Italy,847287,False,2003-08-21,2003-08-24,4,32.8,31.6,2003
Turin,Italy,847287,False,2004-06-08,2004-06-10,3,30.7,30.0,2004
Turin,Italy,847287,False,2005-06-20,2005-06-22,3,32.0,30.8,2005
Turin,Italy,847287,False,2005-06-25,2005-06-27,3,32.3,32.1,2005
Turin,Italy,847287,False,2006-06-12,2006-06-14,3,29.8,29.1,2006
Turin,Italy,847287,False,2006-06-19,2006-06-23,5,30.4,29.9,2006
Turin,Italy,847287,False,2006-07-09,2006-07-14,6,32.4,31.9,2006
Turin,Italy,847287,False,2006-07-18,2006-07-27,10,34.7,33.3,2006
Turin,Italy,847287,False,2006-09-03,2006-09-05,3,32.0,30.9,2006
Turin,Italy,847287,False,2007-07-26,2007-07-29,4,32.8,32.1,2007
Turin,Italy,847287,False,2009-08-16,2009-08-20,5,32.8,32.2,2009
Turin,Italy,847287,False,2011-05-22,2011-05-24,3,29.8,29.3,2011
Turin,Italy,847287,False,2011-08-18,2011-08-23,6,33.2,32.4,2011
Turin,Italy,847287,False,2012-08-17,2012-08-21,5,32.2,31.8,2012
Turin,Italy,847287,False,2013-07-24,2013-07-27,4,32.0,31.6,2013
Turin,Italy,847287,False,2013-08-01,2013-08-05,5,33.7,32.4,2013
Turin,Italy,847287,False,2014-06-07,2014-06-12,6,32.6,31.1,2014
Turin,Italy,847287,False,2015-06-03,2015-06-06,4,30.0,29.2,2015
Turin,Italy,847287,False,2015-07-01,2015-07-05,5,32.4,30.8,2015
Turin,Italy,847287,False,2015-07-17,2015-07-22,6,33.2,32.1,2015
Turin,Italy,847287,False,2015-08-05,2015-08-07,3,33.4,32.9,2015
Turin,Italy,847287,False,2016-06-21,2016-06-23,3,32.0,30.8,2016
Turin,Italy,847287,False,2017-05-27,2017-05-30,4,30.2,29.5,2017
Turin,Italy,847287,False,2017-06-09,2017-06-24,16,36.0,32.3,2017
Turin,Italy,847287,False,2017-07-04,2017-07-07,4,34.8,32.9,2017
Turin,Italy,847287,False,2017-07-25,2017-07-27,3,33.6,32.1,2017
Turin,Italy,847287,False,2017-07-30,2017-08-05,7,37.6,35.1,2017
Turin,Italy,847287,False,2017-08-22,2017-08-27,6,33.8,32.4,2017
Turin,Italy,847287,False,2018-07-29,2018-08-05,8,34.0,33.1,2018
Turin,Italy,847287,False,2018-08-18,2018-08-22,5,31.9,31.5,2018
Turin,Italy,847287,False,2019-06-01,2019-06-03,3,29.9,29.5,2019
Turin,Italy,847287,False,2019-06-15,2019-06-18,4,30.0,29.5,2019
Turin,Italy,847287,False,2019-06-22,2019-07-07,16,40.2,34.7,2019
Turin,Italy,847287,False,2019-07-20,2019-07-25,6,35.0,33.2,2019
Turin,Italy,847287,False,2020-06-21,2020-06-23,3,30.1,29.8,2020
Turin,Italy,847287,False,2020-07-19,2020-07-22,4,32.6,31.9,2020
Turin,Italy,847287,False,2020-07-26,2020-08-01,7,37.6,34.4,2020
Turin,Italy,847287,False,2020-08-06,2020-08-11,6,35.2,33.5,2020
Turin,Italy,847287,False,2020-08-19,2020-08-21,3,32.6,31.3,2020
Turin,Italy,847287,False,2020-09-12,2020-09-17,6,30.2,29.5,2020
Turin,Italy,847287,False,2021-06-11,2021-06-20,10,35.4,31.9,2021
Turin,Italy,847287,False,2021-06-24,2021-07-02,9,33.1,30.9,2021
Turin,Italy,847287,False,2021-07-17,2021-07-19,3,33.3,32.2,2021
Turin,Italy,847287,False,2021-08-10,2021-08-14,5,34.8,33.8,2021
Turin,Italy,847287,False,2021-08-19,2021-08-21,3,30.9,30.7,2021
Turin,Italy,847287,False,2022-05-19,2022-05-21,3,31.8,30.0,2022
Turin,Italy,847287,False,2022-06-08,2022-06-20,13,35.0,32.6,2022
Turin,Italy,847287,False,2022-06-24,2022-06-26,3,31.0,30.4,2022
Turin,Italy,847287,False,2022-07-01,2022-07-25,25,37.6,34.0,2022
Turin,Italy,847287,False,2022-07-29,2022-08-05,8,35.4,33.8,2022
Turin,Italy,847287,False,2022-08-07,2022-08-09,3,32.0,31.8,2022
Turin,Italy,847287,False,2022-08-19,2022-08-22,4,31.6,30.9,2022
Turin,Italy,847287,False,2023-07-07,2023-07-10,4,35.4,33.7,2023
Turin,Italy,847287,False,2023-07-14,2023-07-19,6,35.3,33.6,2023
Turin,Italy,847287,False,2023-08-08,2023-08-15,8,34.3,32.0,2023
Turin,Italy,847287,False,2023-08-17,2023-08-24,8,36.9,35.4,2023
Turin,Italy,847287,False,2024-07-17,2024-07-19,3,31.6,31.5,2024
Turin,Italy,847287,False,2024-07-26,2024-08-05,11,34.4,33.1,2024
Turin,Italy,847287,False,2024-08-07,2024-08-16,10,34.6,33.0,2024
Turin,Italy,847287,False,2024-08-22,2024-08-24,3,32.8,31.8,2024
Turin,Italy,847287,False,2024-08-26,2024-08-31,6,34.0,32.5,2024
Turin,Italy,847287,False,2025-05-28,2025-05-31,4,30.7,30.1,2025
Turin,Italy,847287,False,2025-06-07,2025-06-19,13,34.3,32.6,2025
Turin,Italy,847287,False,2025-06-21,2025-07-03,13,36.4,33.5,2025
Turin,Italy,847287,False,2025-07-13,2025-07-17,5,34.4,32.8,2025
Turin,Italy,847287,False,2025-08-07,2025-08-18,12,37.6,34.9,2025
Valencia,Spain,824340,False,1981-10-10,1981-10-12,3,32.6,31.0,1981
Valencia,Spain,824340,False,2001-03-20,2001-03-22,3,30.2,29.1,2001
Valencia,Spain,824340,False,2003-06-13,2003-06-15,3,34.7,34.4,2003
Valencia,Spain,824340,False,2004-08-16,2004-08-18,3,36.9,36.2,2004
Valencia,Spain,824340,False,2008-09-02,2008-09-04,3,36.2,35.6,2008
Valencia,Spain,824340,False,2011-10-10,2011-10-12,3,31.0,30.4,2011
Valencia,Spain,824340,False,2012-06-27,2012-06-29,3,42.6,40.7,2012
Valencia,Spain,824340,False,2015-04-30,2015-05-02,3,35.2,32.4,2015
Valencia,Spain,824340,False,2015-05-12,2015-05-14,3,39.5,33.8,2015
Valencia,Spain,824340,False,2016-09-02,2016-09-04,3,38.9,37.2,2016
Valencia,Spain,824340,False,2022-08-11,2022-08-13,3,42.4,39.8,2022
Valencia,Spain,824340,False,2025-08-14,2025-08-16,3,38.2,37.2,2025
Valencia,Spain,824340,False,2025-10-22,2025-10-24,3,30.1,29.1,2025
Krakow,Poland,816614,False,1985-08-13,1985-08-15,3,30.0,29.7,1985
Krakow,Poland,816614,False,1992-08-06,1992-08-09,4,33.6,31.8,1992
Krakow,Poland,816614,False,1992-08-25,1992-08-30,6,34.1,31.9,1992
Krakow,Poland,816614,False,1994-06-26,1994-06-28,3,30.2,29.7,1994
Krakow,Poland,816614,False,1994-07-25,1994-08-01,8,33.4,32.0,1994
Krakow,Poland,816614,False,1996-06-07,1996-06-09,3,29.1,28.7,1996
Krakow,Poland,816614,False,1997-06-27,1997-06-29,3,31.0,30.4,1997
Krakow,Poland,816614,False,2000-08-18,2000-08-20,3,32.7,31.9,2000
Krakow,Poland,816614,False,2005-05-27,2005-05-29,3,29.7,29.0,2005
Krakow,Poland,816614,False,2005-07-27,2005-07-29,3,31.7,30.9,2005
Krakow,Poland,816614,False,2006-07-19,2006-07-28,10,32.2,30.8,2006
Krakow,Poland,816614,False,2007-07-14,2007-07-17,4,33.7,32.4,2007
Krakow,Poland,816614,False,2010-06-08,2010-06-11,4,30.6,29.1,2010
Krakow,Poland,816614,False,2010-07-14,2010-07-16,3,31.9,31.1,2010
Krakow,Poland,816614,False,2012-06-29,2012-07-02,4,32.4,30.9,2012
Krakow,Poland,816614,False,2012-07-04,2012-07-06,3,32.7,31.7,2012
Krakow,Poland,816614,False,2012-08-19,2012-08-21,3,32.5,30.5,2012
Krakow,Poland,816614,False,2013-08-05,2013-08-08,4,35.2,32.5,2013
Krakow,Poland,816614,False,2015-07-04,2015-07-06,3,32.2,31.0,2015
Krakow,Poland,816614,False,2015-07-16,2015-07-18,3,32.3,31.3,2015
Krakow,Poland,816614,False,2015-08-04,2015-08-15,12,33.7,31.8,2015
Krakow,Poland,816614,False,2015-08-29,2015-08-31,3,34.1,33.6,2015
Krakow,Poland,816614,False,2017-07-29,2017-08-02,5,33.6,31.2,2017
Krakow,Poland,816614,False,2017-08-08,2017-08-10,3,33.4,32.2,2017
Krakow,Poland,816614,False,2018-05-28,2018-05-31,4,30.6,29.2,2018
Krakow,Poland,816614,False,2018-06-07,2018-06-09,3,30.4,29.7,2018
Krakow,Poland,816614,False,2019-06-09,2019-06-14,6,31.8,30.6,2019
Krakow,Poland,816614,False,2019-08-25,2019-08-28,4,30.5,29.8,2019
Krakow,Poland,816614,False,2020-08-06,2020-08-10,5,30.8,29.9,2020
Krakow,Poland,816614,False,2021-06-17,2021-06-21,5,30.6,29.9,2021
Krakow,Poland,816614,False,2021-07-06,2021-07-08,3,32.0,31.5,2021
Krakow,Poland,816614,False,2022-06-24,2022-06-30,7,34.4,30.6,2022
Krakow,Poland,816614,False,2022-07-19,2022-07-22,4,31.2,30.5,2022
Krakow,Poland,816614,False,2023-08-13,2023-08-15,3,30.6,30.4,2023
Krakow,Poland,816614,False,2023-08-18,2023-08-21,4,30.7,30.2,2023
Krakow,Poland,816614,False,2024-06-27,2024-06-29,3,34.2,31.4,2024
Krakow,Poland,816614,False,2024-07-09,2024-07-11,3,31.5,31.2,2024
Krakow,Poland,816614,False,2024-08-14,2024-08-16,3,31.3,30.6,2024
Krakow,Poland,816614,False,2024-08-27,2024-08-30,4,30.8,29.8,2024
Krakow,Poland,816614,False,2024-09-01,2024-09-03,3,31.0,29.9,2024
Krakow,Poland,816614,False,2024-09-05,2024-09-07,3,29.7,29.1,2024
Krakow,Poland,816614,False,2025-08-13,2025-08-15,3,30.0,29.7,2025
Riga,Latvia,742572,True,1994-07-12,1994-07-15,4,31.5,30.7,1994
Riga,Latvia,742572,True,1994-07-27,1994-07-29,3,32.1,31.3,1994
Riga,Latvia,742572,True,1997-08-23,1997-08-26,4,29.1,28.5,1997
Riga,Latvia,742572,True,1999-06-11,1999-06-14,4,29.3,28.5,1999
Riga,Latvia,742572,True,1999-07-11,1999-07-13,3,29.7,29.0,1999
Riga,Latvia,742572,True,2001-07-14,2001-07-17,4,29.5,29.3,2001
Riga,Latvia,742572,True,2002-07-29,2002-07-31,3,31.5,30.6,2002
Riga,Latvia,742572,True,2003-07-27,2003-07-31,5,30.3,29.1,2003
Riga,Latvia,742572,True,2006-06-19,2006-06-21,3,29.8,28.9,2006
Riga,Latvia,742572,True,2006-07-05,2006-07-10,6,32.2,30.6,2006
Riga,Latvia,742572,True,2010-07-10,2010-07-14,5,30.1,29.5,2010
Riga,Latvia,742572,True,2010-07-21,2010-07-24,4,30.5,29.4,2010
Riga,Latvia,742572,True,2010-08-12,2010-08-16,5,31.4,29.7,2010
Riga,Latvia,742572,True,2011-06-05,2011-06-08,4,29.5,28.9,2011
Riga,Latvia,742572,True,2014-07-25,2014-07-29,5,30.3,29.4,2014
Riga,Latvia,742572,True,2014-08-02,2014-08-05,4,32.0,30.6,2014
Riga,Latvia,742572,True,2016-06-23,2016-06-25,3,31.2,30.1,2016
Riga,Latvia,742572,True,2018-07-15,2018-07-17,3,30.6,29.9,2018
Riga,Latvia,742572,True,2018-07-26,2018-08-01,7,33.8,31.3,2018
Riga,Latvia,742572,True,2018-08-07,2018-08-09,3,31.2,30.1,2018
Riga,Latvia,742572,True,2019-06-04,2019-06-07,4,29.5,29.3,2019
Riga,Latvia,742572,True,2020-06-25,2020-06-27,3,30.2,29.4,2020
Riga,Latvia,742572,True,2021-06-17,2021-06-22,6,32.7,30.4,2021
Riga,Latvia,742572,True,2021-07-06,2021-07-09,4,31.4,29.9,2021
Riga,Latvia,742572,True,2021-07-11,2021-07-15,5,31.8,30.6,2021
Riga,Latvia,742572,True,2022-06-24,2022-06-28,5,31.0,30.0,2022
Riga,Latvia,742572,True,2022-08-13,2022-08-18,6,31.5,30.0,2022
Amsterdam,The Netherlands,741636,True,1997-08-09,1997-08-12,4,29.7,29.1,1997
Amsterdam,The Netherlands,741636,True,2006-07-01,2006-07-03,3,30.2,28.9,2006
Amsterdam,The Netherlands,741636,True,2006-07-16,2006-07-18,3,33.1,30.3,2006
Amsterdam,The Netherlands,741636,True,2018-07-23,2018-07-26,4,34.2,31.7,2018
Amsterdam,The Netherlands,741636,True,2019-07-22,2019-07-26,5,36.2,33.1,2019
Amsterdam,The Netherlands,741636,True,2019-08-24,2019-08-26,3,30.8,29.7,2019
Amsterdam,The Netherlands,741636,True,2020-08-06,2020-08-12,7,33.1,31.2,2020
Amsterdam,The Netherlands,741636,True,2022-08-10,2022-08-13,4,30.3,29.8,2022
Amsterdam,The Netherlands,741636,True,2025-06-29,2025-07-01,3,34.8,31.3,2025
Amsterdam,The Netherlands,741636,True,2025-08-11,2025-08-13,3,30.5,29.4,2025
Lviv,Ukraine,717273,False,1992-08-08,1992-08-10,3,31.2,30.4,1992
Lviv,Ukraine,717273,False,1992-08-26,1992-08-31,6,31.5,29.7,1992
Lviv,Ukraine,717273,False,1994-07-26,1994-08-02,8,31.6,30.5,1994
Lviv,Ukraine,717273,False,1994-08-04,1994-08-08,5,30.4,29.6,1994
Lviv,Ukraine,717273,False,1998-07-20,1998-07-22,3,30.1,29.8,1998
Lviv,Ukraine,717273,False,1999-07-04,1999-07-06,3,30.4,29.9,1999
Lviv,Ukraine,717273,False,2000-08-18,2000-08-21,4,32.2,31.0,2000
Lviv,Ukraine,717273,False,2001-07-14,2001-07-16,3,30.1,29.9,2001
Lviv,Ukraine,717273,False,2005-07-27,2005-07-30,4,31.2,30.2,2005
Lviv,Ukraine,717273,False,2007-07-15,2007-07-21,7,32.0,30.9,2007
Lviv,Ukraine,717273,False,2007-08-21,2007-08-23,3,31.2,30.3,2007
Lviv,Ukraine,717273,False,2010-06-09,2010-06-11,3,30.0,29.1,2010
Lviv,Ukraine,717273,False,2010-08-12,2010-08-15,4,30.7,29.9,2010
Lviv,Ukraine,717273,False,2012-06-17,2012-06-20,4,29.8,29.2,2012
Lviv,Ukraine,717273,False,2012-07-01,2012-07-07,7,30.8,30.5,2012
Lviv,Ukraine,717273,False,2013-08-05,2013-08-09,5,32.1,30.6,2013
Lviv,Ukraine,717273,False,2014-07-30,2014-08-03,5,31.8,30.2,2014
Lviv,Ukraine,717273,False,2015-08-06,2015-08-15,10,32.4,30.9,2015
Lviv,Ukraine,717273,False,2015-08-29,2015-09-01,4,33.1,31.1,2015
Lviv,Ukraine,717273,False,2016-07-11,2016-07-13,3,31.0,30.4,2016
Lviv,Ukraine,717273,False,2016-07-25,2016-07-27,3,29.6,29.3,2016
Lviv,Ukraine,717273,False,2017-07-30,2017-08-05,7,33.2,31.4,2017
Lviv,Ukraine,717273,False,2017-08-09,2017-08-11,3,32.3,31.6,2017
Lviv,Ukraine,717273,False,2017-08-16,2017-08-18,3,30.5,29.6,2017
Lviv,Ukraine,717273,False,2019-06-10,2019-06-15,6,30.8,29.6,2019
Lviv,Ukraine,717273,False,2019-08-18,2019-08-20,3,29.1,28.7,2019
Lviv,Ukraine,717273,False,2019-08-25,2019-08-29,5,29.8,29.1,2019
Lviv,Ukraine,717273,False,2020-08-28,2020-08-30,3,30.9,29.1,2020
Lviv,Ukraine,717273,False,2021-06-21,2021-06-24,4,32.0,30.4,2021
Lviv,Ukraine,717273,False,2021-07-11,2021-07-14,4,32.2,30.9,2021
Lviv,Ukraine,717273,False,2022-06-27,2022-06-30,4,32.0,31.5,2022
Lviv,Ukraine,717273,False,2023-08-13,2023-08-15,3,29.2,29.0,2023
Lviv,Ukraine,717273,False,2023-08-17,2023-08-20,4,29.4,29.1,2023
Lviv,Ukraine,717273,False,2023-08-25,2023-08-28,4,32.0,30.6,2023
Lviv,Ukraine,717273,False,2024-07-09,2024-07-16,8,34.0,31.7,2024
Lviv,Ukraine,717273,False,2024-08-14,2024-08-20,7,30.8,29.6,2024
Lviv,Ukraine,717273,False,2024-08-23,2024-08-25,3,30.2,29.1,2024
Lviv,Ukraine,717273,False,2025-06-04,2025-06-06,3,29.7,28.8,2025
Lviv,Ukraine,717273,False,2025-08-13,2025-08-15,3,29.8,29.1,2025
Zaporizhzhya,Ukraine,710052,False,1981-06-21,1981-06-23,3,33.2,32.9,1981
Zaporizhzhya,Ukraine,710052,False,1994-09-17,1994-09-20,4,32.8,30.4,1994
Zaporizhzhya,Ukraine,710052,False,1996-07-06,1996-07-11,6,36.1,34.7,1996
Zaporizhzhya,Ukraine,710052,False,1998-07-30,1998-08-04,6,37.1,35.6,1998
Zaporizhzhya,Ukraine,710052,False,1999-07-07,1999-07-09,3,34.2,33.5,1999
Zaporizhzhya,Ukraine,710052,False,1999-07-26,1999-07-28,3,36.4,34.7,1999
Zaporizhzhya,Ukraine,710052,False,2001-07-20,2001-07-25,6,35.8,35.2,2001
Zaporizhzhya,Ukraine,710052,False,2002-07-04,2002-07-13,10,36.6,34.5,2002
Zaporizhzhya,Ukraine,710052,False,2002-07-28,2002-07-30,3,34.8,34.7,2002
Zaporizhzhya,Ukraine,710052,False,2003-05-10,2003-05-14,5,29.7,28.9,2003
Zaporizhzhya,Ukraine,710052,False,2003-05-22,2003-05-26,5,31.6,30.4,2003
Zaporizhzhya,Ukraine,710052,False,2005-05-22,2005-05-24,3,30.4,30.1,2005
Zaporizhzhya,Ukraine,710052,False,2005-05-28,2005-05-30,3,31.8,31.3,2005
Zaporizhzhya,Ukraine,710052,False,2006-08-04,2006-08-06,3,34.8,34.1,2006
Zaporizhzhya,Ukraine,710052,False,2007-05-21,2007-05-27,7,33.7,32.3,2007
Zaporizhzhya,Ukraine,710052,False,2007-08-17,2007-08-25,9,37.0,35.5,2007
Zaporizhzhya,Ukraine,710052,False,2008-08-12,2008-08-18,7,35.7,34.5,2008
Zaporizhzhya,Ukraine,710052,False,2010-06-11,2010-06-14,4,32.7,32.3,2010
Zaporizhzhya,Ukraine,710052,False,2010-07-17,2010-07-19,3,35.9,34.3,2010
Zaporizhzhya,Ukraine,710052,False,2010-07-30,2010-08-16,18,38.4,36.6,2010
Zaporizhzhya,Ukraine,710052,False,2011-07-15,2011-07-19,5,35.2,34.3,2011
Zaporizhzhya,Ukraine,710052,False,2012-05-09,2012-05-12,4,31.4,30.6,2012
Zaporizhzhya,Ukraine,710052,False,2012-07-24,2012-07-28,5,35.8,34.6,2012
Zaporizhzhya,Ukraine,710052,False,2012-08-01,2012-08-07,7,35.9,35.0,2012
Zaporizhzhya,Ukraine,710052,False,2012-08-24,2012-08-26,3,34.9,34.0,2012
Zaporizhzhya,Ukraine,710052,False,2014-05-23,2014-05-25,3,30.3,29.9,2014
Zaporizhzhya,Ukraine,710052,False,2014-08-01,2014-08-03,3,34.9,34.6,2014
Zaporizhzhya,Ukraine,710052,False,2014-08-12,2014-08-14,3,37.0,35.1,2014
Zaporizhzhya,Ukraine,710052,False,2015-08-09,2015-08-12,4,35.3,34.5,2015
Zaporizhzhya,Ukraine,710052,False,2015-09-01,2015-09-05,5,33.8,33.3,2015
Zaporizhzhya,Ukraine,710052,False,2015-09-20,2015-09-23,4,30.2,29.2,2015
Zaporizhzhya,Ukraine,710052,False,2016-07-13,2016-07-17,5,37.3,35.5,2016
Zaporizhzhya,Ukraine,710052,False,2016-08-20,2016-08-22,3,35.6,35.0,2016
Zaporizhzhya,Ukraine,710052,False,2017-06-28,2017-06-30,3,35.6,33.9,2017
Zaporizhzhya,Ukraine,710052,False,2017-08-01,2017-08-07,7,37.6,35.4,2017
Zaporizhzhya,Ukraine,710052,False,2017-08-11,2017-08-14,4,35.8,34.9,2017
Zaporizhzhya,Ukraine,710052,False,2017-08-17,2017-08-20,4,34.4,33.8,2017
Zaporizhzhya,Ukraine,710052,False,2017-09-19,2017-09-21,3,34.6,33.3,2017
Zaporizhzhya,Ukraine,710052,False,2018-05-01,2018-05-05,5,31.3,30.1,2018
Zaporizhzhya,Ukraine,710052,False,2018-06-13,2018-06-15,3,34.7,33.6,2018
Zaporizhzhya,Ukraine,710052,False,2018-06-26,2018-06-28,3,34.4,33.8,2018
Zaporizhzhya,Ukraine,710052,False,2018-08-14,2018-08-16,3,34.1,33.8,2018
Zaporizhzhya,Ukraine,710052,False,2018-08-29,2018-08-31,3,34.0,33.6,2018
Zaporizhzhya,Ukraine,710052,False,2019-05-30,2019-06-01,3,31.8,31.4,2019
Zaporizhzhya,Ukraine,710052,False,2019-06-10,2019-06-12,3,33.6,32.6,2019
Zaporizhzhya,Ukraine,710052,False,2020-06-08,2020-06-10,3,33.4,33.0,2020
Zaporizhzhya,Ukraine,710052,False,2020-07-02,2020-07-06,5,35.8,35.1,2020
Zaporizhzhya,Ukraine,710052,False,2020-08-30,2020-09-02,4,34.2,33.6,2020
Zaporizhzhya,Ukraine,710052,False,2023-08-18,2023-08-20,3,35.1,33.9,2023
Zaporizhzhya,Ukraine,710052,False,2024-06-30,2024-07-03,4,35.6,34.4,2024
Zaporizhzhya,Ukraine,710052,False,2024-07-07,2024-07-11,5,35.6,35.3,2024
Zaporizhzhya,Ukraine,710052,False,2024-07-13,2024-07-17,5,37.6,36.8,2024
Zaporizhzhya,Ukraine,710052,False,2024-08-18,2024-08-21,4,35.2,34.6,2024
Zaporizhzhya,Ukraine,710052,False,2024-08-23,2024-08-25,3,35.0,34.6,2024
Zaporizhzhya,Ukraine,710052,False,2024-08-30,2024-09-01,3,33.0,32.7,2024
Zaporizhzhya,Ukraine,710052,False,2024-09-11,2024-09-14,4,30.8,29.6,2024
Zaporizhzhya,Ukraine,710052,False,2025-06-06,2025-06-08,3,35.0,34.0,2025
Zaporizhzhya,Ukraine,710052,False,2025-07-06,2025-07-11,6,37.1,35.4,2025
Zaporizhzhya,Ukraine,710052,False,2025-07-25,2025-07-29,5,35.7,35.0,2025
Zaporizhzhya,Ukraine,710052,False,2025-08-28,2025-08-30,3,34.0,33.2,2025
Sarajevo,Bosnia and Herzegovina,696731,True,1982-06-24,1982-06-26,3,33.4,31.9,1982
Sarajevo,Bosnia and Herzegovina,696731,True,1984-07-11,1984-07-13,3,34.7,33.5,1984
Sarajevo,Bosnia and Herzegovina,696731,True,1985-08-22,1985-08-25,4,32.7,32.2,1985
Sarajevo,Bosnia and Herzegovina,696731,True,1987-07-22,1987-07-24,3,34.3,33.5,1987
Sarajevo,Bosnia and Herzegovina,696731,True,1987-09-12,1987-09-19,8,33.2,30.6,1987
Sarajevo,Bosnia and Herzegovina,696731,True,1988-07-04,1988-07-07,4,34.5,33.5,1988
Sarajevo,Bosnia and Herzegovina,696731,True,1992-08-26,1992-08-28,3,31.9,31.7,1992
Sarajevo,Bosnia and Herzegovina,696731,True,1996-06-07,1996-06-09,3,29.8,29.5,1996
Sarajevo,Bosnia and Herzegovina,696731,True,1998-06-29,1998-07-01,3,31.7,31.0,1998
Sarajevo,Bosnia and Herzegovina,696731,True,1998-07-31,1998-08-03,4,35.2,34.6,1998
Sarajevo,Bosnia and Herzegovina,696731,True,2000-06-11,2000-06-14,4,31.0,30.0,2000
Sarajevo,Bosnia and Herzegovina,696731,True,2000-07-02,2000-07-04,3,35.4,34.1,2000
Sarajevo,Bosnia and Herzegovina,696731,True,2000-08-18,2000-08-22,5,36.3,34.8,2000
Sarajevo,Bosnia and Herzegovina,696731,True,2003-05-06,2003-05-08,3,29.5,28.8,2003
Sarajevo,Bosnia and Herzegovina,696731,True,2006-06-25,2006-06-28,4,33.4,31.8,2006
Sarajevo,Bosnia and Herzegovina,696731,True,2007-06-19,2007-06-21,3,31.1,30.5,2007
Sarajevo,Bosnia and Herzegovina,696731,True,2007-06-23,2007-06-25,3,32.6,31.2,2007
Sarajevo,Bosnia and Herzegovina,696731,True,2007-07-16,2007-07-23,8,35.2,34.5,2007
Sarajevo,Bosnia and Herzegovina,696731,True,2008-05-26,2008-05-28,3,30.3,29.5,2008
Sarajevo,Bosnia and Herzegovina,696731,True,2008-08-12,2008-08-14,3,34.3,33.5,2008
Sarajevo,Bosnia and Herzegovina,696731,True,2010-06-09,2010-06-12,4,31.3,30.5,2010
Sarajevo,Bosnia and Herzegovina,696731,True,2011-07-12,2011-07-14,3,34.0,33.1,2011
Sarajevo,Bosnia and Herzegovina,696731,True,2011-08-22,2011-08-26,5,35.7,34.6,2011
Sarajevo,Bosnia and Herzegovina,696731,True,2011-09-09,2011-09-13,5,32.3,31.0,2011
Sarajevo,Bosnia and Herzegovina,696731,True,2012-06-16,2012-06-20,5,31.8,30.7,2012
Sarajevo,Bosnia and Herzegovina,696731,True,2012-06-29,2012-07-03,5,34.1,32.9,2012
Sarajevo,Bosnia and Herzegovina,696731,True,2012-08-04,2012-08-06,3,36.1,34.9,2012
Sarajevo,Bosnia and Herzegovina,696731,True,2012-08-19,2012-08-25,7,35.9,34.7,2012
Sarajevo,Bosnia and Herzegovina,696731,True,2012-08-30,2012-09-02,4,32.3,31.4,2012
Sarajevo,Bosnia and Herzegovina,696731,True,2012-09-27,2012-09-29,3,30.0,29.2,2012
Sarajevo,Bosnia and Herzegovina,696731,True,2013-06-17,2013-06-21,5,32.6,31.7,2013
Sarajevo,Bosnia and Herzegovina,696731,True,2013-08-05,2013-08-08,4,36.0,34.6,2013
Sarajevo,Bosnia and Herzegovina,696731,True,2015-07-16,2015-07-18,3,34.5,33.3,2015
Sarajevo,Bosnia and Herzegovina,696731,True,2015-08-28,2015-09-02,6,32.7,31.6,2015
Sarajevo,Bosnia and Herzegovina,696731,True,2015-09-16,2015-09-18,3,33.7,33.0,2015
Sarajevo,Bosnia and Herzegovina,696731,True,2017-07-31,2017-08-05,6,35.7,34.7,2017
Sarajevo,Bosnia and Herzegovina,696731,True,2017-08-07,2017-08-10,4,37.0,35.5,2017
Sarajevo,Bosnia and Herzegovina,696731,True,2017-08-24,2017-08-26,3,32.9,32.2,2017
Sarajevo,Bosnia and Herzegovina,696731,True,2019-06-10,2019-06-12,3,31.6,30.4,2019
Sarajevo,Bosnia and Herzegovina,696731,True,2019-08-09,2019-08-12,4,36.1,34.2,2019
Sarajevo,Bosnia and Herzegovina,696731,True,2021-06-20,2021-06-24,5,36.0,33.6,2021
Sarajevo,Bosnia and Herzegovina,696731,True,2021-06-27,2021-06-29,3,32.9,32.2,2021
Sarajevo,Bosnia and Herzegovina,696731,True,2021-07-06,2021-07-08,3,35.2,33.9,2021
Sarajevo,Bosnia and Herzegovina,696731,True,2021-07-26,2021-07-28,3,35.6,33.9,2021
Sarajevo,Bosnia and Herzegovina,696731,True,2021-08-13,2021-08-15,3,33.4,32.9,2021
Sarajevo,Bosnia and Herzegovina,696731,True,2022-06-02,2022-06-04,3,31.6,30.2,2022
Sarajevo,Bosnia and Herzegovina,696731,True,2022-06-26,2022-06-30,5,35.1,32.8,2022
Sarajevo,Bosnia and Herzegovina,696731,True,2022-07-02,2022-07-04,3,31.4,31.3,2022
Sarajevo,Bosnia and Herzegovina,696731,True,2022-07-20,2022-07-22,3,35.0,33.9,2022
Sarajevo,Bosnia and Herzegovina,696731,True,2023-06-20,2023-06-22,3,32.0,31.3,2023
Sarajevo,Bosnia and Herzegovina,696731,True,2023-07-10,2023-07-12,3,34.1,33.0,2023
Sarajevo,Bosnia and Herzegovina,696731,True,2023-07-15,2023-07-18,4,34.9,34.2,2023
Sarajevo,Bosnia and Herzegovina,696731,True,2023-08-20,2023-08-27,8,35.9,33.4,2023
Sarajevo,Bosnia and Herzegovina,696731,True,2023-09-10,2023-09-12,3,31.3,30.6,2023
Sarajevo,Bosnia and Herzegovina,696731,True,2024-06-06,2024-06-08,3,31.1,30.3,2024
Sarajevo,Bosnia and Herzegovina,696731,True,2024-06-17,2024-06-21,5,35.1,33.4,2024
Sarajevo,Bosnia and Herzegovina,696731,True,2024-07-07,2024-07-15,9,36.9,34.4,2024
Sarajevo,Bosnia and Herzegovina,696731,True,2024-08-10,2024-08-16,7,37.4,35.4,2024
Sarajevo,Bosnia and Herzegovina,696731,True,2024-08-22,2024-08-24,3,33.6,33.1,2024
Sarajevo,Bosnia and Herzegovina,696731,True,2024-08-31,2024-09-05,6,32.1,31.2,2024
Sarajevo,Bosnia and Herzegovina,696731,True,2025-06-01,2025-06-07,7,31.7,29.8,2025
Sarajevo,Bosnia and Herzegovina,696731,True,2025-06-22,2025-06-25,4,34.0,32.3,2025
Sarajevo,Bosnia and Herzegovina,696731,True,2025-07-01,2025-07-05,5,34.5,33.1,2025
Sarajevo,Bosnia and Herzegovina,696731,True,2025-07-23,2025-07-25,3,36.5,35.3,2025
Zaragoza,Spain,686986,False,1981-06-10,1981-06-14,5,37.6,36.8,1981
Zaragoza,Spain,686986,False,1982-07-04,1982-07-07,4,42.3,41.1,1982
Zaragoza,Spain,686986,False,1983-06-04,1983-06-06,3,36.7,36.2,1983
Zaragoza,Spain,686986,False,1987-08-11,1987-08-15,5,43.1,41.2,1987
Zaragoza,Spain,686986,False,1987-09-11,1987-09-15,5,37.4,36.9,1987
Zaragoza,Spain,686986,False,1988-09-05,1988-09-07,3,40.5,38.0,1988
Zaragoza,Spain,686986,False,1991-08-24,1991-08-29,6,39.5,38.1,1991
Zaragoza,Spain,686986,False,1992-04-23,1992-04-25,3,30.6,30.2,1992
Zaragoza,Spain,686986,False,1993-08-18,1993-08-20,3,39.2,38.7,1993
Zaragoza,Spain,686986,False,1994-05-29,1994-05-31,3,37.9,36.0,1994
Zaragoza,Spain,686986,False,1994-06-29,1994-07-03,5,41.6,40.4,1994
Zaragoza,Spain,686986,False,1995-07-18,1995-07-20,3,40.9,40.1,1995
Zaragoza,Spain,686986,False,1998-06-18,1998-06-20,3,37.4,37.0,1998
Zaragoza,Spain,686986,False,2001-05-27,2001-05-29,3,36.4,36.2,2001
Zaragoza,Spain,686986,False,2001-06-20,2001-06-25,6,40.8,38.6,2001
Zaragoza,Spain,686986,False,2002-06-15,2002-06-17,3,37.1,36.8,2002
Zaragoza,Spain,686986,False,2003-06-12,2003-06-14,3,37.1,36.6,2003
Zaragoza,Spain,686986,False,2003-06-19,2003-06-23,5,39.4,38.2,2003
Zaragoza,Spain,686986,False,2003-08-02,2003-08-04,3,39.5,39.2,2003
Zaragoza,Spain,686986,False,2003-08-09,2003-08-13,5,39.7,39.2,2003
Zaragoza,Spain,686986,False,2005-04-27,2005-04-30,4,33.2,32.1,2005
Zaragoza,Spain,686986,False,2005-07-14,2005-07-16,3,40.3,39.7,2005
Zaragoza,Spain,686986,False,2006-05-14,2006-05-16,3,37.4,33.9,2006
Zaragoza,Spain,686986,False,2009-08-16,2009-08-19,4,39.1,38.8,2009
Zaragoza,Spain,686986,False,2011-08-18,2011-08-21,4,40.8,39.2,2011
Zaragoza,Spain,686986,False,2012-05-30,2012-06-01,3,37.4,36.1,2012
Zaragoza,Spain,686986,False,2012-06-25,2012-06-28,4,41.1,39.8,2012
Zaragoza,Spain,686986,False,2012-08-08,2012-08-10,3,43.1,41.4,2012
Zaragoza,Spain,686986,False,2012-08-16,2012-08-20,5,40.1,39.6,2012
Zaragoza,Spain,686986,False,2014-10-17,2014-10-20,4,29.3,28.8,2014
Zaragoza,Spain,686986,False,2015-05-09,2015-05-12,4,37.6,34.5,2015
Zaragoza,Spain,686986,False,2015-06-28,2015-06-30,3,40.8,39.7,2015
Zaragoza,Spain,686986,False,2015-07-03,2015-07-06,4,43.7,41.2,2015
Zaragoza,Spain,686986,False,2017-05-23,2017-05-25,3,34.9,34.2,2017
Zaragoza,Spain,686986,False,2017-06-10,2017-06-18,9,38.6,37.7,2017
Zaragoza,Spain,686986,False,2017-06-20,2017-06-22,3,38.8,38.0,2017
Zaragoza,Spain,686986,False,2019-06-26,2019-06-29,4,42.8,41.7,2019
Zaragoza,Spain,686986,False,2019-07-21,2019-07-24,4,40.7,40.2,2019
Zaragoza,Spain,686986,False,2021-08-11,2021-08-13,3,42.6,41.1,2021
Zaragoza,Spain,686986,False,2022-05-16,2022-05-21,6,37.5,35.1,2022
Zaragoza,Spain,686986,False,2022-06-09,2022-06-18,10,42.3,38.8,2022
Zaragoza,Spain,686986,False,2022-07-11,2022-07-18,8,42.4,40.9,2022
Zaragoza,Spain,686986,False,2022-08-09,2022-08-12,4,41.2,39.7,2022
Zaragoza,Spain,686986,False,2023-04-25,2023-04-27,3,31.4,30.6,2023
Zaragoza,Spain,686986,False,2023-08-17,2023-08-24,8,41.0,40.0,2023
Zaragoza,Spain,686986,False,2024-07-17,2024-07-19,3,42.2,41.1,2024
Zaragoza,Spain,686986,False,2024-07-28,2024-07-31,4,43.6,41.7,2024
Zaragoza,Spain,686986,False,2024-08-08,2024-08-11,4,40.9,39.8,2024
Zaragoza,Spain,686986,False,2025-05-28,2025-05-31,4,37.2,36.9,2025
Zaragoza,Spain,686986,False,2025-06-16,2025-06-24,9,39.2,37.9,2025
Zaragoza,Spain,686986,False,2025-06-27,2025-06-30,4,41.4,40.3,2025
Zaragoza,Spain,686986,False,2025-08-06,2025-08-11,6,42.4,40.1,2025
Zaragoza,Spain,686986,False,2025-08-14,2025-08-16,3,41.6,40.8,2025
Seville,Spain,686741,False,1981-06-10,1981-06-16,7,41.8,39.5,1981
Seville,Spain,686741,False,1983-09-24,1983-09-26,3,38.7,37.9,1983
Seville,Spain,686741,False,1988-09-05,1988-09-07,3,41.8,41.1,1988
Seville,Spain,686741,False,1991-07-11,1991-07-13,3,42.6,41.1,1991
Seville,Spain,686741,False,1992-08-03,1992-08-05,3,41.6,40.9,1992
Seville,Spain,686741,False,1994-07-02,1994-07-04,3,42.0,40.5,1994
Seville,Spain,686741,False,1995-04-06,1995-04-09,4,31.7,30.5,1995
Seville,Spain,686741,False,1995-07-17,1995-07-23,7,43.7,42.1,1995
Seville,Spain,686741,False,1995-10-29,1995-10-31,3,29.3,29.0,1995
Seville,Spain,686741,False,1999-04-03,1999-04-07,5,30.2,29.4,1999
Seville,Spain,686741,False,2000-07-30,2000-08-01,3,41.2,40.7,2000
Seville,Spain,686741,False,2003-07-30,2003-08-03,5,44.0,41.9,2003
Seville,Spain,686741,False,2003-08-08,2003-08-12,5,41.0,40.2,2003
Seville,Spain,686741,False,2004-06-26,2004-06-30,5,41.1,40.1,2004
Seville,Spain,686741,False,2004-07-23,2004-07-25,3,42.7,41.6,2004
Seville,Spain,686741,False,2005-08-04,2005-08-06,3,42.9,41.1,2005
Seville,Spain,686741,False,2007-07-27,2007-07-29,3,41.0,40.8,2007
Seville,Spain,686741,False,2009-06-11,2009-06-13,3,39.5,38.8,2009
Seville,Spain,686741,False,2009-06-17,2009-06-19,3,40.4,39.1,2009
Seville,Spain,686741,False,2009-10-29,2009-10-31,3,30.5,29.9,2009
Seville,Spain,686741,False,2010-08-08,2010-08-10,3,41.5,40.8,2010
Seville,Spain,686741,False,2010-08-24,2010-08-27,4,42.0,40.7,2010
Seville,Spain,686741,False,2011-04-05,2011-04-07,3,28.4,28.2,2011
Seville,Spain,686741,False,2011-10-11,2011-10-13,3,34.1,34.0,2011
Seville,Spain,686741,False,2012-05-09,2012-05-16,8,36.6,35.4,2012
Seville,Spain,686741,False,2012-06-23,2012-06-26,4,41.6,40.7,2012
Seville,Spain,686741,False,2012-08-08,2012-08-10,3,43.2,42.1,2012
Seville,Spain,686741,False,2012-08-19,2012-08-21,3,41.6,40.4,2012
Seville,Spain,686741,False,2013-07-07,2013-07-09,3,40.4,40.1,2013
Seville,Spain,686741,False,2014-05-10,2014-05-12,3,34.7,34.3,2014
Seville,Spain,686741,False,2014-06-12,2014-06-14,3,39.0,38.2,2014
Seville,Spain,686741,False,2015-03-28,2015-04-01,5,30.8,29.2,2015
Seville,Spain,686741,False,2015-05-09,2015-05-13,5,39.8,37.0,2015
Seville,Spain,686741,False,2015-06-25,2015-06-27,3,41.3,40.2,2015
Seville,Spain,686741,False,2015-07-05,2015-07-07,3,41.3,40.7,2015
Seville,Spain,686741,False,2016-09-02,2016-09-06,5,43.1,40.8,2016
Seville,Spain,686741,False,2017-04-09,2017-04-11,3,30.6,29.4,2017
Seville,Spain,686741,False,2017-04-15,2017-04-18,4,32.9,30.4,2017
Seville,Spain,686741,False,2017-06-14,2017-06-19,6,42.8,40.8,2017
Seville,Spain,686741,False,2017-08-02,2017-08-05,4,42.2,40.8,2017
Seville,Spain,686741,False,2017-10-11,2017-10-14,4,34.7,34.2,2017
Seville,Spain,686741,False,2018-07-31,2018-08-06,7,43.2,41.4,2018
Seville,Spain,686741,False,2018-09-22,2018-09-24,3,37.8,37.2,2018
Seville,Spain,686741,False,2020-05-20,2020-05-27,8,37.0,35.4,2020
Seville,Spain,686741,False,2020-07-04,2020-07-06,3,43.0,41.4,2020
Seville,Spain,686741,False,2021-08-12,2021-08-15,4,44.4,43.6,2021
Seville,Spain,686741,False,2022-05-16,2022-05-19,4,40.2,36.7,2022
Seville,Spain,686741,False,2022-06-08,2022-06-14,7,42.6,41.1,2022
Seville,Spain,686741,False,2022-07-07,2022-07-16,10,45.2,42.8,2022
Seville,Spain,686741,False,2022-07-19,2022-07-25,7,44.6,42.4,2022
Seville,Spain,686741,False,2022-07-30,2022-08-01,3,41.5,41.1,2022
Seville,Spain,686741,False,2022-08-19,2022-08-21,3,40.8,39.7,2022
Seville,Spain,686741,False,2023-03-26,2023-03-29,4,29.5,29.1,2023
Seville,Spain,686741,False,2023-04-05,2023-04-10,6,32.2,30.1,2023
Seville,Spain,686741,False,2023-04-13,2023-04-18,6,30.9,30.1,2023
Seville,Spain,686741,False,2023-04-23,2023-04-27,5,37.2,34.6,2023
Seville,Spain,686741,False,2023-05-07,2023-05-09,3,35.4,34.9,2023
Seville,Spain,686741,False,2023-06-22,2023-06-28,7,43.1,41.0,2023
Seville,Spain,686741,False,2023-07-09,2023-07-12,4,42.3,41.5,2023
Seville,Spain,686741,False,2023-08-05,2023-08-07,3,43.0,42.8,2023
Seville,Spain,686741,False,2023-08-09,2023-08-11,3,44.4,43.4,2023
Seville,Spain,686741,False,2023-08-18,2023-08-25,8,43.2,41.8,2023
Seville,Spain,686741,False,2023-09-28,2023-10-02,5,37.4,36.6,2023
Seville,Spain,686741,False,2023-10-04,2023-10-07,4,36.4,35.8,2023
Seville,Spain,686741,False,2024-04-14,2024-04-16,3,31.1,30.1,2024
Seville,Spain,686741,False,2024-05-28,2024-05-30,3,37.9,37.3,2024
Seville,Spain,686741,False,2025-05-25,2025-05-30,6,39.4,37.7,2025
Seville,Spain,686741,False,2025-06-15,2025-06-19,5,40.0,39.7,2025
Seville,Spain,686741,False,2025-06-26,2025-07-02,7,42.6,41.2,2025
Seville,Spain,686741,False,2025-08-09,2025-08-17,9,43.8,42.0,2025
Wroclaw,Poland,672545,False,1981-06-01,1981-06-03,3,30.3,29.7,1981
Wroclaw,Poland,672545,False,1982-06-01,1982-06-05,5,30.3,29.7,1982
Wroclaw,Poland,672545,False,1990-08-28,1990-08-30,3,31.2,30.5,1990
Wroclaw,Poland,672545,False,1992-08-07,1992-08-09,3,35.7,34.7,1992
Wroclaw,Poland,672545,False,1994-06-25,1994-06-28,4,31.9,31.4,1994
Wroclaw,Poland,672545,False,1994-07-23,1994-08-01,10,35.9,34.0,1994
Wroclaw,Poland,672545,False,2000-06-19,2000-06-21,3,33.1,31.4,2000
Wroclaw,Poland,672545,False,2005-05-27,2005-05-29,3,30.9,30.3,2005
Wroclaw,Poland,672545,False,2006-07-18,2006-07-23,6,33.2,31.7,2006
Wroclaw,Poland,672545,False,2006-07-25,2006-07-27,3,32.7,32.5,2006
Wroclaw,Poland,672545,False,2007-05-24,2007-05-26,3,28.5,28.3,2007
Wroclaw,Poland,672545,False,2007-07-14,2007-07-16,3,32.5,32.0,2007
Wroclaw,Poland,672545,False,2010-07-09,2010-07-16,8,33.1,31.6,2010
Wroclaw,Poland,672545,False,2014-06-07,2014-06-10,4,31.3,30.2,2014
Wroclaw,Poland,672545,False,2015-08-05,2015-08-11,7,36.0,33.8,2015
Wroclaw,Poland,672545,False,2015-08-29,2015-08-31,3,34.2,33.5,2015
Wroclaw,Poland,672545,False,2016-09-10,2016-09-12,3,30.0,29.9,2016
Wroclaw,Poland,672545,False,2018-07-30,2018-08-02,4,32.3,31.9,2018
Wroclaw,Poland,672545,False,2018-08-06,2018-08-08,3,34.2,32.5,2018
Wroclaw,Poland,672545,False,2019-06-09,2019-06-11,3,32.4,31.0,2019
Wroclaw,Poland,672545,False,2019-08-28,2019-08-31,4,31.9,30.6,2019
Wroclaw,Poland,672545,False,2021-06-16,2021-06-20,5,32.2,31.4,2021
Wroclaw,Poland,672545,False,2022-07-18,2022-07-21,4,36.1,33.8,2022
Wroclaw,Poland,672545,False,2022-08-16,2022-08-18,3,32.4,31.8,2022
Wroclaw,Poland,672545,False,2023-09-09,2023-09-11,3,28.9,28.6,2023
Wroclaw,Poland,672545,False,2024-06-27,2024-06-29,3,33.2,31.0,2024
Wroclaw,Poland,672545,False,2024-09-02,2024-09-04,3,30.5,29.7,2024
Athens,Greece,664046,True,1982-06-24,1982-06-27,4,42.0,38.9,1982
Athens,Greece,664046,True,1984-10-04,1984-10-07,4,31.9,31.7,1984
Athens,Greece,664046,True,1987-07-20,1987-07-26,7,42.3,40.1,1987
Athens,Greece,664046,True,1988-07-05,1988-07-07,3,41.9,40.1,1988
Athens,Greece,664046,True,1991-09-29,1991-10-01,3,36.6,35.5,1991
Athens,Greece,664046,True,1993-08-24,1993-08-26,3,39.3,38.1,1993
Athens,Greece,664046,True,1993-10-14,1993-10-17,4,31.7,30.5,1993
Athens,Greece,664046,True,1994-05-23,1994-05-26,4,35.9,34.4,1994
Athens,Greece,664046,True,1998-07-01,1998-07-03,3,42.9,40.3,1998
Athens,Greece,664046,True,1999-04-30,1999-05-02,3,31.4,30.9,1999
Athens,Greece,664046,True,1999-08-09,1999-08-12,4,38.1,37.8,1999
Athens,Greece,664046,True,1999-08-18,1999-08-21,4,39.1,38.3,1999
Athens,Greece,664046,True,2000-07-03,2000-07-05,3,42.0,40.5,2000
Athens,Greece,664046,True,2000-07-25,2000-07-27,3,41.1,39.8,2000
Athens,Greece,664046,True,2000-09-18,2000-09-21,4,34.9,34.3,2000
Athens,Greece,664046,True,2003-08-29,2003-08-31,3,39.8,37.8,2003
Athens,Greece,664046,True,2006-08-19,2006-08-21,3,40.5,38.7,2006
Athens,Greece,664046,True,2007-06-22,2007-06-27,6,43.5,40.3,2007
Athens,Greece,664046,True,2007-07-22,2007-07-24,3,42.4,41.1,2007
Athens,Greece,664046,True,2010-06-14,2010-06-16,3,38.0,37.2,2010
Athens,Greece,664046,True,2010-08-12,2010-08-17,6,37.8,37.2,2010
Athens,Greece,664046,True,2012-08-05,2012-08-07,3,39.5,38.6,2012
Athens,Greece,664046,True,2012-08-21,2012-08-26,6,38.1,37.3,2012
Athens,Greece,664046,True,2012-09-24,2012-09-26,3,35.1,33.7,2012
Athens,Greece,664046,True,2013-04-29,2013-05-03,5,30.7,30.3,2013
Athens,Greece,664046,True,2014-08-21,2014-08-23,3,37.8,37.2,2014
Athens,Greece,664046,True,2015-09-03,2015-09-06,4,38.6,36.3,2015
Athens,Greece,664046,True,2016-04-17,2016-04-19,3,29.5,29.0,2016
Athens,Greece,664046,True,2016-06-16,2016-06-19,4,38.6,37.8,2016
Athens,Greece,664046,True,2017-06-29,2017-07-01,3,43.8,41.6,2017
Athens,Greece,664046,True,2020-05-15,2020-05-17,3,35.2,34.1,2020
Athens,Greece,664046,True,2021-07-28,2021-08-04,8,43.5,39.3,2021
Athens,Greece,664046,True,2024-06-10,2024-06-13,4,39.8,37.4,2024
Athens,Greece,664046,True,2024-08-12,2024-08-16,5,37.8,37.2,2024
Athens,Greece,664046,True,2025-06-24,2025-06-26,3,38.8,38.3,2025
Athens,Greece,664046,True,2025-07-23,2025-07-26,4,41.2,39.6,2025
Zagreb,Croatia,663592,True,1983-07-17,1983-07-19,3,34.7,34.1,1983
Zagreb,Croatia,663592,True,1987-09-12,1987-09-14,3,31.7,31.1,1987
Zagreb,Croatia,663592,True,1987-09-16,1987-09-19,4,32.0,30.5,1987
Zagreb,Croatia,663592,True,1988-07-04,1988-07-06,3,35.1,33.8,1988
Zagreb,Croatia,663592,True,1988-08-13,1988-08-15,3,34.9,33.7,1988
Zagreb,Croatia,663592,True,1992-08-06,1992-08-09,4,34.8,34.1,1992
Zagreb,Croatia,663592,True,1992-08-17,1992-08-20,4,35.8,35.3,1992
Zagreb,Croatia,663592,True,1992-08-25,1992-08-28,4,35.1,34.2,1992
Zagreb,Croatia,663592,True,1993-08-21,1993-08-23,3,34.5,34.2,1993
Zagreb,Croatia,663592,True,1996-06-07,1996-06-11,5,31.5,31.0,1996
Zagreb,Croatia,663592,True,1998-06-04,1998-06-06,3,32.7,31.7,1998
Zagreb,Croatia,663592,True,2000-06-20,2000-06-22,3,34.2,33.5,2000
Zagreb,Croatia,663592,True,2000-08-16,2000-08-21,6,36.3,34.9,2000
Zagreb,Croatia,663592,True,2002-06-20,2002-06-23,4,33.6,32.2,2002
Zagreb,Croatia,663592,True,2003-05-05,2003-05-08,4,32.1,30.7,2003
Zagreb,Croatia,663592,True,2003-06-04,2003-06-13,10,33.8,31.7,2003
Zagreb,Croatia,663592,True,2003-06-22,2003-06-24,3,33.4,33.1,2003
Zagreb,Croatia,663592,True,2005-07-27,2005-07-29,3,35.2,34.8,2005
Zagreb,Croatia,663592,True,2006-06-25,2006-06-27,3,33.6,33.0,2006
Zagreb,Croatia,663592,True,2007-06-19,2007-06-21,3,33.4,32.9,2007
Zagreb,Croatia,663592,True,2007-07-14,2007-07-22,9,37.8,35.5,2007
Zagreb,Croatia,663592,True,2008-06-21,2008-06-25,5,31.9,31.4,2008
Zagreb,Croatia,663592,True,2010-07-13,2010-07-16,4,33.9,33.5,2010
Zagreb,Croatia,663592,True,2011-07-06,2011-07-10,5,35.9,34.1,2011
Zagreb,Croatia,663592,True,2011-08-21,2011-08-26,6,37.0,36.0,2011
Zagreb,Croatia,663592,True,2011-09-09,2011-09-13,5,32.7,31.0,2011
Zagreb,Croatia,663592,True,2012-06-16,2012-06-20,5,34.3,33.0,2012
Zagreb,Croatia,663592,True,2012-06-28,2012-07-05,8,36.8,34.5,2012
Zagreb,Croatia,663592,True,2012-08-19,2012-08-24,6,37.8,36.3,2012
Zagreb,Croatia,663592,True,2013-06-16,2013-06-21,6,34.5,33.0,2013
Zagreb,Croatia,663592,True,2013-07-26,2013-07-28,3,37.7,36.8,2013
Zagreb,Croatia,663592,True,2013-08-01,2013-08-08,8,38.8,36.1,2013
Zagreb,Croatia,663592,True,2014-06-08,2014-06-10,3,32.7,31.4,2014
Zagreb,Croatia,663592,True,2015-07-05,2015-07-07,3,36.2,35.4,2015
Zagreb,Croatia,663592,True,2015-07-15,2015-07-18,4,36.7,35.2,2015
Zagreb,Croatia,663592,True,2015-08-11,2015-08-14,4,35.0,34.3,2015
Zagreb,Croatia,663592,True,2015-08-29,2015-08-31,3,32.3,32.2,2015
Zagreb,Croatia,663592,True,2015-09-15,2015-09-17,3,33.0,30.7,2015
Zagreb,Croatia,663592,True,2017-06-19,2017-06-23,5,34.0,32.8,2017
Zagreb,Croatia,663592,True,2017-07-06,2017-07-10,5,36.0,33.9,2017
Zagreb,Croatia,663592,True,2017-07-31,2017-08-04,5,37.8,35.7,2017
Zagreb,Croatia,663592,True,2017-08-24,2017-08-26,3,34.2,33.8,2017
Zagreb,Croatia,663592,True,2019-06-11,2019-06-13,3,30.9,30.6,2019
Zagreb,Croatia,663592,True,2021-06-19,2021-06-24,6,34.3,32.7,2021
Zagreb,Croatia,663592,True,2021-08-12,2021-08-15,4,35.2,34.1,2021
Zagreb,Croatia,663592,True,2022-06-26,2022-06-28,3,34.0,33.2,2022
Zagreb,Croatia,663592,True,2023-06-20,2023-06-22,3,34.1,33.3,2023
Zagreb,Croatia,663592,True,2023-08-24,2023-08-26,3,34.2,33.5,2023
Zagreb,Croatia,663592,True,2024-07-09,2024-07-12,4,34.0,33.8,2024
Zagreb,Croatia,663592,True,2024-08-29,2024-08-31,3,31.5,31.1,2024
Zagreb,Croatia,663592,True,2025-06-22,2025-06-25,4,36.8,34.1,2025
Zagreb,Croatia,663592,True,2025-07-01,2025-07-03,3,34.4,33.0,2025
Zagreb,Croatia,663592,True,2025-08-13,2025-08-15,3,34.6,34.3,2025
Helsinki,Finland,658864,True,1994-07-27,1994-07-29,3,28.7,28.4,1994
Helsinki,Finland,658864,True,2010-07-11,2010-07-14,4,28.7,28.4,2010
Helsinki,Finland,658864,True,2014-07-25,2014-07-27,3,28.6,28.3,2014
Helsinki,Finland,658864,True,2021-07-13,2021-07-15,3,29.2,29.0,2021
Frankfurt am Main,Germany,650000,False,1982-06-01,1982-06-04,4,30.2,29.7,1982
Frankfurt am Main,Germany,650000,False,1982-09-14,1982-09-16,3,29.3,29.0,1982
Frankfurt am Main,Germany,650000,False,1990-08-02,1990-08-04,3,34.0,33.3,1990
Frankfurt am Main,Germany,650000,False,1992-08-06,1992-08-08,3,35.6,34.2,1992
Frankfurt am Main,Germany,650000,False,1999-09-11,1999-09-14,4,29.7,29.4,1999
Frankfurt am Main,Germany,650000,False,2000-06-18,2000-06-20,3,32.0,31.2,2000
Frankfurt am Main,Germany,650000,False,2003-08-01,2003-08-12,12,37.4,35.2,2003
Frankfurt am Main,Germany,650000,False,2003-09-18,2003-09-21,4,30.2,28.7,2003
Frankfurt am Main,Germany,650000,False,2006-07-24,2006-07-26,3,34.6,33.9,2006
Frankfurt am Main,Germany,650000,False,2012-08-18,2012-08-20,3,34.7,33.1,2012
Frankfurt am Main,Germany,650000,False,2014-06-06,2014-06-09,4,32.9,31.3,2014
Frankfurt am Main,Germany,650000,False,2015-06-30,2015-07-04,5,37.2,34.9,2015
Frankfurt am Main,Germany,650000,False,2016-08-24,2016-08-27,4,33.9,32.8,2016
Frankfurt am Main,Germany,650000,False,2016-09-11,2016-09-14,4,31.2,30.4,2016
Frankfurt am Main,Germany,650000,False,2017-05-27,2017-05-29,3,31.5,30.1,2017
Frankfurt am Main,Germany,650000,False,2017-06-18,2017-06-21,4,35.6,33.1,2017
Frankfurt am Main,Germany,650000,False,2018-07-23,2018-07-26,4,34.4,33.3,2018
Frankfurt am Main,Germany,650000,False,2018-07-29,2018-08-03,6,35.4,34.2,2018
Frankfurt am Main,Germany,650000,False,2018-09-17,2018-09-19,3,30.9,29.7,2018
Frankfurt am Main,Germany,650000,False,2019-05-31,2019-06-04,5,31.7,30.8,2019
Frankfurt am Main,Germany,650000,False,2019-06-23,2019-06-26,4,37.4,33.9,2019
Frankfurt am Main,Germany,650000,False,2019-07-22,2019-07-25,4,38.8,37.0,2019
Frankfurt am Main,Germany,650000,False,2019-08-24,2019-08-28,5,32.4,31.7,2019
Frankfurt am Main,Germany,650000,False,2020-08-06,2020-08-11,6,36.2,34.9,2020
Frankfurt am Main,Germany,650000,False,2020-09-13,2020-09-15,3,30.5,30.2,2020
Frankfurt am Main,Germany,650000,False,2021-06-14,2021-06-18,5,34.6,33.1,2021
Frankfurt am Main,Germany,650000,False,2022-06-16,2022-06-18,3,35.3,33.4,2022
Frankfurt am Main,Germany,650000,False,2022-07-17,2022-07-19,3,36.6,35.2,2022
Frankfurt am Main,Germany,650000,False,2022-08-23,2022-08-25,3,32.1,31.6,2022
Frankfurt am Main,Germany,650000,False,2023-06-08,2023-06-10,3,29.4,29.0,2023
Frankfurt am Main,Germany,650000,False,2023-09-09,2023-09-11,3,29.2,28.9,2023
Frankfurt am Main,Germany,650000,False,2025-06-27,2025-07-01,5,38.2,34.3,2025
Frankfurt am Main,Germany,650000,False,2025-08-11,2025-08-14,4,35.8,34.2,2025
Palermo,Italy,648260,False,1982-06-22,1982-06-25,4,39.8,37.8,1982
Palermo,Italy,648260,False,1987-06-11,1987-06-13,3,34.3,33.8,1987
Palermo,Italy,648260,False,1987-07-23,1987-07-25,3,38.4,37.5,1987
Palermo,Italy,648260,False,1987-09-24,1987-09-27,4,36.1,34.1,1987
Palermo,Italy,648260,False,1988-05-05,1988-05-07,3,33.1,31.4,1988
Palermo,Italy,648260,False,1990-10-09,1990-10-14,6,32.2,30.3,1990
Palermo,Italy,648260,False,1993-07-03,1993-07-05,3,37.0,36.8,1993
Palermo,Italy,648260,False,1993-08-23,1993-08-26,4,36.4,35.1,1993
Palermo,Italy,648260,False,1994-05-21,1994-05-23,3,35.1,33.6,1994
Palermo,Italy,648260,False,1994-08-13,1994-08-16,4,37.4,36.5,1994
Palermo,Italy,648260,False,1994-08-22,1994-08-24,3,38.1,35.8,1994
Palermo,Italy,648260,False,1994-09-21,1994-09-23,3,31.8,31.7,1994
Palermo,Italy,648260,False,1997-06-16,1997-06-18,3,37.1,35.9,1997
Palermo,Italy,648260,False,1998-06-01,1998-06-05,5,33.7,32.6,1998
Palermo,Italy,648260,False,1998-06-28,1998-07-02,5,39.5,37.2,1998
Palermo,Italy,648260,False,1999-05-31,1999-06-03,4,34.4,32.8,1999
Palermo,Italy,648260,False,1999-08-06,1999-08-09,4,41.1,39.3,1999
Palermo,Italy,648260,False,1999-10-24,1999-10-26,3,33.2,32.1,1999
Palermo,Italy,648260,False,2000-08-21,2000-08-24,4,37.5,35.8,2000
Palermo,Italy,648260,False,2000-09-17,2000-09-19,3,34.4,34.1,2000
Palermo,Italy,648260,False,2006-05-21,2006-05-23,3,32.4,32.3,2006
Palermo,Italy,648260,False,2007-06-23,2007-06-25,3,40.8,38.4,2007
Palermo,Italy,648260,False,2007-08-20,2007-08-24,5,38.8,36.0,2007
Palermo,Italy,648260,False,2007-08-28,2007-08-30,3,39.2,35.9,2007
Palermo,Italy,648260,False,2011-09-01,2011-09-03,3,34.6,34.3,2011
Palermo,Italy,648260,False,2012-09-25,2012-09-28,4,34.3,33.5,2012
Palermo,Italy,648260,False,2014-09-18,2014-09-21,4,34.7,33.2,2014
Palermo,Italy,648260,False,2021-08-08,2021-08-10,3,38.3,36.5,2021
Palermo,Italy,648260,False,2022-10-24,2022-10-26,3,28.8,28.4,2022
Palermo,Italy,648260,False,2023-07-16,2023-07-20,5,40.0,37.3,2023
Palermo,Italy,648260,False,2023-07-22,2023-07-24,3,43.7,41.5,2023
Palermo,Italy,648260,False,2023-09-19,2023-09-21,3,36.1,34.5,2023
Lodz,Poland,639890,False,1982-06-03,1982-06-05,3,29.4,28.6,1982
Lodz,Poland,639890,False,1989-08-14,1989-08-16,3,32.1,31.1,1989
Lodz,Poland,639890,False,1992-08-07,1992-08-09,3,35.1,33.6,1992
Lodz,Poland,639890,False,1992-08-27,1992-08-30,4,35.0,31.5,1992
Lodz,Poland,639890,False,1994-07-24,1994-08-01,9,35.0,33.3,1994
Lodz,Poland,639890,False,1999-07-03,1999-07-05,3,31.0,30.2,1999
Lodz,Poland,639890,False,2005-05-27,2005-05-29,3,30.6,29.6,2005
Lodz,Poland,639890,False,2005-07-27,2005-07-29,3,32.5,31.8,2005
Lodz,Poland,639890,False,2006-07-05,2006-07-07,3,30.6,30.2,2006
Lodz,Poland,639890,False,2006-07-09,2006-07-12,4,31.5,31.0,2006
Lodz,Poland,639890,False,2010-07-14,2010-07-16,3,32.8,31.3,2010
Lodz,Poland,639890,False,2013-08-05,2013-08-07,3,35.2,32.4,2013
Lodz,Poland,639890,False,2015-08-03,2015-08-11,9,35.0,32.1,2015
Lodz,Poland,639890,False,2015-08-29,2015-08-31,3,33.5,32.5,2015
Lodz,Poland,639890,False,2018-05-29,2018-05-31,3,29.8,29.1,2018
Lodz,Poland,639890,False,2018-07-30,2018-08-03,5,30.9,30.5,2018
Lodz,Poland,639890,False,2018-08-07,2018-08-09,3,33.5,31.9,2018
Lodz,Poland,639890,False,2019-06-09,2019-06-12,4,32.8,31.3,2019
Lodz,Poland,639890,False,2019-07-27,2019-07-29,3,34.0,32.1,2019
Lodz,Poland,639890,False,2019-08-25,2019-08-31,7,32.0,31.3,2019
Lodz,Poland,639890,False,2021-06-17,2021-06-21,5,31.0,30.7,2021
Lodz,Poland,639890,False,2023-08-13,2023-08-16,4,33.4,31.9,2023
Lodz,Poland,639890,False,2024-07-09,2024-07-11,3,33.6,31.6,2024
Lodz,Poland,639890,False,2024-08-14,2024-08-16,3,30.6,30.1,2024
Lodz,Poland,639890,False,2025-08-12,2025-08-14,3,31.2,30.4,2025
Chișinău,Moldova,635994,True,1986-09-15,1986-09-17,3,31.6,30.7,1986
Chișinău,Moldova,635994,True,1987-07-22,1987-07-25,4,34.8,33.8,1987
Chișinău,Moldova,635994,True,1992-08-08,1992-08-10,3,34.1,33.5,1992
Chișinău,Moldova,635994,True,1992-08-13,1992-08-15,3,33.5,33.0,1992
Chișinău,Moldova,635994,True,1992-08-26,1992-08-28,3,33.3,33.0,1992
Chișinău,Moldova,635994,True,1994-05-16,1994-05-18,3,31.8,29.9,1994
Chișinău,Moldova,635994,True,1996-07-06,1996-07-08,3,34.9,34.2,1996
Chișinău,Moldova,635994,True,1998-08-01,1998-08-03,3,35.8,34.6,1998
Chișinău,Moldova,635994,True,1999-08-08,1999-08-10,3,35.4,34.1,1999
Chișinău,Moldova,635994,True,2000-08-17,2000-08-21,5,37.7,35.3,2000
Chișinău,Moldova,635994,True,2001-08-08,2001-08-10,3,34.7,33.6,2001
Chișinău,Moldova,635994,True,2002-05-24,2002-05-26,3,29.8,29.4,2002
Chișinău,Moldova,635994,True,2002-07-06,2002-07-11,6,35.7,34.1,2002
Chișinău,Moldova,635994,True,2002-07-14,2002-07-17,4,34.1,33.2,2002
Chișinău,Moldova,635994,True,2003-05-07,2003-05-14,8,32.0,30.4,2003
Chișinău,Moldova,635994,True,2005-07-28,2005-07-31,4,34.7,33.9,2005
Chișinău,Moldova,635994,True,2006-08-17,2006-08-19,3,33.6,32.9,2006
Chișinău,Moldova,635994,True,2007-05-19,2007-05-28,10,33.7,31.3,2007
Chișinău,Moldova,635994,True,2007-07-15,2007-07-23,9,39.1,37.1,2007
Chișinău,Moldova,635994,True,2007-07-27,2007-07-29,3,36.1,35.2,2007
Chișinău,Moldova,635994,True,2007-08-19,2007-08-24,6,37.3,34.8,2007
Chișinău,Moldova,635994,True,2008-08-12,2008-08-16,5,34.9,34.1,2008
Chișinău,Moldova,635994,True,2008-09-05,2008-09-07,3,31.3,31.0,2008
Chișinău,Moldova,635994,True,2009-06-08,2009-06-10,3,32.8,32.2,2009
Chișinău,Moldova,635994,True,2009-07-15,2009-07-18,4,34.9,33.8,2009
Chișinău,Moldova,635994,True,2009-07-22,2009-07-24,3,36.2,34.8,2009
Chișinău,Moldova,635994,True,2010-06-10,2010-06-13,4,34.5,33.5,2010
Chișinău,Moldova,635994,True,2010-07-31,2010-08-07,8,35.7,34.2,2010
Chișinău,Moldova,635994,True,2010-08-09,2010-08-16,8,36.9,35.1,2010
Chișinău,Moldova,635994,True,2011-07-17,2011-07-19,3,33.5,33.1,2011
Chișinău,Moldova,635994,True,2012-04-28,2012-05-03,6,30.4,29.8,2012
Chișinău,Moldova,635994,True,2012-06-17,2012-06-22,6,37.1,34.5,2012
Chișinău,Moldova,635994,True,2012-07-02,2012-07-09,8,36.4,34.1,2012
Chișinău,Moldova,635994,True,2012-07-24,2012-07-29,6,35.5,34.7,2012
Chișinău,Moldova,635994,True,2012-07-31,2012-08-06,7,38.3,34.6,2012
Chișinău,Moldova,635994,True,2012-08-22,2012-08-25,4,38.3,35.9,2012
Chișinău,Moldova,635994,True,2014-08-01,2014-08-03,3,35.1,34.7,2014
Chișinău,Moldova,635994,True,2014-08-11,2014-08-13,3,35.2,33.9,2014
Chișinău,Moldova,635994,True,2015-07-05,2015-07-08,4,35.4,34.1,2015
Chișinău,Moldova,635994,True,2015-07-21,2015-07-25,5,35.6,34.4,2015
Chișinău,Moldova,635994,True,2015-08-09,2015-08-11,3,35.3,34.5,2015
Chișinău,Moldova,635994,True,2015-08-30,2015-09-04,6,36.4,34.5,2015
Chișinău,Moldova,635994,True,2016-06-20,2016-06-22,3,33.8,33.4,2016
Chișinău,Moldova,635994,True,2016-07-13,2016-07-16,4,34.2,33.3,2016
Chișinău,Moldova,635994,True,2016-09-07,2016-09-10,4,30.3,29.9,2016
Chișinău,Moldova,635994,True,2017-08-01,2017-08-05,5,36.0,34.9,2017
Chișinău,Moldova,635994,True,2017-08-10,2017-08-12,3,33.6,33.5,2017
Chișinău,Moldova,635994,True,2017-08-17,2017-08-19,3,33.4,33.0,2017
Chișinău,Moldova,635994,True,2018-05-02,2018-05-04,3,30.7,29.7,2018
Chișinău,Moldova,635994,True,2018-08-31,2018-09-03,4,31.7,31.3,2018
Chișinău,Moldova,635994,True,2019-08-10,2019-08-12,3,33.5,32.7,2019
Chișinău,Moldova,635994,True,2020-06-09,2020-06-11,3,31.4,31.4,2020
Chișinău,Moldova,635994,True,2020-08-28,2020-09-02,6,33.4,32.2,2020
Chișinău,Moldova,635994,True,2023-08-15,2023-08-20,6,34.8,33.2,2023
Chișinău,Moldova,635994,True,2023-08-25,2023-08-29,5,37.7,35.6,2023
Chișinău,Moldova,635994,True,2023-09-22,2023-09-24,3,28.8,28.6,2023
Chișinău,Moldova,635994,True,2024-06-29,2024-07-01,3,32.9,32.7,2024
Chișinău,Moldova,635994,True,2024-07-07,2024-07-17,11,37.8,35.4,2024
Chișinău,Moldova,635994,True,2024-08-15,2024-08-20,6,34.4,33.7,2024
Chișinău,Moldova,635994,True,2024-08-24,2024-08-27,4,35.0,33.3,2024
Chișinău,Moldova,635994,True,2025-06-05,2025-06-07,3,30.8,30.7,2025
Chișinău,Moldova,635994,True,2025-07-05,2025-07-07,3,35.8,34.4,2025
Chișinău,Moldova,635994,True,2025-07-23,2025-07-27,5,36.0,34.0,2025
Düsseldorf,Germany,618685,False,1982-06-01,1982-06-03,3,28.3,28.2,1982
Düsseldorf,Germany,618685,False,1990-08-01,1990-08-03,3,34.6,32.9,1990
Düsseldorf,Germany,618685,False,1991-09-01,1991-09-03,3,28.7,28.5,1991
Düsseldorf,Germany,618685,False,1992-08-06,1992-08-08,3,33.3,31.7,1992
Düsseldorf,Germany,618685,False,1994-08-02,1994-08-04,3,34.0,32.0,1994
Düsseldorf,Germany,618685,False,1995-07-08,1995-07-10,3,32.3,31.7,1995
Düsseldorf,Germany,618685,False,1996-06-05,1996-06-07,3,30.2,29.2,1996
Düsseldorf,Germany,618685,False,2001-08-23,2001-08-25,3,33.4,31.3,2001
Düsseldorf,Germany,618685,False,2003-08-04,2003-08-11,8,36.4,33.1,2003
Düsseldorf,Germany,618685,False,2006-07-17,2006-07-21,5,34.5,31.9,2006
Düsseldorf,Germany,618685,False,2006-07-24,2006-07-26,3,33.6,32.1,2006
Düsseldorf,Germany,618685,False,2010-07-07,2010-07-11,5,34.1,32.6,2010
Düsseldorf,Germany,618685,False,2012-08-17,2012-08-19,3,34.9,31.8,2012
Düsseldorf,Germany,618685,False,2015-06-30,2015-07-03,4,34.9,32.9,2015
Düsseldorf,Germany,618685,False,2016-08-23,2016-08-27,5,32.3,30.4,2016
Düsseldorf,Germany,618685,False,2016-09-11,2016-09-14,4,31.6,30.4,2016
Düsseldorf,Germany,618685,False,2017-06-18,2017-06-21,4,33.9,31.1,2017
Düsseldorf,Germany,618685,False,2018-07-23,2018-07-26,4,34.8,33.6,2018
Düsseldorf,Germany,618685,False,2018-08-01,2018-08-03,3,34.1,32.9,2018
Düsseldorf,Germany,618685,False,2019-06-23,2019-06-25,3,35.4,32.3,2019
Düsseldorf,Germany,618685,False,2019-07-22,2019-07-25,4,39.1,36.7,2019
Düsseldorf,Germany,618685,False,2019-08-23,2019-08-27,5,32.4,30.8,2019
Düsseldorf,Germany,618685,False,2020-08-05,2020-08-12,8,36.1,33.4,2020
Düsseldorf,Germany,618685,False,2021-06-15,2021-06-17,3,32.7,31.4,2021
Düsseldorf,Germany,618685,False,2022-08-09,2022-08-13,5,32.6,32.0,2022
Düsseldorf,Germany,618685,False,2022-08-22,2022-08-24,3,33.2,31.8,2022
Düsseldorf,Germany,618685,False,2023-06-08,2023-06-11,4,29.3,28.9,2023
Düsseldorf,Germany,618685,False,2023-09-05,2023-09-10,6,29.8,29.0,2023
Düsseldorf,Germany,618685,False,2025-06-29,2025-07-01,3,37.6,35.0,2025
Düsseldorf,Germany,618685,False,2025-08-11,2025-08-13,3,34.5,33.6,2025
Stuttgart,Germany,612663,False,1983-07-25,1983-07-27,3,35.4,34.1,1983
Stuttgart,Germany,612663,False,1992-08-06,1992-08-08,3,33.8,32.9,1992
Stuttgart,Germany,612663,False,2000-06-18,2000-06-20,3,31.6,30.8,2000
Stuttgart,Germany,612663,False,2003-06-09,2003-06-11,3,33.0,30.7,2003
Stuttgart,Germany,612663,False,2003-08-02,2003-08-12,11,36.2,34.9,2003
Stuttgart,Germany,612663,False,2005-05-26,2005-05-28,3,29.4,29.1,2005
Stuttgart,Germany,612663,False,2006-07-18,2006-07-21,4,33.1,32.6,2006
Stuttgart,Germany,612663,False,2006-07-24,2006-07-26,3,33.3,33.0,2006
Stuttgart,Germany,612663,False,2011-08-20,2011-08-22,3,32.0,31.4,2011
Stuttgart,Germany,612663,False,2012-08-17,2012-08-20,4,34.6,32.9,2012
Stuttgart,Germany,612663,False,2013-06-16,2013-06-19,4,33.0,31.8,2013
Stuttgart,Germany,612663,False,2013-07-25,2013-07-27,3,34.5,33.3,2013
Stuttgart,Germany,612663,False,2014-06-06,2014-06-10,5,34.0,31.4,2014
Stuttgart,Germany,612663,False,2015-06-30,2015-07-04,5,35.6,33.5,2015
Stuttgart,Germany,612663,False,2015-08-05,2015-08-08,4,35.9,33.9,2015
Stuttgart,Germany,612663,False,2015-08-28,2015-08-30,3,31.9,31.3,2015
Stuttgart,Germany,612663,False,2016-08-24,2016-08-27,4,32.5,31.7,2016
Stuttgart,Germany,612663,False,2016-09-11,2016-09-13,3,30.1,29.7,2016
Stuttgart,Germany,612663,False,2017-06-19,2017-06-21,3,32.2,30.2,2017
Stuttgart,Germany,612663,False,2019-06-02,2019-06-04,3,28.9,28.6,2019
Stuttgart,Germany,612663,False,2019-06-24,2019-06-26,3,32.6,31.3,2019
Stuttgart,Germany,612663,False,2019-07-22,2019-07-25,4,35.6,34.0,2019
Stuttgart,Germany,612663,False,2020-08-08,2020-08-11,4,32.2,31.8,2020
Stuttgart,Germany,612663,False,2021-06-15,2021-06-18,4,31.6,30.5,2021
Stuttgart,Germany,612663,False,2023-08-18,2023-08-21,4,32.6,31.2,2023
Stuttgart,Germany,612663,False,2023-09-08,2023-09-11,4,28.8,28.4,2023
Stuttgart,Germany,612663,False,2024-08-27,2024-08-31,5,31.0,30.1,2024
Stuttgart,Germany,612663,False,2025-06-27,2025-07-01,5,35.4,32.8,2025
Stuttgart,Germany,612663,False,2025-08-12,2025-08-14,3,32.6,32.2,2025
Gothenburg,Sweden,608462,False,1982-07-30,1982-08-01,3,28.6,28.5,1982
Gothenburg,Sweden,608462,False,1982-08-03,1982-08-06,4,30.0,29.3,1982
Gothenburg,Sweden,608462,False,2014-07-23,2014-07-25,3,29.4,29.2,2014
Kryvyi Rih,Ukraine,603904,False,1986-09-15,1986-09-17,3,30.7,29.6,1986
Kryvyi Rih,Ukraine,603904,False,1991-07-01,1991-07-03,3,34.0,33.0,1991
Kryvyi Rih,Ukraine,603904,False,1994-09-13,1994-09-15,3,30.8,30.1,1994
Kryvyi Rih,Ukraine,603904,False,1994-09-17,1994-09-20,4,32.4,30.6,1994
Kryvyi Rih,Ukraine,603904,False,1996-07-06,1996-07-11,6,36.2,34.7,1996
Kryvyi Rih,Ukraine,603904,False,1998-07-31,1998-08-04,5,36.5,35.0,1998
Kryvyi Rih,Ukraine,603904,False,1999-07-06,1999-07-09,4,34.7,33.9,1999
Kryvyi Rih,Ukraine,603904,False,1999-07-25,1999-07-28,4,35.0,34.1,1999
Kryvyi Rih,Ukraine,603904,False,2001-07-15,2001-07-17,3,34.0,33.7,2001
Kryvyi Rih,Ukraine,603904,False,2001-07-19,2001-07-22,4,35.2,34.2,2001
Kryvyi Rih,Ukraine,603904,False,2002-07-06,2002-07-13,8,36.4,34.6,2002
Kryvyi Rih,Ukraine,603904,False,2002-07-28,2002-07-30,3,34.3,33.8,2002
Kryvyi Rih,Ukraine,603904,False,2003-05-09,2003-05-14,6,32.1,30.3,2003
Kryvyi Rih,Ukraine,603904,False,2003-05-22,2003-05-26,5,31.8,30.6,2003
Kryvyi Rih,Ukraine,603904,False,2005-05-21,2005-05-24,4,30.6,30.2,2005
Kryvyi Rih,Ukraine,603904,False,2005-05-28,2005-05-30,3,32.4,31.5,2005
Kryvyi Rih,Ukraine,603904,False,2007-05-17,2007-05-27,11,34.4,32.2,2007
Kryvyi Rih,Ukraine,603904,False,2007-07-18,2007-07-24,7,37.8,35.1,2007
Kryvyi Rih,Ukraine,603904,False,2007-08-18,2007-08-24,7,37.4,35.7,2007
Kryvyi Rih,Ukraine,603904,False,2008-08-12,2008-08-17,6,36.4,35.3,2008
Kryvyi Rih,Ukraine,603904,False,2009-06-07,2009-06-10,4,33.5,32.3,2009
Kryvyi Rih,Ukraine,603904,False,2009-07-15,2009-07-18,4,34.8,34.2,2009
Kryvyi Rih,Ukraine,603904,False,2010-06-11,2010-06-14,4,33.8,32.9,2010
Kryvyi Rih,Ukraine,603904,False,2010-07-30,2010-08-16,18,38.4,36.0,2010
Kryvyi Rih,Ukraine,603904,False,2012-04-28,2012-05-04,7,29.6,28.8,2012
Kryvyi Rih,Ukraine,603904,False,2012-05-09,2012-05-11,3,31.1,30.1,2012
Kryvyi Rih,Ukraine,603904,False,2012-06-10,2012-06-13,4,34.1,32.7,2012
Kryvyi Rih,Ukraine,603904,False,2012-06-17,2012-06-22,6,35.1,33.7,2012
Kryvyi Rih,Ukraine,603904,False,2012-07-05,2012-07-08,4,33.6,33.3,2012
Kryvyi Rih,Ukraine,603904,False,2012-07-20,2012-07-22,3,35.4,34.8,2012
Kryvyi Rih,Ukraine,603904,False,2012-07-24,2012-07-29,6,35.9,34.6,2012
Kryvyi Rih,Ukraine,603904,False,2012-08-01,2012-08-07,7,36.5,35.1,2012
Kryvyi Rih,Ukraine,603904,False,2012-08-24,2012-08-26,3,35.0,34.7,2012
Kryvyi Rih,Ukraine,603904,False,2013-06-25,2013-06-27,3,33.6,33.2,2013
Kryvyi Rih,Ukraine,603904,False,2014-07-31,2014-08-03,4,35.5,34.7,2014
Kryvyi Rih,Ukraine,603904,False,2014-08-12,2014-08-14,3,36.3,35.4,2014
Kryvyi Rih,Ukraine,603904,False,2015-08-09,2015-08-11,3,34.9,34.4,2015
Kryvyi Rih,Ukraine,603904,False,2015-08-31,2015-09-05,6,33.3,32.8,2015
Kryvyi Rih,Ukraine,603904,False,2015-09-21,2015-09-24,4,30.7,29.4,2015
Kryvyi Rih,Ukraine,603904,False,2016-07-14,2016-07-17,4,35.7,34.6,2016
Kryvyi Rih,Ukraine,603904,False,2017-06-28,2017-06-30,3,35.6,33.6,2017
Kryvyi Rih,Ukraine,603904,False,2017-08-01,2017-08-06,6,36.6,34.7,2017
Kryvyi Rih,Ukraine,603904,False,2017-08-11,2017-08-13,3,34.6,34.2,2017
Kryvyi Rih,Ukraine,603904,False,2017-09-19,2017-09-21,3,33.6,31.9,2017
Kryvyi Rih,Ukraine,603904,False,2018-05-01,2018-05-05,5,30.8,29.5,2018
Kryvyi Rih,Ukraine,603904,False,2018-08-28,2018-08-31,4,34.4,33.5,2018
Kryvyi Rih,Ukraine,603904,False,2020-06-08,2020-06-10,3,33.8,33.0,2020
Kryvyi Rih,Ukraine,603904,False,2020-07-02,2020-07-06,5,36.5,35.6,2020
Kryvyi Rih,Ukraine,603904,False,2020-08-30,2020-09-02,4,34.8,34.1,2020
Kryvyi Rih,Ukraine,603904,False,2022-07-05,2022-07-07,3,33.7,33.3,2022
Kryvyi Rih,Ukraine,603904,False,2023-07-04,2023-07-06,3,34.9,33.6,2023
Kryvyi Rih,Ukraine,603904,False,2024-06-01,2024-06-04,4,31.5,31.3,2024
Kryvyi Rih,Ukraine,603904,False,2024-06-29,2024-07-03,5,35.2,33.8,2024
Kryvyi Rih,Ukraine,603904,False,2024-07-07,2024-07-17,11,37.8,35.9,2024
Kryvyi Rih,Ukraine,603904,False,2024-08-17,2024-08-20,4,35.0,34.2,2024
Kryvyi Rih,Ukraine,603904,False,2024-08-23,2024-08-25,3,34.9,34.2,2024
Kryvyi Rih,Ukraine,603904,False,2024-08-29,2024-09-01,4,33.2,32.7,2024
Kryvyi Rih,Ukraine,603904,False,2025-06-05,2025-06-08,4,34.6,33.5,2025
Kryvyi Rih,Ukraine,603904,False,2025-07-06,2025-07-09,4,36.4,35.9,2025
Kryvyi Rih,Ukraine,603904,False,2025-07-25,2025-07-28,4,35.4,34.7,2025
Essen,Germany,593085,False,1982-06-01,1982-06-03,3,28.9,28.7,1982
Essen,Germany,593085,False,1990-08-01,1990-08-03,3,34.1,32.4,1990
Essen,Germany,593085,False,1991-09-01,1991-09-03,3,28.6,28.3,1991
Essen,Germany,593085,False,1994-07-22,1994-07-24,3,32.6,31.4,1994
Essen,Germany,593085,False,1995-07-08,1995-07-10,3,32.0,31.3,1995
Essen,Germany,593085,False,1996-06-05,1996-06-07,3,30.0,28.9,1996
Essen,Germany,593085,False,1998-08-09,1998-08-11,3,30.4,29.9,1998
Essen,Germany,593085,False,1999-09-10,1999-09-12,3,29.1,28.7,1999
Essen,Germany,593085,False,2003-08-04,2003-08-08,5,34.7,32.7,2003
Essen,Germany,593085,False,2006-07-17,2006-07-21,5,34.3,32.0,2006
Essen,Germany,593085,False,2006-07-24,2006-07-26,3,33.3,32.1,2006
Essen,Germany,593085,False,2010-07-07,2010-07-11,5,33.8,32.2,2010
Essen,Germany,593085,False,2015-06-30,2015-07-03,4,34.7,32.7,2015
Essen,Germany,593085,False,2016-08-23,2016-08-27,5,31.5,30.4,2016
Essen,Germany,593085,False,2016-09-11,2016-09-14,4,31.3,30.2,2016
Essen,Germany,593085,False,2018-07-23,2018-07-26,4,34.4,33.4,2018
Essen,Germany,593085,False,2018-08-01,2018-08-03,3,33.8,32.8,2018
Essen,Germany,593085,False,2019-06-23,2019-06-25,3,34.8,32.0,2019
Essen,Germany,593085,False,2019-07-22,2019-07-26,5,38.6,35.1,2019
Essen,Germany,593085,False,2019-08-23,2019-08-27,5,32.3,30.4,2019
Essen,Germany,593085,False,2020-08-06,2020-08-12,7,33.6,31.8,2020
Essen,Germany,593085,False,2021-06-15,2021-06-17,3,32.2,30.8,2021
Essen,Germany,593085,False,2022-08-10,2022-08-13,4,30.9,30.6,2022
Essen,Germany,593085,False,2022-08-22,2022-08-24,3,32.6,31.3,2022
Essen,Germany,593085,False,2023-09-04,2023-09-10,7,29.4,28.8,2023
Essen,Germany,593085,False,2025-06-29,2025-07-01,3,37.2,34.5,2025
Essen,Germany,593085,False,2025-08-11,2025-08-13,3,34.6,33.8,2025
Málaga,Spain,592346,False,1983-06-10,1983-06-12,3,35.5,33.8,1983
Málaga,Spain,592346,False,1994-07-02,1994-07-05,4,38.9,36.6,1994
Málaga,Spain,592346,False,2009-07-02,2009-07-04,3,34.2,34.0,2009
Málaga,Spain,592346,False,2010-05-31,2010-06-03,4,30.9,29.8,2010
Málaga,Spain,592346,False,2012-08-09,2012-08-11,3,36.3,36.0,2012
Málaga,Spain,592346,False,2014-09-02,2014-09-04,3,32.7,32.1,2014
Málaga,Spain,592346,False,2017-04-12,2017-04-14,3,30.6,29.1,2017
Málaga,Spain,592346,False,2017-06-23,2017-06-27,5,35.1,33.6,2017
Málaga,Spain,592346,False,2018-07-27,2018-07-29,3,36.3,36.0,2018
Málaga,Spain,592346,False,2019-07-12,2019-07-14,3,36.8,35.8,2019
Málaga,Spain,592346,False,2019-08-08,2019-08-11,4,38.4,37.1,2019
Málaga,Spain,592346,False,2019-09-30,2019-10-02,3,33.4,32.4,2019
Málaga,Spain,592346,False,2020-06-14,2020-06-16,3,32.3,31.5,2020
Málaga,Spain,592346,False,2020-07-31,2020-08-02,3,41.7,39.7,2020
Málaga,Spain,592346,False,2020-08-14,2020-08-16,3,35.1,34.4,2020
Málaga,Spain,592346,False,2021-08-04,2021-08-06,3,38.4,36.3,2021
Málaga,Spain,592346,False,2021-09-06,2021-09-09,4,34.8,33.0,2021
Málaga,Spain,592346,False,2022-05-20,2022-05-23,4,33.2,31.4,2022
Málaga,Spain,592346,False,2022-05-27,2022-06-03,8,30.8,29.3,2022
Málaga,Spain,592346,False,2022-06-12,2022-06-19,8,35.6,32.6,2022
Málaga,Spain,592346,False,2022-06-23,2022-06-26,4,32.4,32.0,2022
Málaga,Spain,592346,False,2022-08-12,2022-08-16,5,39.0,36.1,2022
Málaga,Spain,592346,False,2022-09-03,2022-09-07,5,35.8,33.5,2022
Málaga,Spain,592346,False,2023-06-11,2023-06-13,3,31.0,30.6,2023
Málaga,Spain,592346,False,2023-07-18,2023-07-20,3,41.6,39.4,2023
Málaga,Spain,592346,False,2023-07-31,2023-08-02,3,39.8,39.0,2023
Málaga,Spain,592346,False,2023-08-16,2023-08-18,3,35.8,34.9,2023
Málaga,Spain,592346,False,2024-07-30,2024-08-01,3,40.1,37.9,2024
Málaga,Spain,592346,False,2024-09-22,2024-09-25,4,31.7,30.5,2024
Málaga,Spain,592346,False,2024-10-01,2024-10-06,6,33.5,31.7,2024
Málaga,Spain,592346,False,2025-05-27,2025-05-31,5,32.3,30.9,2025
Málaga,Spain,592346,False,2025-06-14,2025-06-22,9,33.5,32.2,2025
Málaga,Spain,592346,False,2025-06-27,2025-06-30,4,33.5,32.9,2025
Málaga,Spain,592346,False,2025-07-17,2025-07-20,4,39.2,37.3,2025
Málaga,Spain,592346,False,2025-08-11,2025-08-19,9,38.2,35.3,2025
Málaga,Spain,592346,False,2025-09-06,2025-09-13,8,33.7,31.7,2025
Málaga,Spain,592346,False,2025-10-19,2025-10-24,6,33.1,29.9,2025
Dortmund,Germany,588462,False,1982-06-01,1982-06-04,4,29.2,28.7,1982
Dortmund,Germany,588462,False,1990-08-01,1990-08-03,3,34.1,32.0,1990
Dortmund,Germany,588462,False,1994-07-01,1994-07-03,3,31.3,30.2,1994
Dortmund,Germany,588462,False,1994-07-22,1994-07-24,3,31.6,30.9,1994
Dortmund,Germany,588462,False,1994-08-02,1994-08-04,3,33.5,31.8,1994
Dortmund,Germany,588462,False,1995-07-08,1995-07-10,3,31.5,30.7,1995
Dortmund,Germany,588462,False,1998-08-09,1998-08-11,3,30.2,29.9,1998
Dortmund,Germany,588462,False,2003-08-04,2003-08-11,8,35.3,32.3,2003
Dortmund,Germany,588462,False,2006-07-17,2006-07-21,5,33.8,32.1,2006
Dortmund,Germany,588462,False,2006-07-24,2006-07-26,3,32.9,31.7,2006
Dortmund,Germany,588462,False,2010-07-07,2010-07-11,5,33.7,32.2,2010
Dortmund,Germany,588462,False,2012-08-17,2012-08-19,3,33.5,30.7,2012
Dortmund,Germany,588462,False,2015-06-30,2015-07-04,5,34.5,32.3,2015
Dortmund,Germany,588462,False,2016-08-23,2016-08-27,5,31.6,30.4,2016
Dortmund,Germany,588462,False,2016-09-11,2016-09-14,4,30.6,29.6,2016
Dortmund,Germany,588462,False,2018-07-23,2018-07-26,4,34.4,33.4,2018
Dortmund,Germany,588462,False,2018-08-01,2018-08-03,3,33.6,32.8,2018
Dortmund,Germany,588462,False,2019-06-23,2019-06-25,3,33.9,32.1,2019
Dortmund,Germany,588462,False,2019-07-22,2019-07-26,5,38.1,34.6,2019
Dortmund,Germany,588462,False,2019-08-23,2019-08-27,5,32.0,30.6,2019
Dortmund,Germany,588462,False,2020-08-05,2020-08-12,8,34.2,32.0,2020
Dortmund,Germany,588462,False,2021-06-15,2021-06-17,3,32.4,31.0,2021
Dortmund,Germany,588462,False,2022-07-17,2022-07-19,3,36.0,32.6,2022
Dortmund,Germany,588462,False,2022-08-10,2022-08-13,4,31.1,30.4,2022
Dortmund,Germany,588462,False,2022-08-22,2022-08-24,3,31.8,31.4,2022
Dortmund,Germany,588462,False,2023-09-04,2023-09-10,7,29.8,29.0,2023
Dortmund,Germany,588462,False,2025-06-29,2025-07-01,3,37.9,34.4,2025
Dortmund,Germany,588462,False,2025-08-11,2025-08-13,3,34.8,33.6,2025
Genoa,Italy,580097,False,1981-06-11,1981-06-13,3,30.2,29.8,1981
Genoa,Italy,580097,False,1983-07-25,1983-07-27,3,35.0,33.9,1983
Genoa,Italy,580097,False,1987-06-28,1987-06-30,3,31.1,30.8,1987
Genoa,Italy,580097,False,1987-09-15,1987-09-17,3,30.2,29.6,1987
Genoa,Italy,580097,False,1993-08-15,1993-08-17,3,32.6,31.9,1993
Genoa,Italy,580097,False,1994-06-29,1994-07-01,3,31.4,31.1,1994
Genoa,Italy,580097,False,1994-08-03,1994-08-06,4,32.7,32.2,1994
Genoa,Italy,580097,False,1996-06-09,1996-06-12,4,31.3,30.5,1996
Genoa,Italy,580097,False,1998-08-07,1998-08-12,6,34.0,32.9,1998
Genoa,Italy,580097,False,2000-08-23,2000-08-25,3,33.6,32.6,2000
Genoa,Italy,580097,False,2002-06-16,2002-06-23,8,32.5,31.0,2002
Genoa,Italy,580097,False,2003-06-10,2003-06-15,6,31.9,30.8,2003
Genoa,Italy,580097,False,2003-07-31,2003-08-12,13,35.5,33.7,2003
Genoa,Italy,580097,False,2006-07-09,2006-07-12,4,32.9,32.0,2006
Genoa,Italy,580097,False,2006-07-18,2006-07-24,7,32.7,32.1,2006
Genoa,Italy,580097,False,2009-08-18,2009-08-20,3,33.4,32.9,2009
Genoa,Italy,580097,False,2010-07-08,2010-07-10,3,31.8,31.4,2010
Genoa,Italy,580097,False,2011-08-19,2011-08-22,4,33.7,32.6,2011
Genoa,Italy,580097,False,2012-08-17,2012-08-20,4,34.6,34.0,2012
Genoa,Italy,580097,False,2014-06-07,2014-06-12,6,31.6,30.8,2014
Genoa,Italy,580097,False,2015-06-03,2015-06-07,5,30.1,29.5,2015
Genoa,Italy,580097,False,2015-07-02,2015-07-04,3,32.6,31.8,2015
Genoa,Italy,580097,False,2015-08-05,2015-08-07,3,34.8,34.6,2015
Genoa,Italy,580097,False,2016-06-21,2016-06-23,3,32.5,31.7,2016
Genoa,Italy,580097,False,2016-08-23,2016-08-25,3,31.6,31.6,2016
Genoa,Italy,580097,False,2016-09-08,2016-09-10,3,30.8,30.7,2016
Genoa,Italy,580097,False,2018-07-30,2018-08-06,8,34.2,32.9,2018
Genoa,Italy,580097,False,2018-08-18,2018-08-22,5,32.9,32.1,2018
Genoa,Italy,580097,False,2018-09-18,2018-09-20,3,29.6,28.9,2018
Genoa,Italy,580097,False,2019-06-24,2019-06-29,6,33.1,31.9,2019
Genoa,Italy,580097,False,2019-07-22,2019-07-24,3,33.3,32.6,2019
Genoa,Italy,580097,False,2020-09-11,2020-09-17,7,31.4,30.2,2020
Genoa,Italy,580097,False,2021-08-10,2021-08-13,4,34.5,33.8,2021
Genoa,Italy,580097,False,2022-05-25,2022-05-27,3,32.4,30.6,2022
Genoa,Italy,580097,False,2022-06-08,2022-06-10,3,30.5,29.2,2022
Genoa,Italy,580097,False,2022-06-16,2022-06-18,3,31.0,30.6,2022
Genoa,Italy,580097,False,2022-07-05,2022-07-07,3,33.4,33.0,2022
Genoa,Italy,580097,False,2022-07-16,2022-07-21,6,36.4,34.1,2022
Genoa,Italy,580097,False,2022-07-29,2022-08-10,13,35.1,33.4,2022
Genoa,Italy,580097,False,2023-07-07,2023-07-09,3,32.5,31.5,2023
Genoa,Italy,580097,False,2023-08-17,2023-08-23,7,37.1,34.7,2023
Genoa,Italy,580097,False,2023-09-05,2023-09-09,5,31.8,30.7,2023
Genoa,Italy,580097,False,2024-07-28,2024-07-30,3,34.9,33.3,2024
Genoa,Italy,580097,False,2024-08-02,2024-08-04,3,34.1,33.2,2024
Genoa,Italy,580097,False,2024-08-08,2024-08-15,8,35.6,33.5,2024
Genoa,Italy,580097,False,2024-08-27,2024-08-31,5,33.1,32.2,2024
Genoa,Italy,580097,False,2025-06-12,2025-06-20,9,32.6,30.7,2025
Genoa,Italy,580097,False,2025-06-26,2025-07-04,9,34.3,32.4,2025
Genoa,Italy,580097,False,2025-08-08,2025-08-17,10,38.0,35.1,2025
Manchester,United Kingdom,568996,False,2022-07-16,2022-07-18,3,36.0,33.2,2022
Manchester,United Kingdom,568996,False,2022-08-10,2022-08-13,4,30.0,29.4,2022
Dresden,Germany,564904,False,1982-06-01,1982-06-04,4,30.6,29.5,1982
Dresden,Germany,564904,False,1992-08-07,1992-08-09,3,34.2,32.9,1992
Dresden,Germany,564904,False,1994-06-25,1994-06-28,4,32.3,30.7,1994
Dresden,Germany,564904,False,1994-07-23,1994-07-25,3,32.5,31.9,1994
Dresden,Germany,564904,False,1994-07-27,1994-07-31,5,35.4,34.0,1994
Dresden,Germany,564904,False,2000-06-19,2000-06-21,3,33.0,31.8,2000
Dresden,Germany,564904,False,2006-07-18,2006-07-21,4,35.0,32.8,2006
Dresden,Germany,564904,False,2006-07-25,2006-07-27,3,33.7,32.4,2006
Dresden,Germany,564904,False,2010-07-08,2010-07-11,4,34.6,33.1,2010
Dresden,Germany,564904,False,2013-06-17,2013-06-19,3,31.9,31.1,2013
Dresden,Germany,564904,False,2014-06-07,2014-06-10,4,31.5,31.0,2014
Dresden,Germany,564904,False,2015-07-02,2015-07-04,3,34.7,33.6,2015
Dresden,Germany,564904,False,2015-08-05,2015-08-07,3,35.3,34.2,2015
Dresden,Germany,564904,False,2015-08-29,2015-08-31,3,32.5,30.8,2015
Dresden,Germany,564904,False,2016-06-22,2016-06-24,3,31.4,30.2,2016
Dresden,Germany,564904,False,2016-08-25,2016-08-27,3,31.5,30.2,2016
Dresden,Germany,564904,False,2017-05-27,2017-05-29,3,29.2,28.6,2017
Dresden,Germany,564904,False,2018-07-29,2018-08-03,6,34.4,33.1,2018
Dresden,Germany,564904,False,2018-08-06,2018-08-08,3,34.8,34.5,2018
Dresden,Germany,564904,False,2018-09-17,2018-09-20,4,30.0,29.5,2018
Dresden,Germany,564904,False,2019-06-02,2019-06-04,3,29.4,29.0,2019
Dresden,Germany,564904,False,2019-06-28,2019-06-30,3,35.9,31.5,2019
Dresden,Germany,564904,False,2019-08-27,2019-08-31,5,31.6,31.0,2019
Dresden,Germany,564904,False,2020-08-06,2020-08-08,3,34.6,33.2,2020
Dresden,Germany,564904,False,2020-08-10,2020-08-12,3,32.2,31.2,2020
Dresden,Germany,564904,False,2020-09-13,2020-09-15,3,29.4,28.8,2020
Dresden,Germany,564904,False,2021-06-16,2021-06-20,5,32.8,31.6,2021
Dresden,Germany,564904,False,2022-08-02,2022-08-04,3,35.4,34.0,2022
Dresden,Germany,564904,False,2023-07-07,2023-07-10,4,32.4,31.2,2023
Dresden,Germany,564904,False,2023-09-09,2023-09-11,3,28.6,28.6,2023
Dresden,Germany,564904,False,2024-08-12,2024-08-16,5,33.1,31.6,2024
Dresden,Germany,564904,False,2024-08-27,2024-08-29,3,31.9,30.3,2024
Dresden,Germany,564904,False,2024-09-01,2024-09-07,7,32.4,30.4,2024
Dresden,Germany,564904,False,2025-08-12,2025-08-14,3,32.7,32.0,2025
Sheffield,United Kingdom,556500,False,1995-07-30,1995-08-01,3,28.5,28.3,1995
Sheffield,United Kingdom,556500,False,2006-07-16,2006-07-18,3,28.8,28.5,2006
Sheffield,United Kingdom,556500,False,2022-07-16,2022-07-18,3,38.1,33.8,2022
Sheffield,United Kingdom,556500,False,2022-08-10,2022-08-13,4,29.8,29.3,2022
Sevastopol,Ukraine,547820,False,1996-07-06,1996-07-10,5,29.9,29.5,1996
Sevastopol,Ukraine,547820,False,1996-07-12,1996-07-15,4,31.7,30.5,1996
Sevastopol,Ukraine,547820,False,1998-07-22,1998-07-26,5,31.3,30.6,1998
Sevastopol,Ukraine,547820,False,1998-08-01,1998-08-05,5,32.7,31.5,1998
Sevastopol,Ukraine,547820,False,1999-07-06,1999-07-10,5,31.7,30.5,1999
Sevastopol,Ukraine,547820,False,1999-07-24,1999-07-26,3,32.0,31.1,1999
Sevastopol,Ukraine,547820,False,2001-07-14,2001-07-18,5,33.4,31.3,2001
Sevastopol,Ukraine,547820,False,2001-08-06,2001-08-12,7,32.3,31.2,2001
Sevastopol,Ukraine,547820,False,2002-07-06,2002-07-13,8,32.0,30.7,2002
Sevastopol,Ukraine,547820,False,2002-07-18,2002-07-20,3,31.1,30.4,2002
Sevastopol,Ukraine,547820,False,2005-07-30,2005-08-02,4,30.5,30.3,2005
Sevastopol,Ukraine,547820,False,2006-06-27,2006-06-29,3,28.4,28.3,2006
Sevastopol,Ukraine,547820,False,2007-07-19,2007-07-24,6,31.7,31.1,2007
Sevastopol,Ukraine,547820,False,2007-08-21,2007-08-28,8,34.4,31.6,2007
Sevastopol,Ukraine,547820,False,2008-08-13,2008-08-15,3,33.8,32.2,2008
Sevastopol,Ukraine,547820,False,2008-08-21,2008-08-23,3,31.2,30.7,2008
Sevastopol,Ukraine,547820,False,2010-07-20,2010-07-22,3,30.5,30.4,2010
Sevastopol,Ukraine,547820,False,2010-08-02,2010-08-17,16,35.3,32.2,2010
Sevastopol,Ukraine,547820,False,2012-06-21,2012-06-23,3,30.2,29.5,2012
Sevastopol,Ukraine,547820,False,2012-07-21,2012-07-29,9,35.2,32.6,2012
Sevastopol,Ukraine,547820,False,2012-08-04,2012-08-08,5,32.0,31.0,2012
Sevastopol,Ukraine,547820,False,2013-06-26,2013-06-29,4,29.8,28.7,2013
Sevastopol,Ukraine,547820,False,2014-07-25,2014-07-29,5,31.8,30.9,2014
Sevastopol,Ukraine,547820,False,2014-08-01,2014-08-04,4,33.0,31.9,2014
Sevastopol,Ukraine,547820,False,2014-08-13,2014-08-16,4,31.0,30.2,2014
Sevastopol,Ukraine,547820,False,2014-09-02,2014-09-05,4,30.2,29.3,2014
Sevastopol,Ukraine,547820,False,2015-08-07,2015-08-11,5,31.2,30.4,2015
Sevastopol,Ukraine,547820,False,2016-06-19,2016-06-27,9,33.1,31.2,2016
Sevastopol,Ukraine,547820,False,2016-07-14,2016-07-16,3,30.8,30.2,2016
Sevastopol,Ukraine,547820,False,2016-07-31,2016-08-02,3,30.5,30.2,2016
Sevastopol,Ukraine,547820,False,2016-08-19,2016-08-21,3,32.3,30.9,2016
Sevastopol,Ukraine,547820,False,2017-08-01,2017-08-07,7,36.5,33.6,2017
Sevastopol,Ukraine,547820,False,2017-08-09,2017-08-11,3,33.5,32.3,2017
Sevastopol,Ukraine,547820,False,2018-06-18,2018-06-20,3,29.9,29.2,2018
Sevastopol,Ukraine,547820,False,2018-07-31,2018-08-02,3,32.4,31.8,2018
Sevastopol,Ukraine,547820,False,2018-08-14,2018-08-20,7,33.4,31.7,2018
Sevastopol,Ukraine,547820,False,2018-08-29,2018-08-31,3,29.9,29.5,2018
Sevastopol,Ukraine,547820,False,2019-06-14,2019-06-22,9,33.0,30.6,2019
Sevastopol,Ukraine,547820,False,2019-08-20,2019-08-28,9,34.4,31.8,2019
Sevastopol,Ukraine,547820,False,2019-08-30,2019-09-02,4,29.8,29.2,2019
Sevastopol,Ukraine,547820,False,2020-07-02,2020-07-06,5,32.2,30.3,2020
Sevastopol,Ukraine,547820,False,2020-08-04,2020-08-09,6,35.8,32.9,2020
Sevastopol,Ukraine,547820,False,2020-09-11,2020-09-13,3,30.8,30.2,2020
Sevastopol,Ukraine,547820,False,2021-07-13,2021-07-19,7,32.1,30.7,2021
Sevastopol,Ukraine,547820,False,2022-08-06,2022-08-09,4,33.6,32.9,2022
Sevastopol,Ukraine,547820,False,2022-08-28,2022-09-01,5,29.6,29.0,2022
Sevastopol,Ukraine,547820,False,2023-07-04,2023-07-06,3,31.8,30.7,2023
Sevastopol,Ukraine,547820,False,2023-08-13,2023-08-23,11,35.0,32.2,2023
Sevastopol,Ukraine,547820,False,2023-08-25,2023-08-30,6,31.4,30.1,2023
Sevastopol,Ukraine,547820,False,2023-09-24,2023-09-26,3,28.8,28.4,2023
Sevastopol,Ukraine,547820,False,2024-06-09,2024-06-11,3,29.5,28.9,2024
Sevastopol,Ukraine,547820,False,2024-06-28,2024-07-02,5,30.8,29.9,2024
Sevastopol,Ukraine,547820,False,2024-07-05,2024-07-20,16,36.6,33.5,2024
Sevastopol,Ukraine,547820,False,2024-08-23,2024-08-25,3,33.0,31.7,2024
Sevastopol,Ukraine,547820,False,2025-06-07,2025-06-09,3,29.0,29.0,2025
Sevastopol,Ukraine,547820,False,2025-07-06,2025-07-09,4,31.2,30.1,2025
Sevastopol,Ukraine,547820,False,2025-07-12,2025-07-17,6,32.4,31.2,2025
Sevastopol,Ukraine,547820,False,2025-07-23,2025-07-28,6,36.0,32.9,2025
Sevastopol,Ukraine,547820,False,2025-08-05,2025-08-07,3,33.6,32.8,2025
Bremen,Germany,546501,False,1982-06-01,1982-06-04,4,30.7,29.9,1982
Bremen,Germany,546501,False,1994-07-21,1994-07-24,4,32.0,30.4,1994
Bremen,Germany,546501,False,1997-08-10,1997-08-12,3,30.0,29.2,1997
Bremen,Germany,546501,False,2000-06-18,2000-06-20,3,32.1,30.8,2000
Bremen,Germany,546501,False,2002-07-28,2002-07-30,3,30.1,29.5,2002
Bremen,Germany,546501,False,2003-08-06,2003-08-11,6,33.7,31.9,2003
Bremen,Germany,546501,False,2008-07-25,2008-07-28,4,30.3,29.8,2008
Bremen,Germany,546501,False,2010-07-07,2010-07-11,5,32.9,31.3,2010
Bremen,Germany,546501,False,2016-08-23,2016-08-25,3,30.0,29.5,2016
Bremen,Germany,546501,False,2016-09-11,2016-09-13,3,30.1,28.9,2016
Bremen,Germany,546501,False,2018-07-23,2018-07-27,5,32.8,31.8,2018
Bremen,Germany,546501,False,2019-07-22,2019-07-26,5,36.0,32.3,2019
Bremen,Germany,546501,False,2019-08-23,2019-08-27,5,31.4,30.3,2019
Bremen,Germany,546501,False,2020-08-05,2020-08-12,8,32.2,30.9,2020
Bremen,Germany,546501,False,2022-07-17,2022-07-19,3,35.8,32.7,2022
Bremen,Germany,546501,False,2022-08-10,2022-08-14,5,30.5,29.9,2022
Bremen,Germany,546501,False,2022-08-22,2022-08-25,4,30.4,28.8,2022
Bremen,Germany,546501,False,2025-08-11,2025-08-13,3,32.3,31.3,2025
Vilnius,Lithuania,542366,True,1992-08-28,1992-08-31,4,31.6,30.8,1992
Vilnius,Lithuania,542366,True,1994-07-11,1994-07-15,5,30.2,29.4,1994
Vilnius,Lithuania,542366,True,1994-07-26,1994-08-05,11,33.1,30.8,1994
Vilnius,Lithuania,542366,True,1999-06-11,1999-06-14,4,30.1,29.1,1999
Vilnius,Lithuania,542366,True,1999-07-11,1999-07-13,3,29.4,28.7,1999
Vilnius,Lithuania,542366,True,2001-07-14,2001-07-17,4,31.3,30.4,2001
Vilnius,Lithuania,542366,True,2002-07-17,2002-07-19,3,30.4,29.6,2002
Vilnius,Lithuania,542366,True,2002-07-28,2002-08-01,5,33.1,31.0,2002
Vilnius,Lithuania,542366,True,2006-07-05,2006-07-11,7,31.3,30.0,2006
Vilnius,Lithuania,542366,True,2007-08-20,2007-08-22,3,30.1,29.5,2007
Vilnius,Lithuania,542366,True,2010-07-15,2010-07-17,3,29.8,28.9,2010
Vilnius,Lithuania,542366,True,2010-07-21,2010-07-23,3,30.5,30.1,2010
Vilnius,Lithuania,542366,True,2010-08-12,2010-08-15,4,32.1,31.4,2010
Vilnius,Lithuania,542366,True,2011-06-06,2011-06-08,3,28.7,28.5,2011
Vilnius,Lithuania,542366,True,2012-07-05,2012-07-07,3,29.7,28.9,2012
Vilnius,Lithuania,542366,True,2014-07-28,2014-07-30,3,30.6,30.0,2014
Vilnius,Lithuania,542366,True,2014-08-01,2014-08-04,4,32.2,31.1,2014
Vilnius,Lithuania,542366,True,2015-07-03,2015-07-05,3,29.8,29.0,2015
Vilnius,Lithuania,542366,True,2015-08-04,2015-08-07,4,31.6,30.3,2015
Vilnius,Lithuania,542366,True,2019-06-10,2019-06-13,4,31.8,30.5,2019
Vilnius,Lithuania,542366,True,2020-06-24,2020-06-26,3,29.0,28.7,2020
Vilnius,Lithuania,542366,True,2021-06-18,2021-06-23,6,30.8,29.9,2021
Vilnius,Lithuania,542366,True,2021-07-07,2021-07-09,3,29.8,29.1,2021
Vilnius,Lithuania,542366,True,2021-07-11,2021-07-16,6,31.6,29.8,2021
Vilnius,Lithuania,542366,True,2022-06-26,2022-06-28,3,28.6,28.3,2022
Vilnius,Lithuania,542366,True,2022-08-13,2022-08-18,6,30.5,29.5,2022
Vilnius,Lithuania,542366,True,2022-08-22,2022-08-24,3,31.1,30.0,2022
Vilnius,Lithuania,542366,True,2023-08-14,2023-08-18,5,31.5,30.1,2023
Leeds,United Kingdom,536280,False,2022-07-16,2022-07-18,3,36.4,32.4,2022
Poznan,Poland,536151,False,1982-06-01,1982-06-05,5,30.5,29.5,1982
Poznan,Poland,536151,False,1992-08-07,1992-08-09,3,36.4,35.3,1992
Poznan,Poland,536151,False,1994-07-24,1994-08-01,9,35.2,33.4,1994
Poznan,Poland,536151,False,1996-06-06,1996-06-08,3,30.5,29.8,1996
Poznan,Poland,536151,False,2000-06-19,2000-06-21,3,33.8,32.6,2000
Poznan,Poland,536151,False,2005-09-07,2005-09-09,3,28.9,28.6,2005
Poznan,Poland,536151,False,2006-07-04,2006-07-07,4,32.6,31.6,2006
Poznan,Poland,536151,False,2006-07-25,2006-07-27,3,32.5,31.7,2006
Poznan,Poland,536151,False,2010-07-09,2010-07-12,4,33.3,32.2,2010
Poznan,Poland,536151,False,2010-07-14,2010-07-16,3,32.7,32.4,2010
Poznan,Poland,536151,False,2015-07-02,2015-07-04,3,34.4,32.3,2015
Poznan,Poland,536151,False,2015-08-05,2015-08-07,3,35.9,34.0,2015
Poznan,Poland,536151,False,2015-08-09,2015-08-11,3,33.9,32.7,2015
Poznan,Poland,536151,False,2015-08-29,2015-08-31,3,34.1,32.4,2015
Poznan,Poland,536151,False,2016-09-10,2016-09-12,3,29.8,28.9,2016
Poznan,Poland,536151,False,2018-05-27,2018-05-31,5,30.4,29.5,2018
Poznan,Poland,536151,False,2018-06-07,2018-06-09,3,29.9,29.4,2018
Poznan,Poland,536151,False,2018-07-30,2018-08-03,5,32.9,32.1,2018
Poznan,Poland,536151,False,2018-08-06,2018-08-08,3,33.8,32.5,2018
Poznan,Poland,536151,False,2019-06-02,2019-06-04,3,29.8,29.5,2019
Poznan,Poland,536151,False,2019-06-09,2019-06-11,3,33.8,32.1,2019
Poznan,Poland,536151,False,2019-07-27,2019-07-29,3,33.0,31.6,2019
Poznan,Poland,536151,False,2019-08-25,2019-08-31,7,31.8,30.7,2019
Poznan,Poland,536151,False,2020-08-06,2020-08-08,3,31.4,31.2,2020
Poznan,Poland,536151,False,2021-06-16,2021-06-20,5,32.6,31.6,2021
Poznan,Poland,536151,False,2022-06-24,2022-06-26,3,33.4,32.4,2022
Poznan,Poland,536151,False,2022-07-18,2022-07-20,3,37.2,34.8,2022
Poznan,Poland,536151,False,2022-08-02,2022-08-04,3,35.6,33.1,2022
Poznan,Poland,536151,False,2022-08-15,2022-08-18,4,32.6,31.7,2022
Poznan,Poland,536151,False,2023-09-09,2023-09-11,3,28.6,28.6,2023
Poznan,Poland,536151,False,2024-08-14,2024-08-17,4,31.6,31.2,2024
Poznan,Poland,536151,False,2024-08-27,2024-08-29,3,32.8,31.4,2024
Poznan,Poland,536151,False,2024-09-02,2024-09-07,6,31.4,29.6,2024
Poznan,Poland,536151,False,2025-08-12,2025-08-14,3,33.6,32.5,2025
Antwerp,Belgium,529247,False,1990-08-01,1990-08-03,3,33.9,32.4,1990
Antwerp,Belgium,529247,False,1995-07-30,1995-08-02,4,32.1,30.4,1995
Antwerp,Belgium,529247,False,1995-08-17,1995-08-19,3,30.2,29.3,1995
Antwerp,Belgium,529247,False,1997-08-09,1997-08-12,4,30.4,29.9,1997
Antwerp,Belgium,529247,False,2001-08-23,2001-08-25,3,31.0,29.4,2001
Antwerp,Belgium,529247,False,2003-08-04,2003-08-07,4,33.5,31.9,2003
Antwerp,Belgium,529247,False,2003-08-09,2003-08-11,3,33.6,32.4,2003
Antwerp,Belgium,529247,False,2006-07-16,2006-07-18,3,34.6,32.8,2006
Antwerp,Belgium,529247,False,2006-07-24,2006-07-26,3,32.6,31.4,2006
Antwerp,Belgium,529247,False,2016-08-23,2016-08-26,4,31.5,30.4,2016
Antwerp,Belgium,529247,False,2017-06-18,2017-06-21,4,33.0,31.1,2017
Antwerp,Belgium,529247,False,2018-07-23,2018-07-26,4,34.7,32.8,2018
Antwerp,Belgium,529247,False,2019-07-22,2019-07-25,4,38.6,34.9,2019
Antwerp,Belgium,529247,False,2019-08-23,2019-08-27,5,31.8,29.7,2019
Antwerp,Belgium,529247,False,2020-08-05,2020-08-12,8,35.0,32.7,2020
Antwerp,Belgium,529247,False,2021-06-15,2021-06-17,3,29.4,29.2,2021
Antwerp,Belgium,529247,False,2022-08-09,2022-08-13,5,32.6,32.0,2022
Antwerp,Belgium,529247,False,2023-06-08,2023-06-12,5,30.2,29.6,2023
Antwerp,Belgium,529247,False,2023-09-04,2023-09-09,6,30.9,29.3,2023
Antwerp,Belgium,529247,False,2025-06-11,2025-06-13,3,33.0,31.2,2025
Antwerp,Belgium,529247,False,2025-06-29,2025-07-01,3,37.0,34.6,2025
Antwerp,Belgium,529247,False,2025-08-10,2025-08-13,4,32.2,31.3,2025
Lyon,France,520774,False,1983-06-03,1983-06-06,4,30.4,29.3,1983
Lyon,France,520774,False,1983-07-19,1983-07-21,3,37.7,35.4,1983
Lyon,France,520774,False,1983-07-24,1983-07-26,3,37.1,35.9,1983
Lyon,France,520774,False,1986-06-26,1986-06-28,3,33.6,33.1,1986
Lyon,France,520774,False,1987-09-15,1987-09-18,4,31.7,30.7,1987
Lyon,France,520774,False,1989-07-20,1989-07-22,3,35.5,34.9,1989
Lyon,France,520774,False,1990-08-02,1990-08-04,3,34.4,33.9,1990
Lyon,France,520774,False,1998-08-08,1998-08-11,4,35.5,34.7,1998
Lyon,France,520774,False,2003-05-29,2003-05-31,3,29.3,28.6,2003
Lyon,France,520774,False,2003-06-09,2003-06-13,5,35.3,34.1,2003
Lyon,France,520774,False,2003-06-21,2003-06-24,4,36.8,35.9,2003
Lyon,France,520774,False,2003-07-12,2003-07-14,3,36.1,34.8,2003
Lyon,France,520774,False,2003-08-02,2003-08-13,12,38.6,37.0,2003
Lyon,France,520774,False,2004-06-07,2004-06-09,3,32.4,31.2,2004
Lyon,France,520774,False,2005-05-25,2005-05-28,4,29.8,29.0,2005
Lyon,France,520774,False,2005-06-21,2005-06-23,3,33.5,32.3,2005
Lyon,France,520774,False,2005-06-25,2005-06-27,3,34.6,33.9,2005
Lyon,France,520774,False,2006-07-24,2006-07-26,3,35.4,34.8,2006
Lyon,France,520774,False,2009-05-22,2009-05-24,3,32.2,31.3,2009
Lyon,France,520774,False,2009-08-14,2009-08-19,6,37.0,34.6,2009
Lyon,France,520774,False,2011-08-19,2011-08-23,5,34.9,33.6,2011
Lyon,France,520774,False,2012-08-17,2012-08-20,4,35.5,34.7,2012
Lyon,France,520774,False,2014-06-06,2014-06-11,6,34.5,32.3,2014
Lyon,France,520774,False,2015-06-03,2015-06-05,3,32.2,31.0,2015
Lyon,France,520774,False,2015-06-29,2015-07-06,8,38.1,36.1,2015
Lyon,France,520774,False,2015-08-04,2015-08-06,3,38.3,36.2,2015
Lyon,France,520774,False,2015-08-28,2015-08-30,3,31.9,31.6,2015
Lyon,France,520774,False,2016-08-23,2016-08-27,5,33.7,33.2,2016
Lyon,France,520774,False,2017-05-25,2017-05-29,5,30.8,29.9,2017
Lyon,France,520774,False,2017-06-18,2017-06-22,5,36.6,34.7,2017
Lyon,France,520774,False,2017-07-04,2017-07-07,4,35.5,34.0,2017
Lyon,France,520774,False,2017-07-30,2017-08-03,5,35.8,34.8,2017
Lyon,France,520774,False,2017-08-25,2017-08-28,4,35.6,33.8,2017
Lyon,France,520774,False,2018-06-29,2018-07-01,3,34.8,33.3,2018
Lyon,France,520774,False,2018-08-02,2018-08-06,5,35.4,34.8,2018
Lyon,France,520774,False,2018-09-16,2018-09-20,5,30.2,30.1,2018
Lyon,France,520774,False,2019-05-31,2019-06-04,5,30.8,29.3,2019
Lyon,France,520774,False,2019-06-23,2019-06-30,8,36.2,34.4,2019
Lyon,France,520774,False,2019-07-21,2019-07-25,5,37.6,36.2,2019
Lyon,France,520774,False,2020-07-29,2020-07-31,3,38.4,36.4,2020
Lyon,France,520774,False,2020-08-06,2020-08-11,6,36.2,35.0,2020
Lyon,France,520774,False,2020-09-13,2020-09-18,6,32.6,31.3,2020
Lyon,France,520774,False,2021-06-13,2021-06-15,3,32.5,31.3,2021
Lyon,France,520774,False,2022-05-16,2022-05-21,6,30.7,30.1,2022
Lyon,France,520774,False,2022-06-14,2022-06-20,7,35.7,33.5,2022
Lyon,France,520774,False,2022-08-02,2022-08-04,3,37.6,35.8,2022
Lyon,France,520774,False,2022-08-09,2022-08-12,4,35.0,34.0,2022
Lyon,France,520774,False,2023-07-07,2023-07-10,4,36.7,35.0,2023
Lyon,France,520774,False,2023-08-10,2023-08-24,15,40.8,35.4,2023
Lyon,France,520774,False,2023-09-02,2023-09-11,10,33.6,32.1,2023
Lyon,France,520774,False,2024-08-10,2024-08-12,3,35.2,35.0,2024
Lyon,France,520774,False,2024-08-28,2024-08-30,3,32.4,32.1,2024
Lyon,France,520774,False,2025-05-29,2025-05-31,3,31.7,31.0,2025
Lyon,France,520774,False,2025-06-11,2025-06-13,3,35.7,34.2,2025
Lyon,France,520774,False,2025-06-18,2025-06-24,7,37.0,34.4,2025
Lyon,France,520774,False,2025-06-27,2025-07-01,5,37.4,36.1,2025
Lyon,France,520774,False,2025-08-06,2025-08-15,10,39.6,36.2,2025
Lisbon,Portugal,517802,True,1981-06-11,1981-06-13,3,34.7,32.2,1981
Lisbon,Portugal,517802,True,1982-08-08,1982-08-10,3,33.6,33.0,1982
Lisbon,Portugal,517802,True,1983-06-13,1983-06-15,3,32.6,31.7,1983
Lisbon,Portugal,517802,True,1988-09-04,1988-09-08,5,34.8,33.1,1988
Lisbon,Portugal,517802,True,1991-05-24,1991-05-26,3,28.5,28.3,1991
Lisbon,Portugal,517802,True,1991-07-13,1991-07-17,5,37.9,34.1,1991
Lisbon,Portugal,517802,True,1995-08-24,1995-08-27,4,33.5,32.9,1995
Lisbon,Portugal,517802,True,2003-05-26,2003-05-28,3,29.6,29.0,2003
Lisbon,Portugal,517802,True,2003-07-28,2003-07-31,4,37.4,35.9,2003
Lisbon,Portugal,517802,True,2003-08-04,2003-08-06,3,33.5,33.3,2003
Lisbon,Portugal,517802,True,2005-06-05,2005-06-07,3,30.8,30.3,2005
Lisbon,Portugal,517802,True,2006-05-25,2006-05-28,4,32.4,30.6,2006
Lisbon,Portugal,517802,True,2009-05-27,2009-05-29,3,31.6,30.2,2009
Lisbon,Portugal,517802,True,2009-06-16,2009-06-20,5,31.0,30.7,2009
Lisbon,Portugal,517802,True,2010-08-08,2010-08-10,3,34.0,33.6,2010
Lisbon,Portugal,517802,True,2013-07-03,2013-07-06,4,37.9,35.0,2013
Lisbon,Portugal,517802,True,2014-06-11,2014-06-14,4,33.2,31.2,2014
Lisbon,Portugal,517802,True,2016-09-03,2016-09-05,3,34.9,33.3,2016
Lisbon,Portugal,517802,True,2017-06-15,2017-06-19,5,39.0,35.7,2017
Lisbon,Portugal,517802,True,2017-09-30,2017-10-02,3,32.8,31.7,2017
Lisbon,Portugal,517802,True,2018-07-31,2018-08-04,5,41.5,38.6,2018
Lisbon,Portugal,517802,True,2018-09-21,2018-09-23,3,35.7,34.4,2018
Lisbon,Portugal,517802,True,2018-09-25,2018-09-27,3,31.5,31.2,2018
Lisbon,Portugal,517802,True,2019-05-27,2019-06-01,6,33.8,31.7,2019
Lisbon,Portugal,517802,True,2019-09-03,2019-09-05,3,34.7,33.7,2019
Lisbon,Portugal,517802,True,2020-05-25,2020-05-27,3,28.8,28.7,2020
Lisbon,Portugal,517802,True,2020-07-03,2020-07-05,3,34.9,33.5,2020
Lisbon,Portugal,517802,True,2022-06-09,2022-06-11,3,33.2,32.0,2022
Lisbon,Portugal,517802,True,2022-07-06,2022-07-12,7,38.7,36.3,2022
Lisbon,Portugal,517802,True,2023-06-22,2023-06-25,4,35.0,33.7,2023
Lisbon,Portugal,517802,True,2023-08-04,2023-08-06,3,39.3,38.0,2023
Lisbon,Portugal,517802,True,2023-08-19,2023-08-24,6,37.6,34.3,2023
Lisbon,Portugal,517802,True,2023-09-27,2023-09-30,4,34.4,32.6,2023
Lisbon,Portugal,517802,True,2023-10-02,2023-10-09,8,32.0,30.7,2023
Lisbon,Portugal,517802,True,2024-05-28,2024-05-30,3,33.4,31.0,2024
Lisbon,Portugal,517802,True,2024-07-21,2024-07-23,3,36.7,36.3,2024
Lisbon,Portugal,517802,True,2024-08-14,2024-08-16,3,36.9,35.1,2024
Lisbon,Portugal,517802,True,2024-09-14,2024-09-16,3,33.8,32.8,2024
Lisbon,Portugal,517802,True,2025-05-26,2025-05-31,6,35.4,31.7,2025
Lisbon,Portugal,517802,True,2025-06-26,2025-06-30,5,40.7,38.3,2025
Lisbon,Portugal,517802,True,2025-07-24,2025-07-26,3,35.7,35.3,2025
Lisbon,Portugal,517802,True,2025-08-10,2025-08-13,4,38.3,36.6,2025
Nuremberg,Germany,515543,False,1982-05-31,1982-06-04,5,30.2,29.4,1982
Nuremberg,Germany,515543,False,1983-07-25,1983-07-27,3,36.4,34.5,1983
Nuremberg,Germany,515543,False,1992-08-06,1992-08-08,3,35.0,34.0,1992
Nuremberg,Germany,515543,False,1994-06-24,1994-06-27,4,32.9,31.7,1994
Nuremberg,Germany,515543,False,1994-07-27,1994-07-30,4,32.5,32.1,1994
Nuremberg,Germany,515543,False,2000-06-18,2000-06-20,3,31.4,30.6,2000
Nuremberg,Germany,515543,False,2001-08-24,2001-08-26,3,30.6,30.0,2001
Nuremberg,Germany,515543,False,2002-06-17,2002-06-19,3,31.9,30.3,2002
Nuremberg,Germany,515543,False,2003-08-02,2003-08-12,11,35.9,34.0,2003
Nuremberg,Germany,515543,False,2006-07-18,2006-07-21,4,34.3,32.7,2006
Nuremberg,Germany,515543,False,2006-07-24,2006-07-26,3,33.0,32.6,2006
Nuremberg,Germany,515543,False,2008-05-27,2008-05-29,3,29.9,29.4,2008
Nuremberg,Germany,515543,False,2010-07-08,2010-07-11,4,33.4,32.6,2010
Nuremberg,Germany,515543,False,2011-08-21,2011-08-23,3,30.5,30.0,2011
Nuremberg,Germany,515543,False,2012-08-18,2012-08-20,3,34.9,33.6,2012
Nuremberg,Germany,515543,False,2013-06-16,2013-06-19,4,32.9,31.9,2013
Nuremberg,Germany,515543,False,2014-06-06,2014-06-09,4,32.9,31.0,2014
Nuremberg,Germany,515543,False,2015-07-01,2015-07-04,4,35.3,33.4,2015
Nuremberg,Germany,515543,False,2015-08-05,2015-08-13,9,36.1,33.3,2015
Nuremberg,Germany,515543,False,2015-08-28,2015-08-31,4,32.4,30.5,2015
Nuremberg,Germany,515543,False,2016-08-24,2016-08-27,4,31.9,31.0,2016
Nuremberg,Germany,515543,False,2016-09-11,2016-09-14,4,29.7,29.1,2016
Nuremberg,Germany,515543,False,2017-06-18,2017-06-21,4,33.0,30.7,2017
Nuremberg,Germany,515543,False,2018-07-29,2018-08-03,6,34.7,32.7,2018
Nuremberg,Germany,515543,False,2018-08-05,2018-08-08,4,33.5,32.2,2018
Nuremberg,Germany,515543,False,2019-06-02,2019-06-04,3,30.2,29.5,2019
Nuremberg,Germany,515543,False,2019-06-23,2019-06-26,4,35.6,32.3,2019
Nuremberg,Germany,515543,False,2019-06-28,2019-06-30,3,35.2,33.1,2019
Nuremberg,Germany,515543,False,2019-07-23,2019-07-25,3,35.6,34.8,2019
Nuremberg,Germany,515543,False,2020-08-07,2020-08-09,3,32.1,31.9,2020
Nuremberg,Germany,515543,False,2021-06-15,2021-06-18,4,33.0,31.8,2021
Nuremberg,Germany,515543,False,2022-08-02,2022-08-04,3,35.4,33.9,2022
Nuremberg,Germany,515543,False,2023-08-18,2023-08-21,4,32.0,31.0,2023
Nuremberg,Germany,515543,False,2024-08-28,2024-08-31,4,31.5,30.4,2024
Nuremberg,Germany,515543,False,2025-06-12,2025-06-14,3,33.2,31.4,2025
Nuremberg,Germany,515543,False,2025-06-20,2025-06-22,3,33.2,30.6,2025
Nuremberg,Germany,515543,False,2025-06-28,2025-07-01,4,35.4,33.7,2025
Nuremberg,Germany,515543,False,2025-08-12,2025-08-14,3,34.7,33.9,2025
Hanover,Germany,515140,False,1982-06-01,1982-06-04,4,30.5,29.9,1982
Hanover,Germany,515140,False,1994-07-22,1994-07-27,6,32.5,31.2,1994
Hanover,Germany,515140,False,2000-06-18,2000-06-20,3,32.4,31.2,2000
Hanover,Germany,515140,False,2003-08-01,2003-08-04,4,30.5,30.3,2003
Hanover,Germany,515140,False,2003-08-06,2003-08-11,6,35.4,33.3,2003
Hanover,Germany,515140,False,2006-07-17,2006-07-21,5,34.2,31.9,2006
Hanover,Germany,515140,False,2010-07-07,2010-07-11,5,34.4,32.8,2010
Hanover,Germany,515140,False,2014-06-07,2014-06-09,3,29.3,28.9,2014
Hanover,Germany,515140,False,2015-07-01,2015-07-04,4,36.2,32.7,2015
Hanover,Germany,515140,False,2016-08-23,2016-08-27,5,33.0,31.1,2016
Hanover,Germany,515140,False,2016-09-11,2016-09-13,3,30.8,30.0,2016
Hanover,Germany,515140,False,2018-07-23,2018-07-27,5,33.7,32.3,2018
Hanover,Germany,515140,False,2018-08-01,2018-08-03,3,32.2,30.9,2018
Hanover,Germany,515140,False,2018-08-05,2018-08-08,4,35.2,31.9,2018
Hanover,Germany,515140,False,2019-07-22,2019-07-25,4,36.8,33.7,2019
Hanover,Germany,515140,False,2019-08-24,2019-08-27,4,32.1,31.5,2019
Hanover,Germany,515140,False,2020-08-05,2020-08-12,8,33.8,31.4,2020
Hanover,Germany,515140,False,2021-06-16,2021-06-18,3,32.4,31.2,2021
Hanover,Germany,515140,False,2022-07-17,2022-07-19,3,38.7,35.5,2022
Hanover,Germany,515140,False,2022-08-10,2022-08-16,7,31.2,30.4,2022
Hanover,Germany,515140,False,2022-08-23,2022-08-25,3,30.9,30.2,2022
Hanover,Germany,515140,False,2025-08-11,2025-08-13,3,34.5,32.4,2025
Toulouse,France,511684,False,1982-07-04,1982-07-07,4,36.4,34.5,1982
Toulouse,France,511684,False,1985-09-29,1985-10-02,4,31.4,30.5,1985
Toulouse,France,511684,False,1987-08-12,1987-08-15,4,38.0,36.5,1987
Toulouse,France,511684,False,1987-09-11,1987-09-18,8,33.6,32.9,1987
Toulouse,France,511684,False,1989-07-19,1989-07-21,3,36.8,36.3,1989
Toulouse,France,511684,False,1990-07-20,1990-07-22,3,35.8,35.2,1990
Toulouse,France,511684,False,1992-05-15,1992-05-17,3,29.6,29.4,1992
Toulouse,France,511684,False,1998-08-07,1998-08-10,4,36.3,35.2,1998
Toulouse,France,511684,False,2001-05-27,2001-05-29,3,31.0,30.3,2001
Toulouse,France,511684,False,2003-05-28,2003-05-30,3,30.5,29.8,2003
Toulouse,France,511684,False,2003-06-08,2003-06-13,6,35.8,32.6,2003
Toulouse,France,511684,False,2003-06-19,2003-06-21,3,36.5,35.4,2003
Toulouse,France,511684,False,2003-07-10,2003-07-12,3,37.2,35.6,2003
Toulouse,France,511684,False,2003-08-01,2003-08-13,13,39.2,37.5,2003
Toulouse,France,511684,False,2005-06-25,2005-06-27,3,33.5,33.0,2005
Toulouse,France,511684,False,2006-07-15,2006-07-18,4,35.4,34.8,2006
Toulouse,France,511684,False,2006-07-23,2006-07-25,3,36.3,35.7,2006
Toulouse,France,511684,False,2009-08-17,2009-08-19,3,36.4,34.9,2009
Toulouse,France,511684,False,2011-08-18,2011-08-21,4,38.8,36.4,2011
Toulouse,France,511684,False,2012-08-08,2012-08-10,3,37.0,36.1,2012
Toulouse,France,511684,False,2012-08-16,2012-08-22,7,38.7,36.6,2012
Toulouse,France,511684,False,2013-07-24,2013-07-26,3,34.8,34.6,2013
Toulouse,France,511684,False,2015-06-29,2015-07-05,7,35.2,33.9,2015
Toulouse,France,511684,False,2016-08-23,2016-08-26,4,34.4,33.9,2016
Toulouse,France,511684,False,2017-05-24,2017-05-27,4,30.6,29.3,2017
Toulouse,France,511684,False,2017-06-17,2017-06-21,5,36.8,34.6,2017
Toulouse,France,511684,False,2018-08-01,2018-08-05,5,35.9,35.0,2018
Toulouse,France,511684,False,2019-06-24,2019-06-29,6,39.4,35.6,2019
Toulouse,France,511684,False,2019-07-03,2019-07-05,3,36.0,35.4,2019
Toulouse,France,511684,False,2019-07-21,2019-07-24,4,37.6,36.8,2019
Toulouse,France,511684,False,2020-08-05,2020-08-10,6,37.4,36.0,2020
Toulouse,France,511684,False,2020-08-18,2020-08-20,3,35.3,34.8,2020
Toulouse,France,511684,False,2021-06-12,2021-06-15,4,32.8,32.1,2021
Toulouse,France,511684,False,2022-05-16,2022-05-21,6,32.8,30.9,2022
Toulouse,France,511684,False,2022-05-31,2022-06-02,3,31.0,30.3,2022
Toulouse,France,511684,False,2022-06-10,2022-06-18,9,38.7,34.9,2022
Toulouse,France,511684,False,2022-07-09,2022-07-18,10,38.8,36.5,2022
Toulouse,France,511684,False,2022-08-01,2022-08-03,3,37.0,36.4,2022
Toulouse,France,511684,False,2022-08-06,2022-08-12,7,39.6,36.4,2022
Toulouse,France,511684,False,2023-08-17,2023-08-23,7,40.8,37.4,2023
Toulouse,France,511684,False,2023-10-07,2023-10-12,6,30.5,29.5,2023
Toulouse,France,511684,False,2025-05-28,2025-05-30,3,33.8,31.9,2025
Toulouse,France,511684,False,2025-06-09,2025-06-12,4,35.7,33.1,2025
Toulouse,France,511684,False,2025-06-17,2025-06-24,8,37.7,35.0,2025
Toulouse,France,511684,False,2025-06-27,2025-06-30,4,38.7,37.3,2025
Toulouse,France,511684,False,2025-08-06,2025-08-16,11,41.2,37.9,2025
Leipzig,Germany,504971,False,1982-05-31,1982-06-05,6,32.1,30.0,1982
Leipzig,Germany,504971,False,1982-09-14,1982-09-16,3,29.0,28.6,1982
Leipzig,Germany,504971,False,1994-07-27,1994-07-31,5,35.0,33.7,1994
Leipzig,Germany,504971,False,2000-06-18,2000-06-20,3,32.6,31.7,2000
Leipzig,Germany,504971,False,2003-06-02,2003-06-04,3,30.8,30.1,2003
Leipzig,Germany,504971,False,2010-07-08,2010-07-11,4,35.5,33.9,2010
Leipzig,Germany,504971,False,2014-06-07,2014-06-09,3,31.8,31.3,2014
Leipzig,Germany,504971,False,2015-07-02,2015-07-04,3,35.2,34.3,2015
Leipzig,Germany,504971,False,2015-08-05,2015-08-07,3,35.9,33.8,2015
Leipzig,Germany,504971,False,2016-08-24,2016-08-27,4,32.9,31.5,2016
Leipzig,Germany,504971,False,2016-09-10,2016-09-13,4,31.0,29.8,2016
Leipzig,Germany,504971,False,2017-05-27,2017-05-29,3,30.8,30.1,2017
Leipzig,Germany,504971,False,2018-07-24,2018-07-27,4,32.8,32.1,2018
Leipzig,Germany,504971,False,2018-07-29,2018-07-31,3,35.0,33.3,2018
Leipzig,Germany,504971,False,2018-08-06,2018-08-08,3,36.2,35.4,2018
Leipzig,Germany,504971,False,2018-09-17,2018-09-20,4,30.4,30.2,2018
Leipzig,Germany,504971,False,2019-06-01,2019-06-04,4,32.2,30.8,2019
Leipzig,Germany,504971,False,2019-07-22,2019-07-25,4,36.0,33.6,2019
Leipzig,Germany,504971,False,2019-08-24,2019-08-30,7,31.8,31.0,2019
Leipzig,Germany,504971,False,2020-08-06,2020-08-08,3,35.6,34.3,2020
Leipzig,Germany,504971,False,2020-08-10,2020-08-12,3,32.9,32.1,2020
Leipzig,Germany,504971,False,2020-09-13,2020-09-15,3,30.3,29.8,2020
Leipzig,Germany,504971,False,2021-06-16,2021-06-19,4,32.2,31.7,2021
Leipzig,Germany,504971,False,2023-09-07,2023-09-11,5,29.0,28.7,2023
Leipzig,Germany,504971,False,2024-08-27,2024-08-29,3,33.6,31.1,2024
Leipzig,Germany,504971,False,2024-09-01,2024-09-07,7,34.0,31.0,2024
Leipzig,Germany,504971,False,2025-08-12,2025-08-14,3,33.8,33.1,2025
Duisburg,Germany,504358,False,1982-06-01,1982-06-03,3,28.6,28.5,1982
Duisburg,Germany,504358,False,1990-08-01,1990-08-03,3,33.9,32.3,1990
Duisburg,Germany,504358,False,1991-09-01,1991-09-03,3,28.6,28.3,1991
Duisburg,Germany,504358,False,1994-07-22,1994-07-24,3,32.4,31.2,1994
Duisburg,Germany,504358,False,1994-08-02,1994-08-04,3,33.7,31.6,1994
Duisburg,Germany,504358,False,1995-07-08,1995-07-10,3,32.1,31.5,1995
Duisburg,Germany,504358,False,1996-06-05,1996-06-07,3,30.1,29.1,1996
Duisburg,Germany,504358,False,2003-08-04,2003-08-08,5,34.7,32.6,2003
Duisburg,Germany,504358,False,2006-07-17,2006-07-21,5,34.2,31.7,2006
Duisburg,Germany,504358,False,2006-07-24,2006-07-26,3,33.2,31.8,2006
Duisburg,Germany,504358,False,2010-07-07,2010-07-11,5,33.6,32.2,2010
Duisburg,Germany,504358,False,2015-06-30,2015-07-03,4,34.6,32.7,2015
Duisburg,Germany,504358,False,2016-08-23,2016-08-27,5,31.7,30.2,2016
Duisburg,Germany,504358,False,2016-09-11,2016-09-14,4,31.3,30.2,2016
Duisburg,Germany,504358,False,2017-06-18,2017-06-21,4,33.4,30.8,2017
Duisburg,Germany,504358,False,2018-07-23,2018-07-26,4,34.8,33.7,2018
Duisburg,Germany,504358,False,2018-08-01,2018-08-03,3,33.8,32.6,2018
Duisburg,Germany,504358,False,2019-06-22,2019-06-25,4,35.1,31.6,2019
Duisburg,Germany,504358,False,2019-07-22,2019-07-26,5,39.6,35.8,2019
Duisburg,Germany,504358,False,2019-08-23,2019-08-27,5,32.5,31.0,2019
Duisburg,Germany,504358,False,2020-08-05,2020-08-12,8,34.6,32.3,2020
Duisburg,Germany,504358,False,2021-06-15,2021-06-17,3,32.4,30.7,2021
Duisburg,Germany,504358,False,2022-08-10,2022-08-13,4,31.1,30.9,2022
Duisburg,Germany,504358,False,2022-08-22,2022-08-24,3,33.0,31.5,2022
Duisburg,Germany,504358,False,2023-06-08,2023-06-11,4,29.4,28.6,2023
Duisburg,Germany,504358,False,2023-09-04,2023-09-10,7,30.0,29.0,2023
Duisburg,Germany,504358,False,2025-06-29,2025-07-01,3,37.4,35.0,2025
Duisburg,Germany,504358,False,2025-08-11,2025-08-13,3,34.6,33.8,2025
Homyel,Belarus,501193,False,1981-06-22,1981-06-24,3,30.7,30.3,1981
Homyel,Belarus,501193,False,1986-05-27,1986-05-30,4,28.7,28.5,1986
Homyel,Belarus,501193,False,1986-07-04,1986-07-06,3,30.2,30.2,1986
Homyel,Belarus,501193,False,1989-06-08,1989-06-10,3,30.4,29.9,1989
Homyel,Belarus,501193,False,1989-07-10,1989-07-12,3,30.5,30.4,1989
Homyel,Belarus,501193,False,1992-08-28,1992-08-30,3,31.2,29.9,1992
Homyel,Belarus,501193,False,1996-05-12,1996-05-15,4,29.2,28.7,1996
Homyel,Belarus,501193,False,1999-07-05,1999-07-07,3,33.1,32.3,1999
Homyel,Belarus,501193,False,2001-07-14,2001-07-17,4,31.2,30.8,2001
Homyel,Belarus,501193,False,2001-07-20,2001-07-23,4,32.5,31.9,2001
Homyel,Belarus,501193,False,2002-07-09,2002-07-15,7,30.7,30.2,2002
Homyel,Belarus,501193,False,2002-07-18,2002-07-21,4,31.1,30.8,2002
Homyel,Belarus,501193,False,2003-05-24,2003-05-26,3,30.3,30.2,2003
Homyel,Belarus,501193,False,2007-05-18,2007-05-22,5,29.7,29.1,2007
Homyel,Belarus,501193,False,2007-05-25,2007-05-27,3,31.2,30.4,2007
Homyel,Belarus,501193,False,2007-08-19,2007-08-23,5,32.8,31.7,2007
Homyel,Belarus,501193,False,2008-08-14,2008-08-16,3,33.4,31.9,2008
Homyel,Belarus,501193,False,2008-09-05,2008-09-07,3,29.4,28.8,2008
Homyel,Belarus,501193,False,2010-07-15,2010-07-27,13,33.9,31.9,2010
Homyel,Belarus,501193,False,2010-08-01,2010-08-09,9,35.6,33.4,2010
Homyel,Belarus,501193,False,2010-08-11,2010-08-16,6,34.9,33.7,2010
Homyel,Belarus,501193,False,2012-07-06,2012-07-08,3,30.9,30.4,2012
Homyel,Belarus,501193,False,2012-07-26,2012-07-30,5,31.3,30.2,2012
Homyel,Belarus,501193,False,2013-08-08,2013-08-10,3,30.4,30.1,2013
Homyel,Belarus,501193,False,2014-07-29,2014-08-03,6,33.4,31.3,2014
Homyel,Belarus,501193,False,2015-08-07,2015-08-12,6,32.5,31.8,2015
Homyel,Belarus,501193,False,2016-07-11,2016-07-13,3,31.5,31.0,2016
Homyel,Belarus,501193,False,2016-07-26,2016-07-28,3,31.6,30.5,2016
Homyel,Belarus,501193,False,2017-08-10,2017-08-12,3,31.6,30.7,2017
Homyel,Belarus,501193,False,2017-08-17,2017-08-20,4,31.5,30.7,2017
Homyel,Belarus,501193,False,2019-06-10,2019-06-13,4,30.6,30.2,2019
Homyel,Belarus,501193,False,2019-06-19,2019-06-21,3,31.3,30.5,2019
Homyel,Belarus,501193,False,2020-06-08,2020-06-11,4,30.8,30.3,2020
Homyel,Belarus,501193,False,2021-06-19,2021-06-25,7,34.8,32.7,2021
Homyel,Belarus,501193,False,2021-07-09,2021-07-17,9,32.0,31.4,2021
Homyel,Belarus,501193,False,2022-08-22,2022-08-25,4,30.8,30.2,2022
Homyel,Belarus,501193,False,2024-07-10,2024-07-13,4,33.4,31.1,2024
Homyel,Belarus,501193,False,2024-07-15,2024-07-17,3,32.4,30.9,2024
Homyel,Belarus,501193,False,2024-08-17,2024-08-21,5,32.6,30.6,2024
Homyel,Belarus,501193,False,2024-08-25,2024-08-29,5,29.1,28.8,2024
Homyel,Belarus,501193,False,2025-07-07,2025-07-09,3,31.6,30.4,2025
Skopje,North Macedonia,474889,True,1982-06-23,1982-06-26,4,39.7,38.0,1982
Skopje,North Macedonia,474889,True,1986-09-14,1986-09-17,4,34.0,33.5,1986
Skopje,North Macedonia,474889,True,1987-06-13,1987-06-15,3,36.5,35.4,1987
Skopje,North Macedonia,474889,True,1987-07-19,1987-07-25,7,40.7,39.4,1987
Skopje,North Macedonia,474889,True,1987-09-13,1987-09-15,3,35.1,34.2,1987
Skopje,North Macedonia,474889,True,1988-07-04,1988-07-08,5,43.0,40.2,1988
Skopje,North Macedonia,474889,True,1988-08-13,1988-08-15,3,36.8,36.5,1988
Skopje,North Macedonia,474889,True,1993-08-23,1993-08-25,3,37.9,37.3,1993
Skopje,North Macedonia,474889,True,1994-05-22,1994-05-25,4,33.8,32.7,1994
Skopje,North Macedonia,474889,True,1994-09-12,1994-09-14,3,35.8,34.9,1994
Skopje,North Macedonia,474889,True,1999-08-18,1999-08-20,3,39.2,38.1,1999
Skopje,North Macedonia,474889,True,2000-06-12,2000-06-14,3,35.5,34.7,2000
Skopje,North Macedonia,474889,True,2000-08-20,2000-08-22,3,38.5,37.4,2000
Skopje,North Macedonia,474889,True,2003-04-29,2003-05-02,4,32.7,31.5,2003
Skopje,North Macedonia,474889,True,2003-05-05,2003-05-12,8,32.2,31.2,2003
Skopje,North Macedonia,474889,True,2003-06-11,2003-06-13,3,34.3,34.0,2003
Skopje,North Macedonia,474889,True,2003-08-28,2003-08-30,3,39.2,37.2,2003
Skopje,North Macedonia,474889,True,2005-07-30,2005-08-02,4,38.4,37.7,2005
Skopje,North Macedonia,474889,True,2006-08-17,2006-08-19,3,40.3,38.2,2006
Skopje,North Macedonia,474889,True,2007-06-20,2007-06-25,6,40.1,38.4,2007
Skopje,North Macedonia,474889,True,2007-07-16,2007-07-23,8,42.5,39.5,2007
Skopje,North Macedonia,474889,True,2007-08-21,2007-08-24,4,39.8,38.7,2007
Skopje,North Macedonia,474889,True,2007-08-28,2007-08-30,3,37.7,36.9,2007
Skopje,North Macedonia,474889,True,2008-05-26,2008-05-28,3,34.9,34.1,2008
Skopje,North Macedonia,474889,True,2008-08-12,2008-08-15,4,38.3,37.6,2008
Skopje,North Macedonia,474889,True,2008-09-05,2008-09-07,3,36.3,35.9,2008
Skopje,North Macedonia,474889,True,2010-06-10,2010-06-14,5,36.5,35.2,2010
Skopje,North Macedonia,474889,True,2010-08-13,2010-08-15,3,37.8,37.4,2010
Skopje,North Macedonia,474889,True,2011-08-22,2011-08-25,4,37.5,36.8,2011
Skopje,North Macedonia,474889,True,2012-04-29,2012-05-01,3,30.4,30.0,2012
Skopje,North Macedonia,474889,True,2012-06-16,2012-06-21,6,37.0,35.6,2012
Skopje,North Macedonia,474889,True,2012-07-09,2012-07-11,3,38.5,38.1,2012
Skopje,North Macedonia,474889,True,2012-08-04,2012-08-07,4,40.2,38.8,2012
Skopje,North Macedonia,474889,True,2012-08-20,2012-08-25,6,39.6,38.2,2012
Skopje,North Macedonia,474889,True,2012-09-26,2012-10-01,6,33.9,33.0,2012
Skopje,North Macedonia,474889,True,2013-04-27,2013-05-01,5,31.0,29.8,2013
Skopje,North Macedonia,474889,True,2013-06-18,2013-06-21,4,35.8,35.3,2013
Skopje,North Macedonia,474889,True,2015-08-30,2015-09-01,3,35.9,35.4,2015
Skopje,North Macedonia,474889,True,2015-09-16,2015-09-18,3,35.0,34.2,2015
Skopje,North Macedonia,474889,True,2016-04-16,2016-04-18,3,31.5,30.6,2016
Skopje,North Macedonia,474889,True,2017-06-27,2017-06-30,4,40.0,38.5,2017
Skopje,North Macedonia,474889,True,2017-07-10,2017-07-12,3,38.1,37.7,2017
Skopje,North Macedonia,474889,True,2017-08-01,2017-08-11,11,39.6,38.5,2017
Skopje,North Macedonia,474889,True,2018-04-22,2018-04-24,3,28.2,28.1,2018
Skopje,North Macedonia,474889,True,2019-06-12,2019-06-15,4,36.9,35.7,2019
Skopje,North Macedonia,474889,True,2019-08-09,2019-08-13,5,38.8,38.0,2019
Skopje,North Macedonia,474889,True,2021-06-22,2021-06-24,3,37.6,37.3,2021
Skopje,North Macedonia,474889,True,2021-07-28,2021-08-01,5,39.4,38.6,2021
Skopje,North Macedonia,474889,True,2024-06-08,2024-06-11,4,35.2,34.2,2024
Skopje,North Macedonia,474889,True,2024-06-18,2024-06-22,5,37.1,36.3,2024
Skopje,North Macedonia,474889,True,2024-07-12,2024-07-17,6,38.5,38.0,2024
Skopje,North Macedonia,474889,True,2024-08-12,2024-08-16,5,39.0,38.1,2024
Skopje,North Macedonia,474889,True,2025-06-24,2025-06-26,3,37.8,37.2,2025
Skopje,North Macedonia,474889,True,2025-07-03,2025-07-06,4,37.8,37.0,2025
Skopje,North Macedonia,474889,True,2025-07-20,2025-07-26,7,41.4,39.1,2025
Bratislava,Slovakia,423737,True,1981-05-31,1981-06-02,3,31.1,30.6,1981
Bratislava,Slovakia,423737,True,1982-06-01,1982-06-05,5,31.5,30.8,1982
Bratislava,Slovakia,423737,True,1984-07-10,1984-07-12,3,35.1,34.0,1984
Bratislava,Slovakia,423737,True,1992-08-07,1992-08-09,3,34.8,34.2,1992
Bratislava,Slovakia,423737,True,1992-08-18,1992-08-20,3,35.4,34.2,1992
Bratislava,Slovakia,423737,True,1992-08-25,1992-08-29,5,34.9,34.0,1992
Bratislava,Slovakia,423737,True,1994-07-29,1994-07-31,3,34.3,34.3,1994
Bratislava,Slovakia,423737,True,2000-06-09,2000-06-13,5,33.0,31.4,2000
Bratislava,Slovakia,423737,True,2000-08-18,2000-08-20,3,34.8,34.3,2000
Bratislava,Slovakia,423737,True,2002-06-18,2002-06-20,3,32.0,31.7,2002
Bratislava,Slovakia,423737,True,2003-06-10,2003-06-12,3,33.4,32.5,2003
Bratislava,Slovakia,423737,True,2005-05-27,2005-05-29,3,31.9,31.1,2005
Bratislava,Slovakia,423737,True,2007-07-14,2007-07-19,6,36.8,35.4,2007
Bratislava,Slovakia,423737,True,2011-08-22,2011-08-25,4,34.3,33.6,2011
Bratislava,Slovakia,423737,True,2012-04-28,2012-05-01,4,29.9,29.3,2012
Bratislava,Slovakia,423737,True,2012-06-17,2012-06-19,3,33.6,32.9,2012
Bratislava,Slovakia,423737,True,2012-06-28,2012-07-02,5,35.9,34.9,2012
Bratislava,Slovakia,423737,True,2012-07-04,2012-07-07,4,34.0,33.0,2012
Bratislava,Slovakia,423737,True,2012-08-19,2012-08-21,3,35.4,33.8,2012
Bratislava,Slovakia,423737,True,2013-06-17,2013-06-19,3,32.4,32.1,2013
Bratislava,Slovakia,423737,True,2013-08-05,2013-08-07,3,37.3,35.8,2013
Bratislava,Slovakia,423737,True,2014-06-07,2014-06-10,4,33.3,31.9,2014
Bratislava,Slovakia,423737,True,2015-07-04,2015-07-06,3,34.4,33.9,2015
Bratislava,Slovakia,423737,True,2015-08-06,2015-08-14,9,35.2,34.4,2015
Bratislava,Slovakia,423737,True,2015-08-28,2015-08-31,4,33.3,32.6,2015
Bratislava,Slovakia,423737,True,2017-06-21,2017-06-24,4,32.2,31.8,2017
Bratislava,Slovakia,423737,True,2021-06-18,2021-06-20,3,31.8,31.5,2021
Bratislava,Slovakia,423737,True,2022-06-28,2022-06-30,3,35.4,34.0,2022
Bratislava,Slovakia,423737,True,2022-07-19,2022-07-21,3,35.5,34.6,2022
Bratislava,Slovakia,423737,True,2022-08-16,2022-08-18,3,35.6,34.3,2022
Bratislava,Slovakia,423737,True,2023-06-19,2023-06-21,3,31.9,31.4,2023
Bratislava,Slovakia,423737,True,2024-08-11,2024-08-13,3,34.2,33.6,2024
Bratislava,Slovakia,423737,True,2024-08-27,2024-09-04,9,33.0,31.9,2024
Bratislava,Slovakia,423737,True,2025-08-12,2025-08-15,4,35.6,34.3,2025
Tirana,Albania,418495,True,1981-08-02,1981-08-04,3,36.1,35.5,1981
Tirana,Albania,418495,True,1982-06-23,1982-06-26,4,35.4,33.7,1982
Tirana,Albania,418495,True,1987-07-22,1987-07-25,4,37.8,36.5,1987
Tirana,Albania,418495,True,1987-09-14,1987-09-19,6,33.2,32.0,1987
Tirana,Albania,418495,True,1988-07-04,1988-07-07,4,38.7,36.5,1988
Tirana,Albania,418495,True,1988-08-13,1988-08-15,3,34.5,34.3,1988
Tirana,Albania,418495,True,1993-10-16,1993-10-18,3,29.2,28.8,1993
Tirana,Albania,418495,True,1994-05-22,1994-05-24,3,31.1,30.4,1994
Tirana,Albania,418495,True,1996-06-09,1996-06-11,3,30.8,30.7,1996
Tirana,Albania,418495,True,1997-06-16,1997-06-18,3,31.8,31.5,1997
Tirana,Albania,418495,True,1998-08-01,1998-08-03,3,34.8,34.7,1998
Tirana,Albania,418495,True,1999-08-18,1999-08-20,3,36.3,34.5,1999
Tirana,Albania,418495,True,2000-06-11,2000-06-14,4,33.3,32.4,2000
Tirana,Albania,418495,True,2000-08-20,2000-08-24,5,36.1,34.4,2000
Tirana,Albania,418495,True,2002-06-22,2002-06-24,3,34.4,33.2,2002
Tirana,Albania,418495,True,2003-05-03,2003-05-06,4,29.6,28.7,2003
Tirana,Albania,418495,True,2003-05-08,2003-05-11,4,29.2,28.6,2003
Tirana,Albania,418495,True,2003-06-09,2003-06-16,8,34.0,32.7,2003
Tirana,Albania,418495,True,2003-08-11,2003-08-15,5,34.2,34.1,2003
Tirana,Albania,418495,True,2003-08-17,2003-08-19,3,36.1,35.3,2003
Tirana,Albania,418495,True,2004-07-06,2004-07-08,3,35.2,34.8,2004
Tirana,Albania,418495,True,2005-07-27,2005-07-30,4,35.9,35.0,2005
Tirana,Albania,418495,True,2006-06-21,2006-06-23,3,32.6,32.3,2006
Tirana,Albania,418495,True,2006-06-26,2006-06-29,4,34.3,33.4,2006
Tirana,Albania,418495,True,2006-08-17,2006-08-20,4,36.8,35.3,2006
Tirana,Albania,418495,True,2007-06-22,2007-06-25,4,37.1,34.7,2007
Tirana,Albania,418495,True,2007-07-17,2007-07-19,3,35.2,34.8,2007
Tirana,Albania,418495,True,2007-07-21,2007-07-25,5,39.3,36.2,2007
Tirana,Albania,418495,True,2007-08-21,2007-08-24,4,38.8,36.6,2007
Tirana,Albania,418495,True,2007-08-28,2007-08-30,3,34.8,34.2,2007
Tirana,Albania,418495,True,2008-05-26,2008-05-28,3,30.8,30.0,2008
Tirana,Albania,418495,True,2008-06-24,2008-06-26,3,33.7,33.1,2008
Tirana,Albania,418495,True,2008-09-05,2008-09-07,3,34.7,33.7,2008
Tirana,Albania,418495,True,2011-08-19,2011-08-26,8,35.7,34.8,2011
Tirana,Albania,418495,True,2011-09-11,2011-09-18,8,32.6,31.7,2011
Tirana,Albania,418495,True,2012-06-15,2012-06-22,8,32.7,32.4,2012
Tirana,Albania,418495,True,2012-08-04,2012-08-08,5,36.5,35.4,2012
Tirana,Albania,418495,True,2012-08-16,2012-08-19,4,34.6,34.0,2012
Tirana,Albania,418495,True,2012-08-21,2012-08-25,5,36.0,35.3,2012
Tirana,Albania,418495,True,2012-09-27,2012-09-30,4,32.8,31.9,2012
Tirana,Albania,418495,True,2013-06-17,2013-06-21,5,33.1,32.0,2013
Tirana,Albania,418495,True,2013-08-03,2013-08-07,5,35.9,35.4,2013
Tirana,Albania,418495,True,2015-07-14,2015-07-18,5,35.1,34.9,2015
Tirana,Albania,418495,True,2015-08-28,2015-08-31,4,34.2,33.4,2015
Tirana,Albania,418495,True,2015-09-16,2015-09-18,3,33.1,32.3,2015
Tirana,Albania,418495,True,2016-06-22,2016-06-24,3,34.8,33.5,2016
Tirana,Albania,418495,True,2017-06-28,2017-06-30,3,34.1,33.6,2017
Tirana,Albania,418495,True,2017-07-08,2017-07-13,6,36.0,35.3,2017
Tirana,Albania,418495,True,2017-07-21,2017-07-23,3,35.7,35.4,2017
Tirana,Albania,418495,True,2017-07-30,2017-08-10,12,38.2,36.4,2017
Tirana,Albania,418495,True,2017-08-16,2017-08-18,3,34.4,34.3,2017
Tirana,Albania,418495,True,2019-06-07,2019-06-09,3,32.9,31.5,2019
Tirana,Albania,418495,True,2019-06-11,2019-06-15,5,33.6,31.7,2019
Tirana,Albania,418495,True,2019-06-24,2019-06-28,5,34.0,33.2,2019
Tirana,Albania,418495,True,2019-06-30,2019-07-03,4,34.2,33.6,2019
Tirana,Albania,418495,True,2019-08-10,2019-08-12,3,36.9,35.8,2019
Tirana,Albania,418495,True,2019-08-22,2019-08-27,6,35.2,34.4,2019
Tirana,Albania,418495,True,2020-05-15,2020-05-17,3,32.0,31.1,2020
Tirana,Albania,418495,True,2020-07-28,2020-07-30,3,36.8,35.4,2020
Tirana,Albania,418495,True,2020-09-12,2020-09-16,5,33.0,32.5,2020
Tirana,Albania,418495,True,2021-06-20,2021-06-29,10,37.5,34.2,2021
Tirana,Albania,418495,True,2021-07-06,2021-07-08,3,36.6,35.6,2021
Tirana,Albania,418495,True,2021-07-26,2021-08-04,10,39.4,36.6,2021
Tirana,Albania,418495,True,2021-08-07,2021-08-15,9,37.2,35.5,2021
Tirana,Albania,418495,True,2022-05-24,2022-05-27,4,31.8,30.9,2022
Tirana,Albania,418495,True,2022-06-01,2022-06-06,6,33.0,32.0,2022
Tirana,Albania,418495,True,2022-06-26,2022-06-28,3,34.8,34.3,2022
Tirana,Albania,418495,True,2022-06-30,2022-07-05,6,36.8,35.5,2022
Tirana,Albania,418495,True,2022-07-21,2022-07-29,9,36.3,35.3,2022
Tirana,Albania,418495,True,2023-06-21,2023-06-23,3,32.5,32.2,2023
Tirana,Albania,418495,True,2023-07-15,2023-07-24,10,39.8,36.2,2023
Tirana,Albania,418495,True,2023-08-19,2023-08-27,9,36.8,35.5,2023
Tirana,Albania,418495,True,2024-06-17,2024-06-25,9,38.2,33.9,2024
Tirana,Albania,418495,True,2024-07-06,2024-07-19,14,37.8,36.1,2024
Tirana,Albania,418495,True,2024-07-26,2024-08-01,7,38.2,35.6,2024
Tirana,Albania,418495,True,2024-08-09,2024-08-16,8,37.6,37.0,2024
Tirana,Albania,418495,True,2024-08-21,2024-08-27,7,36.0,35.1,2024
Tirana,Albania,418495,True,2024-08-29,2024-09-03,6,33.8,33.0,2024
Tirana,Albania,418495,True,2025-06-04,2025-06-09,6,34.4,31.6,2025
Tirana,Albania,418495,True,2025-06-11,2025-06-16,6,33.0,32.0,2025
Tirana,Albania,418495,True,2025-06-24,2025-07-06,13,35.4,34.3,2025
Tirana,Albania,418495,True,2025-08-07,2025-08-13,7,40.4,37.1,2025
Tallinn,Estonia,394024,True,1994-07-12,1994-07-15,4,30.0,29.5,1994
Tallinn,Estonia,394024,True,1994-07-27,1994-07-29,3,32.0,30.7,1994
Tallinn,Estonia,394024,True,1997-06-29,1997-07-01,3,29.8,29.4,1997
Tallinn,Estonia,394024,True,1997-08-25,1997-08-27,3,28.3,28.3,1997
Tallinn,Estonia,394024,True,2003-07-27,2003-07-31,5,30.0,29.6,2003
Tallinn,Estonia,394024,True,2010-07-10,2010-07-14,5,31.1,30.2,2010
Tallinn,Estonia,394024,True,2014-07-24,2014-07-27,4,29.5,28.9,2014
Tallinn,Estonia,394024,True,2014-08-02,2014-08-05,4,29.1,28.6,2014
Tallinn,Estonia,394024,True,2018-07-27,2018-08-01,6,32.2,30.2,2018
Tallinn,Estonia,394024,True,2021-06-18,2021-06-22,5,31.4,30.1,2021
Tallinn,Estonia,394024,True,2021-07-12,2021-07-14,3,30.2,29.0,2021
Tallinn,Estonia,394024,True,2022-06-25,2022-06-28,4,30.6,30.1,2022
Ljubljana,Slovenia,272220,True,1983-07-25,1983-07-31,7,35.3,32.3,1983
Ljubljana,Slovenia,272220,True,1988-08-10,1988-08-15,6,32.1,30.4,1988
Ljubljana,Slovenia,272220,True,1992-07-30,1992-08-03,5,31.8,31.3,1992
Ljubljana,Slovenia,272220,True,1992-08-05,1992-08-08,4,32.8,31.8,1992
Ljubljana,Slovenia,272220,True,1992-08-16,1992-08-20,5,34.3,32.8,1992
Ljubljana,Slovenia,272220,True,1992-08-24,1992-08-28,5,31.0,29.9,1992
Ljubljana,Slovenia,272220,True,1993-08-14,1993-08-16,3,30.6,30.5,1993
Ljubljana,Slovenia,272220,True,1993-08-20,1993-08-23,4,30.0,29.6,1993
Ljubljana,Slovenia,272220,True,1996-06-07,1996-06-11,5,29.9,29.4,1996
Ljubljana,Slovenia,272220,True,1998-06-04,1998-06-06,3,29.4,28.9,1998
Ljubljana,Slovenia,272220,True,2000-06-19,2000-06-22,4,29.4,28.7,2000
Ljubljana,Slovenia,272220,True,2000-08-16,2000-08-21,6,31.7,31.1,2000
Ljubljana,Slovenia,272220,True,2002-06-18,2002-06-23,6,31.0,29.4,2002
Ljubljana,Slovenia,272220,True,2003-06-04,2003-06-13,10,33.2,30.4,2003
Ljubljana,Slovenia,272220,True,2003-06-22,2003-06-24,3,31.8,30.7,2003
Ljubljana,Slovenia,272220,True,2003-08-11,2003-08-14,4,34.1,31.5,2003
Ljubljana,Slovenia,272220,True,2003-08-20,2003-08-23,4,29.9,29.7,2003
Ljubljana,Slovenia,272220,True,2005-07-27,2005-07-29,3,32.3,31.8,2005
Ljubljana,Slovenia,272220,True,2006-06-19,2006-06-21,3,30.0,29.8,2006
Ljubljana,Slovenia,272220,True,2006-06-24,2006-06-27,4,31.8,30.6,2006
Ljubljana,Slovenia,272220,True,2006-07-18,2006-07-22,5,32.6,31.6,2006
Ljubljana,Slovenia,272220,True,2007-07-16,2007-07-20,5,34.1,32.8,2007
Ljubljana,Slovenia,272220,True,2008-06-21,2008-06-24,4,29.2,28.8,2008
Ljubljana,Slovenia,272220,True,2010-07-10,2010-07-16,7,32.3,31.0,2010
Ljubljana,Slovenia,272220,True,2010-07-20,2010-07-22,3,31.5,30.9,2010
Ljubljana,Slovenia,272220,True,2011-07-08,2011-07-10,3,31.1,30.3,2011
Ljubljana,Slovenia,272220,True,2011-08-17,2011-08-26,10,34.1,31.9,2011
Ljubljana,Slovenia,272220,True,2012-06-16,2012-06-20,5,30.1,29.4,2012
Ljubljana,Slovenia,272220,True,2012-06-28,2012-07-04,7,31.3,29.8,2012
Ljubljana,Slovenia,272220,True,2012-08-18,2012-08-24,7,33.1,31.6,2012
Ljubljana,Slovenia,272220,True,2013-06-16,2013-06-19,4,31.5,30.3,2013
Ljubljana,Slovenia,272220,True,2013-07-25,2013-07-28,4,33.0,32.4,2013
Ljubljana,Slovenia,272220,True,2013-08-01,2013-08-08,8,36.2,34.8,2013
Ljubljana,Slovenia,272220,True,2014-06-08,2014-06-11,4,31.9,30.4,2014
Ljubljana,Slovenia,272220,True,2015-07-01,2015-07-07,7,33.1,30.5,2015
Ljubljana,Slovenia,272220,True,2015-07-15,2015-07-18,4,33.6,32.1,2015
Ljubljana,Slovenia,272220,True,2015-07-20,2015-07-22,3,33.4,32.2,2015
Ljubljana,Slovenia,272220,True,2015-08-11,2015-08-13,3,32.0,31.8,2015
Ljubljana,Slovenia,272220,True,2015-08-28,2015-08-31,4,30.7,29.4,2015
Ljubljana,Slovenia,272220,True,2017-06-19,2017-06-23,5,32.0,31.0,2017
Ljubljana,Slovenia,272220,True,2017-07-05,2017-07-09,5,31.3,30.7,2017
Ljubljana,Slovenia,272220,True,2017-07-17,2017-07-22,6,32.2,31.4,2017
Ljubljana,Slovenia,272220,True,2017-07-30,2017-08-04,6,37.2,35.2,2017
Ljubljana,Slovenia,272220,True,2017-08-14,2017-08-18,5,33.0,31.0,2017
Ljubljana,Slovenia,272220,True,2017-08-23,2017-08-26,4,32.8,31.6,2017
Ljubljana,Slovenia,272220,True,2018-07-28,2018-07-31,4,32.3,31.3,2018
Ljubljana,Slovenia,272220,True,2018-08-04,2018-08-09,6,34.2,32.2,2018
Ljubljana,Slovenia,272220,True,2018-08-18,2018-08-23,6,30.6,30.3,2018
Ljubljana,Slovenia,272220,True,2019-06-13,2019-06-15,3,31.0,30.3,2019
Ljubljana,Slovenia,272220,True,2019-06-24,2019-06-26,3,35.0,31.3,2019
Ljubljana,Slovenia,272220,True,2019-06-29,2019-07-01,3,34.2,31.7,2019
Ljubljana,Slovenia,272220,True,2019-07-22,2019-07-26,5,34.0,32.8,2019
Ljubljana,Slovenia,272220,True,2020-06-26,2020-06-28,3,30.5,29.2,2020
Ljubljana,Slovenia,272220,True,2021-06-16,2021-06-24,9,32.4,30.8,2021
Ljubljana,Slovenia,272220,True,2021-06-26,2021-06-29,4,33.6,31.5,2021
Ljubljana,Slovenia,272220,True,2021-07-05,2021-07-08,4,33.2,31.7,2021
Ljubljana,Slovenia,272220,True,2021-07-10,2021-07-12,3,33.2,31.1,2021
Ljubljana,Slovenia,272220,True,2021-08-11,2021-08-15,5,33.6,32.0,2021
Ljubljana,Slovenia,272220,True,2022-06-17,2022-06-23,7,32.6,30.5,2022
Ljubljana,Slovenia,272220,True,2022-06-25,2022-07-03,9,35.6,32.5,2022
Ljubljana,Slovenia,272220,True,2022-07-18,2022-07-24,7,37.2,34.1,2022
Ljubljana,Slovenia,272220,True,2022-08-03,2022-08-05,3,35.8,33.4,2022
Ljubljana,Slovenia,272220,True,2022-08-14,2022-08-17,4,32.8,31.2,2022
Ljubljana,Slovenia,272220,True,2023-06-18,2023-06-22,5,33.6,31.0,2023
Ljubljana,Slovenia,272220,True,2023-07-08,2023-07-11,4,32.8,31.4,2023
Ljubljana,Slovenia,272220,True,2023-07-14,2023-07-17,4,34.1,32.2,2023
Ljubljana,Slovenia,272220,True,2023-08-19,2023-08-26,8,33.9,31.8,2023
Ljubljana,Slovenia,272220,True,2024-06-17,2024-06-21,5,30.0,28.8,2024
Ljubljana,Slovenia,272220,True,2024-06-27,2024-06-29,3,31.9,30.0,2024
Ljubljana,Slovenia,272220,True,2024-07-07,2024-07-18,12,34.1,31.6,2024
Ljubljana,Slovenia,272220,True,2024-07-30,2024-08-01,3,31.7,31.2,2024
Ljubljana,Slovenia,272220,True,2024-08-09,2024-08-16,8,34.3,32.9,2024
Ljubljana,Slovenia,272220,True,2024-08-22,2024-08-25,4,32.9,31.5,2024
Ljubljana,Slovenia,272220,True,2024-08-27,2024-09-04,9,31.9,30.7,2024
Ljubljana,Slovenia,272220,True,2025-05-30,2025-06-01,3,29.8,29.3,2025
Ljubljana,Slovenia,272220,True,2025-06-10,2025-06-14,5,32.8,30.4,2025
Ljubljana,Slovenia,272220,True,2025-06-21,2025-07-03,13,35.3,32.4,2025
Ljubljana,Slovenia,272220,True,2025-07-18,2025-07-20,3,32.4,31.2,2025
Ljubljana,Slovenia,272220,True,2025-08-12,2025-08-15,4,32.4,31.9,2025
Podgorica,Montenegro,236852,True,1987-07-22,1987-07-24,3,36.5,36.0,1987
Podgorica,Montenegro,236852,True,1987-09-13,1987-09-18,6,35.8,34.6,1987
Podgorica,Montenegro,236852,True,1988-07-04,1988-07-07,4,38.4,36.4,1988
Podgorica,Montenegro,236852,True,1988-08-13,1988-08-15,3,37.1,35.8,1988
Podgorica,Montenegro,236852,True,1996-06-06,1996-06-11,6,33.1,31.8,1996
Podgorica,Montenegro,236852,True,1998-06-03,1998-06-05,3,30.0,29.7,1998
Podgorica,Montenegro,236852,True,1998-07-31,1998-08-03,4,36.5,36.1,1998
Podgorica,Montenegro,236852,True,2000-06-11,2000-06-15,5,34.4,33.2,2000
Podgorica,Montenegro,236852,True,2000-07-03,2000-07-07,5,36.1,34.6,2000
Podgorica,Montenegro,236852,True,2000-08-17,2000-08-23,7,38.4,36.1,2000
Podgorica,Montenegro,236852,True,2002-06-14,2002-06-17,4,32.4,31.9,2002
Podgorica,Montenegro,236852,True,2002-06-21,2002-06-24,4,34.5,33.7,2002
Podgorica,Montenegro,236852,True,2003-05-03,2003-05-11,9,30.6,29.4,2003
Podgorica,Montenegro,236852,True,2003-06-04,2003-06-16,13,36.0,32.5,2003
Podgorica,Montenegro,236852,True,2003-08-16,2003-08-19,4,38.2,36.1,2003
Podgorica,Montenegro,236852,True,2004-07-05,2004-07-08,4,36.1,35.1,2004
Podgorica,Montenegro,236852,True,2005-07-27,2005-07-29,3,37.4,36.5,2005
Podgorica,Montenegro,236852,True,2006-06-23,2006-06-29,7,34.9,33.6,2006
Podgorica,Montenegro,236852,True,2007-07-16,2007-07-19,4,36.7,35.6,2007
Podgorica,Montenegro,236852,True,2007-07-21,2007-07-23,3,37.9,37.1,2007
Podgorica,Montenegro,236852,True,2007-08-22,2007-08-24,3,41.4,39.5,2007
Podgorica,Montenegro,236852,True,2008-05-26,2008-05-28,3,30.7,30.1,2008
Podgorica,Montenegro,236852,True,2008-06-23,2008-06-28,6,34.4,33.3,2008
Podgorica,Montenegro,236852,True,2008-09-05,2008-09-10,6,35.5,33.2,2008
Podgorica,Montenegro,236852,True,2009-05-16,2009-05-25,10,30.1,29.2,2009
Podgorica,Montenegro,236852,True,2011-08-18,2011-08-25,8,37.3,36.1,2011
Podgorica,Montenegro,236852,True,2011-09-12,2011-09-17,6,34.0,32.8,2011
Podgorica,Montenegro,236852,True,2012-06-15,2012-06-23,9,34.1,33.2,2012
Podgorica,Montenegro,236852,True,2012-06-29,2012-07-01,3,34.2,33.7,2012
Podgorica,Montenegro,236852,True,2012-07-08,2012-07-11,4,34.7,34.5,2012
Podgorica,Montenegro,236852,True,2012-08-05,2012-08-08,4,39.1,37.0,2012
Podgorica,Montenegro,236852,True,2012-08-19,2012-08-25,7,37.0,35.9,2012
Podgorica,Montenegro,236852,True,2012-09-27,2012-09-30,4,32.7,31.1,2012
Podgorica,Montenegro,236852,True,2013-06-16,2013-06-21,6,34.7,33.1,2013
Podgorica,Montenegro,236852,True,2013-08-02,2013-08-07,6,37.2,36.8,2013
Podgorica,Montenegro,236852,True,2014-06-07,2014-06-11,5,32.1,31.4,2014
Podgorica,Montenegro,236852,True,2015-06-02,2015-06-06,5,30.8,30.7,2015
Podgorica,Montenegro,236852,True,2015-07-05,2015-07-08,4,35.5,34.2,2015
Podgorica,Montenegro,236852,True,2015-07-14,2015-07-22,9,38.0,36.4,2015
Podgorica,Montenegro,236852,True,2015-08-04,2015-08-07,4,36.3,35.8,2015
Podgorica,Montenegro,236852,True,2015-08-28,2015-08-31,4,35.2,34.3,2015
Podgorica,Montenegro,236852,True,2015-09-16,2015-09-18,3,35.4,34.0,2015
Podgorica,Montenegro,236852,True,2016-06-21,2016-06-24,4,34.2,34.1,2016
Podgorica,Montenegro,236852,True,2017-06-04,2017-06-06,3,30.5,29.8,2017
Podgorica,Montenegro,236852,True,2017-06-10,2017-06-13,4,32.8,31.6,2017
Podgorica,Montenegro,236852,True,2017-06-18,2017-06-27,10,36.9,33.6,2017
Podgorica,Montenegro,236852,True,2017-07-05,2017-07-13,9,38.0,36.7,2017
Podgorica,Montenegro,236852,True,2017-07-20,2017-07-23,4,37.6,36.5,2017
Podgorica,Montenegro,236852,True,2017-07-29,2017-08-10,13,40.7,38.8,2017
Podgorica,Montenegro,236852,True,2017-08-16,2017-08-19,4,36.7,35.5,2017
Podgorica,Montenegro,236852,True,2017-08-24,2017-08-27,4,36.8,36.0,2017
Podgorica,Montenegro,236852,True,2018-04-26,2018-04-28,3,29.4,28.8,2018
Podgorica,Montenegro,236852,True,2018-05-25,2018-06-01,8,30.2,29.2,2018
Podgorica,Montenegro,236852,True,2018-08-07,2018-08-09,3,37.0,36.2,2018
Podgorica,Montenegro,236852,True,2018-08-30,2018-09-01,3,33.6,33.4,2018
Podgorica,Montenegro,236852,True,2018-09-18,2018-09-22,5,32.4,31.5,2018
Podgorica,Montenegro,236852,True,2019-06-07,2019-06-15,9,34.0,31.9,2019
Podgorica,Montenegro,236852,True,2019-06-24,2019-07-03,10,37.3,34.4,2019
Podgorica,Montenegro,236852,True,2019-07-21,2019-07-23,3,35.5,35.4,2019
Podgorica,Montenegro,236852,True,2019-08-09,2019-08-12,4,37.1,36.5,2019
Podgorica,Montenegro,236852,True,2019-08-21,2019-08-30,10,35.7,34.5,2019
Podgorica,Montenegro,236852,True,2020-05-15,2020-05-18,4,30.8,29.5,2020
Podgorica,Montenegro,236852,True,2020-06-26,2020-07-05,10,35.4,33.9,2020
Podgorica,Montenegro,236852,True,2020-07-27,2020-08-01,6,38.8,37.0,2020
Podgorica,Montenegro,236852,True,2020-08-21,2020-08-23,3,36.2,35.0,2020
Podgorica,Montenegro,236852,True,2020-08-28,2020-08-30,3,35.9,34.6,2020
Podgorica,Montenegro,236852,True,2020-09-06,2020-09-17,12,34.4,33.3,2020
Podgorica,Montenegro,236852,True,2021-06-18,2021-06-29,12,38.4,34.8,2021
Podgorica,Montenegro,236852,True,2021-07-05,2021-07-09,5,38.5,36.4,2021
Podgorica,Montenegro,236852,True,2021-07-25,2021-07-31,7,40.8,37.9,2021
Podgorica,Montenegro,236852,True,2021-08-07,2021-08-15,9,38.2,36.6,2021
Podgorica,Montenegro,236852,True,2022-05-23,2022-05-27,5,32.9,31.2,2022
Podgorica,Montenegro,236852,True,2022-05-30,2022-06-06,8,34.2,32.2,2022
Podgorica,Montenegro,236852,True,2022-06-20,2022-07-06,17,38.6,35.1,2022
Podgorica,Montenegro,236852,True,2022-07-14,2022-07-17,4,37.2,35.9,2022
Podgorica,Montenegro,236852,True,2022-07-19,2022-07-29,11,39.6,37.4,2022
Podgorica,Montenegro,236852,True,2022-07-31,2022-08-08,9,38.2,36.7,2022
Podgorica,Montenegro,236852,True,2023-06-20,2023-06-23,4,34.3,33.0,2023
Podgorica,Montenegro,236852,True,2023-07-10,2023-07-24,15,39.3,36.7,2023
Podgorica,Montenegro,236852,True,2023-08-17,2023-08-27,11,38.0,36.4,2023
Podgorica,Montenegro,236852,True,2024-06-06,2024-06-08,3,32.1,31.3,2024
Podgorica,Montenegro,236852,True,2024-06-16,2024-06-23,8,37.8,35.2,2024
Podgorica,Montenegro,236852,True,2024-06-28,2024-06-30,3,33.4,33.1,2024
Podgorica,Montenegro,236852,True,2024-07-06,2024-07-19,14,38.4,36.8,2024
Podgorica,Montenegro,236852,True,2024-07-27,2024-07-29,3,37.3,36.4,2024
Podgorica,Montenegro,236852,True,2024-08-07,2024-08-16,10,39.8,37.6,2024
Podgorica,Montenegro,236852,True,2024-08-21,2024-09-03,14,37.6,35.3,2024
Podgorica,Montenegro,236852,True,2025-06-01,2025-07-06,36,38.8,34.8,2025
Podgorica,Montenegro,236852,True,2025-07-12,2025-07-15,4,36.4,35.7,2025
Podgorica,Montenegro,236852,True,2025-07-18,2025-07-25,8,41.4,37.3,2025
Podgorica,Montenegro,236852,True,2025-08-07,2025-08-13,7,40.9,38.9,2025
Podgorica,Montenegro,236852,True,2025-09-20,2025-09-22,3,31.6,31.0,2025
Bern,Switzerland,121631,True,1983-07-24,1983-07-27,4,31.7,30.3,1983
Bern,Switzerland,121631,True,1998-08-08,1998-08-11,4,29.8,29.2,1998
Bern,Switzerland,121631,True,2003-06-21,2003-06-23,3,29.8,29.2,2003
Bern,Switzerland,121631,True,2003-08-02,2003-08-13,12,32.0,30.7,2003
Bern,Switzerland,121631,True,2011-08-20,2011-08-22,3,30.4,29.6,2011
Bern,Switzerland,121631,True,2012-08-17,2012-08-20,4,30.5,29.5,2012
Bern,Switzerland,121631,True,2013-06-16,2013-06-18,3,29.7,29.2,2013
Bern,Switzerland,121631,True,2015-06-30,2015-07-04,5,32.7,30.8,2015
Bern,Switzerland,121631,True,2015-08-05,2015-08-07,3,31.6,29.8,2015
Bern,Switzerland,121631,True,2017-06-18,2017-06-22,5,31.0,29.3,2017
Bern,Switzerland,121631,True,2017-07-04,2017-07-07,4,30.4,29.7,2017
Bern,Switzerland,121631,True,2017-07-31,2017-08-02,3,30.8,30.1,2017
Bern,Switzerland,121631,True,2018-07-29,2018-08-06,9,31.4,30.4,2018
Bern,Switzerland,121631,True,2019-06-24,2019-06-30,7,32.9,31.0,2019
Bern,Switzerland,121631,True,2019-07-22,2019-07-25,4,33.8,32.0,2019
Bern,Switzerland,121631,True,2020-07-29,2020-07-31,3,32.6,30.6,2020
Bern,Switzerland,121631,True,2020-08-07,2020-08-11,5,29.6,29.2,2020
Bern,Switzerland,121631,True,2022-06-17,2022-06-20,4,33.1,30.9,2022
Bern,Switzerland,121631,True,2022-07-12,2022-07-14,3,32.5,31.1,2022
Bern,Switzerland,121631,True,2022-07-16,2022-07-19,4,34.6,31.5,2022
Bern,Switzerland,121631,True,2022-07-31,2022-08-04,5,34.3,31.3,2022
Bern,Switzerland,121631,True,2023-08-10,2023-08-24,15,36.3,31.2,2023
Bern,Switzerland,121631,True,2023-09-06,2023-09-10,5,28.8,28.7,2023
Bern,Switzerland,121631,True,2024-08-10,2024-08-12,3,29.9,29.2,2024
Bern,Switzerland,121631,True,2024-08-28,2024-08-30,3,28.6,28.3,2024
Bern,Switzerland,121631,True,2025-06-11,2025-06-13,3,29.6,29.2,2025
Bern,Switzerland,121631,True,2025-06-27,2025-07-02,6,32.2,30.6,2025
Bern,Switzerland,121631,True,2025-08-07,2025-08-15,9,33.0,30.2,2025
Luxembourg,Luxembourg,76684,True,1990-07-31,1990-08-03,4,32.0,31.0,1990
Luxembourg,Luxembourg,76684,True,1992-08-06,1992-08-08,3,33.4,31.6,1992
Luxembourg,Luxembourg,76684,True,1998-08-09,1998-08-11,3,33.6,31.8,1998
Luxembourg,Luxembourg,76684,True,2003-08-02,2003-08-12,11,35.4,33.6,2003
Luxembourg,Luxembourg,76684,True,2006-07-24,2006-07-26,3,32.8,31.8,2006
Luxembourg,Luxembourg,76684,True,2012-08-17,2012-08-20,4,33.1,30.2,2012
Luxembourg,Luxembourg,76684,True,2013-06-16,2013-06-18,3,30.3,29.7,2013
Luxembourg,Luxembourg,76684,True,2015-06-30,2015-07-04,5,34.4,33.2,2015
Luxembourg,Luxembourg,76684,True,2016-08-23,2016-08-26,4,32.4,30.8,2016
Luxembourg,Luxembourg,76684,True,2017-05-26,2017-05-28,3,29.5,29.2,2017
Luxembourg,Luxembourg,76684,True,2017-06-18,2017-06-21,4,32.2,30.6,2017
Luxembourg,Luxembourg,76684,True,2018-07-24,2018-07-26,3,31.6,31.0,2018
Luxembourg,Luxembourg,76684,True,2019-06-23,2019-06-25,3,32.2,30.7,2019
Luxembourg,Luxembourg,76684,True,2019-07-22,2019-07-25,4,36.2,34.0,2019
Luxembourg,Luxembourg,76684,True,2019-08-25,2019-08-27,3,29.6,29.1,2019
Luxembourg,Luxembourg,76684,True,2020-08-06,2020-08-12,7,33.8,32.0,2020
Luxembourg,Luxembourg,76684,True,2020-09-13,2020-09-15,3,30.8,29.9,2020
Luxembourg,Luxembourg,76684,True,2021-06-15,2021-06-17,3,29.2,28.8,2021
Luxembourg,Luxembourg,76684,True,2022-06-16,2022-06-18,3,32.4,30.0,2022
Luxembourg,Luxembourg,76684,True,2023-09-08,2023-09-10,3,29.0,28.6,2023
Luxembourg,Luxembourg,76684,True,2025-06-11,2025-06-13,3,31.3,29.5,2025
Luxembourg,Luxembourg,76684,True,2025-06-28,2025-07-01,4,34.6,32.6,2025
Luxembourg,Luxembourg,76684,True,2025-08-11,2025-08-14,4,33.0,32.1,2025
Monaco,Monaco,32965,True,1983-07-18,1983-07-21,4,31.6,30.6,1983
Monaco,Monaco,32965,True,1983-07-25,1983-07-30,6,34.0,32.7,1983
Monaco,Monaco,32965,True,1992-08-05,1992-08-08,4,30.6,30.3,1992
Monaco,Monaco,32965,True,1994-06-29,1994-07-02,4,29.6,29.2,1994
Monaco,Monaco,32965,True,1994-08-03,1994-08-06,4,31.0,30.5,1994
Monaco,Monaco,32965,True,1998-08-10,1998-08-12,3,31.0,30.6,1998
Monaco,Monaco,32965,True,2002-06-17,2002-06-23,7,30.7,29.2,2002
Monaco,Monaco,32965,True,2003-06-11,2003-06-15,5,29.8,29.0,2003
Monaco,Monaco,32965,True,2003-06-18,2003-06-20,3,30.0,28.9,2003
Monaco,Monaco,32965,True,2003-06-23,2003-06-25,3,29.5,29.2,2003
Monaco,Monaco,32965,True,2003-08-01,2003-08-13,13,33.0,31.4,2003
Monaco,Monaco,32965,True,2006-07-20,2006-07-23,4,30.5,30.4,2006
Monaco,Monaco,32965,True,2009-08-18,2009-08-20,3,32.2,31.3,2009
Monaco,Monaco,32965,True,2011-08-20,2011-08-23,4,31.5,30.5,2011
Monaco,Monaco,32965,True,2012-08-17,2012-08-20,4,31.4,30.8,2012
Monaco,Monaco,32965,True,2015-07-01,2015-07-04,4,30.3,29.9,2015
Monaco,Monaco,32965,True,2015-08-05,2015-08-07,3,32.1,31.5,2015
Monaco,Monaco,32965,True,2016-09-08,2016-09-10,3,28.4,28.3,2016
Monaco,Monaco,32965,True,2017-06-15,2017-06-17,3,31.7,30.2,2017
Monaco,Monaco,32965,True,2017-07-30,2017-08-03,5,33.4,31.4,2017
Monaco,Monaco,32965,True,2017-08-28,2017-08-31,4,30.4,30.1,2017
Monaco,Monaco,32965,True,2018-06-17,2018-06-20,4,30.0,29.5,2018
Monaco,Monaco,32965,True,2018-07-29,2018-08-06,9,33.5,32.5,2018
Monaco,Monaco,32965,True,2018-08-14,2018-08-22,9,33.2,31.2,2018
Monaco,Monaco,32965,True,2019-06-23,2019-07-04,12,33.7,31.2,2019
Monaco,Monaco,32965,True,2019-07-06,2019-07-08,3,31.2,30.4,2019
Monaco,Monaco,32965,True,2019-07-22,2019-07-25,4,32.3,31.4,2019
Monaco,Monaco,32965,True,2019-08-24,2019-08-31,8,30.7,30.0,2019
Monaco,Monaco,32965,True,2020-08-07,2020-08-09,3,31.5,30.9,2020
Monaco,Monaco,32965,True,2020-09-10,2020-09-17,8,30.1,29.1,2020
Monaco,Monaco,32965,True,2021-06-27,2021-06-29,3,32.2,30.8,2021
Monaco,Monaco,32965,True,2021-08-09,2021-08-14,6,33.8,31.8,2021
Monaco,Monaco,32965,True,2022-06-09,2022-06-11,3,29.5,29.2,2022
Monaco,Monaco,32965,True,2022-06-14,2022-06-21,8,31.0,29.5,2022
Monaco,Monaco,32965,True,2022-06-25,2022-06-27,3,33.3,32.1,2022
Monaco,Monaco,32965,True,2022-07-01,2022-07-08,8,31.4,30.5,2022
Monaco,Monaco,32965,True,2022-07-16,2022-07-27,12,34.6,31.8,2022
Monaco,Monaco,32965,True,2022-07-29,2022-08-10,13,33.2,31.8,2022
Monaco,Monaco,32965,True,2022-08-19,2022-08-25,7,31.0,30.0,2022
Monaco,Monaco,32965,True,2023-06-19,2023-06-25,7,31.6,30.4,2023
Monaco,Monaco,32965,True,2023-07-06,2023-07-10,5,33.9,31.8,2023
Monaco,Monaco,32965,True,2023-08-12,2023-08-25,14,34.5,31.6,2023
Monaco,Monaco,32965,True,2023-09-06,2023-09-10,5,29.4,28.8,2023
Monaco,Monaco,32965,True,2024-06-17,2024-06-19,3,32.0,29.7,2024
Monaco,Monaco,32965,True,2024-07-28,2024-07-30,3,32.5,31.6,2024
Monaco,Monaco,32965,True,2024-08-02,2024-08-04,3,31.4,30.9,2024
Monaco,Monaco,32965,True,2024-08-08,2024-08-13,6,33.6,32.4,2024
Monaco,Monaco,32965,True,2024-08-26,2024-09-01,7,33.4,31.2,2024
Monaco,Monaco,32965,True,2025-06-11,2025-06-15,5,31.8,30.2,2025
Monaco,Monaco,32965,True,2025-06-17,2025-06-21,5,30.4,30.0,2025
Monaco,Monaco,32965,True,2025-06-25,2025-07-04,10,33.4,31.9,2025
Monaco,Monaco,32965,True,2025-08-08,2025-08-18,11,33.9,32.7,2025
Saint Helier,Jersey,28000,True,2022-07-16,2022-07-18,3,33.1,30.1,2022
Saint Helier,Jersey,28000,True,2022-08-10,2022-08-12,3,30.2,29.2,2022
Gibraltar,Gibraltar,26544,True,1994-07-02,1994-07-06,5,39.8,35.6,1994
Gibraltar,Gibraltar,26544,True,1997-10-09,1997-10-11,3,29.0,28.7,1997
Gibraltar,Gibraltar,26544,True,2012-07-31,2012-08-02,3,36.6,35.1,2012
Gibraltar,Gibraltar,26544,True,2017-07-27,2017-07-29,3,36.8,36.1,2017
Gibraltar,Gibraltar,26544,True,2019-08-03,2019-08-11,9,38.2,35.8,2019
Gibraltar,Gibraltar,26544,True,2019-10-03,2019-10-06,4,33.8,30.6,2019
Gibraltar,Gibraltar,26544,True,2020-06-30,2020-07-02,3,35.0,34.4,2020
Gibraltar,Gibraltar,26544,True,2020-09-20,2020-09-24,5,33.1,31.0,2020
Gibraltar,Gibraltar,26544,True,2021-07-01,2021-07-04,4,35.9,35.0,2021
Gibraltar,Gibraltar,26544,True,2021-08-03,2021-08-05,3,35.9,35.4,2021
Gibraltar,Gibraltar,26544,True,2022-06-04,2022-06-08,5,34.8,32.3,2022
Gibraltar,Gibraltar,26544,True,2022-08-30,2022-09-01,3,34.2,33.5,2022
Gibraltar,Gibraltar,26544,True,2022-09-05,2022-09-08,4,34.9,34.1,2022
Gibraltar,Gibraltar,26544,True,2023-07-10,2023-07-12,3,39.8,38.2,2023
Gibraltar,Gibraltar,26544,True,2023-08-15,2023-08-18,4,41.1,36.7,2023
Gibraltar,Gibraltar,26544,True,2024-07-13,2024-07-15,3,37.1,35.0,2024
Gibraltar,Gibraltar,26544,True,2024-07-30,2024-08-01,3,36.9,36.1,2024
Gibraltar,Gibraltar,26544,True,2024-09-01,2024-09-03,3,32.5,32.3,2024
Gibraltar,Gibraltar,26544,True,2025-10-22,2025-10-24,3,31.1,30.2,2025
Andorra la Vella,Andorra,20430,True,1982-07-04,1982-07-07,4,33.3,32.0,1982
Andorra la Vella,Andorra,20430,True,1983-07-28,1983-07-30,3,33.2,31.7,1983
Andorra la Vella,Andorra,20430,True,1986-06-25,1986-06-28,4,30.4,29.8,1986
Andorra la Vella,Andorra,20430,True,1987-08-12,1987-08-15,4,33.9,31.6,1987
Andorra la Vella,Andorra,20430,True,1987-09-12,1987-09-15,4,29.2,28.8,1987
Andorra la Vella,Andorra,20430,True,1988-09-05,1988-09-07,3,31.1,29.9,1988
Andorra la Vella,Andorra,20430,True,1991-08-24,1991-08-28,5,31.6,30.5,1991
Andorra la Vella,Andorra,20430,True,1994-06-29,1994-07-03,5,31.4,30.2,1994
Andorra la Vella,Andorra,20430,True,1994-08-19,1994-08-22,4,31.2,30.2,1994
Andorra la Vella,Andorra,20430,True,2001-06-21,2001-06-25,5,30.4,29.3,2001
Andorra la Vella,Andorra,20430,True,2003-06-19,2003-06-21,3,28.9,28.7,2003
Andorra la Vella,Andorra,20430,True,2003-08-01,2003-08-06,6,30.9,30.2,2003
Andorra la Vella,Andorra,20430,True,2003-08-10,2003-08-14,5,30.8,30.3,2003
Andorra la Vella,Andorra,20430,True,2007-08-25,2007-08-27,3,30.4,30.0,2007
Andorra la Vella,Andorra,20430,True,2011-08-18,2011-08-20,3,30.4,30.1,2011
Andorra la Vella,Andorra,20430,True,2012-06-25,2012-06-28,4,29.7,29.3,2012
Andorra la Vella,Andorra,20430,True,2012-08-08,2012-08-10,3,31.4,30.9,2012
Andorra la Vella,Andorra,20430,True,2012-08-16,2012-08-22,7,31.8,30.7,2012
Andorra la Vella,Andorra,20430,True,2015-07-03,2015-07-06,4,32.9,31.4,2015
Andorra la Vella,Andorra,20430,True,2017-06-11,2017-06-16,6,29.6,29.0,2017
Andorra la Vella,Andorra,20430,True,2017-08-01,2017-08-03,3,30.7,30.3,2017
Andorra la Vella,Andorra,20430,True,2019-06-24,2019-06-30,7,34.4,32.4,2019
Andorra la Vella,Andorra,20430,True,2019-07-21,2019-07-24,4,31.3,30.7,2019
Andorra la Vella,Andorra,20430,True,2020-07-29,2020-07-31,3,32.1,31.2,2020
Andorra la Vella,Andorra,20430,True,2020-08-04,2020-08-10,7,33.6,31.3,2020
Andorra la Vella,Andorra,20430,True,2020-08-24,2020-08-26,3,30.2,30.0,2020
Andorra la Vella,Andorra,20430,True,2021-08-09,2021-08-15,7,34.9,31.8,2021
Andorra la Vella,Andorra,20430,True,2022-05-19,2022-05-21,3,30.5,29.6,2022
Andorra la Vella,Andorra,20430,True,2022-06-12,2022-06-18,7,34.0,31.5,2022
Andorra la Vella,Andorra,20430,True,2022-07-09,2022-07-18,10,35.9,33.3,2022
Andorra la Vella,Andorra,20430,True,2022-07-20,2022-07-24,5,33.8,32.3,2022
Andorra la Vella,Andorra,20430,True,2022-08-01,2022-08-06,6,32.5,30.7,2022
Andorra la Vella,Andorra,20430,True,2022-08-09,2022-08-12,4,33.4,31.5,2022
Andorra la Vella,Andorra,20430,True,2023-08-08,2023-08-12,5,34.0,31.9,2023
Andorra la Vella,Andorra,20430,True,2023-08-14,2023-08-24,11,34.2,32.2,2023
Andorra la Vella,Andorra,20430,True,2024-07-17,2024-07-19,3,30.7,30.6,2024
Andorra la Vella,Andorra,20430,True,2024-07-22,2024-07-24,3,31.9,30.7,2024
Andorra la Vella,Andorra,20430,True,2024-07-26,2024-07-31,6,34.2,32.3,2024
Andorra la Vella,Andorra,20430,True,2024-08-02,2024-08-05,4,32.2,30.6,2024
Andorra la Vella,Andorra,20430,True,2024-08-07,2024-08-11,5,33.0,31.9,2024
Andorra la Vella,Andorra,20430,True,2025-06-09,2025-06-13,5,30.8,29.9,2025
Andorra la Vella,Andorra,20430,True,2025-06-16,2025-07-03,18,34.0,32.1,2025
Andorra la Vella,Andorra,20430,True,2025-07-15,2025-07-17,3,33.9,32.5,2025
Andorra la Vella,Andorra,20430,True,2025-08-03,2025-08-17,15,36.2,33.3,2025
Mariehamn,Åland,10682,True,2018-07-15,2018-07-17,3,29.0,28.5,2018
Valletta,Malta,6794,True,1987-07-22,1987-07-24,3,30.4,29.8,1987
Valletta,Malta,6794,True,1987-09-16,1987-09-18,3,28.7,28.5,1987
Valletta,Malta,6794,True,1987-09-24,1987-09-27,4,29.6,29.0,1987
Valletta,Malta,6794,True,1988-08-12,1988-08-15,4,30.1,29.8,1988
Valletta,Malta,6794,True,1991-09-28,1991-09-30,3,28.7,28.5,1991
Valletta,Malta,6794,True,1994-08-09,1994-08-17,9,30.3,30.0,1994
Valletta,Malta,6794,True,1994-08-22,1994-08-24,3,29.7,29.5,1994
Valletta,Malta,6794,True,1998-06-29,1998-07-02,4,29.4,28.9,1998
Valletta,Malta,6794,True,1999-08-19,1999-08-21,3,29.6,29.5,1999
Valletta,Malta,6794,True,2000-08-22,2000-08-26,5,31.1,30.1,2000
Valletta,Malta,6794,True,2003-06-25,2003-07-04,10,30.4,29.2,2003
Valletta,Malta,6794,True,2003-07-22,2003-07-28,7,30.7,30.0,2003
Valletta,Malta,6794,True,2003-08-16,2003-09-02,18,30.3,29.6,2003
Valletta,Malta,6794,True,2007-06-23,2007-06-25,3,29.2,28.5,2007
Valletta,Malta,6794,True,2007-08-20,2007-08-22,3,30.5,29.9,2007
Valletta,Malta,6794,True,2008-09-05,2008-09-09,5,29.9,29.2,2008
Valletta,Malta,6794,True,2012-08-06,2012-08-08,3,30.5,30.1,2012
Valletta,Malta,6794,True,2012-09-28,2012-09-30,3,28.5,28.4,2012
Valletta,Malta,6794,True,2013-08-04,2013-08-07,4,30.1,29.8,2013
Valletta,Malta,6794,True,2014-09-19,2014-09-21,3,28.9,28.5,2014
Valletta,Malta,6794,True,2015-07-17,2015-07-21,5,30.4,30.2,2015
Valletta,Malta,6794,True,2015-07-29,2015-08-07,10,30.4,30.0,2015
Valletta,Malta,6794,True,2015-09-02,2015-09-05,4,30.0,29.2,2015
Valletta,Malta,6794,True,2017-06-22,2017-06-30,9,34.3,31.4,2017
Valletta,Malta,6794,True,2017-07-03,2017-07-14,12,33.3,31.1,2017
Valletta,Malta,6794,True,2017-07-21,2017-07-24,4,34.4,31.6,2017
Valletta,Malta,6794,True,2017-07-30,2017-08-11,13,35.0,33.1,2017
Valletta,Malta,6794,True,2017-08-15,2017-08-19,5,32.0,31.0,2017
Valletta,Malta,6794,True,2017-08-25,2017-08-29,5,32.3,30.3,2017
Valletta,Malta,6794,True,2017-09-14,2017-09-16,3,30.8,29.8,2017
Valletta,Malta,6794,True,2018-07-11,2018-07-13,3,32.2,31.2,2018
Valletta,Malta,6794,True,2018-07-18,2018-07-22,5,31.4,30.6,2018
Valletta,Malta,6794,True,2018-07-25,2018-08-04,11,31.8,30.5,2018
Valletta,Malta,6794,True,2018-08-09,2018-08-14,6,31.3,30.5,2018
Valletta,Malta,6794,True,2018-08-16,2018-08-18,3,30.0,29.7,2018
Valletta,Malta,6794,True,2018-09-01,2018-09-09,9,32.0,29.8,2018
Valletta,Malta,6794,True,2019-06-07,2019-06-09,3,34.1,31.8,2019
Valletta,Malta,6794,True,2019-06-14,2019-06-16,3,30.4,29.7,2019
Valletta,Malta,6794,True,2019-06-18,2019-06-29,12,33.6,30.3,2019
Valletta,Malta,6794,True,2019-07-01,2019-07-13,13,35.8,31.6,2019
Valletta,Malta,6794,True,2019-07-21,2019-07-27,7,31.6,30.6,2019
Valletta,Malta,6794,True,2019-07-31,2019-08-03,4,32.8,31.8,2019
Valletta,Malta,6794,True,2019-08-05,2019-08-14,10,32.6,31.1,2019
Valletta,Malta,6794,True,2019-08-21,2019-08-31,11,30.6,29.9,2019
Valletta,Malta,6794,True,2020-06-29,2020-07-03,5,32.0,29.8,2020
Valletta,Malta,6794,True,2020-07-22,2020-07-25,4,31.6,30.6,2020
Valletta,Malta,6794,True,2020-07-27,2020-08-03,8,33.4,32.1,2020
Valletta,Malta,6794,True,2020-08-09,2020-08-30,22,34.5,30.7,2020
Valletta,Malta,6794,True,2020-09-05,2020-09-07,3,28.8,28.6,2020
Valletta,Malta,6794,True,2020-09-20,2020-09-24,5,31.3,29.8,2020
Valletta,Malta,6794,True,2021-06-18,2021-07-13,26,37.0,31.8,2021
Valletta,Malta,6794,True,2021-07-20,2021-07-24,5,32.0,31.0,2021
Valletta,Malta,6794,True,2021-07-26,2021-08-20,26,36.2,32.5,2021
Valletta,Malta,6794,True,2021-08-22,2021-08-28,7,31.9,30.9,2021
Valletta,Malta,6794,True,2021-09-13,2021-09-20,8,32.7,29.9,2021
Valletta,Malta,6794,True,2022-05-31,2022-06-07,8,31.2,30.1,2022
Valletta,Malta,6794,True,2022-06-14,2022-06-16,3,29.3,28.8,2022
Valletta,Malta,6794,True,2022-06-20,2022-07-07,18,34.0,31.6,2022
Valletta,Malta,6794,True,2022-07-14,2022-08-09,27,33.2,31.1,2022
Valletta,Malta,6794,True,2022-08-12,2022-08-20,9,34.2,31.5,2022
Valletta,Malta,6794,True,2022-08-25,2022-09-19,26,31.6,29.9,2022
Valletta,Malta,6794,True,2023-06-20,2023-06-23,4,30.6,29.7,2023
Valletta,Malta,6794,True,2023-06-27,2023-06-30,4,32.2,30.5,2023
Valletta,Malta,6794,True,2023-07-02,2023-08-03,33,42.2,34.3,2023
Valletta,Malta,6794,True,2023-08-12,2023-08-29,18,36.6,31.2,2023
Valletta,Malta,6794,True,2023-09-09,2023-09-22,14,33.9,30.7,2023
Valletta,Malta,6794,True,2023-10-14,2023-10-20,7,31.5,29.8,2023
Valletta,Malta,6794,True,2024-05-15,2024-05-17,3,31.6,29.9,2024
Valletta,Malta,6794,True,2024-06-06,2024-06-12,7,30.0,29.3,2024
Valletta,Malta,6794,True,2024-06-15,2024-07-01,17,34.1,31.0,2024
Valletta,Malta,6794,True,2024-07-07,2024-09-09,65,37.0,32.5,2024
Valletta,Malta,6794,True,2025-06-04,2025-07-09,36,36.6,31.7,2025
Valletta,Malta,6794,True,2025-07-11,2025-07-25,15,38.6,33.4,2025
Valletta,Malta,6794,True,2025-07-31,2025-08-02,3,31.5,30.8,2025
Valletta,Malta,6794,True,2025-08-05,2025-08-15,11,33.2,31.9,2025
Valletta,Malta,6794,True,2025-08-17,2025-09-17,32,34.2,30.4,2025
Vaduz,Liechtenstein,5197,True,1983-07-25,1983-07-27,3,33.6,33.0,1983
Vaduz,Liechtenstein,5197,True,1987-09-15,1987-09-17,3,29.6,29.5,1987
Vaduz,Liechtenstein,5197,True,1994-07-01,1994-07-03,3,31.3,30.2,1994
Vaduz,Liechtenstein,5197,True,1999-07-02,1999-07-04,3,30.3,29.9,1999
Vaduz,Liechtenstein,5197,True,2002-06-16,2002-06-20,5,32.6,30.2,2002
Vaduz,Liechtenstein,5197,True,2003-06-21,2003-06-23,3,30.7,29.6,2003
Vaduz,Liechtenstein,5197,True,2003-08-09,2003-08-12,4,32.1,31.1,2003
Vaduz,Liechtenstein,5197,True,2011-08-20,2011-08-25,6,32.8,30.7,2011
Vaduz,Liechtenstein,5197,True,2012-06-27,2012-06-29,3,31.9,30.6,2012
Vaduz,Liechtenstein,5197,True,2012-08-17,2012-08-20,4,32.0,31.0,2012
Vaduz,Liechtenstein,5197,True,2013-06-16,2013-06-19,4,32.0,31.0,2013
Vaduz,Liechtenstein,5197,True,2013-07-31,2013-08-02,3,32.3,31.3,2013
Vaduz,Liechtenstein,5197,True,2014-06-06,2014-06-09,4,31.5,29.8,2014
Vaduz,Liechtenstein,5197,True,2015-06-30,2015-07-04,5,33.7,31.5,2015
Vaduz,Liechtenstein,5197,True,2015-08-28,2015-08-30,3,30.2,29.8,2015
Vaduz,Liechtenstein,5197,True,2016-08-24,2016-08-26,3,29.7,29.6,2016
Vaduz,Liechtenstein,5197,True,2017-06-19,2017-06-22,4,30.7,29.5,2017
Vaduz,Liechtenstein,5197,True,2017-07-05,2017-07-07,3,29.7,29.7,2017
Vaduz,Liechtenstein,5197,True,2019-06-23,2019-06-26,4,33.3,31.8,2019
Vaduz,Liechtenstein,5197,True,2019-06-28,2019-06-30,3,33.9,31.3,2019
Vaduz,Liechtenstein,5197,True,2019-07-23,2019-07-25,3,32.9,31.9,2019
Vaduz,Liechtenstein,5197,True,2021-06-16,2021-06-18,3,30.2,29.9,2021
Vaduz,Liechtenstein,5197,True,2022-06-17,2022-06-20,4,33.7,30.7,2022
Vaduz,Liechtenstein,5197,True,2023-06-19,2023-06-21,3,33.3,31.7,2023
Vaduz,Liechtenstein,5197,True,2023-08-17,2023-08-24,8,34.0,31.7,2023
Vaduz,Liechtenstein,5197,True,2023-09-06,2023-09-11,6,28.5,28.4,2023
Vaduz,Liechtenstein,5197,True,2024-08-10,2024-08-12,3,32.2,31.1,2024
Vaduz,Liechtenstein,5197,True,2024-08-28,2024-08-31,4,30.2,29.6,2024
Vaduz,Liechtenstein,5197,True,2025-06-11,2025-06-13,3,31.3,30.7,2025
Vaduz,Liechtenstein,5197,True,2025-06-28,2025-07-01,4,32.5,30.6,2025
Vaduz,Liechtenstein,5197,True,2025-08-11,2025-08-14,4,32.8,31.4,2025
San Marino,San Marino,4500,True,1983-07-25,1983-07-28,4,35.2,33.7,1983
San Marino,San Marino,4500,True,1987-09-16,1987-09-18,3,29.2,28.9,1987
San Marino,San Marino,4500,True,1992-08-26,1992-08-28,3,29.9,29.7,1992
San Marino,San Marino,4500,True,1993-08-21,1993-08-23,3,31.1,30.5,1993
San Marino,San Marino,4500,True,1998-06-25,1998-06-30,6,33.0,30.4,1998
San Marino,San Marino,4500,True,2000-08-16,2000-08-22,7,33.4,31.8,2000
San Marino,San Marino,4500,True,2002-06-17,2002-06-23,7,31.6,29.1,2002
San Marino,San Marino,4500,True,2003-06-09,2003-06-14,6,30.5,29.7,2003
San Marino,San Marino,4500,True,2003-06-20,2003-06-25,6,31.3,30.0,2003
San Marino,San Marino,4500,True,2003-07-20,2003-07-22,3,33.2,32.7,2003
San Marino,San Marino,4500,True,2003-08-08,2003-08-13,6,32.9,31.9,2003
San Marino,San Marino,4500,True,2005-06-22,2005-06-24,3,29.7,29.2,2005
San Marino,San Marino,4500,True,2005-06-26,2005-06-28,3,31.5,29.9,2005
San Marino,San Marino,4500,True,2006-06-17,2006-06-22,6,30.9,29.5,2006
San Marino,San Marino,4500,True,2006-06-24,2006-06-28,5,32.4,30.6,2006
San Marino,San Marino,4500,True,2007-07-15,2007-07-20,6,33.6,32.7,2007
San Marino,San Marino,4500,True,2008-06-22,2008-06-26,5,29.6,29.4,2008
San Marino,San Marino,4500,True,2008-09-04,2008-09-06,3,30.6,29.1,2008
San Marino,San Marino,4500,True,2009-05-23,2009-05-25,3,29.5,29.5,2009
San Marino,San Marino,4500,True,2011-08-18,2011-08-25,8,32.5,31.5,2011
San Marino,San Marino,4500,True,2012-06-17,2012-06-20,4,31.4,29.7,2012
San Marino,San Marino,4500,True,2012-06-28,2012-07-01,4,32.4,31.5,2012
San Marino,San Marino,4500,True,2012-08-20,2012-08-24,5,32.6,31.8,2012
San Marino,San Marino,4500,True,2013-08-02,2013-08-07,6,33.6,32.6,2013
San Marino,San Marino,4500,True,2015-07-05,2015-07-07,3,30.8,30.7,2015
San Marino,San Marino,4500,True,2015-07-16,2015-07-18,3,32.1,31.9,2015
San Marino,San Marino,4500,True,2017-06-20,2017-06-24,5,31.0,29.9,2017
San Marino,San Marino,4500,True,2017-07-06,2017-07-08,3,31.7,31.0,2017
San Marino,San Marino,4500,True,2017-07-31,2017-08-05,6,36.8,34.6,2017
San Marino,San Marino,4500,True,2017-08-07,2017-08-09,3,33.9,32.8,2017
San Marino,San Marino,4500,True,2021-06-17,2021-06-23,7,31.4,30.0,2021
San Marino,San Marino,4500,True,2021-06-26,2021-06-28,3,31.3,30.3,2021
San Marino,San Marino,4500,True,2021-08-11,2021-08-15,5,34.3,32.7,2021
San Marino,San Marino,4500,True,2022-06-19,2022-06-23,5,30.8,30.1,2022
San Marino,San Marino,4500,True,2022-06-25,2022-06-27,3,35.6,31.8,2022
San Marino,San Marino,4500,True,2022-07-20,2022-07-25,6,34.7,32.7,2022
San Marino,San Marino,4500,True,2023-07-15,2023-07-18,4,33.5,32.8,2023
San Marino,San Marino,4500,True,2023-08-22,2023-08-26,5,33.9,32.4,2023
San Marino,San Marino,4500,True,2024-06-17,2024-06-20,4,33.6,31.7,2024
San Marino,San Marino,4500,True,2024-07-09,2024-07-16,8,33.9,32.5,2024
San Marino,San Marino,4500,True,2024-08-09,2024-08-14,6,33.9,32.3,2024
San Marino,San Marino,4500,True,2024-08-28,2024-08-31,4,29.6,29.3,2024
San Marino,San Marino,4500,True,2025-06-22,2025-06-25,4,32.3,30.7,2025
San Marino,San Marino,4500,True,2025-06-29,2025-07-03,5,31.5,30.4,2025
Vatican City,Vatican City,829,True,1983-07-18,1983-07-20,3,35.6,35.2,1983
Vatican City,Vatican City,829,True,1983-07-25,1983-07-28,4,37.3,35.9,1983
Vatican City,Vatican City,829,True,1987-09-13,1987-09-18,6,33.6,32.7,1987
Vatican City,Vatican City,829,True,1994-06-30,1994-07-02,3,34.0,33.2,1994
Vatican City,Vatican City,829,True,1994-08-03,1994-08-05,3,35.3,35.0,1994
Vatican City,Vatican City,829,True,1996-06-09,1996-06-11,3,31.4,31.1,1996
Vatican City,Vatican City,829,True,1998-06-03,1998-06-05,3,32.2,31.4,1998
Vatican City,Vatican City,829,True,2000-08-21,2000-08-24,4,35.1,34.8,2000
Vatican City,Vatican City,829,True,2002-06-14,2002-06-24,11,35.2,32.8,2002
Vatican City,Vatican City,829,True,2003-06-08,2003-06-15,8,34.8,33.6,2003
Vatican City,Vatican City,829,True,2003-06-23,2003-06-25,3,33.6,33.4,2003
Vatican City,Vatican City,829,True,2003-08-04,2003-08-06,3,36.5,36.3,2003
Vatican City,Vatican City,829,True,2003-08-08,2003-08-12,5,36.2,35.5,2003
Vatican City,Vatican City,829,True,2003-08-16,2003-08-20,5,35.2,34.7,2003
Vatican City,Vatican City,829,True,2005-05-27,2005-05-29,3,29.8,29.6,2005
Vatican City,Vatican City,829,True,2005-06-25,2005-06-28,4,34.9,34.0,2005
Vatican City,Vatican City,829,True,2006-06-18,2006-06-28,11,34.3,33.1,2006
Vatican City,Vatican City,829,True,2007-08-23,2007-08-25,3,37.4,36.1,2007
Vatican City,Vatican City,829,True,2008-09-08,2008-09-11,4,33.5,32.6,2008
Vatican City,Vatican City,829,True,2009-05-18,2009-05-25,8,31.6,29.8,2009
Vatican City,Vatican City,829,True,2009-08-16,2009-08-22,7,35.6,34.6,2009
Vatican City,Vatican City,829,True,2010-07-15,2010-07-17,3,36.0,35.3,2010
Vatican City,Vatican City,829,True,2011-08-19,2011-08-25,7,36.0,35.4,2011
Vatican City,Vatican City,829,True,2011-09-14,2011-09-16,3,32.6,31.9,2011
Vatican City,Vatican City,829,True,2012-06-16,2012-06-19,4,33.9,33.0,2012
Vatican City,Vatican City,829,True,2012-06-21,2012-06-23,3,33.6,33.2,2012
Vatican City,Vatican City,829,True,2012-06-29,2012-07-01,3,35.2,34.2,2012
Vatican City,Vatican City,829,True,2012-08-05,2012-08-07,3,36.8,35.7,2012
Vatican City,Vatican City,829,True,2012-08-17,2012-08-22,6,35.4,34.5,2012
Vatican City,Vatican City,829,True,2013-08-03,2013-08-07,5,37.3,36.2,2013
Vatican City,Vatican City,829,True,2014-06-06,2014-06-12,7,32.7,31.8,2014
Vatican City,Vatican City,829,True,2015-06-04,2015-06-06,3,31.1,30.6,2015
Vatican City,Vatican City,829,True,2015-07-15,2015-07-21,7,35.7,35.3,2015
Vatican City,Vatican City,829,True,2015-08-04,2015-08-07,4,35.7,35.4,2015
Vatican City,Vatican City,829,True,2015-08-29,2015-08-31,3,34.0,33.5,2015
Vatican City,Vatican City,829,True,2016-06-22,2016-06-24,3,33.6,33.2,2016
Vatican City,Vatican City,829,True,2017-06-14,2017-06-17,4,33.1,32.4,2017
Vatican City,Vatican City,829,True,2017-06-21,2017-06-23,3,32.6,32.3,2017
Vatican City,Vatican City,829,True,2017-06-25,2017-06-27,3,33.5,33.3,2017
Vatican City,Vatican City,829,True,2017-07-04,2017-07-08,5,35.4,35.0,2017
Vatican City,Vatican City,829,True,2017-07-30,2017-08-08,10,38.6,37.4,2017
Vatican City,Vatican City,829,True,2017-08-15,2017-08-17,3,35.7,35.1,2017
Vatican City,Vatican City,829,True,2017-08-26,2017-08-29,4,35.7,34.6,2017
Vatican City,Vatican City,829,True,2018-07-28,2018-08-01,5,36.5,35.7,2018
Vatican City,Vatican City,829,True,2019-06-23,2019-07-05,13,37.6,34.9,2019
Vatican City,Vatican City,829,True,2019-07-21,2019-07-25,5,35.9,35.5,2019
Vatican City,Vatican City,829,True,2019-08-09,2019-08-12,4,37.2,35.9,2019
Vatican City,Vatican City,829,True,2020-07-28,2020-08-01,5,38.5,36.6,2020
Vatican City,Vatican City,829,True,2020-08-07,2020-08-09,3,36.4,36.1,2020
Vatican City,Vatican City,829,True,2020-08-19,2020-08-22,4,35.7,34.5,2020
Vatican City,Vatican City,829,True,2020-09-07,2020-09-09,3,32.4,32.2,2020
Vatican City,Vatican City,829,True,2020-09-11,2020-09-18,8,34.0,32.3,2020
Vatican City,Vatican City,829,True,2021-06-20,2021-06-22,3,34.0,33.4,2021
Vatican City,Vatican City,829,True,2021-07-05,2021-07-07,3,37.8,35.3,2021
Vatican City,Vatican City,829,True,2021-08-09,2021-08-15,7,38.7,36.7,2021
Vatican City,Vatican City,829,True,2022-05-16,2022-05-19,4,31.0,29.3,2022
Vatican City,Vatican City,829,True,2022-05-21,2022-05-27,7,34.2,31.1,2022
Vatican City,Vatican City,829,True,2022-05-31,2022-06-07,8,35.4,33.2,2022
Vatican City,Vatican City,829,True,2022-06-10,2022-06-22,13,34.6,32.8,2022
Vatican City,Vatican City,829,True,2022-06-24,2022-07-05,12,39.6,36.4,2022
Vatican City,Vatican City,829,True,2022-07-14,2022-07-25,12,37.2,36.1,2022
Vatican City,Vatican City,829,True,2022-08-01,2022-08-06,6,37.2,35.9,2022
Vatican City,Vatican City,829,True,2023-07-06,2023-07-11,6,37.0,35.3,2023
Vatican City,Vatican City,829,True,2023-07-15,2023-07-24,10,39.8,36.9,2023
Vatican City,Vatican City,829,True,2023-08-16,2023-08-26,11,38.1,36.6,2023
Vatican City,Vatican City,829,True,2023-09-06,2023-09-10,5,33.3,32.4,2023
Vatican City,Vatican City,829,True,2023-10-06,2023-10-11,6,31.2,29.3,2023
Vatican City,Vatican City,829,True,2024-06-05,2024-06-08,4,32.4,31.3,2024
Vatican City,Vatican City,829,True,2024-06-17,2024-06-21,5,38.8,35.4,2024
Vatican City,Vatican City,829,True,2024-07-08,2024-07-23,16,38.8,36.2,2024
Vatican City,Vatican City,829,True,2024-07-25,2024-08-02,9,38.6,36.3,2024
Vatican City,Vatican City,829,True,2024-08-05,2024-08-15,11,37.2,35.8,2024
Vatican City,Vatican City,829,True,2024-08-27,2024-09-02,7,36.6,34.6,2024
Vatican City,Vatican City,829,True,2025-06-06,2025-06-16,11,36.2,33.1,2025
Vatican City,Vatican City,829,True,2025-06-18,2025-07-05,18,38.4,35.2,2025
Vatican City,Vatican City,829,True,2025-08-07,2025-08-14,8,38.4,36.7,2025
