city,bundesland,population,year,mean_uvi
Berlin,Berlin,3426354,2000,3.212874174118042
Hamburg,Hamburg,1973896,2000,3.0475847721099854
Munich,Bayern,1505005,2000,4.026090145111084
Köln,Nordrhein-Westfalen,1024621,2000,3.430795192718506
Frankfurt am Main,Hessen,650000,2000,3.576183319091797
Düsseldorf,Nordrhein-Westfalen,618685,2000,3.3957948684692383
Stuttgart,Baden-Württemberg,612663,2000,3.813183069229126
Essen,Nordrhein-Westfalen,593085,2000,3.372202157974243
Dortmund,Nordrhein-Westfalen,588462,2000,3.3210408687591553
Dresden,Sachsen,564904,2000,3.4694206714630127
Bremen,Bremen,546501,2000,3.109431743621826
Nuremberg,Bayern,515543,2000,3.775470018386841
Hannover,Niedersachsen,515140,2000,3.2353005409240723
Leipzig,Sachsen,504971,2000,3.4222352504730225
Duisburg,Nordrhein-Westfalen,504358,2000,3.358049154281616
Wandsbek,Hamburg,411422,2000,3.0471720695495605
Hamburg-Nord,Hamburg,315514,2000,3.0475847721099854
Mannheim,Baden-Württemberg,307960,2000,3.6884071826934814
Hamburg-Mitte,Hamburg,301231,2000,3.0471720695495605
Augsburg,Bayern,301105,2000,4.001737594604492
Wiesbaden,Hessen,288850,2000,3.601778984069824
Marienthal,Hamburg,287101,2000,3.0471720695495605
Karlsruhe,Baden-Württemberg,283799,2000,3.732360601425171
Kiel,Schleswig-Holstein,252668,2000,2.9362568855285645
Chemnitz,Sachsen,247220,2000,3.5396175384521484
Braunschweig,Niedersachsen,244715,2000,3.244565486907959
Magdeburg,Sachsen-Anhalt,244329,2000,3.295710325241089
Halle (Saale),Sachsen-Anhalt,237865,2000,3.4158060550689697
Freiburg,Baden-Württemberg,237460,2000,4.070478439331055
Neue Neustadt,Sachsen-Anhalt,226851,2000,3.295710325241089
Mainz,Rheinland-Pfalz,222889,2000,3.6108906269073486
Erfurt,Thüringen,218793,2000,3.5452351570129395
Lübeck,Schleswig-Holstein,212207,2000,3.0030300617218018
Rostock,Mecklenburg-Vorpommern,198293,2000,2.9848086833953857
Kassel,Hessen,197230,2000,3.430330514907837
Potsdam,Brandenburg,184754,2000,3.247300386428833
Saarbrücken,Saarland,182971,2000,3.7469069957733154
Darmstadt,Hessen,167029,2000,3.6195738315582275
Osnabrück,Niedersachsen,166462,2000,3.228273391723633
Neukölln,Berlin,164636,2000,3.247863531112671
Ludwigshafen am Rhein,Rheinland-Pfalz,163196,2000,3.6884071826934814
Oldenburg,Niedersachsen,159218,2000,3.1149373054504395
Kreuzberg,Berlin,153135,2000,3.247863531112671
Regensburg,Bayern,151389,2000,3.851325035095215
Prenzlauer Berg,Berlin,148878,2000,3.212874174118042
Heidelberg,Baden-Württemberg,143345,2000,3.699300765991211
Würzburg,Bayern,133731,2000,3.674879789352417
Charlottenburg,Berlin,129359,2000,3.212874174118042
Wolfsburg,Niedersachsen,123064,2000,3.2476613521575928
Offenbach,Hessen,119192,2000,3.574735164642334
Bremerhaven,Bremen,118610,2000,3.0334863662719727
Koblenz,Rheinland-Pfalz,107319,2000,3.5433084964752197
Jena,Thüringen,104712,2000,3.533879518508911
Gera,Thüringen,104659,2000,3.530959129333496
Trier,Rheinland-Pfalz,100129,2000,3.6276888847351074
Zwickau,Sachsen,98796,2000,3.5995218753814697
Kaiserslautern,Rheinland-Pfalz,98732,2000,3.7317347526550293
Schwerin,Mecklenburg-Vorpommern,96641,2000,3.066398859024048
Flensburg,Schleswig-Holstein,85838,2000,2.858798027038574
Cottbus,Brandenburg,84754,2000,3.341557502746582
Norderstedt,Schleswig-Holstein,82844,2000,3.0475847721099854
Neumünster,Schleswig-Holstein,80196,2000,2.9637978076934814
Neubrandenburg,Mecklenburg-Vorpommern,68082,2000,3.0697269439697266
Dessau,Sachsen-Anhalt,67747,2000,3.337852716445923
Plauen,Sachsen,66412,2000,3.658445358276367
Weimar,Thüringen,64727,2000,3.5455055236816406
Brandenburg an der Havel,Brandenburg,59826,2000,3.2526228427886963
Stralsund,Mecklenburg-Vorpommern,58976,2000,2.955152750015259
Frankfurt (Oder),Brandenburg,57107,2000,3.23771333694458
Universitäts- und Hansestadt Greifswald,Mecklenburg-Vorpommern,52731,2000,2.9837512969970703
Neunkirchen,Saarland,49843,2000,3.7123606204986572
Gotha,Thüringen,46615,2000,3.5496366024017334
Homburg,Saarland,44607,2000,3.712625741958618
Halle-Neustadt,Sachsen-Anhalt,44515,2000,3.4158060550689697
Eberswalde,Brandenburg,41980,2000,3.183330535888672
Völklingen,Saarland,40952,2000,3.7053656578063965
Sankt Ingbert,Saarland,38697,2000,3.7123606204986572
Vegesack,Bremen,34757,2000,3.1055490970611572
Burglesum,Bremen,33000,2000,3.1055490970611572
Berlin,Berlin,3426354,2001,3.0716984272003174
Hamburg,Hamburg,1973896,2001,2.924210786819458
Munich,Bayern,1505005,2001,3.8664302825927734
Köln,Nordrhein-Westfalen,1024621,2001,3.2998220920562744
Frankfurt am Main,Hessen,650000,2001,3.433016538619995
Düsseldorf,Nordrhein-Westfalen,618685,2001,3.2657480239868164
Stuttgart,Baden-Württemberg,612663,2001,3.6626739501953125
Essen,Nordrhein-Westfalen,593085,2001,3.2421586513519287
Dortmund,Nordrhein-Westfalen,588462,2001,3.1908905506134033
Dresden,Sachsen,564904,2001,3.3294193744659424
Bremen,Bremen,546501,2001,2.9918737411499023
Nuremberg,Bayern,515543,2001,3.6235532760620117
Hannover,Niedersachsen,515140,2001,3.1047754287719727
Leipzig,Sachsen,504971,2001,3.2808494567871094
Duisburg,Nordrhein-Westfalen,504358,2001,3.229306936264038
Wandsbek,Hamburg,411422,2001,2.9223012924194336
Hamburg-Nord,Hamburg,315514,2001,2.924210786819458
Mannheim,Baden-Württemberg,307960,2001,3.5448272228240967
Hamburg-Mitte,Hamburg,301231,2001,2.9223012924194336
Augsburg,Bayern,301105,2001,3.84187650680542
Wiesbaden,Hessen,288850,2001,3.4607455730438232
Marienthal,Hamburg,287101,2001,2.9223012924194336
Karlsruhe,Baden-Württemberg,283799,2001,3.5876712799072266
Kiel,Schleswig-Holstein,252668,2001,2.8169972896575928
Chemnitz,Sachsen,247220,2001,3.3982930183410645
Braunschweig,Niedersachsen,244715,2001,3.1105234622955322
Magdeburg,Sachsen-Anhalt,244329,2001,3.1552276611328125
Halle (Saale),Sachsen-Anhalt,237865,2001,3.2739946842193604
Freiburg,Baden-Württemberg,237460,2001,3.915964365005493
Neue Neustadt,Sachsen-Anhalt,226851,2001,3.1552276611328125
Mainz,Rheinland-Pfalz,222889,2001,3.4687259197235107
Erfurt,Thüringen,218793,2001,3.401822090148926
Lübeck,Schleswig-Holstein,212207,2001,2.8787450790405273
Rostock,Mecklenburg-Vorpommern,198293,2001,2.8550519943237305
Kassel,Hessen,197230,2001,3.288975477218628
Potsdam,Brandenburg,184754,2001,3.1061205863952637
Saarbrücken,Saarland,182971,2001,3.607567071914673
Darmstadt,Hessen,167029,2001,3.4760162830352783
Osnabrück,Niedersachsen,166462,2001,3.1018080711364746
Neukölln,Berlin,164636,2001,3.1068217754364014
Ludwigshafen am Rhein,Rheinland-Pfalz,163196,2001,3.5448272228240967
Oldenburg,Niedersachsen,159218,2001,2.9970576763153076
Kreuzberg,Berlin,153135,2001,3.1068217754364014
Regensburg,Bayern,151389,2001,3.6998822689056396
Prenzlauer Berg,Berlin,148878,2001,3.0716984272003174
Heidelberg,Baden-Württemberg,143345,2001,3.554534435272217
Würzburg,Bayern,133731,2001,3.524038553237915
Charlottenburg,Berlin,129359,2001,3.0716984272003174
Wolfsburg,Niedersachsen,123064,2001,3.113079309463501
Offenbach,Hessen,119192,2001,3.4309616088867188
Bremerhaven,Bremen,118610,2001,2.9175972938537598
Koblenz,Rheinland-Pfalz,107319,2001,3.407093048095703
Jena,Thüringen,104712,2001,3.390693187713623
Gera,Thüringen,104659,2001,3.3893039226531982
Trier,Rheinland-Pfalz,100129,2001,3.4918410778045654
Zwickau,Sachsen,98796,2001,3.4553370475769043
Kaiserslautern,Rheinland-Pfalz,98732,2001,3.5883147716522217
Schwerin,Mecklenburg-Vorpommern,96641,2001,2.936293363571167
Flensburg,Schleswig-Holstein,85838,2001,2.7427806854248047
Cottbus,Brandenburg,84754,2001,3.2033259868621826
Norderstedt,Schleswig-Holstein,82844,2001,2.924210786819458
Neumünster,Schleswig-Holstein,80196,2001,2.844731569290161
Neubrandenburg,Mecklenburg-Vorpommern,68082,2001,2.934011220932007
Dessau,Sachsen-Anhalt,67747,2001,3.1955010890960693
Plauen,Sachsen,66412,2001,3.5118958950042725
Weimar,Thüringen,64727,2001,3.401597261428833
Brandenburg an der Havel,Brandenburg,59826,2001,3.1118245124816895
Stralsund,Mecklenburg-Vorpommern,58976,2001,2.8244986534118652
Frankfurt (Oder),Brandenburg,57107,2001,3.0994133949279785
Universitäts- und Hansestadt Greifswald,Mecklenburg-Vorpommern,52731,2001,2.8522300720214844
Neunkirchen,Saarland,49843,2001,3.573134183883667
Gotha,Thüringen,46615,2001,3.4051289558410645
Homburg,Saarland,44607,2001,3.572232961654663
Halle-Neustadt,Sachsen-Anhalt,44515,2001,3.2739946842193604
Eberswalde,Brandenburg,41980,2001,3.041126012802124
Völklingen,Saarland,40952,2001,3.5674548149108887
Sankt Ingbert,Saarland,38697,2001,3.573134183883667
Vegesack,Bremen,34757,2001,2.9885153770446777
Burglesum,Bremen,33000,2001,2.9885153770446777
Berlin,Berlin,3426354,2002,3.177673816680908
Hamburg,Hamburg,1973896,2002,3.0296711921691895
Munich,Bayern,1505005,2002,3.9238412380218506
Köln,Nordrhein-Westfalen,1024621,2002,3.3867862224578857
Frankfurt am Main,Hessen,650000,2002,3.5176684856414795
Düsseldorf,Nordrhein-Westfalen,618685,2002,3.3540024757385254
Stuttgart,Baden-Württemberg,612663,2002,3.735046625137329
Essen,Nordrhein-Westfalen,593085,2002,3.3311285972595215
Dortmund,Nordrhein-Westfalen,588462,2002,3.2801780700683594
Dresden,Sachsen,564904,2002,3.428671360015869
Bremen,Bremen,546501,2002,3.0917370319366455
Nuremberg,Bayern,515543,2002,3.696200132369995
Hannover,Niedersachsen,515140,2002,3.2036080360412598
Leipzig,Sachsen,504971,2002,3.3776025772094727
Duisburg,Nordrhein-Westfalen,504358,2002,3.318460464477539
Wandsbek,Hamburg,411422,2002,3.0279507637023926
Hamburg-Nord,Hamburg,315514,2002,3.0296711921691895
Mannheim,Baden-Württemberg,307960,2002,3.6245124340057373
Hamburg-Mitte,Hamburg,301231,2002,3.0279507637023926
Augsburg,Bayern,301105,2002,3.9030520915985107
Wiesbaden,Hessen,288850,2002,3.5448191165924072
Marienthal,Hamburg,287101,2002,3.0279507637023926
Karlsruhe,Baden-Württemberg,283799,2002,3.665238380432129
Kiel,Schleswig-Holstein,252668,2002,2.9209070205688477
Chemnitz,Sachsen,247220,2002,3.493306875228882
Braunschweig,Niedersachsen,244715,2002,3.209200143814087
Magdeburg,Sachsen-Anhalt,244329,2002,3.25396990776062
Halle (Saale),Sachsen-Anhalt,237865,2002,3.368224620819092
Freiburg,Baden-Württemberg,237460,2002,3.9754981994628906
Neue Neustadt,Sachsen-Anhalt,226851,2002,3.25396990776062
Mainz,Rheinland-Pfalz,222889,2002,3.5517451763153076
Erfurt,Thüringen,218793,2002,3.4916188716888428
Lübeck,Schleswig-Holstein,212207,2002,2.9843590259552
Rostock,Mecklenburg-Vorpommern,198293,2002,2.9618518352508545
Kassel,Hessen,197230,2002,3.3799784183502197
Potsdam,Brandenburg,184754,2002,3.211528778076172
Saarbrücken,Saarland,182971,2002,3.685594320297241
Darmstadt,Hessen,167029,2002,3.559293508529663
Osnabrück,Niedersachsen,166462,2002,3.193673849105835
Neukölln,Berlin,164636,2002,3.212282180786133
Ludwigshafen am Rhein,Rheinland-Pfalz,163196,2002,3.6245124340057373
Oldenburg,Niedersachsen,159218,2002,3.095764398574829
Kreuzberg,Berlin,153135,2002,3.212282180786133
Regensburg,Bayern,151389,2002,3.7662384510040283
Prenzlauer Berg,Berlin,148878,2002,3.177673816680908
Heidelberg,Baden-Württemberg,143345,2002,3.6339590549468994
Würzburg,Bayern,133731,2002,3.6083836555480957
Charlottenburg,Berlin,129359,2002,3.177673816680908
Wolfsburg,Niedersachsen,123064,2002,3.211758852005005
Offenbach,Hessen,119192,2002,3.5154056549072266
Bremerhaven,Bremen,118610,2002,3.0206656455993652
Koblenz,Rheinland-Pfalz,107319,2002,3.490915298461914
Jena,Thüringen,104712,2002,3.4811341762542725
Gera,Thüringen,104659,2002,3.4795422554016113
Trier,Rheinland-Pfalz,100129,2002,3.573350429534912
Zwickau,Sachsen,98796,2002,3.5443806648254395
Kaiserslautern,Rheinland-Pfalz,98732,2002,3.668764352798462
Schwerin,Mecklenburg-Vorpommern,96641,2002,3.041635751724243
Flensburg,Schleswig-Holstein,85838,2002,2.85015606880188
Cottbus,Brandenburg,84754,2002,3.3055288791656494
Norderstedt,Schleswig-Holstein,82844,2002,3.0296711921691895
Neumünster,Schleswig-Holstein,80196,2002,2.949328899383545
Neubrandenburg,Mecklenburg-Vorpommern,68082,2002,3.0408849716186523
Dessau,Sachsen-Anhalt,67747,2002,3.2949368953704834
Plauen,Sachsen,66412,2002,3.59668231010437
Weimar,Thüringen,64727,2002,3.4922356605529785
Brandenburg an der Havel,Brandenburg,59826,2002,3.2159507274627686
Stralsund,Mecklenburg-Vorpommern,58976,2002,2.9307892322540283
Frankfurt (Oder),Brandenburg,57107,2002,3.202509641647339
Universitäts- und Hansestadt Greifswald,Mecklenburg-Vorpommern,52731,2002,2.9595422744750977
Neunkirchen,Saarland,49843,2002,3.652583599090576
Gotha,Thüringen,46615,2002,3.4955639839172363
Homburg,Saarland,44607,2002,3.65145206451416
Halle-Neustadt,Sachsen-Anhalt,44515,2002,3.368224620819092
Eberswalde,Brandenburg,41980,2002,3.1469645500183105
Völklingen,Saarland,40952,2002,3.6470682621002197
Sankt Ingbert,Saarland,38697,2002,3.652583599090576
Vegesack,Bremen,34757,2002,3.087761640548706
Burglesum,Bremen,33000,2002,3.087761640548706
Berlin,Berlin,3426354,2003,3.128413677215576
Hamburg,Hamburg,1973896,2003,3.0103588104248047
Munich,Bayern,1505005,2003,3.9073617458343506
Köln,Nordrhein-Westfalen,1024621,2003,3.417485237121582
Frankfurt am Main,Hessen,650000,2003,3.529101610183716
Düsseldorf,Nordrhein-Westfalen,618685,2003,3.3863203525543213
Stuttgart,Baden-Württemberg,612663,2003,3.7409262657165527
Essen,Nordrhein-Westfalen,593085,2003,3.362881898880005
Dortmund,Nordrhein-Westfalen,588462,2003,3.3109121322631836
Dresden,Sachsen,564904,2003,3.386493444442749
Bremen,Bremen,546501,2003,3.0847890377044678
Nuremberg,Bayern,515543,2003,3.6904356479644775
Hannover,Niedersachsen,515140,2003,3.1992766857147217
Leipzig,Sachsen,504971,2003,3.3481478691101074
Duisburg,Nordrhein-Westfalen,504358,2003,3.351219415664673
Wandsbek,Hamburg,411422,2003,3.006641387939453
Hamburg-Nord,Hamburg,315514,2003,3.0103588104248047
Mannheim,Baden-Württemberg,307960,2003,3.632229804992676
Hamburg-Mitte,Hamburg,301231,2003,3.006641387939453
Augsburg,Bayern,301105,2003,3.89359712600708
Wiesbaden,Hessen,288850,2003,3.5593478679656982
Marienthal,Hamburg,287101,2003,3.006641387939453
Karlsruhe,Baden-Württemberg,283799,2003,3.6723947525024414
Kiel,Schleswig-Holstein,252668,2003,2.8993067741394043
Chemnitz,Sachsen,247220,2003,3.4617562294006348
Braunschweig,Niedersachsen,244715,2003,3.1934189796447754
Magdeburg,Sachsen-Anhalt,244329,2003,3.228046417236328
Halle (Saale),Sachsen-Anhalt,237865,2003,3.3471505641937256
Freiburg,Baden-Württemberg,237460,2003,3.988764524459839
Neue Neustadt,Sachsen-Anhalt,226851,2003,3.228046417236328
Mainz,Rheinland-Pfalz,222889,2003,3.5621862411499023
Erfurt,Thüringen,218793,2003,3.4828245639801025
Lübeck,Schleswig-Holstein,212207,2003,2.9589617252349854
Rostock,Mecklenburg-Vorpommern,198293,2003,2.9185068607330322
Kassel,Hessen,197230,2003,3.3868191242218018
Potsdam,Brandenburg,184754,2003,3.165139675140381
Saarbrücken,Saarland,182971,2003,3.7017149925231934
Darmstadt,Hessen,167029,2003,3.568660259246826
Osnabrück,Niedersachsen,166462,2003,3.2111730575561523
Neukölln,Berlin,164636,2003,3.163454532623291
Ludwigshafen am Rhein,Rheinland-Pfalz,163196,2003,3.632229804992676
Oldenburg,Niedersachsen,159218,2003,3.097896099090576
Kreuzberg,Berlin,153135,2003,3.163454532623291
Regensburg,Bayern,151389,2003,3.7517449855804443
Prenzlauer Berg,Berlin,148878,2003,3.128413677215576
Heidelberg,Baden-Württemberg,143345,2003,3.640907049179077
Würzburg,Bayern,133731,2003,3.6094138622283936
Charlottenburg,Berlin,129359,2003,3.128413677215576
Wolfsburg,Niedersachsen,123064,2003,3.1935012340545654
Offenbach,Hessen,119192,2003,3.5259311199188232
Bremerhaven,Bremen,118610,2003,3.0104575157165527
Koblenz,Rheinland-Pfalz,107319,2003,3.5113449096679688
Jena,Thüringen,104712,2003,3.46694278717041
Gera,Thüringen,104659,2003,3.4599835872650146
Trier,Rheinland-Pfalz,100129,2003,3.598454475402832
Zwickau,Sachsen,98796,2003,3.5234410762786865
Kaiserslautern,Rheinland-Pfalz,98732,2003,3.6793148517608643
Schwerin,Mecklenburg-Vorpommern,96641,2003,3.00860857963562
Flensburg,Schleswig-Holstein,85838,2003,2.829498767852783
Cottbus,Brandenburg,84754,2003,3.2499890327453613
Norderstedt,Schleswig-Holstein,82844,2003,3.0103588104248047
Neumünster,Schleswig-Holstein,80196,2003,2.9284849166870117
Neubrandenburg,Mecklenburg-Vorpommern,68082,2003,2.988191604614258
Dessau,Sachsen-Anhalt,67747,2003,3.2645506858825684
Plauen,Sachsen,66412,2003,3.5825178623199463
Weimar,Thüringen,64727,2003,3.4804847240448
Brandenburg an der Havel,Brandenburg,59826,2003,3.174882173538208
Stralsund,Mecklenburg-Vorpommern,58976,2003,2.8787450790405273
Frankfurt (Oder),Brandenburg,57107,2003,3.1456985473632812
Universitäts- und Hansestadt Greifswald,Mecklenburg-Vorpommern,52731,2003,2.905320167541504
Neunkirchen,Saarland,49843,2003,3.6702382564544678
Gotha,Thüringen,46615,2003,3.490572929382324
Homburg,Saarland,44607,2003,3.666764736175537
Halle-Neustadt,Sachsen-Anhalt,44515,2003,3.3471505641937256
Eberswalde,Brandenburg,41980,2003,3.093600273132324
Völklingen,Saarland,40952,2003,3.6668384075164795
Sankt Ingbert,Saarland,38697,2003,3.6702382564544678
Vegesack,Bremen,34757,2003,3.0851314067840576
Burglesum,Bremen,33000,2003,3.0851314067840576
Berlin,Berlin,3426354,2004,3.1000683307647705
Hamburg,Hamburg,1973896,2004,2.9648170471191406
Munich,Bayern,1505005,2004,3.8609778881073
Köln,Nordrhein-Westfalen,1024621,2004,3.350792407989502
Frankfurt am Main,Hessen,650000,2004,3.468305826187134
Düsseldorf,Nordrhein-Westfalen,618685,2004,3.3175435066223145
Stuttgart,Baden-Württemberg,612663,2004,3.6931965351104736
Essen,Nordrhein-Westfalen,593085,2004,3.292880058288574
Dortmund,Nordrhein-Westfalen,588462,2004,3.2410521507263184
Dresden,Sachsen,564904,2004,3.3480875492095947
Bremen,Bremen,546501,2004,3.033008337020874
Nuremberg,Bayern,515543,2004,3.638404369354248
Hannover,Niedersachsen,515140,2004,3.1423332691192627
Leipzig,Sachsen,504971,2004,3.3034398555755615
Duisburg,Nordrhein-Westfalen,504358,2004,3.28166127204895
Wandsbek,Hamburg,411422,2004,2.961806058883667
Hamburg-Nord,Hamburg,315514,2004,2.9648170471191406
Mannheim,Baden-Württemberg,307960,2004,3.580552101135254
Hamburg-Mitte,Hamburg,301231,2004,2.961806058883667
Augsburg,Bayern,301105,2004,3.8446311950683594
Wiesbaden,Hessen,288850,2004,3.499833345413208
Marienthal,Hamburg,287101,2004,2.961806058883667
Karlsruhe,Baden-Württemberg,283799,2004,3.6235876083374023
Kiel,Schleswig-Holstein,252668,2004,2.859376907348633
Chemnitz,Sachsen,247220,2004,3.418910026550293
Braunschweig,Niedersachsen,244715,2004,3.1439945697784424
Magdeburg,Sachsen-Anhalt,244329,2004,3.184062957763672
Halle (Saale),Sachsen-Anhalt,237865,2004,3.2989041805267334
Freiburg,Baden-Württemberg,237460,2004,3.9410653114318848
Neue Neustadt,Sachsen-Anhalt,226851,2004,3.184062957763672
Mainz,Rheinland-Pfalz,222889,2004,3.504798173904419
Erfurt,Thüringen,218793,2004,3.4243524074554443
Lübeck,Schleswig-Holstein,212207,2004,2.917595863342285
Rostock,Mecklenburg-Vorpommern,198293,2004,2.892235040664673
Kassel,Hessen,197230,2004,3.3234670162200928
Potsdam,Brandenburg,184754,2004,3.1327731609344482
Saarbrücken,Saarland,182971,2004,3.65221905708313
Darmstadt,Hessen,167029,2004,3.5104289054870605
Osnabrück,Niedersachsen,166462,2004,3.1486339569091797
Neukölln,Berlin,164636,2004,3.1326258182525635
Ludwigshafen am Rhein,Rheinland-Pfalz,163196,2004,3.580552101135254
Oldenburg,Niedersachsen,159218,2004,3.0451667308807373
Kreuzberg,Berlin,153135,2004,3.1326258182525635
Regensburg,Bayern,151389,2004,3.7066450119018555
Prenzlauer Berg,Berlin,148878,2004,3.1000683307647705
Heidelberg,Baden-Württemberg,143345,2004,3.5886831283569336
Würzburg,Bayern,133731,2004,3.549467086791992
Charlottenburg,Berlin,129359,2004,3.1000683307647705
Wolfsburg,Niedersachsen,123064,2004,3.145718574523926
Offenbach,Hessen,119192,2004,3.4648361206054688
Bremerhaven,Bremen,118610,2004,2.9633824825286865
Koblenz,Rheinland-Pfalz,107319,2004,3.4500412940979004
Jena,Thüringen,104712,2004,3.4129698276519775
Gera,Thüringen,104659,2004,3.411259651184082
Trier,Rheinland-Pfalz,100129,2004,3.542661190032959
Zwickau,Sachsen,98796,2004,3.4765384197235107
Kaiserslautern,Rheinland-Pfalz,98732,2004,3.6278634071350098
Schwerin,Mecklenburg-Vorpommern,96641,2004,2.971811532974243
Flensburg,Schleswig-Holstein,85838,2004,2.79274320602417
Cottbus,Brandenburg,84754,2004,3.2165820598602295
Norderstedt,Schleswig-Holstein,82844,2004,2.9648170471191406
Neumünster,Schleswig-Holstein,80196,2004,2.887281656265259
Neubrandenburg,Mecklenburg-Vorpommern,68082,2004,2.9643797874450684
Dessau,Sachsen-Anhalt,67747,2004,3.2215657234191895
Plauen,Sachsen,66412,2004,3.53296160697937
Weimar,Thüringen,64727,2004,3.424030303955078
Brandenburg an der Havel,Brandenburg,59826,2004,3.13940691947937
Stralsund,Mecklenburg-Vorpommern,58976,2004,2.856559991836548
Frankfurt (Oder),Brandenburg,57107,2004,3.1172215938568115
Universitäts- und Hansestadt Greifswald,Mecklenburg-Vorpommern,52731,2004,2.883352518081665
Neunkirchen,Saarland,49843,2004,3.618281364440918
Gotha,Thüringen,46615,2004,3.429499626159668
Homburg,Saarland,44607,2004,3.6150028705596924
Halle-Neustadt,Sachsen-Anhalt,44515,2004,3.2989041805267334
Eberswalde,Brandenburg,41980,2004,3.0690438747406006
Völklingen,Saarland,40952,2004,3.615062952041626
Sankt Ingbert,Saarland,38697,2004,3.618281364440918
Vegesack,Bremen,34757,2004,3.0326502323150635
Burglesum,Bremen,33000,2004,3.0326502323150635
Berlin,Berlin,3426354,2005,3.188967227935791
Hamburg,Hamburg,1973896,2005,3.0564465522766113
Munich,Bayern,1505005,2005,3.9289534091949463
Köln,Nordrhein-Westfalen,1024621,2005,3.436161518096924
Frankfurt am Main,Hessen,650000,2005,3.5512986183166504
Düsseldorf,Nordrhein-Westfalen,618685,2005,3.404057502746582
Stuttgart,Baden-Württemberg,612663,2005,3.756654739379883
Essen,Nordrhein-Westfalen,593085,2005,3.3808741569519043
Dortmund,Nordrhein-Westfalen,588462,2005,3.3298192024230957
Dresden,Sachsen,564904,2005,3.4309728145599365
Bremen,Bremen,546501,2005,3.126068592071533
Nuremberg,Bayern,515543,2005,3.7096221446990967
Hannover,Niedersachsen,515140,2005,3.2336411476135254
Leipzig,Sachsen,504971,2005,3.38893985748291
Duisburg,Nordrhein-Westfalen,504358,2005,3.369410753250122
Wandsbek,Hamburg,411422,2005,3.053306818008423
Hamburg-Nord,Hamburg,315514,2005,3.0564465522766113
Mannheim,Baden-Württemberg,307960,2005,3.654632568359375
Hamburg-Mitte,Hamburg,301231,2005,3.053306818008423
Augsburg,Bayern,301105,2005,3.9101805686950684
Wiesbaden,Hessen,288850,2005,3.5823562145233154
Marienthal,Hamburg,287101,2005,3.053306818008423
Karlsruhe,Baden-Württemberg,283799,2005,3.6934516429901123
Kiel,Schleswig-Holstein,252668,2005,2.9463727474212646
Chemnitz,Sachsen,247220,2005,3.498934030532837
Braunschweig,Niedersachsen,244715,2005,3.234977960586548
Magdeburg,Sachsen-Anhalt,244329,2005,3.2747039794921875
Halle (Saale),Sachsen-Anhalt,237865,2005,3.3836987018585205
Freiburg,Baden-Württemberg,237460,2005,4.005183696746826
Neue Neustadt,Sachsen-Anhalt,226851,2005,3.2747039794921875
Mainz,Rheinland-Pfalz,222889,2005,3.58553409576416
Erfurt,Thüringen,218793,2005,3.5104713439941406
Lübeck,Schleswig-Holstein,212207,2005,3.0078682899475098
Rostock,Mecklenburg-Vorpommern,198293,2005,2.973832845687866
Kassel,Hessen,197230,2005,3.4097039699554443
Potsdam,Brandenburg,184754,2005,3.222498655319214
Saarbrücken,Saarland,182971,2005,3.726947784423828
Darmstadt,Hessen,167029,2005,3.591646432876587
Osnabrück,Niedersachsen,166462,2005,3.239241123199463
Neukölln,Berlin,164636,2005,3.222438097000122
Ludwigshafen am Rhein,Rheinland-Pfalz,163196,2005,3.654632568359375
Oldenburg,Niedersachsen,159218,2005,3.135802745819092
Kreuzberg,Berlin,153135,2005,3.222438097000122
Regensburg,Bayern,151389,2005,3.7749810218811035
Prenzlauer Berg,Berlin,148878,2005,3.188967227935791
Heidelberg,Baden-Württemberg,143345,2005,3.66269588470459
Würzburg,Bayern,133731,2005,3.630101442337036
Charlottenburg,Berlin,129359,2005,3.188967227935791
Wolfsburg,Niedersachsen,123064,2005,3.2366793155670166
Offenbach,Hessen,119192,2005,3.547632932662964
Bremerhaven,Bremen,118610,2005,3.0534026622772217
Koblenz,Rheinland-Pfalz,107319,2005,3.5339889526367188
Jena,Thüringen,104712,2005,3.497145175933838
Gera,Thüringen,104659,2005,3.4910356998443604
Trier,Rheinland-Pfalz,100129,2005,3.62441349029541
Zwickau,Sachsen,98796,2005,3.5541012287139893
Kaiserslautern,Rheinland-Pfalz,98732,2005,3.703350782394409
Schwerin,Mecklenburg-Vorpommern,96641,2005,3.061323404312134
Flensburg,Schleswig-Holstein,85838,2005,2.874986171722412
Cottbus,Brandenburg,84754,2005,3.307833194732666
Norderstedt,Schleswig-Holstein,82844,2005,3.0564465522766113
Neumünster,Schleswig-Holstein,80196,2005,2.975846529006958
Neubrandenburg,Mecklenburg-Vorpommern,68082,2005,3.0509204864501953
Dessau,Sachsen-Anhalt,67747,2005,3.3097753524780273
Plauen,Sachsen,66412,2005,3.6075098514556885
Weimar,Thüringen,64727,2005,3.510057210922241
Brandenburg an der Havel,Brandenburg,59826,2005,3.2294957637786865
Stralsund,Mecklenburg-Vorpommern,58976,2005,2.939375638961792
Frankfurt (Oder),Brandenburg,57107,2005,3.206709623336792
Universitäts- und Hansestadt Greifswald,Mecklenburg-Vorpommern,52731,2005,2.9674630165100098
Neunkirchen,Saarland,49843,2005,3.695884943008423
Gotha,Thüringen,46615,2005,3.517265796661377
Homburg,Saarland,44607,2005,3.691901206970215
Halle-Neustadt,Sachsen-Anhalt,44515,2005,3.3836987018585205
Eberswalde,Brandenburg,41980,2005,3.1578660011291504
Völklingen,Saarland,40952,2005,3.693389415740967
Sankt Ingbert,Saarland,38697,2005,3.695884943008423
Vegesack,Bremen,34757,2005,3.124293088912964
Burglesum,Bremen,33000,2005,3.124293088912964
Berlin,Berlin,3426354,2006,3.1089067459106445
Hamburg,Hamburg,1973896,2006,2.9739863872528076
Munich,Bayern,1505005,2006,3.894345283508301
Köln,Nordrhein-Westfalen,1024621,2006,3.3642659187316895
Frankfurt am Main,Hessen,650000,2006,3.494819164276123
Düsseldorf,Nordrhein-Westfalen,618685,2006,3.3299179077148438
Stuttgart,Baden-Württemberg,612663,2006,3.716304302215576
Essen,Nordrhein-Westfalen,593085,2006,3.3049590587615967
Dortmund,Nordrhein-Westfalen,588462,2006,3.2534902095794678
Dresden,Sachsen,564904,2006,3.36401629447937
Bremen,Bremen,546501,2006,3.0420188903808594
Nuremberg,Bayern,515543,2006,3.6636574268341064
Hannover,Niedersachsen,515140,2006,3.1516385078430176
Leipzig,Sachsen,504971,2006,3.318770170211792
Duisburg,Nordrhein-Westfalen,504358,2006,3.2936630249023438
Wandsbek,Hamburg,411422,2006,2.9704573154449463
Hamburg-Nord,Hamburg,315514,2006,2.9739863872528076
Mannheim,Baden-Württemberg,307960,2006,3.6078271865844727
Hamburg-Mitte,Hamburg,301231,2006,2.9704573154449463
Augsburg,Bayern,301105,2006,3.871194839477539
Wiesbaden,Hessen,288850,2006,3.5235230922698975
Marienthal,Hamburg,287101,2006,2.9704573154449463
Karlsruhe,Baden-Württemberg,283799,2006,3.649939775466919
Kiel,Schleswig-Holstein,252668,2006,2.8667454719543457
Chemnitz,Sachsen,247220,2006,3.436049222946167
Braunschweig,Niedersachsen,244715,2006,3.1501779556274414
Magdeburg,Sachsen-Anhalt,244329,2006,3.1921753883361816
Halle (Saale),Sachsen-Anhalt,237865,2006,3.3129725456237793
Freiburg,Baden-Württemberg,237460,2006,3.9686903953552246
Neue Neustadt,Sachsen-Anhalt,226851,2006,3.1921753883361816
Mainz,Rheinland-Pfalz,222889,2006,3.531216621398926
Erfurt,Thüringen,218793,2006,3.4417123794555664
Lübeck,Schleswig-Holstein,212207,2006,2.926095962524414
Rostock,Mecklenburg-Vorpommern,198293,2006,2.897238254547119
Kassel,Hessen,197230,2006,3.336991548538208
Potsdam,Brandenburg,184754,2006,3.1434497833251953
Saarbrücken,Saarland,182971,2006,3.6753504276275635
Darmstadt,Hessen,167029,2006,3.538123369216919
Osnabrück,Niedersachsen,166462,2006,3.159759044647217
Neukölln,Berlin,164636,2006,3.143627643585205
Ludwigshafen am Rhein,Rheinland-Pfalz,163196,2006,3.6078271865844727
Oldenburg,Niedersachsen,159218,2006,3.055619239807129
Kreuzberg,Berlin,153135,2006,3.143627643585205
Regensburg,Bayern,151389,2006,3.73038649559021
Prenzlauer Berg,Berlin,148878,2006,3.1089067459106445
Heidelberg,Baden-Württemberg,143345,2006,3.6165781021118164
Würzburg,Bayern,133731,2006,3.579498529434204
Charlottenburg,Berlin,129359,2006,3.1089067459106445
Wolfsburg,Niedersachsen,123064,2006,3.1507341861724854
Offenbach,Hessen,119192,2006,3.4922521114349365
Bremerhaven,Bremen,118610,2006,2.973471164703369
Koblenz,Rheinland-Pfalz,107319,2006,3.4692904949188232
Jena,Thüringen,104712,2006,3.430421829223633
Gera,Thüringen,104659,2006,3.4272167682647705
Trier,Rheinland-Pfalz,100129,2006,3.5637423992156982
Zwickau,Sachsen,98796,2006,3.4940576553344727
Kaiserslautern,Rheinland-Pfalz,98732,2006,3.653172492980957
Schwerin,Mecklenburg-Vorpommern,96641,2006,2.9773449897766113
Flensburg,Schleswig-Holstein,85838,2006,2.798964500427246
Cottbus,Brandenburg,84754,2006,3.232487678527832
Norderstedt,Schleswig-Holstein,82844,2006,2.9739863872528076
Neumünster,Schleswig-Holstein,80196,2006,2.8971974849700928
Neubrandenburg,Mecklenburg-Vorpommern,68082,2006,2.9725425243377686
Dessau,Sachsen-Anhalt,67747,2006,3.2332217693328857
Plauen,Sachsen,66412,2006,3.5505287647247314
Weimar,Thüringen,64727,2006,3.4418821334838867
Brandenburg an der Havel,Brandenburg,59826,2006,3.1499643325805664
Stralsund,Mecklenburg-Vorpommern,58976,2006,2.867112159729004
Frankfurt (Oder),Brandenburg,57107,2006,3.1319236755371094
Universitäts- und Hansestadt Greifswald,Mecklenburg-Vorpommern,52731,2006,2.8935341835021973
Neunkirchen,Saarland,49843,2006,3.6404550075531006
Gotha,Thüringen,46615,2006,3.447662830352783
Homburg,Saarland,44607,2006,3.6384711265563965
Halle-Neustadt,Sachsen-Anhalt,44515,2006,3.3129725456237793
Eberswalde,Brandenburg,41980,2006,3.077512264251709
Völklingen,Saarland,40952,2006,3.637035846710205
Sankt Ingbert,Saarland,38697,2006,3.6404550075531006
Vegesack,Bremen,34757,2006,3.042550802230835
Burglesum,Bremen,33000,2006,3.042550802230835
Berlin,Berlin,3426354,2007,3.184199810028076
Hamburg,Hamburg,1973896,2007,3.049375295639038
Munich,Bayern,1505005,2007,3.9388163089752197
Köln,Nordrhein-Westfalen,1024621,2007,3.435296058654785
Frankfurt am Main,Hessen,650000,2007,3.5557589530944824
Düsseldorf,Nordrhein-Westfalen,618685,2007,3.404024600982666
Stuttgart,Baden-Württemberg,612663,2007,3.756312131881714
Essen,Nordrhein-Westfalen,593085,2007,3.382328987121582
Dortmund,Nordrhein-Westfalen,588462,2007,3.3319945335388184
Dresden,Sachsen,564904,2007,3.428931713104248
Bremen,Bremen,546501,2007,3.1165945529937744
Nuremberg,Bayern,515543,2007,3.7146737575531006
Hannover,Niedersachsen,515140,2007,3.2293012142181396
Leipzig,Sachsen,504971,2007,3.390018939971924
Duisburg,Nordrhein-Westfalen,504358,2007,3.3692028522491455
Wandsbek,Hamburg,411422,2007,3.0466408729553223
Hamburg-Nord,Hamburg,315514,2007,3.049375295639038
Mannheim,Baden-Württemberg,307960,2007,3.651301383972168
Hamburg-Mitte,Hamburg,301231,2007,3.0466408729553223
Augsburg,Bayern,301105,2007,3.9193480014801025
Wiesbaden,Hessen,288850,2007,3.5858659744262695
Marienthal,Hamburg,287101,2007,3.0466408729553223
Karlsruhe,Baden-Württemberg,283799,2007,3.6883180141448975
Kiel,Schleswig-Holstein,252668,2007,2.9458985328674316
Chemnitz,Sachsen,247220,2007,3.500473976135254
Braunschweig,Niedersachsen,244715,2007,3.2306056022644043
Magdeburg,Sachsen-Anhalt,244329,2007,3.2742576599121094
Halle (Saale),Sachsen-Anhalt,237865,2007,3.3864245414733887
Freiburg,Baden-Württemberg,237460,2007,3.999569892883301
Neue Neustadt,Sachsen-Anhalt,226851,2007,3.2742576599121094
Mainz,Rheinland-Pfalz,222889,2007,3.5869646072387695
Erfurt,Thüringen,218793,2007,3.5104846954345703
Lübeck,Schleswig-Holstein,212207,2007,3.003607988357544
Rostock,Mecklenburg-Vorpommern,198293,2007,2.9780220985412598
Kassel,Hessen,197230,2007,3.411630153656006
Potsdam,Brandenburg,184754,2007,3.2187178134918213
Saarbrücken,Saarland,182971,2007,3.7151808738708496
Darmstadt,Hessen,167029,2007,3.5937888622283936
Osnabrück,Niedersachsen,166462,2007,3.23697829246521
Neukölln,Berlin,164636,2007,3.2179012298583984
Ludwigshafen am Rhein,Rheinland-Pfalz,163196,2007,3.651301383972168
Oldenburg,Niedersachsen,159218,2007,3.1294054985046387
Kreuzberg,Berlin,153135,2007,3.2179012298583984
Regensburg,Bayern,151389,2007,3.7829997539520264
Prenzlauer Berg,Berlin,148878,2007,3.184199810028076
Heidelberg,Baden-Württemberg,143345,2007,3.6603424549102783
Würzburg,Bayern,133731,2007,3.6344685554504395
Charlottenburg,Berlin,129359,2007,3.184199810028076
Wolfsburg,Niedersachsen,123064,2007,3.2321395874023438
Offenbach,Hessen,119192,2007,3.552684783935547
Bremerhaven,Bremen,118610,2007,3.0449559688568115
Koblenz,Rheinland-Pfalz,107319,2007,3.5362000465393066
Jena,Thüringen,104712,2007,3.497652292251587
Gera,Thüringen,104659,2007,3.49332594871521
Trier,Rheinland-Pfalz,100129,2007,3.612556219100952
Zwickau,Sachsen,98796,2007,3.5559723377227783
Kaiserslautern,Rheinland-Pfalz,98732,2007,3.6978657245635986
Schwerin,Mecklenburg-Vorpommern,96641,2007,3.0561890602111816
Flensburg,Schleswig-Holstein,85838,2007,2.8758928775787354
Cottbus,Brandenburg,84754,2007,3.2997398376464844
Norderstedt,Schleswig-Holstein,82844,2007,3.049375295639038
Neumünster,Schleswig-Holstein,80196,2007,2.9720656871795654
Neubrandenburg,Mecklenburg-Vorpommern,68082,2007,3.0494353771209717
Dessau,Sachsen-Anhalt,67747,2007,3.3121695518493652
Plauen,Sachsen,66412,2007,3.6101205348968506
Weimar,Thüringen,64727,2007,3.509936809539795
Brandenburg an der Havel,Brandenburg,59826,2007,3.226764440536499
Stralsund,Mecklenburg-Vorpommern,58976,2007,2.9445645809173584
Frankfurt (Oder),Brandenburg,57107,2007,3.199430227279663
Universitäts- und Hansestadt Greifswald,Mecklenburg-Vorpommern,52731,2007,2.9702000617980957
Neunkirchen,Saarland,49843,2007,3.685134172439575
Gotha,Thüringen,46615,2007,3.517446279525757
Homburg,Saarland,44607,2007,3.6828877925872803
Halle-Neustadt,Sachsen-Anhalt,44515,2007,3.3864245414733887
Eberswalde,Brandenburg,41980,2007,3.151715040206909
Völklingen,Saarland,40952,2007,3.680638074874878
Sankt Ingbert,Saarland,38697,2007,3.685134172439575
Vegesack,Bremen,34757,2007,3.1159586906433105
Burglesum,Bremen,33000,2007,3.1159586906433105
Berlin,Berlin,3426354,2008,3.1723031997680664
Hamburg,Hamburg,1973896,2008,3.0311286449432373
Munich,Bayern,1505005,2008,3.9804041385650635
Köln,Nordrhein-Westfalen,1024621,2008,3.426161050796509
Frankfurt am Main,Hessen,650000,2008,3.5574750900268555
Düsseldorf,Nordrhein-Westfalen,618685,2008,3.39097261428833
Stuttgart,Baden-Württemberg,612663,2008,3.7844972610473633
Essen,Nordrhein-Westfalen,593085,2008,3.3659234046936035
Dortmund,Nordrhein-Westfalen,588462,2008,3.3137786388397217
Dresden,Sachsen,564904,2008,3.4352681636810303
Bremen,Bremen,546501,2008,3.1017706394195557
Nuremberg,Bayern,515543,2008,3.7369537353515625
Hannover,Niedersachsen,515140,2008,3.2219972610473633
Leipzig,Sachsen,504971,2008,3.387106418609619
Duisburg,Nordrhein-Westfalen,504358,2008,3.353529691696167
Wandsbek,Hamburg,411422,2008,3.029590129852295
Hamburg-Nord,Hamburg,315514,2008,3.0311286449432373
Mannheim,Baden-Württemberg,307960,2008,3.6714179515838623
Hamburg-Mitte,Hamburg,301231,2008,3.029590129852295
Augsburg,Bayern,301105,2008,3.9595463275909424
Wiesbaden,Hessen,288850,2008,3.5875985622406006
Marienthal,Hamburg,287101,2008,3.029590129852295
Karlsruhe,Baden-Württemberg,283799,2008,3.7146177291870117
Kiel,Schleswig-Holstein,252668,2008,2.914680242538452
Chemnitz,Sachsen,247220,2008,3.5078415870666504
Braunschweig,Niedersachsen,244715,2008,3.224478006362915
Magdeburg,Sachsen-Anhalt,244329,2008,3.265787124633789
Halle (Saale),Sachsen-Anhalt,237865,2008,3.3819806575775146
Freiburg,Baden-Württemberg,237460,2008,4.051617622375488
Neue Neustadt,Sachsen-Anhalt,226851,2008,3.265787124633789
Mainz,Rheinland-Pfalz,222889,2008,3.594674825668335
Erfurt,Thüringen,218793,2008,3.513483762741089
Lübeck,Schleswig-Holstein,212207,2008,2.9803032875061035
Rostock,Mecklenburg-Vorpommern,198293,2008,2.944535493850708
Kassel,Hessen,197230,2008,3.4083333015441895
Potsdam,Brandenburg,184754,2008,3.2078933715820312
Saarbrücken,Saarland,182971,2008,3.7453932762145996
Darmstadt,Hessen,167029,2008,3.6010901927948
Osnabrück,Niedersachsen,166462,2008,3.2214834690093994
Neukölln,Berlin,164636,2008,3.2076256275177
Ludwigshafen am Rhein,Rheinland-Pfalz,163196,2008,3.6714179515838623
Oldenburg,Niedersachsen,159218,2008,3.10837984085083
Kreuzberg,Berlin,153135,2008,3.2076256275177
Regensburg,Bayern,151389,2008,3.812652826309204
Prenzlauer Berg,Berlin,148878,2008,3.1723031997680664
Heidelberg,Baden-Württemberg,143345,2008,3.679582118988037
Würzburg,Bayern,133731,2008,3.645388126373291
Charlottenburg,Berlin,129359,2008,3.1723031997680664
Wolfsburg,Niedersachsen,123064,2008,3.225707769393921
Offenbach,Hessen,119192,2008,3.5540573596954346
Bremerhaven,Bremen,118610,2008,3.021024703979492
Koblenz,Rheinland-Pfalz,107319,2008,3.533830404281616
Jena,Thüringen,104712,2008,3.500803232192993
Gera,Thüringen,104659,2008,3.4983251094818115
Trier,Rheinland-Pfalz,100129,2008,3.6294808387756348
Zwickau,Sachsen,98796,2008,3.566972494125366
Kaiserslautern,Rheinland-Pfalz,98732,2008,3.719524383544922
Schwerin,Mecklenburg-Vorpommern,96641,2008,3.036693811416626
Flensburg,Schleswig-Holstein,85838,2008,2.836076498031616
Cottbus,Brandenburg,84754,2008,3.2978389263153076
Norderstedt,Schleswig-Holstein,82844,2008,3.0311286449432373
Neumünster,Schleswig-Holstein,80196,2008,2.9454426765441895
Neubrandenburg,Mecklenburg-Vorpommern,68082,2008,3.0254807472229004
Dessau,Sachsen-Anhalt,67747,2008,3.302548885345459
Plauen,Sachsen,66412,2008,3.625133991241455
Weimar,Thüringen,64727,2008,3.5127813816070557
Brandenburg an der Havel,Brandenburg,59826,2008,3.2158143520355225
Stralsund,Mecklenburg-Vorpommern,58976,2008,2.907426118850708
Frankfurt (Oder),Brandenburg,57107,2008,3.189049243927002
Universitäts- und Hansestadt Greifswald,Mecklenburg-Vorpommern,52731,2008,2.9366421699523926
Neunkirchen,Saarland,49843,2008,3.709240436553955
Gotha,Thüringen,46615,2008,3.520385503768921
Homburg,Saarland,44607,2008,3.7060272693634033
Halle-Neustadt,Sachsen-Anhalt,44515,2008,3.3819806575775146
Eberswalde,Brandenburg,41980,2008,3.1388742923736572
Völklingen,Saarland,40952,2008,3.7060766220092773
Sankt Ingbert,Saarland,38697,2008,3.709240436553955
Vegesack,Bremen,34757,2008,3.096677780151367
Burglesum,Bremen,33000,2008,3.096677780151367
Berlin,Berlin,3426354,2009,3.1822054386138916
Hamburg,Hamburg,1973896,2009,3.038484811782837
Munich,Bayern,1505005,2009,3.9637012481689453
Köln,Nordrhein-Westfalen,1024621,2009,3.4332218170166016
Frankfurt am Main,Hessen,650000,2009,3.558641195297241
Düsseldorf,Nordrhein-Westfalen,618685,2009,3.398087739944458
Stuttgart,Baden-Württemberg,612663,2009,3.776249408721924
Essen,Nordrhein-Westfalen,593085,2009,3.3712522983551025
Dortmund,Nordrhein-Westfalen,588462,2009,3.317416191101074
Dresden,Sachsen,564904,2009,3.4413371086120605
Bremen,Bremen,546501,2009,3.1069865226745605
Nuremberg,Bayern,515543,2009,3.732914924621582
Hannover,Niedersachsen,515140,2009,3.2226548194885254
Leipzig,Sachsen,504971,2009,3.3915340900421143
Duisburg,Nordrhein-Westfalen,504358,2009,3.3593783378601074
Wandsbek,Hamburg,411422,2009,3.03617262840271
Hamburg-Nord,Hamburg,315514,2009,3.038484811782837
Mannheim,Baden-Württemberg,307960,2009,3.666482448577881
Hamburg-Mitte,Hamburg,301231,2009,3.03617262840271
Augsburg,Bayern,301105,2009,3.9369375705718994
Wiesbaden,Hessen,288850,2009,3.5877671241760254
Marienthal,Hamburg,287101,2009,3.03617262840271
Karlsruhe,Baden-Württemberg,283799,2009,3.707953691482544
Kiel,Schleswig-Holstein,252668,2009,2.929737091064453
Chemnitz,Sachsen,247220,2009,3.5111098289489746
Braunschweig,Niedersachsen,244715,2009,3.227501153945923
Magdeburg,Sachsen-Anhalt,244329,2009,3.2675833702087402
Halle (Saale),Sachsen-Anhalt,237865,2009,3.3861119747161865
Freiburg,Baden-Württemberg,237460,2009,4.032594680786133
Neue Neustadt,Sachsen-Anhalt,226851,2009,3.2675833702087402
Mainz,Rheinland-Pfalz,222889,2009,3.5935616493225098
Erfurt,Thüringen,218793,2009,3.515841007232666
Lübeck,Schleswig-Holstein,212207,2009,2.9930248260498047
Rostock,Mecklenburg-Vorpommern,198293,2009,2.968337059020996
Kassel,Hessen,197230,2009,3.407862901687622
Potsdam,Brandenburg,184754,2009,3.2151944637298584
Saarbrücken,Saarland,182971,2009,3.7377588748931885
Darmstadt,Hessen,167029,2009,3.6003260612487793
Osnabrück,Niedersachsen,166462,2009,3.2216849327087402
Neukölln,Berlin,164636,2009,3.2162137031555176
Ludwigshafen am Rhein,Rheinland-Pfalz,163196,2009,3.666482448577881
Oldenburg,Niedersachsen,159218,2009,3.112624406814575
Kreuzberg,Berlin,153135,2009,3.2162137031555176
Regensburg,Bayern,151389,2009,3.8052356243133545
Prenzlauer Berg,Berlin,148878,2009,3.1822054386138916
Heidelberg,Baden-Württemberg,143345,2009,3.675158977508545
Würzburg,Bayern,133731,2009,3.6417999267578125
Charlottenburg,Berlin,129359,2009,3.1822054386138916
Wolfsburg,Niedersachsen,123064,2009,3.2291672229766846
Offenbach,Hessen,119192,2009,3.5556492805480957
Bremerhaven,Bremen,118610,2009,3.033402442932129
Koblenz,Rheinland-Pfalz,107319,2009,3.5358245372772217
Jena,Thüringen,104712,2009,3.503622055053711
Gera,Thüringen,104659,2009,3.500701665878296
Trier,Rheinland-Pfalz,100129,2009,3.630101442337036
Zwickau,Sachsen,98796,2009,3.568333864212036
Kaiserslautern,Rheinland-Pfalz,98732,2009,3.7139534950256348
Schwerin,Mecklenburg-Vorpommern,96641,2009,3.0506327152252197
Flensburg,Schleswig-Holstein,85838,2009,2.857487440109253
Cottbus,Brandenburg,84754,2009,3.3075616359710693
Norderstedt,Schleswig-Holstein,82844,2009,3.038484811782837
Neumünster,Schleswig-Holstein,80196,2009,2.9580819606781006
Neubrandenburg,Mecklenburg-Vorpommern,68082,2009,3.045835494995117
Dessau,Sachsen-Anhalt,67747,2009,3.3054165840148926
Plauen,Sachsen,66412,2009,3.6255290508270264
Weimar,Thüringen,64727,2009,3.515580892562866
Brandenburg an der Havel,Brandenburg,59826,2009,3.2198081016540527
Stralsund,Mecklenburg-Vorpommern,58976,2009,2.9347262382507324
Frankfurt (Oder),Brandenburg,57107,2009,3.206547975540161
Universitäts- und Hansestadt Greifswald,Mecklenburg-Vorpommern,52731,2009,2.964123249053955
Neunkirchen,Saarland,49843,2009,3.7044737339019775
Gotha,Thüringen,46615,2009,3.521235466003418
Homburg,Saarland,44607,2009,3.7012956142425537
Halle-Neustadt,Sachsen-Anhalt,44515,2009,3.3861119747161865
Eberswalde,Brandenburg,41980,2009,3.1536386013031006
Völklingen,Saarland,40952,2009,3.7012903690338135
Sankt Ingbert,Saarland,38697,2009,3.7044737339019775
Vegesack,Bremen,34757,2009,3.105438232421875
Burglesum,Bremen,33000,2009,3.105438232421875
Berlin,Berlin,3426354,2010,3.0163426399230957
Hamburg,Hamburg,1973896,2010,2.8761260509490967
Munich,Bayern,1505005,2010,3.7419755458831787
Köln,Nordrhein-Westfalen,1024621,2010,3.2325289249420166
Frankfurt am Main,Hessen,650000,2010,3.348778009414673
Düsseldorf,Nordrhein-Westfalen,618685,2010,3.201476812362671
Stuttgart,Baden-Württemberg,612663,2010,3.5596632957458496
Essen,Nordrhein-Westfalen,593085,2010,3.178197145462036
Dortmund,Nordrhein-Westfalen,588462,2010,3.128627300262451
Dresden,Sachsen,564904,2010,3.2639782428741455
Bremen,Bremen,546501,2010,2.9332821369171143
Nuremberg,Bayern,515543,2010,3.525761842727661
Hannover,Niedersachsen,515140,2010,3.0411834716796875
Leipzig,Sachsen,504971,2010,3.2154879570007324
Duisburg,Nordrhein-Westfalen,504358,2010,3.1679258346557617
Wandsbek,Hamburg,411422,2010,2.874701738357544
Hamburg-Nord,Hamburg,315514,2010,2.8761260509490967
Mannheim,Baden-Württemberg,307960,2010,3.4508821964263916
Hamburg-Mitte,Hamburg,301231,2010,2.874701738357544
Augsburg,Bayern,301105,2010,3.7189781665802
Wiesbaden,Hessen,288850,2010,3.377044200897217
Marienthal,Hamburg,287101,2010,2.874701738357544
Karlsruhe,Baden-Württemberg,283799,2010,3.4906795024871826
Kiel,Schleswig-Holstein,252668,2010,2.7780959606170654
Chemnitz,Sachsen,247220,2010,3.3288934230804443
Braunschweig,Niedersachsen,244715,2010,3.0476491451263428
Magdeburg,Sachsen-Anhalt,244329,2010,3.094170093536377
Halle (Saale),Sachsen-Anhalt,237865,2010,3.2085368633270264
Freiburg,Baden-Württemberg,237460,2010,3.793386220932007
Neue Neustadt,Sachsen-Anhalt,226851,2010,3.094170093536377
Mainz,Rheinland-Pfalz,222889,2010,3.381361722946167
Erfurt,Thüringen,218793,2010,3.3252246379852295
Lübeck,Schleswig-Holstein,212207,2010,2.8348629474639893
Rostock,Mecklenburg-Vorpommern,198293,2010,2.8119122982025146
Kassel,Hessen,197230,2010,3.214728593826294
Potsdam,Brandenburg,184754,2010,3.0489261150360107
Saarbrücken,Saarland,182971,2010,3.516840934753418
Darmstadt,Hessen,167029,2010,3.3879668712615967
Osnabrück,Niedersachsen,166462,2010,3.03963303565979
Neukölln,Berlin,164636,2010,3.0492382049560547
Ludwigshafen am Rhein,Rheinland-Pfalz,163196,2010,3.4508821964263916
Oldenburg,Niedersachsen,159218,2010,2.9412877559661865
Kreuzberg,Berlin,153135,2010,3.0492382049560547
Regensburg,Bayern,151389,2010,3.596273899078369
Prenzlauer Berg,Berlin,148878,2010,3.0163426399230957
Heidelberg,Baden-Württemberg,143345,2010,3.459416389465332
Würzburg,Bayern,133731,2010,3.4357969760894775
Charlottenburg,Berlin,129359,2010,3.0163426399230957
Wolfsburg,Niedersachsen,123064,2010,3.0504684448242188
Offenbach,Hessen,119192,2010,3.3467044830322266
Bremerhaven,Bremen,118610,2010,2.8658711910247803
Koblenz,Rheinland-Pfalz,107319,2010,3.328956127166748
Jena,Thüringen,104712,2010,3.3175179958343506
Gera,Thüringen,104659,2010,3.317808151245117
Trier,Rheinland-Pfalz,100129,2010,3.4146385192871094
Zwickau,Sachsen,98796,2010,3.380676746368408
Kaiserslautern,Rheinland-Pfalz,98732,2010,3.4954302310943604
Schwerin,Mecklenburg-Vorpommern,96641,2010,2.886528730392456
Flensburg,Schleswig-Holstein,85838,2010,2.707117795944214
Cottbus,Brandenburg,84754,2010,3.1386659145355225
Norderstedt,Schleswig-Holstein,82844,2010,2.8761260509490967
Neumünster,Schleswig-Holstein,80196,2010,2.8025588989257812
Neubrandenburg,Mecklenburg-Vorpommern,68082,2010,2.886293411254883
Dessau,Sachsen-Anhalt,67747,2010,3.134411096572876
Plauen,Sachsen,66412,2010,3.4324135780334473
Weimar,Thüringen,64727,2010,3.3268768787384033
Brandenburg an der Havel,Brandenburg,59826,2010,3.0542547702789307
Stralsund,Mecklenburg-Vorpommern,58976,2010,2.7817013263702393
Frankfurt (Oder),Brandenburg,57107,2010,3.0414795875549316
Universitäts- und Hansestadt Greifswald,Mecklenburg-Vorpommern,52731,2010,2.8084657192230225
Neunkirchen,Saarland,49843,2010,3.4852161407470703
Gotha,Thüringen,46615,2010,3.3278849124908447
Homburg,Saarland,44607,2010,3.482602834701538
Halle-Neustadt,Sachsen-Anhalt,44515,2010,3.2085368633270264
Eberswalde,Brandenburg,41980,2010,2.987246513366699
Völklingen,Saarland,40952,2010,3.482421875
Sankt Ingbert,Saarland,38697,2010,3.4852161407470703
Vegesack,Bremen,34757,2010,2.9317970275878906
Burglesum,Bremen,33000,2010,2.9317970275878906
Berlin,Berlin,3426354,2011,3.2839536666870117
Hamburg,Hamburg,1973896,2011,3.1198108196258545
Munich,Bayern,1505005,2011,4.096076965332031
Köln,Nordrhein-Westfalen,1024621,2011,3.499953508377075
Frankfurt am Main,Hessen,650000,2011,3.640794515609741
Düsseldorf,Nordrhein-Westfalen,618685,2011,3.4655396938323975
Stuttgart,Baden-Württemberg,612663,2011,3.876953125
Essen,Nordrhein-Westfalen,593085,2011,3.44252872467041
Dortmund,Nordrhein-Westfalen,588462,2011,3.3910162448883057
Dresden,Sachsen,564904,2011,3.559819221496582
Bremen,Bremen,546501,2011,3.182262897491455
Nuremberg,Bayern,515543,2011,3.85302734375
Hannover,Niedersachsen,515140,2011,3.312948226928711
Leipzig,Sachsen,504971,2011,3.5070574283599854
Duisburg,Nordrhein-Westfalen,504358,2011,3.4290714263916016
Wandsbek,Hamburg,411422,2011,3.119044065475464
Hamburg-Nord,Hamburg,315514,2011,3.1198108196258545
Mannheim,Baden-Württemberg,307960,2011,3.7516932487487793
Hamburg-Mitte,Hamburg,301231,2011,3.119044065475464
Augsburg,Bayern,301105,2011,4.070296287536621
Wiesbaden,Hessen,288850,2011,3.667876720428467
Marienthal,Hamburg,287101,2011,3.119044065475464
Karlsruhe,Baden-Württemberg,283799,2011,3.7952656745910645
Kiel,Schleswig-Holstein,252668,2011,3.0033750534057617
Chemnitz,Sachsen,247220,2011,3.632874011993408
Braunschweig,Niedersachsen,244715,2011,3.3223257064819336
Magdeburg,Sachsen-Anhalt,244329,2011,3.37304949760437
Halle (Saale),Sachsen-Anhalt,237865,2011,3.500216007232666
Freiburg,Baden-Württemberg,237460,2011,4.134788990020752
Neue Neustadt,Sachsen-Anhalt,226851,2011,3.37304949760437
Mainz,Rheinland-Pfalz,222889,2011,3.675260305404663
Erfurt,Thüringen,218793,2011,3.632807731628418
Lübeck,Schleswig-Holstein,212207,2011,3.07513165473938
Rostock,Mecklenburg-Vorpommern,198293,2011,3.0493478775024414
Kassel,Hessen,197230,2011,3.504605531692505
Potsdam,Brandenburg,184754,2011,3.3210248947143555
Saarbrücken,Saarland,182971,2011,3.8186957836151123
Darmstadt,Hessen,167029,2011,3.684095859527588
Osnabrück,Niedersachsen,166462,2011,3.29817271232605
Neukölln,Berlin,164636,2011,3.320643901824951
Ludwigshafen am Rhein,Rheinland-Pfalz,163196,2011,3.7516932487487793
Oldenburg,Niedersachsen,159218,2011,3.1859288215637207
Kreuzberg,Berlin,153135,2011,3.320643901824951
Regensburg,Bayern,151389,2011,3.9266629219055176
Prenzlauer Berg,Berlin,148878,2011,3.2839536666870117
Heidelberg,Baden-Württemberg,143345,2011,3.762950897216797
Würzburg,Bayern,133731,2011,3.745555877685547
Charlottenburg,Berlin,129359,2011,3.2839536666870117
Wolfsburg,Niedersachsen,123064,2011,3.3255043029785156
Offenbach,Hessen,119192,2011,3.6400766372680664
Bremerhaven,Bremen,118610,2011,3.1016769409179688
Koblenz,Rheinland-Pfalz,107319,2011,3.610506772994995
Jena,Thüringen,104712,2011,3.6225810050964355
Gera,Thüringen,104659,2011,3.620405435562134
Trier,Rheinland-Pfalz,100129,2011,3.7023725509643555
Zwickau,Sachsen,98796,2011,3.6890220642089844
Kaiserslautern,Rheinland-Pfalz,98732,2011,3.7963478565216064
Schwerin,Mecklenburg-Vorpommern,96641,2011,3.1369669437408447
Flensburg,Schleswig-Holstein,85838,2011,2.9217536449432373
Cottbus,Brandenburg,84754,2011,3.4142658710479736
Norderstedt,Schleswig-Holstein,82844,2011,3.1198108196258545
Neumünster,Schleswig-Holstein,80196,2011,3.032547950744629
Neubrandenburg,Mecklenburg-Vorpommern,68082,2011,3.1345205307006836
Dessau,Sachsen-Anhalt,67747,2011,3.4156577587127686
Plauen,Sachsen,66412,2011,3.744871139526367
Weimar,Thüringen,64727,2011,3.634019136428833
Brandenburg an der Havel,Brandenburg,59826,2011,3.3267123699188232
Stralsund,Mecklenburg-Vorpommern,58976,2011,3.0140328407287598
Frankfurt (Oder),Brandenburg,57107,2011,3.3042821884155273
Universitäts- und Hansestadt Greifswald,Mecklenburg-Vorpommern,52731,2011,3.0454957485198975
Neunkirchen,Saarland,49843,2011,3.7833971977233887
Gotha,Thüringen,46615,2011,3.633890390396118
Homburg,Saarland,44607,2011,3.7809865474700928
Halle-Neustadt,Sachsen-Anhalt,44515,2011,3.500216007232666
Eberswalde,Brandenburg,41980,2011,3.249440908432007
Völklingen,Saarland,40952,2011,3.7795262336730957
Sankt Ingbert,Saarland,38697,2011,3.7833971977233887
Vegesack,Bremen,34757,2011,3.1787149906158447
Burglesum,Bremen,33000,2011,3.1787149906158447
Berlin,Berlin,3426354,2012,3.234797477722168
Hamburg,Hamburg,1973896,2012,3.0779449939727783
Munich,Bayern,1505005,2012,4.048854827880859
Köln,Nordrhein-Westfalen,1024621,2012,3.4651126861572266
Frankfurt am Main,Hessen,650000,2012,3.607654571533203
Düsseldorf,Nordrhein-Westfalen,618685,2012,3.4286139011383057
Stuttgart,Baden-Württemberg,612663,2012,3.8389782905578613
Essen,Nordrhein-Westfalen,593085,2012,3.4047231674194336
Dortmund,Nordrhein-Westfalen,588462,2012,3.3525233268737793
Dresden,Sachsen,564904,2012,3.5186984539031982
Bremen,Bremen,546501,2012,3.1400768756866455
Nuremberg,Bayern,515543,2012,3.8103067874908447
Hannover,Niedersachsen,515140,2012,3.271479368209839
Leipzig,Sachsen,504971,2012,3.4649641513824463
Duisburg,Nordrhein-Westfalen,504358,2012,3.3897619247436523
Wandsbek,Hamburg,411422,2012,3.0771644115448
Hamburg-Nord,Hamburg,315514,2012,3.0779449939727783
Mannheim,Baden-Württemberg,307960,2012,3.7208545207977295
Hamburg-Mitte,Hamburg,301231,2012,3.0771644115448
Augsburg,Bayern,301105,2012,4.023060321807861
Wiesbaden,Hessen,288850,2012,3.6350793838500977
Marienthal,Hamburg,287101,2012,3.0771644115448
Karlsruhe,Baden-Württemberg,283799,2012,3.7640628814697266
Kiel,Schleswig-Holstein,252668,2012,2.956482172012329
Chemnitz,Sachsen,247220,2012,3.593323230743408
Braunschweig,Niedersachsen,244715,2012,3.280632972717285
Magdeburg,Sachsen-Anhalt,244329,2012,3.3288795948028564
Halle (Saale),Sachsen-Anhalt,237865,2012,3.457336902618408
Freiburg,Baden-Württemberg,237460,2012,4.091038227081299
Neue Neustadt,Sachsen-Anhalt,226851,2012,3.3288795948028564
Mainz,Rheinland-Pfalz,222889,2012,3.643263101577759
Erfurt,Thüringen,218793,2012,3.5876412391662598
Lübeck,Schleswig-Holstein,212207,2012,3.0285229682922363
Rostock,Mecklenburg-Vorpommern,198293,2012,2.9957616329193115
Kassel,Hessen,197230,2012,3.4643313884735107
Potsdam,Brandenburg,184754,2012,3.273449182510376
Saarbrücken,Saarland,182971,2012,3.7909011840820312
Darmstadt,Hessen,167029,2012,3.6514463424682617
Osnabrück,Niedersachsen,166462,2012,3.2587807178497314
Neukölln,Berlin,164636,2012,3.273052215576172
Ludwigshafen am Rhein,Rheinland-Pfalz,163196,2012,3.7208545207977295
Oldenburg,Niedersachsen,159218,2012,3.1407480239868164
Kreuzberg,Berlin,153135,2012,3.273052215576172
Regensburg,Bayern,151389,2012,3.8888163566589355
Prenzlauer Berg,Berlin,148878,2012,3.234797477722168
Heidelberg,Baden-Württemberg,143345,2012,3.730668306350708
Würzburg,Bayern,133731,2012,3.710148334503174
Charlottenburg,Berlin,129359,2012,3.234797477722168
Wolfsburg,Niedersachsen,123064,2012,3.28397798538208
Offenbach,Hessen,119192,2012,3.6063179969787598
Bremerhaven,Bremen,118610,2012,3.0562193393707275
Koblenz,Rheinland-Pfalz,107319,2012,3.578890085220337
Jena,Thüringen,104712,2012,3.579479455947876
Gera,Thüringen,104659,2012,3.5801753997802734
Trier,Rheinland-Pfalz,100129,2012,3.6713643074035645
Zwickau,Sachsen,98796,2012,3.650202751159668
Kaiserslautern,Rheinland-Pfalz,98732,2012,3.767460346221924
Schwerin,Mecklenburg-Vorpommern,96641,2012,3.0897862911224365
Flensburg,Schleswig-Holstein,85838,2012,2.869224786758423
Cottbus,Brandenburg,84754,2012,3.372558832168579
Norderstedt,Schleswig-Holstein,82844,2012,3.0779449939727783
Neumünster,Schleswig-Holstein,80196,2012,2.9882631301879883
Neubrandenburg,Mecklenburg-Vorpommern,68082,2012,3.0807945728302
Dessau,Sachsen-Anhalt,67747,2012,3.3729262351989746
Plauen,Sachsen,66412,2012,3.7070846557617188
Weimar,Thüringen,64727,2012,3.589449167251587
Brandenburg an der Havel,Brandenburg,59826,2012,3.280548095703125
Stralsund,Mecklenburg-Vorpommern,58976,2012,2.9579756259918213
Frankfurt (Oder),Brandenburg,57107,2012,3.2618305683135986
Universitäts- und Hansestadt Greifswald,Mecklenburg-Vorpommern,52731,2012,2.9897122383117676
Neunkirchen,Saarland,49843,2012,3.755331516265869
Gotha,Thüringen,46615,2012,3.5892605781555176
Homburg,Saarland,44607,2012,3.752835273742676
Halle-Neustadt,Sachsen-Anhalt,44515,2012,3.457336902618408
Eberswalde,Brandenburg,41980,2012,3.1995725631713867
Völklingen,Saarland,40952,2012,3.750818967819214
Sankt Ingbert,Saarland,38697,2012,3.755331516265869
Vegesack,Bremen,34757,2012,3.134720802307129
Burglesum,Bremen,33000,2012,3.134720802307129
Berlin,Berlin,3426354,2013,3.127246379852295
Hamburg,Hamburg,1973896,2013,2.9748194217681885
Munich,Bayern,1505005,2013,3.840988874435425
Köln,Nordrhein-Westfalen,1024621,2013,3.332545280456543
Frankfurt am Main,Hessen,650000,2013,3.450745105743408
Düsseldorf,Nordrhein-Westfalen,618685,2013,3.303010940551758
Stuttgart,Baden-Württemberg,612663,2013,3.6595451831817627
Essen,Nordrhein-Westfalen,593085,2013,3.283008575439453
Dortmund,Nordrhein-Westfalen,588462,2013,3.2375314235687256
Dresden,Sachsen,564904,2013,3.367246389389038
Bremen,Bremen,546501,2013,3.0432028770446777
Nuremberg,Bayern,515543,2013,3.6330766677856445
Hannover,Niedersachsen,515140,2013,3.1545369625091553
Leipzig,Sachsen,504971,2013,3.3243725299835205
Duisburg,Nordrhein-Westfalen,504358,2013,3.270230293273926
Wandsbek,Hamburg,411422,2013,2.973567247390747
Hamburg-Nord,Hamburg,315514,2013,2.9748194217681885
Mannheim,Baden-Württemberg,307960,2013,3.5483450889587402
Hamburg-Mitte,Hamburg,301231,2013,2.973567247390747
Augsburg,Bayern,301105,2013,3.824232816696167
Wiesbaden,Hessen,288850,2013,3.477487564086914
Marienthal,Hamburg,287101,2013,2.973567247390747
Karlsruhe,Baden-Württemberg,283799,2013,3.5869672298431396
Kiel,Schleswig-Holstein,252668,2013,2.8656933307647705
Chemnitz,Sachsen,247220,2013,3.4352738857269287
Braunschweig,Niedersachsen,244715,2013,3.1614439487457275
Magdeburg,Sachsen-Anhalt,244329,2013,3.2077860832214355
Halle (Saale),Sachsen-Anhalt,237865,2013,3.3192930221557617
Freiburg,Baden-Württemberg,237460,2013,3.881542205810547
Neue Neustadt,Sachsen-Anhalt,226851,2013,3.2077860832214355
Mainz,Rheinland-Pfalz,222889,2013,3.480747938156128
Erfurt,Thüringen,218793,2013,3.437019109725952
Lübeck,Schleswig-Holstein,212207,2013,2.9303150177001953
Rostock,Mecklenburg-Vorpommern,198293,2013,2.907547950744629
Kassel,Hessen,197230,2013,3.3275015354156494
Potsdam,Brandenburg,184754,2013,3.1601669788360596
Saarbrücken,Saarland,182971,2013,3.603811264038086
Darmstadt,Hessen,167029,2013,3.4887287616729736
Osnabrück,Niedersachsen,166462,2013,3.1547508239746094
Neukölln,Berlin,164636,2013,3.1610190868377686
Ludwigshafen am Rhein,Rheinland-Pfalz,163196,2013,3.5483450889587402
Oldenburg,Niedersachsen,159218,2013,3.048715114593506
Kreuzberg,Berlin,153135,2013,3.1610190868377686
Regensburg,Bayern,151389,2013,3.698199987411499
Prenzlauer Berg,Berlin,148878,2013,3.127246379852295
Heidelberg,Baden-Württemberg,143345,2013,3.5591342449188232
Würzburg,Bayern,133731,2013,3.5413312911987305
Charlottenburg,Berlin,129359,2013,3.127246379852295
Wolfsburg,Niedersachsen,123064,2013,3.1647233963012695
Offenbach,Hessen,119192,2013,3.44962215423584
Bremerhaven,Bremen,118610,2013,2.9682631492614746
Koblenz,Rheinland-Pfalz,107319,2013,3.4285149574279785
Jena,Thüringen,104712,2013,3.4277424812316895
Gera,Thüringen,104659,2013,3.426074266433716
Trier,Rheinland-Pfalz,100129,2013,3.505972385406494
Zwickau,Sachsen,98796,2013,3.4886248111724854
Kaiserslautern,Rheinland-Pfalz,98732,2013,3.5897233486175537
Schwerin,Mecklenburg-Vorpommern,96641,2013,2.988246440887451
Flensburg,Schleswig-Holstein,85838,2013,2.7934412956237793
Cottbus,Brandenburg,84754,2013,3.2478160858154297
Norderstedt,Schleswig-Holstein,82844,2013,2.9748194217681885
Neumünster,Schleswig-Holstein,80196,2013,2.8935506343841553
Neubrandenburg,Mecklenburg-Vorpommern,68082,2013,2.9881863594055176
Dessau,Sachsen-Anhalt,67747,2013,3.2462329864501953
Plauen,Sachsen,66412,2013,3.5406384468078613
Weimar,Thüringen,64727,2013,3.4381890296936035
Brandenburg an der Havel,Brandenburg,59826,2013,3.164665937423706
Stralsund,Mecklenburg-Vorpommern,58976,2013,2.8760628700256348
Frankfurt (Oder),Brandenburg,57107,2013,3.1497888565063477
Universitäts- und Hansestadt Greifswald,Mecklenburg-Vorpommern,52731,2013,2.905745029449463
Neunkirchen,Saarland,49843,2013,3.5742850303649902
Gotha,Thüringen,46615,2013,3.4385123252868652
Homburg,Saarland,44607,2013,3.573049545288086
Halle-Neustadt,Sachsen-Anhalt,44515,2013,3.3192930221557617
Eberswalde,Brandenburg,41980,2013,3.0966737270355225
Völklingen,Saarland,40952,2013,3.57007098197937
Sankt Ingbert,Saarland,38697,2013,3.5742850303649902
Vegesack,Bremen,34757,2013,3.040271282196045
Burglesum,Bremen,33000,2013,3.040271282196045
Berlin,Berlin,3426354,2014,3.0848846435546875
Hamburg,Hamburg,1973896,2014,2.94024920463562
Munich,Bayern,1505005,2014,3.8529865741729736
Köln,Nordrhein-Westfalen,1024621,2014,3.3181233406066895
Frankfurt am Main,Hessen,650000,2014,3.4379751682281494
Düsseldorf,Nordrhein-Westfalen,618685,2014,3.2859508991241455
Stuttgart,Baden-Württemberg,612663,2014,3.6585562229156494
Essen,Nordrhein-Westfalen,593085,2014,3.263613700866699
Dortmund,Nordrhein-Westfalen,588462,2014,3.214550733566284
Dresden,Sachsen,564904,2014,3.33537220954895
Bremen,Bremen,546501,2014,3.004939556121826
Nuremberg,Bayern,515543,2014,3.6202409267425537
Hannover,Niedersachsen,515140,2014,3.1156985759735107
Leipzig,Sachsen,504971,2014,3.2878880500793457
Duisburg,Nordrhein-Westfalen,504358,2014,3.2518742084503174
Wandsbek,Hamburg,411422,2014,2.937180519104004
Hamburg-Nord,Hamburg,315514,2014,2.94024920463562
Mannheim,Baden-Württemberg,307960,2014,3.5453834533691406
Hamburg-Mitte,Hamburg,301231,2014,2.937180519104004
Augsburg,Bayern,301105,2014,3.8298821449279785
Wiesbaden,Hessen,288850,2014,3.468172788619995
Marienthal,Hamburg,287101,2014,2.937180519104004
Karlsruhe,Baden-Württemberg,283799,2014,3.5861942768096924
Kiel,Schleswig-Holstein,252668,2014,2.8356385231018066
Chemnitz,Sachsen,247220,2014,3.4035696983337402
Braunschweig,Niedersachsen,244715,2014,3.1206107139587402
Magdeburg,Sachsen-Anhalt,244329,2014,3.1662957668304443
Halle (Saale),Sachsen-Anhalt,237865,2014,3.281728982925415
Freiburg,Baden-Württemberg,237460,2014,3.911534070968628
Neue Neustadt,Sachsen-Anhalt,226851,2014,3.1662957668304443
Mainz,Rheinland-Pfalz,222889,2014,3.4729037284851074
Erfurt,Thüringen,218793,2014,3.405071496963501
Lübeck,Schleswig-Holstein,212207,2014,2.8936245441436768
Rostock,Mecklenburg-Vorpommern,198293,2014,2.8686683177948
Kassel,Hessen,197230,2014,3.2957699298858643
Potsdam,Brandenburg,184754,2014,3.1187970638275146
Saarbrücken,Saarland,182971,2014,3.612523317337036
Darmstadt,Hessen,167029,2014,3.4789481163024902
Osnabrück,Niedersachsen,166462,2014,3.121060371398926
Neukölln,Berlin,164636,2014,3.1195647716522217
Ludwigshafen am Rhein,Rheinland-Pfalz,163196,2014,3.5453834533691406
Oldenburg,Niedersachsen,159218,2014,3.0126304626464844
Kreuzberg,Berlin,153135,2014,3.1195647716522217
Regensburg,Bayern,151389,2014,3.6915180683135986
Prenzlauer Berg,Berlin,148878,2014,3.0848846435546875
Heidelberg,Baden-Württemberg,143345,2014,3.553863048553467
Würzburg,Bayern,133731,2014,3.521188974380493
Charlottenburg,Berlin,129359,2014,3.0848846435546875
Wolfsburg,Niedersachsen,123064,2014,3.123115062713623
Offenbach,Hessen,119192,2014,3.4350602626800537
Bremerhaven,Bremen,118610,2014,2.9347918033599854
Koblenz,Rheinland-Pfalz,107319,2014,3.4178850650787354
Jena,Thüringen,104712,2014,3.395271062850952
Gera,Thüringen,104659,2014,3.3936166763305664
Trier,Rheinland-Pfalz,100129,2014,3.5063014030456543
Zwickau,Sachsen,98796,2014,3.4593067169189453
Kaiserslautern,Rheinland-Pfalz,98732,2014,3.5912411212921143
Schwerin,Mecklenburg-Vorpommern,96641,2014,2.9488465785980225
Flensburg,Schleswig-Holstein,85838,2014,2.7698957920074463
Cottbus,Brandenburg,84754,2014,3.208942174911499
Norderstedt,Schleswig-Holstein,82844,2014,2.94024920463562
Neumünster,Schleswig-Holstein,80196,2014,2.862520694732666
Neubrandenburg,Mecklenburg-Vorpommern,68082,2014,2.9426188468933105
Dessau,Sachsen-Anhalt,67747,2014,3.2056219577789307
Plauen,Sachsen,66412,2014,3.5137946605682373
Weimar,Thüringen,64727,2014,3.4058682918548584
Brandenburg an der Havel,Brandenburg,59826,2014,3.12373423576355
Stralsund,Mecklenburg-Vorpommern,58976,2014,2.8362057209014893
Frankfurt (Oder),Brandenburg,57107,2014,3.1078929901123047
Universitäts- und Hansestadt Greifswald,Mecklenburg-Vorpommern,52731,2014,2.8614466190338135
Neunkirchen,Saarland,49843,2014,3.580808162689209
Gotha,Thüringen,46615,2014,3.407487392425537
Homburg,Saarland,44607,2014,3.578167200088501
Halle-Neustadt,Sachsen-Anhalt,44515,2014,3.281728982925415
Eberswalde,Brandenburg,41980,2014,3.054520606994629
Völklingen,Saarland,40952,2014,3.576542377471924
Sankt Ingbert,Saarland,38697,2014,3.580808162689209
Vegesack,Bremen,34757,2014,3.00337815284729
Burglesum,Bremen,33000,2014,3.00337815284729
Berlin,Berlin,3426354,2015,3.0954957008361816
Hamburg,Hamburg,1973896,2015,2.946131467819214
Munich,Bayern,1505005,2015,3.888213634490967
Köln,Nordrhein-Westfalen,1024621,2015,3.355024576187134
Frankfurt am Main,Hessen,650000,2015,3.4806439876556396
Düsseldorf,Nordrhein-Westfalen,618685,2015,3.319117784500122
Stuttgart,Baden-Württemberg,612663,2015,3.7022740840911865
Essen,Nordrhein-Westfalen,593085,2015,3.2929370403289795
Dortmund,Nordrhein-Westfalen,588462,2015,3.239572525024414
Dresden,Sachsen,564904,2015,3.3576080799102783
Bremen,Bremen,546501,2015,3.0167064666748047
Nuremberg,Bayern,515543,2015,3.648630142211914
Hannover,Niedersachsen,515140,2015,3.137361526489258
Leipzig,Sachsen,504971,2015,3.3116934299468994
Duisburg,Nordrhein-Westfalen,504358,2015,3.2801287174224854
Wandsbek,Hamburg,411422,2015,2.9440577030181885
Hamburg-Nord,Hamburg,315514,2015,2.946131467819214
Mannheim,Baden-Württemberg,307960,2015,3.592495918273926
Hamburg-Mitte,Hamburg,301231,2015,2.9440577030181885
Augsburg,Bayern,301105,2015,3.865044116973877
Wiesbaden,Hessen,288850,2015,3.5116827487945557
Marienthal,Hamburg,287101,2015,2.9440577030181885
Karlsruhe,Baden-Württemberg,283799,2015,3.634219169616699
Kiel,Schleswig-Holstein,252668,2015,2.8272905349731445
Chemnitz,Sachsen,247220,2015,3.4284932613372803
Braunschweig,Niedersachsen,244715,2015,3.1411123275756836
Magdeburg,Sachsen-Anhalt,244329,2015,3.1863725185394287
Halle (Saale),Sachsen-Anhalt,237865,2015,3.305476665496826
Freiburg,Baden-Württemberg,237460,2015,3.9673011302948
Neue Neustadt,Sachsen-Anhalt,226851,2015,3.1863725185394287
Mainz,Rheinland-Pfalz,222889,2015,3.517512559890747
Erfurt,Thüringen,218793,2015,3.4329724311828613
Lübeck,Schleswig-Holstein,212207,2015,2.8980655670166016
Rostock,Mecklenburg-Vorpommern,198293,2015,2.8635313510894775
Kassel,Hessen,197230,2015,3.3264520168304443
Potsdam,Brandenburg,184754,2015,3.133756399154663
Saarbrücken,Saarland,182971,2015,3.664898633956909
Darmstadt,Hessen,167029,2015,3.5230000019073486
Osnabrück,Niedersachsen,166462,2015,3.138054609298706
Neukölln,Berlin,164636,2015,3.1330466270446777
Ludwigshafen am Rhein,Rheinland-Pfalz,163196,2015,3.592495918273926
Oldenburg,Niedersachsen,159218,2015,3.0210824012756348
Kreuzberg,Berlin,153135,2015,3.1330466270446777
Regensburg,Bayern,151389,2015,3.717660427093506
Prenzlauer Berg,Berlin,148878,2015,3.0954957008361816
Heidelberg,Baden-Württemberg,143345,2015,3.6000328063964844
Würzburg,Bayern,133731,2015,3.5575780868530273
Charlottenburg,Berlin,129359,2015,3.0954957008361816
Wolfsburg,Niedersachsen,123064,2015,3.1431312561035156
Offenbach,Hessen,119192,2015,3.476599931716919
Bremerhaven,Bremen,118610,2015,2.9374303817749023
Koblenz,Rheinland-Pfalz,107319,2015,3.4599342346191406
Jena,Thüringen,104712,2015,3.4218904972076416
Gera,Thüringen,104659,2015,3.418846368789673
Trier,Rheinland-Pfalz,100129,2015,3.55434513092041
Zwickau,Sachsen,98796,2015,3.484292984008789
Kaiserslautern,Rheinland-Pfalz,98732,2015,3.6406002044677734
Schwerin,Mecklenburg-Vorpommern,96641,2015,2.9537148475646973
Flensburg,Schleswig-Holstein,85838,2015,2.745147943496704
Cottbus,Brandenburg,84754,2015,3.2239315509796143
Norderstedt,Schleswig-Holstein,82844,2015,2.946131467819214
Neumünster,Schleswig-Holstein,80196,2015,2.860074043273926
Neubrandenburg,Mecklenburg-Vorpommern,68082,2015,2.9459426403045654
Dessau,Sachsen-Anhalt,67747,2015,3.227030038833618
Plauen,Sachsen,66412,2015,3.5392906665802
Weimar,Thüringen,64727,2015,3.433257579803467
Brandenburg an der Havel,Brandenburg,59826,2015,3.1393725872039795
Stralsund,Mecklenburg-Vorpommern,58976,2015,2.826627492904663
Frankfurt (Oder),Brandenburg,57107,2015,3.1178793907165527
Universitäts- und Hansestadt Greifswald,Mecklenburg-Vorpommern,52731,2015,2.8584110736846924
Neunkirchen,Saarland,49843,2015,3.6311261653900146
Gotha,Thüringen,46615,2015,3.4376626014709473
Homburg,Saarland,44607,2015,3.6279830932617188
Halle-Neustadt,Sachsen-Anhalt,44515,2015,3.305476665496826
Eberswalde,Brandenburg,41980,2015,3.060361623764038
Völklingen,Saarland,40952,2015,3.6277313232421875
Sankt Ingbert,Saarland,38697,2015,3.6311261653900146
Vegesack,Bremen,34757,2015,3.0141234397888184
Burglesum,Bremen,33000,2015,3.0141234397888184
Berlin,Berlin,3426354,2016,3.1646969318389893
Hamburg,Hamburg,1973896,2016,3.0281364917755127
Munich,Bayern,1505005,2016,3.944150447845459
Köln,Nordrhein-Westfalen,1024621,2016,3.4170219898223877
Frankfurt am Main,Hessen,650000,2016,3.542207717895508
Düsseldorf,Nordrhein-Westfalen,618685,2016,3.383718729019165
Stuttgart,Baden-Württemberg,612663,2016,3.7616500854492188
Essen,Nordrhein-Westfalen,593085,2016,3.360114812850952
Dortmund,Nordrhein-Westfalen,588462,2016,3.3081748485565186
Dresden,Sachsen,564904,2016,3.430510997772217
Bremen,Bremen,546501,2016,3.0978636741638184
Nuremberg,Bayern,515543,2016,3.7244646549224854
Hannover,Niedersachsen,515140,2016,3.215688467025757
Leipzig,Sachsen,504971,2016,3.384289264678955
Duisburg,Nordrhein-Westfalen,504358,2016,3.347661256790161
Wandsbek,Hamburg,411422,2016,3.02538800239563
Hamburg-Nord,Hamburg,315514,2016,3.0281364917755127
Mannheim,Baden-Württemberg,307960,2016,3.6489288806915283
Hamburg-Mitte,Hamburg,301231,2016,3.02538800239563
Augsburg,Bayern,301105,2016,3.92883038520813
Wiesbaden,Hessen,288850,2016,3.571087598800659
Marienthal,Hamburg,287101,2016,3.02538800239563
Karlsruhe,Baden-Württemberg,283799,2016,3.6894097328186035
Kiel,Schleswig-Holstein,252668,2016,2.9109833240509033
Chemnitz,Sachsen,247220,2016,3.502598524093628
Braunschweig,Niedersachsen,244715,2016,3.2162511348724365
Magdeburg,Sachsen-Anhalt,244329,2016,3.2568578720092773
Halle (Saale),Sachsen-Anhalt,237865,2016,3.3789942264556885
Freiburg,Baden-Württemberg,237460,2016,4.010869026184082
Neue Neustadt,Sachsen-Anhalt,226851,2016,3.2568578720092773
Mainz,Rheinland-Pfalz,222889,2016,3.576437473297119
Erfurt,Thüringen,218793,2016,3.5132486820220947
Lübeck,Schleswig-Holstein,212207,2016,2.97534441947937
Rostock,Mecklenburg-Vorpommern,198293,2016,2.9393608570098877
Kassel,Hessen,197230,2016,3.4043936729431152
Potsdam,Brandenburg,184754,2016,3.2018768787384033
Saarbrücken,Saarland,182971,2016,3.7151474952697754
Darmstadt,Hessen,167029,2016,3.5835602283477783
Osnabrück,Niedersachsen,166462,2016,3.2147023677825928
Neukölln,Berlin,164636,2016,3.2014153003692627
Ludwigshafen am Rhein,Rheinland-Pfalz,163196,2016,3.6489288806915283
Oldenburg,Niedersachsen,159218,2016,3.1046366691589355
Kreuzberg,Berlin,153135,2016,3.2014153003692627
Regensburg,Bayern,151389,2016,3.791029930114746
Prenzlauer Berg,Berlin,148878,2016,3.1646969318389893
Heidelberg,Baden-Württemberg,143345,2016,3.6581830978393555
Würzburg,Bayern,133731,2016,3.6342432498931885
Charlottenburg,Berlin,129359,2016,3.1646969318389893
Wolfsburg,Niedersachsen,123064,2016,3.217078924179077
Offenbach,Hessen,119192,2016,3.5401363372802734
Bremerhaven,Bremen,118610,2016,3.0210490226745605
Koblenz,Rheinland-Pfalz,107319,2016,3.5190329551696777
Jena,Thüringen,104712,2016,3.5002784729003906
Gera,Thüringen,104659,2016,3.4958059787750244
Trier,Rheinland-Pfalz,100129,2016,3.6089370250701904
Zwickau,Sachsen,98796,2016,3.5616586208343506
Kaiserslautern,Rheinland-Pfalz,98732,2016,3.6948554515838623
Schwerin,Mecklenburg-Vorpommern,96641,2016,3.031707525253296
Flensburg,Schleswig-Holstein,85838,2016,2.834904193878174
Cottbus,Brandenburg,84754,2016,3.294981002807617
Norderstedt,Schleswig-Holstein,82844,2016,3.0281364917755127
Neumünster,Schleswig-Holstein,80196,2016,2.942267656326294
Neubrandenburg,Mecklenburg-Vorpommern,68082,2016,3.015939950942993
Dessau,Sachsen-Anhalt,67747,2016,3.296860694885254
Plauen,Sachsen,66412,2016,3.6192240715026855
Weimar,Thüringen,64727,2016,3.5126805305480957
Brandenburg an der Havel,Brandenburg,59826,2016,3.209642171859741
Stralsund,Mecklenburg-Vorpommern,58976,2016,2.9014945030212402
Frankfurt (Oder),Brandenburg,57107,2016,3.187253952026367
Universitäts- und Hansestadt Greifswald,Mecklenburg-Vorpommern,52731,2016,2.9289369583129883
Neunkirchen,Saarland,49843,2016,3.6830246448516846
Gotha,Thüringen,46615,2016,3.518756866455078
Homburg,Saarland,44607,2016,3.680415153503418
Halle-Neustadt,Sachsen-Anhalt,44515,2016,3.3789942264556885
Eberswalde,Brandenburg,41980,2016,3.1300272941589355
Völklingen,Saarland,40952,2016,3.6788742542266846
Sankt Ingbert,Saarland,38697,2016,3.6830246448516846
Vegesack,Bremen,34757,2016,3.0945544242858887
Burglesum,Bremen,33000,2016,3.0945544242858887
Berlin,Berlin,3426354,2017,3.235928773880005
Hamburg,Hamburg,1973896,2017,3.083772659301758
Munich,Bayern,1505005,2017,4.038961887359619
Köln,Nordrhein-Westfalen,1024621,2017,3.487632989883423
Frankfurt am Main,Hessen,650000,2017,3.6142547130584717
Düsseldorf,Nordrhein-Westfalen,618685,2017,3.4546220302581787
Stuttgart,Baden-Württemberg,612663,2017,3.8404109477996826
Essen,Nordrhein-Westfalen,593085,2017,3.4307174682617188
Dortmund,Nordrhein-Westfalen,588462,2017,3.3788821697235107
Dresden,Sachsen,564904,2017,3.503723382949829
Bremen,Bremen,546501,2017,3.156337022781372
Nuremberg,Bayern,515543,2017,3.799999952316284
Hannover,Niedersachsen,515140,2017,3.280076742172241
Leipzig,Sachsen,504971,2017,3.460298776626587
Duisburg,Nordrhein-Westfalen,504358,2017,3.4189670085906982
Wandsbek,Hamburg,411422,2017,3.0821149349212646
Hamburg-Nord,Hamburg,315514,2017,3.083772659301758
Mannheim,Baden-Württemberg,307960,2017,3.7257564067840576
Hamburg-Mitte,Hamburg,301231,2017,3.0821149349212646
Augsburg,Bayern,301105,2017,4.016507148742676
Wiesbaden,Hessen,288850,2017,3.643989086151123
Marienthal,Hamburg,287101,2017,3.0821149349212646
Karlsruhe,Baden-Württemberg,283799,2017,3.768611192703247
Kiel,Schleswig-Holstein,252668,2017,2.9617204666137695
Chemnitz,Sachsen,247220,2017,3.5791590213775635
Braunschweig,Niedersachsen,244715,2017,3.284534215927124
Magdeburg,Sachsen-Anhalt,244329,2017,3.3320353031158447
Halle (Saale),Sachsen-Anhalt,237865,2017,3.4564244747161865
Freiburg,Baden-Württemberg,237460,2017,4.097807884216309
Neue Neustadt,Sachsen-Anhalt,226851,2017,3.3320353031158447
Mainz,Rheinland-Pfalz,222889,2017,3.6498796939849854
Erfurt,Thüringen,218793,2017,3.5881810188293457
Lübeck,Schleswig-Holstein,212207,2017,3.033501386642456
Rostock,Mecklenburg-Vorpommern,198293,2017,2.99838924407959
Kassel,Hessen,197230,2017,3.4728245735168457
Potsdam,Brandenburg,184754,2017,3.2742955684661865
Saarbrücken,Saarland,182971,2017,3.7964138984680176
Darmstadt,Hessen,167029,2017,3.6566059589385986
Osnabrück,Niedersachsen,166462,2017,3.2807204723358154
Neukölln,Berlin,164636,2017,3.27408504486084
Ludwigshafen am Rhein,Rheinland-Pfalz,163196,2017,3.7257564067840576
Oldenburg,Niedersachsen,159218,2017,3.162424325942993
Kreuzberg,Berlin,153135,2017,3.27408504486084
Regensburg,Bayern,151389,2017,3.87288761138916
Prenzlauer Berg,Berlin,148878,2017,3.235928773880005
Heidelberg,Baden-Württemberg,143345,2017,3.734471321105957
Würzburg,Bayern,133731,2017,3.703383445739746
Charlottenburg,Berlin,129359,2017,3.235928773880005
Wolfsburg,Niedersachsen,123064,2017,3.2865395545959473
Offenbach,Hessen,119192,2017,3.6112492084503174
Bremerhaven,Bremen,118610,2017,3.0736327171325684
Koblenz,Rheinland-Pfalz,107319,2017,3.59076189994812
Jena,Thüringen,104712,2017,3.5765914916992188
Gera,Thüringen,104659,2017,3.5733916759490967
Trier,Rheinland-Pfalz,100129,2017,3.6845040321350098
Zwickau,Sachsen,98796,2017,3.6389012336730957
Kaiserslautern,Rheinland-Pfalz,98732,2017,3.774073839187622
Schwerin,Mecklenburg-Vorpommern,96641,2017,3.0927233695983887
Flensburg,Schleswig-Holstein,85838,2017,2.876821994781494
Cottbus,Brandenburg,84754,2017,3.3662056922912598
Norderstedt,Schleswig-Holstein,82844,2017,3.083772659301758
Neumünster,Schleswig-Holstein,80196,2017,2.9938108921051025
Neubrandenburg,Mecklenburg-Vorpommern,68082,2017,3.079131603240967
Dessau,Sachsen-Anhalt,67747,2017,3.3734629154205322
Plauen,Sachsen,66412,2017,3.6960465908050537
Weimar,Thüringen,64727,2017,3.588301420211792
Brandenburg an der Havel,Brandenburg,59826,2017,3.282320261001587
Stralsund,Mecklenburg-Vorpommern,58976,2017,2.95757794380188
Frankfurt (Oder),Brandenburg,57107,2017,3.254164457321167
Universitäts- und Hansestadt Greifswald,Mecklenburg-Vorpommern,52731,2017,2.9878933429718018
Neunkirchen,Saarland,49843,2017,3.7622742652893066
Gotha,Thüringen,46615,2017,3.5919454097747803
Homburg,Saarland,44607,2017,3.7598297595977783
Halle-Neustadt,Sachsen-Anhalt,44515,2017,3.4564244747161865
Eberswalde,Brandenburg,41980,2017,3.1988823413848877
Völklingen,Saarland,40952,2017,3.7585151195526123
Sankt Ingbert,Saarland,38697,2017,3.7622742652893066
Vegesack,Bremen,34757,2017,3.153698444366455
Burglesum,Bremen,33000,2017,3.153698444366455
Berlin,Berlin,3426354,2018,3.1395339965820312
Hamburg,Hamburg,1973896,2018,3.0176029205322266
Munich,Bayern,1505005,2018,3.9324934482574463
Köln,Nordrhein-Westfalen,1024621,2018,3.4071147441864014
Frankfurt am Main,Hessen,650000,2018,3.5274901390075684
Düsseldorf,Nordrhein-Westfalen,618685,2018,3.372706651687622
Stuttgart,Baden-Württemberg,612663,2018,3.7481889724731445
Essen,Nordrhein-Westfalen,593085,2018,3.348564624786377
Dortmund,Nordrhein-Westfalen,588462,2018,3.2965505123138428
Dresden,Sachsen,564904,2018,3.3957014083862305
Bremen,Bremen,546501,2018,3.087775468826294
Nuremberg,Bayern,515543,2018,3.695676803588867
Hannover,Niedersachsen,515140,2018,3.201444149017334
Leipzig,Sachsen,504971,2018,3.3575754165649414
Duisburg,Nordrhein-Westfalen,504358,2018,3.3361752033233643
Wandsbek,Hamburg,411422,2018,3.0138025283813477
Hamburg-Nord,Hamburg,315514,2018,3.0176029205322266
Mannheim,Baden-Württemberg,307960,2018,3.6366491317749023
Hamburg-Mitte,Hamburg,301231,2018,3.0138025283813477
Augsburg,Bayern,301105,2018,3.9088547229766846
Wiesbaden,Hessen,288850,2018,3.559934139251709
Marienthal,Hamburg,287101,2018,3.0138025283813477
Karlsruhe,Baden-Württemberg,283799,2018,3.6778221130371094
Kiel,Schleswig-Holstein,252668,2018,2.9060630798339844
Chemnitz,Sachsen,247220,2018,3.470972776412964
Braunschweig,Niedersachsen,244715,2018,3.1971917152404785
Magdeburg,Sachsen-Anhalt,244329,2018,3.234898805618286
Halle (Saale),Sachsen-Anhalt,237865,2018,3.354764461517334
Freiburg,Baden-Württemberg,237460,2018,4.003821849822998
Neue Neustadt,Sachsen-Anhalt,226851,2018,3.234898805618286
Mainz,Rheinland-Pfalz,222889,2018,3.5638301372528076
Erfurt,Thüringen,218793,2018,3.485616445541382
Lübeck,Schleswig-Holstein,212207,2018,2.966778039932251
Rostock,Mecklenburg-Vorpommern,198293,2018,2.934821844100952
Kassel,Hessen,197230,2018,3.3828580379486084
Potsdam,Brandenburg,184754,2018,3.175832748413086
Saarbrücken,Saarland,182971,2018,3.704528570175171
Darmstadt,Hessen,167029,2018,3.569375514984131
Osnabrück,Niedersachsen,166462,2018,3.202744960784912
Neukölln,Berlin,164636,2018,3.174685001373291
Ludwigshafen am Rhein,Rheinland-Pfalz,163196,2018,3.6366491317749023
Oldenburg,Niedersachsen,159218,2018,3.0941452980041504
Kreuzberg,Berlin,153135,2018,3.174685001373291
Regensburg,Bayern,151389,2018,3.7630765438079834
Prenzlauer Berg,Berlin,148878,2018,3.1395339965820312
Heidelberg,Baden-Württemberg,143345,2018,3.645235538482666
Würzburg,Bayern,133731,2018,3.608145236968994
Charlottenburg,Berlin,129359,2018,3.1395339965820312
Wolfsburg,Niedersachsen,123064,2018,3.1975531578063965
Offenbach,Hessen,119192,2018,3.523495674133301
Bremerhaven,Bremen,118610,2018,3.0130136013031006
Koblenz,Rheinland-Pfalz,107319,2018,3.50981068611145
Jena,Thüringen,104712,2018,3.471780776977539
Gera,Thüringen,104659,2018,3.468153476715088
Trier,Rheinland-Pfalz,100129,2018,3.599372625350952
Zwickau,Sachsen,98796,2018,3.5300631523132324
Kaiserslautern,Rheinland-Pfalz,98732,2018,3.6835014820098877
Schwerin,Mecklenburg-Vorpommern,96641,2018,3.017085075378418
Flensburg,Schleswig-Holstein,85838,2018,2.8358850479125977
Cottbus,Brandenburg,84754,2018,3.263723373413086
Norderstedt,Schleswig-Holstein,82844,2018,3.0176029205322266
Neumünster,Schleswig-Holstein,80196,2018,2.9362218379974365
Neubrandenburg,Mecklenburg-Vorpommern,68082,2018,3.0025670528411865
Dessau,Sachsen-Anhalt,67747,2018,3.2742247581481934
Plauen,Sachsen,66412,2018,3.5863070487976074
Weimar,Thüringen,64727,2018,3.4840660095214844
Brandenburg an der Havel,Brandenburg,59826,2018,3.1851563453674316
Stralsund,Mecklenburg-Vorpommern,58976,2018,2.8959178924560547
Frankfurt (Oder),Brandenburg,57107,2018,3.162928819656372
Universitäts- und Hansestadt Greifswald,Mecklenburg-Vorpommern,52731,2018,2.922701358795166
Neunkirchen,Saarland,49843,2018,3.6727070808410645
Gotha,Thüringen,46615,2018,3.4924957752227783
Homburg,Saarland,44607,2018,3.6697700023651123
Halle-Neustadt,Sachsen-Anhalt,44515,2018,3.354764461517334
Eberswalde,Brandenburg,41980,2018,3.1056573390960693
Völklingen,Saarland,40952,2018,3.668063163757324
Sankt Ingbert,Saarland,38697,2018,3.6727070808410645
Vegesack,Bremen,34757,2018,3.0870163440704346
Burglesum,Bremen,33000,2018,3.0870163440704346
Berlin,Berlin,3426354,2019,3.2071120738983154
Hamburg,Hamburg,1973896,2019,3.0445973873138428
Munich,Bayern,1505005,2019,4.020528316497803
Köln,Nordrhein-Westfalen,1024621,2019,3.4444737434387207
Frankfurt am Main,Hessen,650000,2019,3.580087900161743
Düsseldorf,Nordrhein-Westfalen,618685,2019,3.408696174621582
Stuttgart,Baden-Württemberg,612663,2019,3.8184878826141357
Essen,Nordrhein-Westfalen,593085,2019,3.3867509365081787
Dortmund,Nordrhein-Westfalen,588462,2019,3.3358957767486572
Dresden,Sachsen,564904,2019,3.4741504192352295
Bremen,Bremen,546501,2019,3.107849359512329
Nuremberg,Bayern,515543,2019,3.777191638946533
Hannover,Niedersachsen,515140,2019,3.245476722717285
Leipzig,Sachsen,504971,2019,3.426454782485962
Duisburg,Nordrhein-Westfalen,504358,2019,3.370542526245117
Wandsbek,Hamburg,411422,2019,3.043555974960327
Hamburg-Nord,Hamburg,315514,2019,3.0445973873138428
Mannheim,Baden-Württemberg,307960,2019,3.6917507648468018
Hamburg-Mitte,Hamburg,301231,2019,3.043555974960327
Augsburg,Bayern,301105,2019,3.99645733833313
Wiesbaden,Hessen,288850,2019,3.6088192462921143
Marienthal,Hamburg,287101,2019,3.043555974960327
Karlsruhe,Baden-Württemberg,283799,2019,3.7387747764587402
Kiel,Schleswig-Holstein,252668,2019,2.9236137866973877
Chemnitz,Sachsen,247220,2019,3.552372455596924
Braunschweig,Niedersachsen,244715,2019,3.2521891593933105
Magdeburg,Sachsen-Anhalt,244329,2019,3.294257640838623
Halle (Saale),Sachsen-Anhalt,237865,2019,3.420835494995117
Freiburg,Baden-Württemberg,237460,2019,4.064101219177246
Neue Neustadt,Sachsen-Anhalt,226851,2019,3.294257640838623
Mainz,Rheinland-Pfalz,222889,2019,3.6148409843444824
Erfurt,Thüringen,218793,2019,3.548915147781372
Lübeck,Schleswig-Holstein,212207,2019,2.993213653564453
Rostock,Mecklenburg-Vorpommern,198293,2019,2.963777780532837
Kassel,Hessen,197230,2019,3.4396109580993652
Potsdam,Brandenburg,184754,2019,3.2445068359375
Saarbrücken,Saarland,182971,2019,3.7604191303253174
Darmstadt,Hessen,167029,2019,3.6220743656158447
Osnabrück,Niedersachsen,166462,2019,3.2365808486938477
Neukölln,Berlin,164636,2019,3.2440385818481445
Ludwigshafen am Rhein,Rheinland-Pfalz,163196,2019,3.6917507648468018
Oldenburg,Niedersachsen,159218,2019,3.112224817276001
Kreuzberg,Berlin,153135,2019,3.2440385818481445
Regensburg,Bayern,151389,2019,3.8610546588897705
Prenzlauer Berg,Berlin,148878,2019,3.2071120738983154
Heidelberg,Baden-Württemberg,143345,2019,3.701328754425049
Würzburg,Bayern,133731,2019,3.6724655628204346
Charlottenburg,Berlin,129359,2019,3.2071120738983154
Wolfsburg,Niedersachsen,123064,2019,3.252937078475952
Offenbach,Hessen,119192,2019,3.5777971744537354
Bremerhaven,Bremen,118610,2019,3.0248053073883057
Koblenz,Rheinland-Pfalz,107319,2019,3.554978132247925
Jena,Thüringen,104712,2019,3.5398221015930176
Gera,Thüringen,104659,2019,3.5443997383117676
Trier,Rheinland-Pfalz,100129,2019,3.640794277191162
Zwickau,Sachsen,98796,2019,3.615131378173828
Kaiserslautern,Rheinland-Pfalz,98732,2019,3.7385261058807373
Schwerin,Mecklenburg-Vorpommern,96641,2019,3.052997350692749
Flensburg,Schleswig-Holstein,85838,2019,2.841418981552124
Cottbus,Brandenburg,84754,2019,3.338794231414795
Norderstedt,Schleswig-Holstein,82844,2019,3.0445973873138428
Neumünster,Schleswig-Holstein,80196,2019,2.955098867416382
Neubrandenburg,Mecklenburg-Vorpommern,68082,2019,3.0509397983551025
Dessau,Sachsen-Anhalt,67747,2019,3.338989019393921
Plauen,Sachsen,66412,2019,3.6738107204437256
Weimar,Thüringen,64727,2019,3.5490190982818604
Brandenburg an der Havel,Brandenburg,59826,2019,3.2505698204040527
Stralsund,Mecklenburg-Vorpommern,58976,2019,2.924769878387451
Frankfurt (Oder),Brandenburg,57107,2019,3.230471134185791
Universitäts- und Hansestadt Greifswald,Mecklenburg-Vorpommern,52731,2019,2.957183361053467
Neunkirchen,Saarland,49843,2019,3.725339889526367
Gotha,Thüringen,46615,2019,3.5528242588043213
Homburg,Saarland,44607,2019,3.723270893096924
Halle-Neustadt,Sachsen-Anhalt,44515,2019,3.420835494995117
Eberswalde,Brandenburg,41980,2019,3.170698404312134
Völklingen,Saarland,40952,2019,3.719879388809204
Sankt Ingbert,Saarland,38697,2019,3.725339889526367
Vegesack,Bremen,34757,2019,3.103695869445801
Burglesum,Bremen,33000,2019,3.103695869445801
Berlin,Berlin,3426354,2020,3.2424700260162354
Hamburg,Hamburg,1973896,2020,3.0890982151031494
Munich,Bayern,1505005,2020,4.103600978851318
Köln,Nordrhein-Westfalen,1024621,2020,3.507281541824341
Frankfurt am Main,Hessen,650000,2020,3.6498522758483887
Düsseldorf,Nordrhein-Westfalen,618685,2020,3.4654808044433594
Stuttgart,Baden-Württemberg,612663,2020,3.9075679779052734
Essen,Nordrhein-Westfalen,593085,2020,3.448152780532837
Dortmund,Nordrhein-Westfalen,588462,2020,3.397552013397217
Dresden,Sachsen,564904,2020,3.4987242221832275
Bremen,Bremen,546501,2020,3.1549346446990967
Nuremberg,Bayern,515543,2020,3.822483777999878
Hannover,Niedersachsen,515140,2020,3.288423538208008
Leipzig,Sachsen,504971,2020,3.4483795166015625
Duisburg,Nordrhein-Westfalen,504358,2020,3.4309616088867188
Wandsbek,Hamburg,411422,2020,3.0872490406036377
Hamburg-Nord,Hamburg,315514,2020,3.0890982151031494
Mannheim,Baden-Württemberg,307960,2020,3.7608141899108887
Hamburg-Mitte,Hamburg,301231,2020,3.0872490406036377
Augsburg,Bayern,301105,2020,4.024319648742676
Wiesbaden,Hessen,288850,2020,3.679226875305176
Marienthal,Hamburg,287101,2020,3.0872490406036377
Karlsruhe,Baden-Württemberg,283799,2020,3.8045573234558105
Kiel,Schleswig-Holstein,252668,2020,2.9707157611846924
Chemnitz,Sachsen,247220,2020,3.5953116416931152
Braunschweig,Niedersachsen,244715,2020,3.286792516708374
Magdeburg,Sachsen-Anhalt,244329,2020,3.319718599319458
Halle (Saale),Sachsen-Anhalt,237865,2020,3.4506173133850098
Freiburg,Baden-Württemberg,237460,2020,4.1272077560424805
Neue Neustadt,Sachsen-Anhalt,226851,2020,3.319718599319458
Mainz,Rheinland-Pfalz,222889,2020,3.683245897293091
Erfurt,Thüringen,218793,2020,3.6020028591156006
Lübeck,Schleswig-Holstein,212207,2020,3.0510220527648926
Rostock,Mecklenburg-Vorpommern,198293,2020,3.015825033187866
Kassel,Hessen,197230,2020,3.483511209487915
Potsdam,Brandenburg,184754,2020,3.277204990386963
Saarbrücken,Saarland,182971,2020,3.8269755840301514
Darmstadt,Hessen,167029,2020,3.6908085346221924
Osnabrück,Niedersachsen,166462,2020,3.2772786617279053
Neukölln,Berlin,164636,2020,3.2786805629730225
Ludwigshafen am Rhein,Rheinland-Pfalz,163196,2020,3.7608141899108887
Oldenburg,Niedersachsen,159218,2020,3.146286964416504
Kreuzberg,Berlin,153135,2020,3.2786805629730225
Regensburg,Bayern,151389,2020,3.8785793781280518
Prenzlauer Berg,Berlin,148878,2020,3.2424700260162354
Heidelberg,Baden-Württemberg,143345,2020,3.7711422443389893
Würzburg,Bayern,133731,2020,3.7170190811157227
Charlottenburg,Berlin,129359,2020,3.2424700260162354
Wolfsburg,Niedersachsen,123064,2020,3.287445545196533
Offenbach,Hessen,119192,2020,3.6477158069610596
Bremerhaven,Bremen,118610,2020,3.082838773727417
Koblenz,Rheinland-Pfalz,107319,2020,3.6234290599823
Jena,Thüringen,104712,2020,3.587874174118042
Gera,Thüringen,104659,2020,3.589576482772827
Trier,Rheinland-Pfalz,100129,2020,3.710090398788452
Zwickau,Sachsen,98796,2020,3.6554782390594482
Kaiserslautern,Rheinland-Pfalz,98732,2020,3.808734893798828
Schwerin,Mecklenburg-Vorpommern,96641,2020,3.0938143730163574
Flensburg,Schleswig-Holstein,85838,2020,2.901005744934082
Cottbus,Brandenburg,84754,2020,3.365379810333252
Norderstedt,Schleswig-Holstein,82844,2020,3.0890982151031494
Neumünster,Schleswig-Holstein,80196,2020,3.011669397354126
Neubrandenburg,Mecklenburg-Vorpommern,68082,2020,3.0899617671966553
Dessau,Sachsen-Anhalt,67747,2020,3.3612678050994873
Plauen,Sachsen,66412,2020,3.7120654582977295
Weimar,Thüringen,64727,2020,3.600040912628174
Brandenburg an der Havel,Brandenburg,59826,2020,3.2741286754608154
Stralsund,Mecklenburg-Vorpommern,58976,2020,2.97534441947937
Frankfurt (Oder),Brandenburg,57107,2020,3.2828636169433594
Universitäts- und Hansestadt Greifswald,Mecklenburg-Vorpommern,52731,2020,3.012950897216797
Neunkirchen,Saarland,49843,2020,3.793360948562622
Gotha,Thüringen,46615,2020,3.617835760116577
Homburg,Saarland,44607,2020,3.7906553745269775
Halle-Neustadt,Sachsen-Anhalt,44515,2020,3.4506173133850098
Eberswalde,Brandenburg,41980,2020,3.2090001106262207
Völklingen,Saarland,40952,2020,3.787855386734009
Sankt Ingbert,Saarland,38697,2020,3.793360948562622
Vegesack,Bremen,34757,2020,3.1559345722198486
Burglesum,Bremen,33000,2020,3.1559345722198486
Berlin,Berlin,3426354,2021,3.135423183441162
Hamburg,Hamburg,1973896,2021,3.010920286178589
Munich,Bayern,1505005,2021,3.9529807567596436
Köln,Nordrhein-Westfalen,1024621,2021,3.3968489170074463
Frankfurt am Main,Hessen,650000,2021,3.508920431137085
Düsseldorf,Nordrhein-Westfalen,618685,2021,3.3582117557525635
Stuttgart,Baden-Württemberg,612663,2021,3.7527666091918945
Essen,Nordrhein-Westfalen,593085,2021,3.338068962097168
Dortmund,Nordrhein-Westfalen,588462,2021,3.2862911224365234
Dresden,Sachsen,564904,2021,3.3691318035125732
Bremen,Bremen,546501,2021,3.070035457611084
Nuremberg,Bayern,515543,2021,3.6812610626220703
Hannover,Niedersachsen,515140,2021,3.1856648921966553
Leipzig,Sachsen,504971,2021,3.3263955116271973
Duisburg,Nordrhein-Westfalen,504358,2021,3.324793815612793
Wandsbek,Hamburg,411422,2021,3.008843421936035
Hamburg-Nord,Hamburg,315514,2021,3.010920286178589
Mannheim,Baden-Württemberg,307960,2021,3.6141867637634277
Hamburg-Mitte,Hamburg,301231,2021,3.008843421936035
Augsburg,Bayern,301105,2021,3.872673273086548
Wiesbaden,Hessen,288850,2021,3.539766311645508
Marienthal,Hamburg,287101,2021,3.008843421936035
Karlsruhe,Baden-Württemberg,283799,2021,3.6583051681518555
Kiel,Schleswig-Holstein,252668,2021,2.902087926864624
Chemnitz,Sachsen,247220,2021,3.4669973850250244
Braunschweig,Niedersachsen,244715,2021,3.185565948486328
Magdeburg,Sachsen-Anhalt,244329,2021,3.2092196941375732
Halle (Saale),Sachsen-Anhalt,237865,2021,3.329066038131714
Freiburg,Baden-Württemberg,237460,2021,3.9949257373809814
Neue Neustadt,Sachsen-Anhalt,226851,2021,3.2092196941375732
Mainz,Rheinland-Pfalz,222889,2021,3.539945125579834
Erfurt,Thüringen,218793,2021,3.4681179523468018
Lübeck,Schleswig-Holstein,212207,2021,2.9745657444000244
Rostock,Mecklenburg-Vorpommern,198293,2021,2.9389781951904297
Kassel,Hessen,197230,2021,3.3554062843322754
Potsdam,Brandenburg,184754,2021,3.1643214225769043
Saarbrücken,Saarland,182971,2021,3.6992886066436768
Darmstadt,Hessen,167029,2021,3.5456180572509766
Osnabrück,Niedersachsen,166462,2021,3.1703765392303467
Neukölln,Berlin,164636,2021,3.1671812534332275
Ludwigshafen am Rhein,Rheinland-Pfalz,163196,2021,3.6141867637634277
Oldenburg,Niedersachsen,159218,2021,3.062420606613159
Kreuzberg,Berlin,153135,2021,3.1671812534332275
Regensburg,Bayern,151389,2021,3.7459287643432617
Prenzlauer Berg,Berlin,148878,2021,3.135423183441162
Heidelberg,Baden-Württemberg,143345,2021,3.6213793754577637
Würzburg,Bayern,133731,2021,3.571614980697632
Charlottenburg,Berlin,129359,2021,3.135423183441162
Wolfsburg,Niedersachsen,123064,2021,3.1861236095428467
Offenbach,Hessen,119192,2021,3.505175828933716
Bremerhaven,Bremen,118610,2021,3.00856876373291
Koblenz,Rheinland-Pfalz,107319,2021,3.493980884552002
Jena,Thüringen,104712,2021,3.458458423614502
Gera,Thüringen,104659,2021,3.4641401767730713
Trier,Rheinland-Pfalz,100129,2021,3.5871951580047607
Zwickau,Sachsen,98796,2021,3.5279641151428223
Kaiserslautern,Rheinland-Pfalz,98732,2021,3.6665380001068115
Schwerin,Mecklenburg-Vorpommern,96641,2021,3.0125961303710938
Flensburg,Schleswig-Holstein,85838,2021,2.8381264209747314
Cottbus,Brandenburg,84754,2021,3.248274803161621
Norderstedt,Schleswig-Holstein,82844,2021,3.010920286178589
Neumünster,Schleswig-Holstein,80196,2021,2.9380385875701904
Neubrandenburg,Mecklenburg-Vorpommern,68082,2021,3.0023488998413086
Dessau,Sachsen-Anhalt,67747,2021,3.247159481048584
Plauen,Sachsen,66412,2021,3.5843846797943115
Weimar,Thüringen,64727,2021,3.4678680896759033
Brandenburg an der Havel,Brandenburg,59826,2021,3.1632609367370605
Stralsund,Mecklenburg-Vorpommern,58976,2021,2.902667760848999
Frankfurt (Oder),Brandenburg,57107,2021,3.181060552597046
Universitäts- und Hansestadt Greifswald,Mecklenburg-Vorpommern,52731,2021,2.9352335929870605
Neunkirchen,Saarland,49843,2021,3.6634232997894287
Gotha,Thüringen,46615,2021,3.480266571044922
Homburg,Saarland,44607,2021,3.6570353507995605
Halle-Neustadt,Sachsen-Anhalt,44515,2021,3.329066038131714
Eberswalde,Brandenburg,41980,2021,3.1114864349365234
Völklingen,Saarland,40952,2021,3.6609866619110107
Sankt Ingbert,Saarland,38697,2021,3.6634232997894287
Vegesack,Bremen,34757,2021,3.0701205730438232
Burglesum,Bremen,33000,2021,3.0701205730438232
Berlin,Berlin,3426354,2022,3.1328492164611816
Hamburg,Hamburg,1973896,2022,2.993997097015381
Munich,Bayern,1505005,2022,3.9619040489196777
Köln,Nordrhein-Westfalen,1024621,2022,3.418027639389038
Frankfurt am Main,Hessen,650000,2022,3.5354466438293457
Düsseldorf,Nordrhein-Westfalen,618685,2022,3.3774847984313965
Stuttgart,Baden-Württemberg,612663,2022,3.773531436920166
Essen,Nordrhein-Westfalen,593085,2022,3.356241226196289
Dortmund,Nordrhein-Westfalen,588462,2022,3.303375244140625
Dresden,Sachsen,564904,2022,3.3655507564544678
Bremen,Bremen,546501,2022,3.065739631652832
Nuremberg,Bayern,515543,2022,3.6884658336639404
Hannover,Niedersachsen,515140,2022,3.1878490447998047
Leipzig,Sachsen,504971,2022,3.3264381885528564
Duisburg,Nordrhein-Westfalen,504358,2022,3.3410162925720215
Wandsbek,Hamburg,411422,2022,2.9906411170959473
Hamburg-Nord,Hamburg,315514,2022,2.993997097015381
Mannheim,Baden-Württemberg,307960,2022,3.636622190475464
Hamburg-Mitte,Hamburg,301231,2022,2.9906411170959473
Augsburg,Bayern,301105,2022,3.8890573978424072
Wiesbaden,Hessen,288850,2022,3.5661449432373047
Marienthal,Hamburg,287101,2022,2.9906411170959473
Karlsruhe,Baden-Württemberg,283799,2022,3.6781866550445557
Kiel,Schleswig-Holstein,252668,2022,2.8758301734924316
Chemnitz,Sachsen,247220,2022,3.4676930904388428
Braunschweig,Niedersachsen,244715,2022,3.180772304534912
Magdeburg,Sachsen-Anhalt,244329,2022,3.2068819999694824
Halle (Saale),Sachsen-Anhalt,237865,2022,3.327953338623047
Freiburg,Baden-Württemberg,237460,2022,4.00557804107666
Neue Neustadt,Sachsen-Anhalt,226851,2022,3.2068819999694824
Mainz,Rheinland-Pfalz,222889,2022,3.5650136470794678
Erfurt,Thüringen,218793,2022,3.4666550159454346
Lübeck,Schleswig-Holstein,212207,2022,2.950923442840576
Rostock,Mecklenburg-Vorpommern,198293,2022,2.923326015472412
Kassel,Hessen,197230,2022,3.370871067047119
Potsdam,Brandenburg,184754,2022,3.165205717086792
Saarbrücken,Saarland,182971,2022,3.706679344177246
Darmstadt,Hessen,167029,2022,3.5714001655578613
Osnabrück,Niedersachsen,166462,2022,3.1842687129974365
Neukölln,Berlin,164636,2022,3.165235757827759
Ludwigshafen am Rhein,Rheinland-Pfalz,163196,2022,3.636622190475464
Oldenburg,Niedersachsen,159218,2022,3.0593314170837402
Kreuzberg,Berlin,153135,2022,3.165235757827759
Regensburg,Bayern,151389,2022,3.7498602867126465
Prenzlauer Berg,Berlin,148878,2022,3.1328492164611816
Heidelberg,Baden-Württemberg,143345,2022,3.6453781127929688
Würzburg,Bayern,133731,2022,3.5927011966705322
Charlottenburg,Berlin,129359,2022,3.1328492164611816
Wolfsburg,Niedersachsen,123064,2022,3.179457426071167
Offenbach,Hessen,119192,2022,3.532547950744629
Bremerhaven,Bremen,118610,2022,2.9964683055877686
Koblenz,Rheinland-Pfalz,107319,2022,3.5198631286621094
Jena,Thüringen,104712,2022,3.4565370082855225
Gera,Thüringen,104659,2022,3.461548089981079
Trier,Rheinland-Pfalz,100129,2022,3.6036715507507324
Zwickau,Sachsen,98796,2022,3.5264627933502197
Kaiserslautern,Rheinland-Pfalz,98732,2022,3.684969663619995
Schwerin,Mecklenburg-Vorpommern,96641,2022,2.992868423461914
Flensburg,Schleswig-Holstein,85838,2022,2.816591501235962
Cottbus,Brandenburg,84754,2022,3.2374300956726074
Norderstedt,Schleswig-Holstein,82844,2022,2.993997097015381
Neumünster,Schleswig-Holstein,80196,2022,2.9159724712371826
Neubrandenburg,Mecklenburg-Vorpommern,68082,2022,2.9927892684936523
Dessau,Sachsen-Anhalt,67747,2022,3.246112585067749
Plauen,Sachsen,66412,2022,3.581676721572876
Weimar,Thüringen,64727,2022,3.466433048248291
Brandenburg an der Havel,Brandenburg,59826,2022,3.1633946895599365
Stralsund,Mecklenburg-Vorpommern,58976,2022,2.885756254196167
Frankfurt (Oder),Brandenburg,57107,2022,3.1641366481781006
Universitäts- und Hansestadt Greifswald,Mecklenburg-Vorpommern,52731,2022,2.91928768157959
Neunkirchen,Saarland,49843,2022,3.6741480827331543
Gotha,Thüringen,46615,2022,3.483663320541382
Homburg,Saarland,44607,2022,3.67012619972229
Halle-Neustadt,Sachsen-Anhalt,44515,2022,3.327953338623047
Eberswalde,Brandenburg,41980,2022,3.100482225418091
Völklingen,Saarland,40952,2022,3.670586109161377
Sankt Ingbert,Saarland,38697,2022,3.6741480827331543
Vegesack,Bremen,34757,2022,3.0668931007385254
Burglesum,Bremen,33000,2022,3.0668931007385254
Berlin,Berlin,3426354,2023,3.1881394386291504
Hamburg,Hamburg,1973896,2023,3.0457093715667725
Munich,Bayern,1505005,2023,4.072035312652588
Köln,Nordrhein-Westfalen,1024621,2023,3.4654738903045654
Frankfurt am Main,Hessen,650000,2023,3.596742630004883
Düsseldorf,Nordrhein-Westfalen,618685,2023,3.423224687576294
Stuttgart,Baden-Württemberg,612663,2023,3.8686301708221436
Essen,Nordrhein-Westfalen,593085,2023,3.4030601978302
Dortmund,Nordrhein-Westfalen,588462,2023,3.349665880203247
Dresden,Sachsen,564904,2023,3.444506883621216
Bremen,Bremen,546501,2023,3.102452039718628
Nuremberg,Bayern,515543,2023,3.788304090499878
Hannover,Niedersachsen,515140,2023,3.2382490634918213
Leipzig,Sachsen,504971,2023,3.3960683345794678
Duisburg,Nordrhein-Westfalen,504358,2023,3.38750958442688
Wandsbek,Hamburg,411422,2023,3.0438437461853027
Hamburg-Nord,Hamburg,315514,2023,3.0457093715667725
Mannheim,Baden-Württemberg,307960,2023,3.7161507606506348
Hamburg-Mitte,Hamburg,301231,2023,3.0438437461853027
Augsburg,Bayern,301105,2023,3.99239444732666
Wiesbaden,Hessen,288850,2023,3.6274192333221436
Marienthal,Hamburg,287101,2023,3.0438437461853027
Karlsruhe,Baden-Württemberg,283799,2023,3.7638437747955322
Kiel,Schleswig-Holstein,252668,2023,2.923737049102783
Chemnitz,Sachsen,247220,2023,3.547616720199585
Braunschweig,Niedersachsen,244715,2023,3.236599922180176
Magdeburg,Sachsen-Anhalt,244329,2023,3.2680163383483887
Halle (Saale),Sachsen-Anhalt,237865,2023,3.3969807624816895
Freiburg,Baden-Württemberg,237460,2023,4.108496189117432
Neue Neustadt,Sachsen-Anhalt,226851,2023,3.2680163383483887
Mainz,Rheinland-Pfalz,222889,2023,3.6323094367980957
Erfurt,Thüringen,218793,2023,3.545862913131714
Lübeck,Schleswig-Holstein,212207,2023,3.0058329105377197
Rostock,Mecklenburg-Vorpommern,198293,2023,2.9632959365844727
Kassel,Hessen,197230,2023,3.4271671772003174
Potsdam,Brandenburg,184754,2023,3.224780559539795
Saarbrücken,Saarland,182971,2023,3.7956383228302
Darmstadt,Hessen,167029,2023,3.638936758041382
Osnabrück,Niedersachsen,166462,2023,3.2230000495910645
Neukölln,Berlin,164636,2023,3.224092960357666
Ludwigshafen am Rhein,Rheinland-Pfalz,163196,2023,3.7161507606506348
Oldenburg,Niedersachsen,159218,2023,3.0899808406829834
Kreuzberg,Berlin,153135,2023,3.224092960357666
Regensburg,Bayern,151389,2023,3.857471466064453
Prenzlauer Berg,Berlin,148878,2023,3.1881394386291504
Heidelberg,Baden-Württemberg,143345,2023,3.724994659423828
Würzburg,Bayern,133731,2023,3.6704001426696777
Charlottenburg,Berlin,129359,2023,3.1881394386291504
Wolfsburg,Niedersachsen,123064,2023,3.23748517036438
Offenbach,Hessen,119192,2023,3.594282388687134
Bremerhaven,Bremen,118610,2023,3.029005289077759
Koblenz,Rheinland-Pfalz,107319,2023,3.5755176544189453
Jena,Thüringen,104712,2023,3.534750461578369
Gera,Thüringen,104659,2023,3.540158748626709
Trier,Rheinland-Pfalz,100129,2023,3.670980930328369
Zwickau,Sachsen,98796,2023,3.610211133956909
Kaiserslautern,Rheinland-Pfalz,98732,2023,3.7671914100646973
Schwerin,Mecklenburg-Vorpommern,96641,2023,3.047410726547241
Flensburg,Schleswig-Holstein,85838,2023,2.8480052947998047
Cottbus,Brandenburg,84754,2023,3.304999828338623
Norderstedt,Schleswig-Holstein,82844,2023,3.0457093715667725
Neumünster,Schleswig-Holstein,80196,2023,2.9661617279052734
Neubrandenburg,Mecklenburg-Vorpommern,68082,2023,3.0367233753204346
Dessau,Sachsen-Anhalt,67747,2023,3.3097615242004395
Plauen,Sachsen,66412,2023,3.6696577072143555
Weimar,Thüringen,64727,2023,3.5451037883758545
Brandenburg an der Havel,Brandenburg,59826,2023,3.2227864265441895
Stralsund,Mecklenburg-Vorpommern,58976,2023,2.921977996826172
Frankfurt (Oder),Brandenburg,57107,2023,3.224046230316162
Universitäts- und Hansestadt Greifswald,Mecklenburg-Vorpommern,52731,2023,2.9590439796447754
Neunkirchen,Saarland,49843,2023,3.7583181858062744
Gotha,Thüringen,46615,2023,3.561213731765747
Homburg,Saarland,44607,2023,3.753789186477661
Halle-Neustadt,Sachsen-Anhalt,44515,2023,3.3969807624816895
Eberswalde,Brandenburg,41980,2023,3.1511452198028564
Völklingen,Saarland,40952,2023,3.7537450790405273
Sankt Ingbert,Saarland,38697,2023,3.7583181858062744
Vegesack,Bremen,34757,2023,3.1014163494110107
Burglesum,Bremen,33000,2023,3.1014163494110107
Berlin,Berlin,3426354,2024,2.989683151245117
Hamburg,Hamburg,1973896,2024,2.8284265995025635
Munich,Bayern,1505005,2024,3.8291640281677246
Köln,Nordrhein-Westfalen,1024621,2024,3.2287840843200684
Frankfurt am Main,Hessen,650000,2024,3.3629562854766846
Düsseldorf,Nordrhein-Westfalen,618685,2024,3.1865711212158203
Stuttgart,Baden-Württemberg,612663,2024,3.605724334716797
Essen,Nordrhein-Westfalen,593085,2024,3.1647374629974365
Dortmund,Nordrhein-Westfalen,588462,2024,3.112082004547119
Dresden,Sachsen,564904,2024,3.2432515621185303
Bremen,Bremen,546501,2024,2.8844645023345947
Nuremberg,Bayern,515543,2024,3.5527703762054443
Hannover,Niedersachsen,515140,2024,3.0142459869384766
Leipzig,Sachsen,504971,2024,3.1863796710968018
Duisburg,Nordrhein-Westfalen,504358,2024,3.1485955715179443
Wandsbek,Hamburg,411422,2024,2.8277456760406494
Hamburg-Nord,Hamburg,315514,2024,2.8284265995025635
Mannheim,Baden-Württemberg,307960,2024,3.4682791233062744
Hamburg-Mitte,Hamburg,301231,2024,2.8277456760406494
Augsburg,Bayern,301105,2024,3.7441229820251465
Wiesbaden,Hessen,288850,2024,3.390218496322632
Marienthal,Hamburg,287101,2024,2.8277456760406494
Karlsruhe,Baden-Württemberg,283799,2024,3.5103306770324707
Kiel,Schleswig-Holstein,252668,2024,2.7127184867858887
Chemnitz,Sachsen,247220,2024,3.3357081413269043
Braunschweig,Niedersachsen,244715,2024,3.018507957458496
Magdeburg,Sachsen-Anhalt,244329,2024,3.0577759742736816
Halle (Saale),Sachsen-Anhalt,237865,2024,3.1849591732025146
Freiburg,Baden-Württemberg,237460,2024,3.8238444328308105
Neue Neustadt,Sachsen-Anhalt,226851,2024,3.0577759742736816
Mainz,Rheinland-Pfalz,222889,2024,3.394570827484131
Erfurt,Thüringen,218793,2024,3.3250818252563477
Lübeck,Schleswig-Holstein,212207,2024,2.793611764907837
Rostock,Mecklenburg-Vorpommern,198293,2024,2.7679262161254883
Kassel,Hessen,197230,2024,3.2043113708496094
Potsdam,Brandenburg,184754,2024,3.022871494293213
Saarbrücken,Saarland,182971,2024,3.5325984954833984
Darmstadt,Hessen,167029,2024,3.401341438293457
Osnabrück,Niedersachsen,166462,2024,2.996412515640259
Neukölln,Berlin,164636,2024,3.0238277912139893
Ludwigshafen am Rhein,Rheinland-Pfalz,163196,2024,3.4682791233062744
Oldenburg,Niedersachsen,159218,2024,2.8717403411865234
Kreuzberg,Berlin,153135,2024,3.0238277912139893
Regensburg,Bayern,151389,2024,3.6280627250671387
Prenzlauer Berg,Berlin,148878,2024,2.989683151245117
Heidelberg,Baden-Württemberg,143345,2024,3.476958751678467
Würzburg,Bayern,133731,2024,3.435734987258911
Charlottenburg,Berlin,129359,2024,2.989683151245117
Wolfsburg,Niedersachsen,123064,2024,3.020970106124878
Offenbach,Hessen,119192,2024,3.3612539768218994
Bremerhaven,Bremen,118610,2024,2.8119616508483887
Koblenz,Rheinland-Pfalz,107319,2024,3.3388631343841553
Jena,Thüringen,104712,2024,3.315415382385254
Gera,Thüringen,104659,2024,3.322481155395508
Trier,Rheinland-Pfalz,100129,2024,3.415691375732422
Zwickau,Sachsen,98796,2024,3.3886258602142334
Kaiserslautern,Rheinland-Pfalz,98732,2024,3.5136117935180664
Schwerin,Mecklenburg-Vorpommern,96641,2024,2.8401613235473633
Flensburg,Schleswig-Holstein,85838,2024,2.638032913208008
Cottbus,Brandenburg,84754,2024,3.111314058303833
Norderstedt,Schleswig-Holstein,82844,2024,2.8284265995025635
Neumünster,Schleswig-Holstein,80196,2024,2.7509725093841553
Neubrandenburg,Mecklenburg-Vorpommern,68082,2024,2.846139430999756
Dessau,Sachsen-Anhalt,67747,2024,3.1009645462036133
Plauen,Sachsen,66412,2024,3.44110107421875
Weimar,Thüringen,64727,2024,3.3245463371276855
Brandenburg an der Havel,Brandenburg,59826,2024,3.019538640975952
Stralsund,Mecklenburg-Vorpommern,58976,2024,2.738882541656494
Frankfurt (Oder),Brandenburg,57107,2024,3.0334973335266113
Universitäts- und Hansestadt Greifswald,Mecklenburg-Vorpommern,52731,2024,2.774658441543579
Neunkirchen,Saarland,49843,2024,3.4993715286254883
Gotha,Thüringen,46615,2024,3.3387351036071777
Homburg,Saarland,44607,2024,3.4969615936279297
Halle-Neustadt,Sachsen-Anhalt,44515,2024,3.1849591732025146
Eberswalde,Brandenburg,41980,2024,2.959459066390991
Völklingen,Saarland,40952,2024,3.4922842979431152
Sankt Ingbert,Saarland,38697,2024,3.4993715286254883
Vegesack,Bremen,34757,2024,2.8833224773406982
Burglesum,Bremen,33000,2024,2.8833224773406982
