comparison_place,size_class,municipality_key,population,start,end,duration_days,max_temp,avg_temp,year
Roma,large,058091,2748109,1983-07-18,1983-07-20,3,35.6,35.2,1983
Roma,large,058091,2748109,1983-07-25,1983-07-28,4,37.4,36.0,1983
Roma,large,058091,2748109,1987-09-13,1987-09-18,6,33.6,32.7,1987
Roma,large,058091,2748109,1994-06-30,1994-07-02,3,34.0,33.2,1994
Roma,large,058091,2748109,1994-08-03,1994-08-05,3,35.3,35.1,1994
Roma,large,058091,2748109,1996-06-09,1996-06-11,3,31.5,31.1,1996
Roma,large,058091,2748109,1998-06-03,1998-06-05,3,32.2,31.4,1998
Roma,large,058091,2748109,2000-08-21,2000-08-24,4,35.2,34.9,2000
Roma,large,058091,2748109,2002-06-14,2002-06-24,11,35.3,32.9,2002
Roma,large,058091,2748109,2003-06-08,2003-06-15,8,34.9,33.7,2003
Roma,large,058091,2748109,2003-06-23,2003-06-25,3,33.7,33.5,2003
Roma,large,058091,2748109,2003-08-04,2003-08-06,3,36.6,36.4,2003
Roma,large,058091,2748109,2003-08-08,2003-08-12,5,36.2,35.6,2003
Roma,large,058091,2748109,2003-08-16,2003-08-20,5,35.2,34.7,2003
Roma,large,058091,2748109,2005-05-27,2005-05-29,3,29.8,29.7,2005
Roma,large,058091,2748109,2005-06-25,2005-06-28,4,34.9,34.0,2005
Roma,large,058091,2748109,2006-06-18,2006-06-28,11,34.3,33.1,2006
Roma,large,058091,2748109,2007-08-23,2007-08-25,3,37.4,36.2,2007
Roma,large,058091,2748109,2008-09-08,2008-09-11,4,33.6,32.7,2008
Roma,large,058091,2748109,2009-05-18,2009-05-25,8,31.6,29.9,2009
Roma,large,058091,2748109,2009-08-16,2009-08-22,7,35.6,34.7,2009
Roma,large,058091,2748109,2010-07-15,2010-07-17,3,36.0,35.3,2010
Roma,large,058091,2748109,2011-08-19,2011-08-25,7,36.1,35.5,2011
Roma,large,058091,2748109,2011-09-14,2011-09-16,3,32.7,32.0,2011
Roma,large,058091,2748109,2012-06-16,2012-06-19,4,33.9,33.0,2012
Roma,large,058091,2748109,2012-06-21,2012-06-23,3,33.6,33.2,2012
Roma,large,058091,2748109,2012-06-29,2012-07-01,3,35.3,34.3,2012
Roma,large,058091,2748109,2012-08-05,2012-08-07,3,36.9,35.8,2012
Roma,large,058091,2748109,2012-08-17,2012-08-22,6,35.4,34.6,2012
Roma,large,058091,2748109,2013-08-03,2013-08-07,5,37.3,36.2,2013
Roma,large,058091,2748109,2014-06-06,2014-06-12,7,32.8,31.8,2014
Roma,large,058091,2748109,2015-06-04,2015-06-06,3,31.2,30.7,2015
Roma,large,058091,2748109,2015-07-15,2015-07-21,7,35.8,35.3,2015
Roma,large,058091,2748109,2015-08-04,2015-08-07,4,35.7,35.5,2015
Roma,large,058091,2748109,2015-08-29,2015-08-31,3,34.1,33.6,2015
Roma,large,058091,2748109,2016-06-22,2016-06-24,3,33.7,33.2,2016
Roma,large,058091,2748109,2017-06-14,2017-06-17,4,33.5,32.8,2017
Roma,large,058091,2748109,2017-06-21,2017-06-23,3,33.3,32.7,2017
Roma,large,058091,2748109,2017-06-25,2017-06-27,3,33.8,33.5,2017
Roma,large,058091,2748109,2017-07-04,2017-07-08,5,35.8,35.3,2017
Roma,large,058091,2748109,2017-07-30,2017-08-09,11,39.2,37.8,2017
Roma,large,058091,2748109,2017-08-14,2017-08-17,4,35.6,35.0,2017
Roma,large,058091,2748109,2017-08-26,2017-08-29,4,36.0,34.9,2017
Roma,large,058091,2748109,2018-07-28,2018-08-01,5,36.4,35.8,2018
Roma,large,058091,2748109,2019-06-07,2019-06-10,4,34.2,32.1,2019
Roma,large,058091,2748109,2019-06-23,2019-07-08,16,37.8,34.9,2019
Roma,large,058091,2748109,2019-07-21,2019-07-25,5,36.2,35.5,2019
Roma,large,058091,2748109,2019-08-08,2019-08-12,5,38.0,36.4,2019
Roma,large,058091,2748109,2020-07-28,2020-08-01,5,38.7,36.9,2020
Roma,large,058091,2748109,2020-08-07,2020-08-12,6,36.4,35.5,2020
Roma,large,058091,2748109,2020-08-19,2020-08-22,4,36.0,34.7,2020
Roma,large,058091,2748109,2020-09-07,2020-09-09,3,32.8,32.6,2020
Roma,large,058091,2748109,2020-09-11,2020-09-18,8,34.2,32.5,2020
Roma,large,058091,2748109,2021-06-20,2021-06-23,4,34.4,33.4,2021
Roma,large,058091,2748109,2021-06-26,2021-06-28,3,35.3,33.9,2021
Roma,large,058091,2748109,2021-07-05,2021-07-07,3,39.2,35.8,2021
Roma,large,058091,2748109,2021-08-09,2021-08-15,7,38.8,37.0,2021
Roma,large,058091,2748109,2022-05-15,2022-05-19,5,31.1,29.2,2022
Roma,large,058091,2748109,2022-05-21,2022-05-27,7,34.8,31.2,2022
Roma,large,058091,2748109,2022-05-30,2022-06-07,9,36.4,33.2,2022
Roma,large,058091,2748109,2022-06-10,2022-06-22,13,34.7,32.8,2022
Roma,large,058091,2748109,2022-06-24,2022-07-05,12,39.8,36.6,2022
Roma,large,058091,2748109,2022-07-14,2022-07-25,12,37.4,36.3,2022
Roma,large,058091,2748109,2022-08-01,2022-08-06,6,37.4,36.0,2022
Roma,large,058091,2748109,2023-07-06,2023-07-11,6,37.8,35.9,2023
Roma,large,058091,2748109,2023-07-15,2023-07-24,10,40.0,37.2,2023
Roma,large,058091,2748109,2023-08-16,2023-08-26,11,38.6,36.9,2023
Roma,large,058091,2748109,2023-09-06,2023-09-10,5,33.0,32.3,2023
Roma,large,058091,2748109,2023-09-16,2023-09-18,3,32.8,31.6,2023
Roma,large,058091,2748109,2023-10-06,2023-10-11,6,31.9,29.6,2023
Roma,large,058091,2748109,2024-06-05,2024-06-08,4,33.1,31.7,2024
Roma,large,058091,2748109,2024-06-17,2024-06-21,5,38.8,35.4,2024
Roma,large,058091,2748109,2024-07-08,2024-07-23,16,38.8,36.5,2024
Roma,large,058091,2748109,2024-07-25,2024-08-02,9,38.8,36.5,2024
Roma,large,058091,2748109,2024-08-05,2024-08-15,11,37.4,36.2,2024
Roma,large,058091,2748109,2024-08-23,2024-08-25,3,35.7,34.7,2024
Roma,large,058091,2748109,2024-08-27,2024-09-01,6,36.1,35.0,2024
Roma,large,058091,2748109,2025-05-28,2025-06-16,20,37.4,32.6,2025
Roma,large,058091,2748109,2025-06-18,2025-07-05,18,39.5,35.8,2025
Roma,large,058091,2748109,2025-08-07,2025-08-15,9,38.8,37.2,2025
Roma,large,058091,2748109,2025-09-16,2025-09-19,4,32.0,31.4,2025
Ciampino,medium,058118,38595,1983-07-18,1983-07-20,3,35.0,34.6,1983
Ciampino,medium,058118,38595,1983-07-25,1983-07-28,4,36.5,35.3,1983
Ciampino,medium,058118,38595,1987-09-12,1987-09-18,7,33.0,31.9,1987
Ciampino,medium,058118,38595,1996-06-09,1996-06-11,3,30.3,30.2,1996
Ciampino,medium,058118,38595,1998-06-02,1998-06-05,4,31.5,30.3,1998
Ciampino,medium,058118,38595,2000-08-19,2000-08-24,6,34.8,34.1,2000
Ciampino,medium,058118,38595,2002-06-16,2002-06-24,9,33.9,32.1,2002
Ciampino,medium,058118,38595,2003-06-08,2003-06-15,8,33.6,32.6,2003
Ciampino,medium,058118,38595,2003-06-19,2003-06-21,3,31.4,31.2,2003
Ciampino,medium,058118,38595,2003-06-23,2003-06-25,3,32.8,32.7,2003
Ciampino,medium,058118,38595,2003-08-04,2003-08-06,3,35.6,35.4,2003
Ciampino,medium,058118,38595,2003-08-08,2003-08-12,5,35.1,34.6,2003
Ciampino,medium,058118,38595,2003-08-16,2003-08-20,5,34.5,34.0,2003
Ciampino,medium,058118,38595,2005-05-27,2005-05-29,3,28.9,28.8,2005
Ciampino,medium,058118,38595,2005-06-25,2005-06-28,4,33.9,33.1,2005
Ciampino,medium,058118,38595,2006-06-18,2006-06-28,11,33.5,32.6,2006
Ciampino,medium,058118,38595,2007-08-23,2007-08-25,3,36.9,35.9,2007
Ciampino,medium,058118,38595,2008-05-25,2008-05-27,3,30.4,29.3,2008
Ciampino,medium,058118,38595,2008-09-08,2008-09-11,4,32.9,32.1,2008
Ciampino,medium,058118,38595,2009-05-19,2009-05-25,7,30.9,29.4,2009
Ciampino,medium,058118,38595,2009-08-16,2009-08-21,6,34.8,33.9,2009
Ciampino,medium,058118,38595,2011-08-19,2011-08-25,7,35.0,34.6,2011
Ciampino,medium,058118,38595,2011-09-14,2011-09-16,3,31.9,31.3,2011
Ciampino,medium,058118,38595,2012-06-16,2012-06-19,4,32.8,31.9,2012
Ciampino,medium,058118,38595,2012-06-21,2012-06-23,3,32.6,32.2,2012
Ciampino,medium,058118,38595,2012-06-29,2012-07-01,3,34.3,33.4,2012
Ciampino,medium,058118,38595,2012-08-05,2012-08-07,3,35.9,35.0,2012
Ciampino,medium,058118,38595,2012-08-20,2012-08-22,3,34.4,33.9,2012
Ciampino,medium,058118,38595,2013-08-03,2013-08-07,5,36.4,35.3,2013
Ciampino,medium,058118,38595,2014-06-06,2014-06-12,7,31.7,30.7,2014
Ciampino,medium,058118,38595,2015-06-04,2015-06-06,3,30.0,29.6,2015
Ciampino,medium,058118,38595,2015-07-15,2015-07-17,3,35.0,34.7,2015
Ciampino,medium,058118,38595,2015-07-19,2015-07-21,3,34.7,34.5,2015
Ciampino,medium,058118,38595,2015-08-04,2015-08-07,4,34.9,34.5,2015
Ciampino,medium,058118,38595,2016-06-22,2016-06-24,3,32.6,32.3,2016
Ciampino,medium,058118,38595,2017-06-25,2017-06-27,3,32.2,32.0,2017
Ciampino,medium,058118,38595,2017-07-04,2017-07-08,5,34.9,34.2,2017
Ciampino,medium,058118,38595,2017-07-30,2017-08-09,11,38.4,36.6,2017
Ciampino,medium,058118,38595,2017-08-14,2017-08-17,4,34.4,34.0,2017
Ciampino,medium,058118,38595,2017-08-26,2017-08-28,3,34.7,34.1,2017
Ciampino,medium,058118,38595,2018-07-28,2018-08-01,5,35.4,34.5,2018
Ciampino,medium,058118,38595,2019-06-23,2019-07-05,13,37.7,34.1,2019
Ciampino,medium,058118,38595,2019-07-22,2019-07-25,4,34.8,34.5,2019
Ciampino,medium,058118,38595,2019-08-08,2019-08-12,5,37.1,35.2,2019
Ciampino,medium,058118,38595,2020-07-28,2020-07-31,4,37.7,36.1,2020
Ciampino,medium,058118,38595,2020-08-07,2020-08-12,6,36.0,34.6,2020
Ciampino,medium,058118,38595,2020-09-07,2020-09-09,3,32.1,31.8,2020
Ciampino,medium,058118,38595,2020-09-11,2020-09-18,8,33.6,31.8,2020
Ciampino,medium,058118,38595,2021-06-20,2021-06-22,3,32.9,32.4,2021
Ciampino,medium,058118,38595,2021-06-26,2021-06-28,3,34.2,33.0,2021
Ciampino,medium,058118,38595,2021-08-09,2021-08-15,7,37.3,35.7,2021
Ciampino,medium,058118,38595,2022-05-24,2022-05-27,4,33.7,32.0,2022
Ciampino,medium,058118,38595,2022-05-30,2022-06-07,9,35.6,32.1,2022
Ciampino,medium,058118,38595,2022-06-10,2022-06-22,13,33.3,31.6,2022
Ciampino,medium,058118,38595,2022-06-24,2022-07-05,12,38.7,35.2,2022
Ciampino,medium,058118,38595,2022-07-14,2022-07-24,11,36.1,34.8,2022
Ciampino,medium,058118,38595,2023-07-06,2023-07-11,6,36.9,35.0,2023
Ciampino,medium,058118,38595,2023-07-15,2023-07-20,6,39.5,36.5,2023
Ciampino,medium,058118,38595,2023-07-22,2023-07-24,3,37.4,36.4,2023
Ciampino,medium,058118,38595,2023-08-16,2023-08-26,11,38.3,36.0,2023
Ciampino,medium,058118,38595,2023-09-06,2023-09-11,6,33.4,31.7,2023
Ciampino,medium,058118,38595,2023-09-16,2023-09-18,3,32.0,31.0,2023
Ciampino,medium,058118,38595,2023-10-07,2023-10-09,3,31.2,30.0,2023
Ciampino,medium,058118,38595,2024-06-05,2024-06-08,4,32.0,30.8,2024
Ciampino,medium,058118,38595,2024-06-17,2024-06-20,4,39.0,36.0,2024
Ciampino,medium,058118,38595,2024-07-08,2024-07-18,11,38.1,35.9,2024
Ciampino,medium,058118,38595,2024-07-20,2024-07-23,4,35.3,34.6,2024
Ciampino,medium,058118,38595,2024-07-26,2024-08-02,8,37.3,35.5,2024
Ciampino,medium,058118,38595,2024-08-05,2024-08-16,12,36.5,35.0,2024
Ciampino,medium,058118,38595,2024-08-25,2024-09-01,8,34.7,33.8,2024
Ciampino,medium,058118,38595,2025-05-28,2025-05-30,3,29.9,29.2,2025
Ciampino,medium,058118,38595,2025-06-09,2025-06-15,7,35.7,33.8,2025
Ciampino,medium,058118,38595,2025-06-18,2025-07-05,18,37.2,34.3,2025
Ciampino,medium,058118,38595,2025-08-07,2025-08-15,9,38.5,36.4,2025
Ciampino,medium,058118,38595,2025-09-16,2025-09-19,4,30.8,30.2,2025
Boville,small,058121,18818,1983-07-18,1983-07-20,3,34.7,34.2,1983
Boville,small,058121,18818,1983-07-25,1983-07-28,4,36.1,34.9,1983
Boville,small,058121,18818,1987-09-12,1987-09-18,7,32.7,31.5,1987
Boville,small,058121,18818,1996-06-09,1996-06-11,3,29.9,29.8,1996
Boville,small,058121,18818,1998-06-02,1998-06-05,4,31.2,29.9,1998
Boville,small,058121,18818,2000-08-19,2000-08-24,6,34.5,33.7,2000
Boville,small,058121,18818,2002-06-16,2002-06-24,9,33.5,31.7,2002
Boville,small,058121,18818,2003-06-08,2003-06-15,8,33.3,32.2,2003
Boville,small,058121,18818,2003-06-19,2003-06-21,3,31.0,30.8,2003
Boville,small,058121,18818,2003-06-23,2003-06-25,3,32.5,32.3,2003
Boville,small,058121,18818,2003-08-04,2003-08-06,3,35.3,35.0,2003
Boville,small,058121,18818,2003-08-08,2003-08-12,5,34.7,34.2,2003
Boville,small,058121,18818,2003-08-16,2003-08-20,5,34.1,33.6,2003
Boville,small,058121,18818,2005-05-27,2005-05-29,3,28.5,28.4,2005
Boville,small,058121,18818,2005-06-25,2005-06-28,4,33.5,32.7,2005
Boville,small,058121,18818,2006-06-18,2006-06-28,11,33.1,32.2,2006
Boville,small,058121,18818,2007-08-23,2007-08-25,3,36.5,35.5,2007
Boville,small,058121,18818,2008-05-25,2008-05-27,3,30.0,28.9,2008
Boville,small,058121,18818,2008-09-08,2008-09-11,4,32.5,31.8,2008
Boville,small,058121,18818,2009-05-19,2009-05-25,7,30.5,29.0,2009
Boville,small,058121,18818,2009-08-16,2009-08-21,6,34.4,33.5,2009
Boville,small,058121,18818,2011-08-19,2011-08-25,7,34.6,34.2,2011
Boville,small,058121,18818,2011-09-14,2011-09-16,3,31.6,30.9,2011
Boville,small,058121,18818,2012-06-16,2012-06-19,4,32.5,31.5,2012
Boville,small,058121,18818,2012-06-21,2012-06-23,3,32.2,31.9,2012
Boville,small,058121,18818,2012-06-29,2012-07-01,3,33.9,33.0,2012
Boville,small,058121,18818,2012-08-05,2012-08-07,3,35.6,34.6,2012
Boville,small,058121,18818,2012-08-20,2012-08-22,3,34.1,33.6,2012
Boville,small,058121,18818,2013-08-03,2013-08-07,5,36.1,34.9,2013
Boville,small,058121,18818,2014-06-06,2014-06-12,7,31.4,30.3,2014
Boville,small,058121,18818,2015-06-04,2015-06-06,3,29.6,29.2,2015
Boville,small,058121,18818,2015-07-15,2015-07-17,3,34.6,34.3,2015
Boville,small,058121,18818,2015-07-19,2015-07-21,3,34.3,34.2,2015
Boville,small,058121,18818,2015-08-04,2015-08-07,4,34.6,34.1,2015
Boville,small,058121,18818,2016-06-22,2016-06-24,3,32.2,31.9,2016
Boville,small,058121,18818,2017-07-05,2017-07-08,4,33.6,33.5,2017
Boville,small,058121,18818,2017-07-30,2017-08-09,11,37.6,35.9,2017
Boville,small,058121,18818,2017-08-15,2017-08-17,3,33.2,33.2,2017
Boville,small,058121,18818,2017-08-26,2017-08-28,3,34.0,33.5,2017
Boville,small,058121,18818,2019-06-23,2019-07-02,10,35.2,32.8,2019
Boville,small,058121,18818,2019-08-09,2019-08-12,4,35.6,34.4,2019
Boville,small,058121,18818,2020-07-28,2020-07-31,4,36.5,35.3,2020
Boville,small,058121,18818,2020-08-08,2020-08-10,3,33.8,33.6,2020
Boville,small,058121,18818,2020-09-12,2020-09-17,6,31.8,30.7,2020
Boville,small,058121,18818,2021-06-19,2021-06-22,4,32.3,31.7,2021
Boville,small,058121,18818,2021-08-09,2021-08-15,7,36.1,34.9,2021
Boville,small,058121,18818,2022-05-24,2022-05-27,4,33.2,30.8,2022
Boville,small,058121,18818,2022-05-31,2022-06-06,7,34.1,31.8,2022
Boville,small,058121,18818,2022-06-15,2022-06-17,3,31.4,30.9,2022
Boville,small,058121,18818,2022-06-20,2022-06-22,3,32.4,31.5,2022
Boville,small,058121,18818,2022-06-25,2022-07-05,11,37.1,34.6,2022
Boville,small,058121,18818,2022-07-20,2022-07-24,5,34.8,34.6,2022
Boville,small,058121,18818,2023-07-07,2023-07-10,4,35.2,34.2,2023
Boville,small,058121,18818,2023-07-15,2023-07-19,5,38.5,36.1,2023
Boville,small,058121,18818,2023-07-22,2023-07-24,3,35.7,34.5,2023
Boville,small,058121,18818,2023-08-17,2023-08-26,10,36.6,35.0,2023
Boville,small,058121,18818,2024-06-06,2024-06-08,3,31.1,30.2,2024
Boville,small,058121,18818,2024-06-17,2024-06-20,4,37.6,34.8,2024
Boville,small,058121,18818,2024-07-08,2024-07-18,11,36.9,35.0,2024
Boville,small,058121,18818,2024-07-26,2024-08-01,7,36.8,35.0,2024
Boville,small,058121,18818,2024-08-09,2024-08-15,7,35.3,34.4,2024
Boville,small,058121,18818,2024-08-27,2024-09-01,6,33.2,32.4,2024
Boville,small,058121,18818,2025-06-06,2025-06-15,10,35.3,32.4,2025
Boville,small,058121,18818,2025-06-22,2025-07-05,14,37.6,34.4,2025
Boville,small,058121,18818,2025-08-07,2025-08-15,9,36.8,35.2,2025
Colonna,rural,058035,4240,1982-06-23,1982-06-25,3,33.2,31.9,1982
Colonna,rural,058035,4240,1982-09-02,1982-09-04,3,31.6,31.4,1982
Colonna,rural,058035,4240,1983-07-18,1983-07-20,3,34.6,34.1,1983
Colonna,rural,058035,4240,1983-07-25,1983-07-28,4,36.0,35.1,1983
Colonna,rural,058035,4240,1987-09-13,1987-09-18,6,32.3,31.4,1987
Colonna,rural,058035,4240,1988-07-04,1988-07-07,4,33.6,32.9,1988
Colonna,rural,058035,4240,1998-06-02,1998-06-05,4,30.4,29.7,1998
Colonna,rural,058035,4240,1998-06-29,1998-07-01,3,33.7,32.3,1998
Colonna,rural,058035,4240,2000-08-19,2000-08-26,8,35.1,33.4,2000
Colonna,rural,058035,4240,2002-06-16,2002-06-24,9,32.4,30.8,2002
Colonna,rural,058035,4240,2003-06-08,2003-06-15,8,32.1,31.0,2003
Colonna,rural,058035,4240,2003-06-23,2003-06-25,3,31.7,31.7,2003
Colonna,rural,058035,4240,2003-08-04,2003-08-06,3,35.2,34.9,2003
Colonna,rural,058035,4240,2003-08-08,2003-08-12,5,34.3,33.8,2003
Colonna,rural,058035,4240,2003-08-16,2003-08-20,5,34.1,33.5,2003
Colonna,rural,058035,4240,2005-06-25,2005-06-28,4,32.8,32.1,2005
Colonna,rural,058035,4240,2005-07-27,2005-07-29,3,36.4,34.7,2005
Colonna,rural,058035,4240,2006-06-18,2006-06-28,11,33.1,31.7,2006
Colonna,rural,058035,4240,2007-08-23,2007-08-25,3,36.5,35.4,2007
Colonna,rural,058035,4240,2008-09-08,2008-09-11,4,32.8,31.8,2008
Colonna,rural,058035,4240,2009-05-22,2009-05-25,4,30.1,29.2,2009
Colonna,rural,058035,4240,2009-08-17,2009-08-21,5,33.8,33.3,2009
Colonna,rural,058035,4240,2011-08-19,2011-08-25,7,34.4,34.1,2011
Colonna,rural,058035,4240,2011-09-14,2011-09-16,3,31.4,30.7,2011
Colonna,rural,058035,4240,2012-06-16,2012-06-19,4,32.3,31.2,2012
Colonna,rural,058035,4240,2012-06-21,2012-06-23,3,31.6,31.2,2012
Colonna,rural,058035,4240,2012-06-29,2012-07-01,3,33.2,32.3,2012
Colonna,rural,058035,4240,2012-08-05,2012-08-07,3,35.3,34.2,2012
Colonna,rural,058035,4240,2012-08-20,2012-08-22,3,33.7,33.4,2012
Colonna,rural,058035,4240,2013-08-03,2013-08-07,5,35.3,34.6,2013
Colonna,rural,058035,4240,2014-06-06,2014-06-11,6,30.4,29.6,2014
Colonna,rural,058035,4240,2015-07-19,2015-07-21,3,33.9,33.8,2015
Colonna,rural,058035,4240,2015-08-04,2015-08-07,4,34.0,33.6,2015
Colonna,rural,058035,4240,2016-06-22,2016-06-24,3,31.6,31.3,2016
Colonna,rural,058035,4240,2017-07-05,2017-07-08,4,33.2,32.8,2017
Colonna,rural,058035,4240,2017-07-30,2017-08-08,10,37.9,35.7,2017
Colonna,rural,058035,4240,2017-08-25,2017-08-28,4,33.8,32.9,2017
Colonna,rural,058035,4240,2019-06-12,2019-06-14,3,33.5,30.9,2019
Colonna,rural,058035,4240,2019-06-23,2019-07-05,13,33.6,32.1,2019
Colonna,rural,058035,4240,2019-08-09,2019-08-12,4,35.8,34.3,2019
Colonna,rural,058035,4240,2020-07-28,2020-07-31,4,36.4,35.2,2020
Colonna,rural,058035,4240,2020-08-20,2020-08-22,3,33.7,33.3,2020
Colonna,rural,058035,4240,2020-09-12,2020-09-15,4,31.4,30.4,2020
Colonna,rural,058035,4240,2021-06-19,2021-06-23,5,32.2,31.4,2021
Colonna,rural,058035,4240,2021-08-09,2021-08-14,6,35.8,34.8,2021
Colonna,rural,058035,4240,2022-05-25,2022-05-27,3,31.2,30.2,2022
Colonna,rural,058035,4240,2022-05-31,2022-06-06,7,32.6,31.2,2022
Colonna,rural,058035,4240,2022-06-15,2022-06-17,3,31.2,30.7,2022
Colonna,rural,058035,4240,2022-06-20,2022-06-22,3,32.0,31.1,2022
Colonna,rural,058035,4240,2022-06-25,2022-06-27,3,37.4,35.8,2022
Colonna,rural,058035,4240,2022-06-29,2022-07-05,7,35.8,34.1,2022
Colonna,rural,058035,4240,2022-07-20,2022-07-24,5,35.0,34.5,2022
Colonna,rural,058035,4240,2023-07-08,2023-07-10,3,33.8,33.4,2023
Colonna,rural,058035,4240,2023-07-15,2023-07-19,5,36.8,35.4,2023
Colonna,rural,058035,4240,2023-08-17,2023-08-26,10,35.6,34.4,2023
Colonna,rural,058035,4240,2024-06-06,2024-06-08,3,30.8,29.6,2024
Colonna,rural,058035,4240,2024-06-17,2024-06-20,4,36.7,33.7,2024
Colonna,rural,058035,4240,2024-07-08,2024-07-18,11,36.4,34.7,2024
Colonna,rural,058035,4240,2024-07-26,2024-08-01,7,36.2,34.7,2024
Colonna,rural,058035,4240,2024-08-09,2024-08-14,6,34.4,34.0,2024
Colonna,rural,058035,4240,2024-08-28,2024-09-01,5,33.3,32.2,2024
Colonna,rural,058035,4240,2025-06-10,2025-06-15,6,33.0,32.0,2025
Colonna,rural,058035,4240,2025-06-18,2025-06-20,3,31.8,31.0,2025
Colonna,rural,058035,4240,2025-06-23,2025-07-04,12,35.6,33.5,2025
Colonna,rural,058035,4240,2025-08-07,2025-08-13,7,36.1,34.7,2025
Milano,large,015146,1354196,1982-07-09,1982-07-11,3,33.5,33.0,1982
Milano,large,015146,1354196,1983-07-18,1983-07-20,3,36.4,34.5,1983
Milano,large,015146,1354196,1983-07-25,1983-07-30,6,37.1,35.6,1983
Milano,large,015146,1354196,1987-09-16,1987-09-18,3,30.2,29.8,1987
Milano,large,015146,1354196,1991-06-23,1991-06-25,3,32.0,31.3,1991
Milano,large,015146,1354196,1991-07-02,1991-07-07,6,34.5,33.4,1991
Milano,large,015146,1354196,1991-07-10,1991-07-12,3,35.1,33.8,1991
Milano,large,015146,1354196,1991-08-10,1991-08-12,3,33.0,32.8,1991
Milano,large,015146,1354196,1991-08-24,1991-08-26,3,32.7,32.2,1991
Milano,large,015146,1354196,1993-06-06,1993-06-08,3,30.1,29.8,1993
Milano,large,015146,1354196,1993-08-15,1993-08-22,8,34.1,32.6,1993
Milano,large,015146,1354196,1994-06-29,1994-07-04,6,32.7,32.1,1994
Milano,large,015146,1354196,1994-08-02,1994-08-06,5,34.8,33.9,1994
Milano,large,015146,1354196,1994-08-19,1994-08-22,4,32.4,32.0,1994
Milano,large,015146,1354196,1996-06-03,1996-06-12,10,34.4,31.7,1996
Milano,large,015146,1354196,1998-07-20,1998-07-23,4,34.4,33.7,1998
Milano,large,015146,1354196,1998-08-07,1998-08-15,9,36.7,34.3,1998
Milano,large,015146,1354196,1999-07-02,1999-07-04,3,33.2,32.8,1999
Milano,large,015146,1354196,2001-05-27,2001-05-29,3,30.1,29.3,2001
Milano,large,015146,1354196,2001-06-23,2001-06-26,4,32.5,32.2,2001
Milano,large,015146,1354196,2001-07-29,2001-08-02,5,34.6,33.9,2001
Milano,large,015146,1354196,2001-08-23,2001-08-28,6,34.8,33.5,2001
Milano,large,015146,1354196,2002-06-14,2002-06-19,6,32.0,31.0,2002
Milano,large,015146,1354196,2002-06-21,2002-06-23,3,32.6,31.8,2002
Milano,large,015146,1354196,2003-06-04,2003-06-15,12,36.8,33.9,2003
Milano,large,015146,1354196,2003-06-17,2003-06-26,10,35.6,33.5,2003
Milano,large,015146,1354196,2003-07-09,2003-07-12,4,35.0,33.6,2003
Milano,large,015146,1354196,2003-07-17,2003-07-22,6,34.4,33.9,2003
Milano,large,015146,1354196,2003-08-01,2003-08-16,16,38.4,35.5,2003
Milano,large,015146,1354196,2003-08-21,2003-08-23,3,33.5,32.4,2003
Milano,large,015146,1354196,2004-06-07,2004-06-11,5,33.4,31.3,2004
Milano,large,015146,1354196,2004-07-20,2004-07-22,3,36.2,34.8,2004
Milano,large,015146,1354196,2005-05-26,2005-05-30,5,31.2,30.3,2005
Milano,large,015146,1354196,2005-06-17,2005-06-23,7,34.5,32.5,2005
Milano,large,015146,1354196,2005-06-25,2005-06-27,3,34.3,33.9,2005
Milano,large,015146,1354196,2005-07-27,2005-07-29,3,33.6,33.3,2005
Milano,large,015146,1354196,2006-06-12,2006-06-23,12,34.2,32.0,2006
Milano,large,015146,1354196,2006-07-18,2006-07-26,9,36.4,34.9,2006
Milano,large,015146,1354196,2007-05-20,2007-05-24,5,31.9,30.7,2007
Milano,large,015146,1354196,2007-07-14,2007-07-20,7,34.6,33.7,2007
Milano,large,015146,1354196,2009-05-22,2009-05-25,4,32.9,31.3,2009
Milano,large,015146,1354196,2009-06-12,2009-06-15,4,31.9,30.6,2009
Milano,large,015146,1354196,2009-08-16,2009-08-20,5,34.4,33.9,2009
Milano,large,015146,1354196,2010-07-01,2010-07-03,3,33.3,32.2,2010
Milano,large,015146,1354196,2010-07-14,2010-07-16,3,34.0,33.7,2010
Milano,large,015146,1354196,2011-05-20,2011-05-25,6,30.7,29.5,2011
Milano,large,015146,1354196,2011-08-18,2011-08-25,8,35.3,34.1,2011
Milano,large,015146,1354196,2012-08-17,2012-08-24,8,35.8,33.7,2012
Milano,large,015146,1354196,2013-07-24,2013-07-27,4,35.1,33.6,2013
Milano,large,015146,1354196,2013-08-02,2013-08-05,4,34.0,33.6,2013
Milano,large,015146,1354196,2014-06-06,2014-06-12,7,34.6,33.0,2014
Milano,large,015146,1354196,2015-06-03,2015-06-06,4,31.3,30.6,2015
Milano,large,015146,1354196,2015-07-01,2015-07-06,6,34.2,33.1,2015
Milano,large,015146,1354196,2015-07-11,2015-07-22,12,35.4,33.8,2015
Milano,large,015146,1354196,2015-08-05,2015-08-07,3,35.6,35.2,2015
Milano,large,015146,1354196,2017-05-27,2017-05-30,4,30.8,29.9,2017
Milano,large,015146,1354196,2017-06-09,2017-06-13,5,31.6,30.5,2017
Milano,large,015146,1354196,2017-06-19,2017-06-23,5,33.8,33.0,2017
Milano,large,015146,1354196,2017-07-05,2017-07-07,3,33.1,32.3,2017
Milano,large,015146,1354196,2017-08-01,2017-08-04,4,34.2,33.8,2017
Milano,large,015146,1354196,2018-08-20,2018-08-22,3,32.6,31.9,2018
Milano,large,015146,1354196,2019-06-02,2019-06-04,3,29.6,29.2,2019
Milano,large,015146,1354196,2019-06-23,2019-07-01,9,37.6,34.1,2019
Milano,large,015146,1354196,2019-07-20,2019-07-25,6,36.2,34.8,2019
Milano,large,015146,1354196,2020-07-27,2020-07-31,5,35.2,33.8,2020
Milano,large,015146,1354196,2020-08-07,2020-08-11,5,34.0,33.1,2020
Milano,large,015146,1354196,2021-06-11,2021-06-13,3,34.2,32.2,2021
Milano,large,015146,1354196,2021-06-16,2021-06-20,5,32.6,31.6,2021
Milano,large,015146,1354196,2021-08-11,2021-08-15,5,34.2,33.4,2021
Milano,large,015146,1354196,2022-05-19,2022-05-22,4,32.2,30.3,2022
Milano,large,015146,1354196,2022-06-03,2022-06-05,3,29.8,29.2,2022
Milano,large,015146,1354196,2022-06-09,2022-06-20,12,34.6,32.6,2022
Milano,large,015146,1354196,2022-07-01,2022-07-07,7,35.4,33.6,2022
Milano,large,015146,1354196,2022-07-12,2022-07-25,14,37.7,35.1,2022
Milano,large,015146,1354196,2022-08-02,2022-08-05,4,36.8,35.7,2022
Milano,large,015146,1354196,2023-06-20,2023-06-26,7,35.5,33.4,2023
Milano,large,015146,1354196,2023-07-08,2023-07-10,3,34.6,33.8,2023
Milano,large,015146,1354196,2023-08-12,2023-08-15,4,32.8,32.6,2023
Milano,large,015146,1354196,2023-08-17,2023-08-24,8,36.9,35.4,2023
Milano,large,015146,1354196,2024-08-09,2024-08-16,8,33.8,32.9,2024
Milano,large,015146,1354196,2024-08-28,2024-08-30,3,32.0,31.9,2024
Milano,large,015146,1354196,2025-06-07,2025-06-15,9,35.4,32.4,2025
Milano,large,015146,1354196,2025-06-17,2025-06-19,3,33.8,32.8,2025
Milano,large,015146,1354196,2025-06-22,2025-07-03,12,36.2,34.7,2025
Milano,large,015146,1354196,2025-08-07,2025-08-16,10,35.9,34.1,2025
Corsico,medium,015093,34373,1982-07-09,1982-07-11,3,33.9,33.5,1982
Corsico,medium,015093,34373,1983-07-25,1983-07-30,6,37.0,35.8,1983
Corsico,medium,015093,34373,1987-09-16,1987-09-18,3,30.8,30.4,1987
Corsico,medium,015093,34373,1991-06-23,1991-06-25,3,33.3,32.5,1991
Corsico,medium,015093,34373,1991-07-02,1991-07-08,7,35.6,34.3,1991
Corsico,medium,015093,34373,1991-07-10,1991-07-12,3,36.0,34.8,1991
Corsico,medium,015093,34373,1991-08-05,1991-08-07,3,34.5,34.0,1991
Corsico,medium,015093,34373,1991-08-10,1991-08-12,3,33.9,33.5,1991
Corsico,medium,015093,34373,1991-08-24,1991-08-26,3,33.5,33.1,1991
Corsico,medium,015093,34373,1993-06-06,1993-06-08,3,30.6,30.3,1993
Corsico,medium,015093,34373,1993-08-15,1993-08-22,8,34.7,33.3,1993
Corsico,medium,015093,34373,1994-06-29,1994-07-04,6,33.1,32.5,1994
Corsico,medium,015093,34373,1994-08-03,1994-08-06,4,34.7,34.1,1994
Corsico,medium,015093,34373,1996-06-03,1996-06-12,10,35.2,32.4,1996
Corsico,medium,015093,34373,1997-05-13,1997-05-16,4,29.3,28.7,1997
Corsico,medium,015093,34373,1998-07-20,1998-07-23,4,35.7,34.8,1998
Corsico,medium,015093,34373,1998-08-07,1998-08-15,9,37.7,35.3,1998
Corsico,medium,015093,34373,1999-05-31,1999-06-02,3,31.1,30.4,1999
Corsico,medium,015093,34373,1999-07-01,1999-07-04,4,34.5,33.7,1999
Corsico,medium,015093,34373,2001-05-27,2001-05-29,3,30.8,29.9,2001
Corsico,medium,015093,34373,2001-06-23,2001-06-26,4,33.5,33.1,2001
Corsico,medium,015093,34373,2001-07-29,2001-08-02,5,35.4,34.6,2001
Corsico,medium,015093,34373,2001-08-14,2001-08-16,3,32.9,32.6,2001
Corsico,medium,015093,34373,2001-08-23,2001-08-28,6,35.4,34.2,2001
Corsico,medium,015093,34373,2002-06-14,2002-06-19,6,33.0,31.8,2002
Corsico,medium,015093,34373,2003-05-05,2003-05-08,4,29.4,28.8,2003
Corsico,medium,015093,34373,2003-05-26,2003-05-28,3,30.3,29.4,2003
Corsico,medium,015093,34373,2003-06-04,2003-06-15,12,37.4,34.4,2003
Corsico,medium,015093,34373,2003-06-17,2003-06-26,10,36.3,34.1,2003
Corsico,medium,015093,34373,2003-07-09,2003-07-12,4,35.3,34.1,2003
Corsico,medium,015093,34373,2003-07-17,2003-07-22,6,35.1,34.6,2003
Corsico,medium,015093,34373,2003-08-01,2003-08-14,14,38.9,36.7,2003
Corsico,medium,015093,34373,2004-06-07,2004-06-11,5,34.2,32.0,2004
Corsico,medium,015093,34373,2004-07-20,2004-07-22,3,36.7,35.6,2004
Corsico,medium,015093,34373,2005-05-26,2005-05-30,5,32.2,31.2,2005
Corsico,medium,015093,34373,2005-06-17,2005-06-23,7,35.0,33.1,2005
Corsico,medium,015093,34373,2005-06-25,2005-06-27,3,34.4,34.1,2005
Corsico,medium,015093,34373,2005-07-27,2005-07-29,3,34.3,34.0,2005
Corsico,medium,015093,34373,2006-06-12,2006-06-23,12,35.1,32.7,2006
Corsico,medium,015093,34373,2006-07-18,2006-07-26,9,37.0,35.3,2006
Corsico,medium,015093,34373,2007-05-19,2007-05-24,6,32.4,30.6,2007
Corsico,medium,015093,34373,2007-07-14,2007-07-20,7,35.6,34.6,2007
Corsico,medium,015093,34373,2007-07-26,2007-07-28,3,34.8,34.2,2007
Corsico,medium,015093,34373,2009-05-19,2009-05-25,7,33.4,30.5,2009
Corsico,medium,015093,34373,2009-06-12,2009-06-15,4,32.7,31.2,2009
Corsico,medium,015093,34373,2009-08-16,2009-08-20,5,34.6,34.0,2009
Corsico,medium,015093,34373,2010-07-01,2010-07-03,3,34.2,32.9,2010
Corsico,medium,015093,34373,2010-07-14,2010-07-16,3,34.6,34.3,2010
Corsico,medium,015093,34373,2011-05-20,2011-05-25,6,31.3,30.2,2011
Corsico,medium,015093,34373,2011-08-18,2011-08-25,8,36.0,34.8,2011
Corsico,medium,015093,34373,2012-08-17,2012-08-21,5,36.4,35.5,2012
Corsico,medium,015093,34373,2013-07-24,2013-07-27,4,35.6,34.1,2013
Corsico,medium,015093,34373,2013-08-02,2013-08-05,4,34.5,34.0,2013
Corsico,medium,015093,34373,2014-06-06,2014-06-12,7,35.1,33.5,2014
Corsico,medium,015093,34373,2015-06-03,2015-06-06,4,31.9,31.2,2015
Corsico,medium,015093,34373,2015-07-01,2015-07-06,6,34.4,33.4,2015
Corsico,medium,015093,34373,2015-07-11,2015-07-22,12,35.8,34.3,2015
Corsico,medium,015093,34373,2015-08-05,2015-08-07,3,36.4,35.9,2015
Corsico,medium,015093,34373,2017-05-27,2017-05-30,4,30.8,29.9,2017
Corsico,medium,015093,34373,2017-06-11,2017-06-13,3,31.6,31.2,2017
Corsico,medium,015093,34373,2017-06-19,2017-06-23,5,33.8,33.0,2017
Corsico,medium,015093,34373,2017-08-01,2017-08-04,4,34.2,33.8,2017
Corsico,medium,015093,34373,2019-06-24,2019-07-01,8,37.6,34.5,2019
Corsico,medium,015093,34373,2019-07-20,2019-07-25,6,36.2,34.8,2019
Corsico,medium,015093,34373,2020-08-08,2020-08-10,3,34.0,33.6,2020
Corsico,medium,015093,34373,2021-06-11,2021-06-13,3,34.2,32.2,2021
Corsico,medium,015093,34373,2021-08-12,2021-08-15,4,34.2,33.6,2021
Corsico,medium,015093,34373,2022-05-19,2022-05-22,4,32.2,30.3,2022
Corsico,medium,015093,34373,2022-06-10,2022-06-20,11,34.6,32.8,2022
Corsico,medium,015093,34373,2022-07-01,2022-07-04,4,35.4,34.2,2022
Corsico,medium,015093,34373,2022-07-13,2022-07-25,13,37.7,35.3,2022
Corsico,medium,015093,34373,2022-08-02,2022-08-05,4,36.8,35.7,2022
Corsico,medium,015093,34373,2023-06-21,2023-06-26,6,35.5,33.8,2023
Corsico,medium,015093,34373,2023-08-12,2023-08-14,3,32.8,32.7,2023
Corsico,medium,015093,34373,2023-08-17,2023-08-24,8,36.9,35.4,2023
Corsico,medium,015093,34373,2024-08-09,2024-08-13,5,33.8,33.4,2024
Corsico,medium,015093,34373,2025-06-09,2025-06-14,6,35.4,33.7,2025
Corsico,medium,015093,34373,2025-06-17,2025-06-19,3,33.8,32.8,2025
Corsico,medium,015093,34373,2025-06-22,2025-07-03,12,36.2,34.7,2025
Corsico,medium,015093,34373,2025-08-08,2025-08-16,9,35.9,34.3,2025
Novate Milanese,small,015157,19910,1982-07-09,1982-07-11,3,33.5,33.2,1982
Novate Milanese,small,015157,19910,1983-07-18,1983-07-20,3,36.4,34.6,1983
Novate Milanese,small,015157,19910,1983-07-25,1983-07-30,6,37.0,35.6,1983
Novate Milanese,small,015157,19910,1987-09-16,1987-09-18,3,30.1,29.7,1987
Novate Milanese,small,015157,19910,1991-07-02,1991-07-07,6,34.7,33.6,1991
Novate Milanese,small,015157,19910,1991-07-10,1991-07-12,3,35.4,34.1,1991
Novate Milanese,small,015157,19910,1991-08-10,1991-08-12,3,33.2,33.0,1991
Novate Milanese,small,015157,19910,1991-08-24,1991-08-26,3,32.9,32.5,1991
Novate Milanese,small,015157,19910,1993-06-06,1993-06-08,3,30.1,29.8,1993
Novate Milanese,small,015157,19910,1993-08-15,1993-08-22,8,34.2,32.7,1993
Novate Milanese,small,015157,19910,1994-06-29,1994-07-04,6,32.4,31.9,1994
Novate Milanese,small,015157,19910,1994-08-03,1994-08-06,4,34.6,34.0,1994
Novate Milanese,small,015157,19910,1996-06-03,1996-06-12,10,34.5,31.8,1996
Novate Milanese,small,015157,19910,1998-07-20,1998-07-23,4,34.4,33.6,1998
Novate Milanese,small,015157,19910,1998-08-07,1998-08-15,9,36.7,34.3,1998
Novate Milanese,small,015157,19910,1999-07-02,1999-07-04,3,33.4,32.9,1999
Novate Milanese,small,015157,19910,2001-05-27,2001-05-29,3,30.2,29.3,2001
Novate Milanese,small,015157,19910,2001-06-23,2001-06-26,4,32.7,32.3,2001
Novate Milanese,small,015157,19910,2001-07-29,2001-08-02,5,34.7,33.9,2001
Novate Milanese,small,015157,19910,2001-08-23,2001-08-28,6,34.8,33.5,2001
Novate Milanese,small,015157,19910,2002-06-14,2002-06-19,6,32.1,31.0,2002
Novate Milanese,small,015157,19910,2003-05-05,2003-05-07,3,28.9,28.5,2003
Novate Milanese,small,015157,19910,2003-05-26,2003-05-28,3,29.4,28.7,2003
Novate Milanese,small,015157,19910,2003-06-04,2003-06-15,12,36.8,33.9,2003
Novate Milanese,small,015157,19910,2003-06-17,2003-06-26,10,35.7,33.6,2003
Novate Milanese,small,015157,19910,2003-07-09,2003-07-12,4,34.9,33.7,2003
Novate Milanese,small,015157,19910,2003-07-17,2003-07-22,6,34.5,34.0,2003
Novate Milanese,small,015157,19910,2003-08-01,2003-08-14,14,38.5,36.0,2003
Novate Milanese,small,015157,19910,2003-08-21,2003-08-23,3,33.5,32.4,2003
Novate Milanese,small,015157,19910,2004-06-07,2004-06-11,5,33.5,31.4,2004
Novate Milanese,small,015157,19910,2004-07-20,2004-07-22,3,36.2,34.9,2004
Novate Milanese,small,015157,19910,2005-05-26,2005-05-30,5,31.5,30.5,2005
Novate Milanese,small,015157,19910,2005-06-17,2005-06-23,7,34.6,32.6,2005
Novate Milanese,small,015157,19910,2005-06-25,2005-06-27,3,34.2,33.7,2005
Novate Milanese,small,015157,19910,2005-07-27,2005-07-29,3,33.6,33.3,2005
Novate Milanese,small,015157,19910,2006-06-12,2006-06-23,12,34.3,32.0,2006
Novate Milanese,small,015157,19910,2006-07-18,2006-07-26,9,36.4,34.9,2006
Novate Milanese,small,015157,19910,2007-05-20,2007-05-24,5,31.8,30.5,2007
Novate Milanese,small,015157,19910,2007-07-14,2007-07-19,6,34.6,33.8,2007
Novate Milanese,small,015157,19910,2007-07-26,2007-07-28,3,34.0,33.5,2007
Novate Milanese,small,015157,19910,2009-05-20,2009-05-25,6,33.1,30.3,2009
Novate Milanese,small,015157,19910,2009-06-12,2009-06-15,4,31.9,30.5,2009
Novate Milanese,small,015157,19910,2009-08-16,2009-08-20,5,34.1,33.6,2009
Novate Milanese,small,015157,19910,2010-07-01,2010-07-04,4,33.7,32.3,2010
Novate Milanese,small,015157,19910,2010-07-14,2010-07-16,3,34.1,33.8,2010
Novate Milanese,small,015157,19910,2011-05-20,2011-05-25,6,30.9,29.6,2011
Novate Milanese,small,015157,19910,2011-08-18,2011-08-25,8,35.3,34.1,2011
Novate Milanese,small,015157,19910,2012-08-17,2012-08-21,5,35.7,34.8,2012
Novate Milanese,small,015157,19910,2013-07-24,2013-07-27,4,35.1,33.6,2013
Novate Milanese,small,015157,19910,2013-08-02,2013-08-05,4,33.8,33.4,2013
Novate Milanese,small,015157,19910,2014-06-06,2014-06-12,7,34.6,33.1,2014
Novate Milanese,small,015157,19910,2015-06-03,2015-06-06,4,31.3,30.6,2015
Novate Milanese,small,015157,19910,2015-07-01,2015-07-06,6,34.1,33.0,2015
Novate Milanese,small,015157,19910,2015-07-11,2015-07-22,12,35.3,33.7,2015
Novate Milanese,small,015157,19910,2015-08-05,2015-08-07,3,35.6,35.1,2015
Novate Milanese,small,015157,19910,2017-05-27,2017-05-30,4,30.7,29.7,2017
Novate Milanese,small,015157,19910,2017-06-11,2017-06-13,3,31.4,31.1,2017
Novate Milanese,small,015157,19910,2017-06-19,2017-06-23,5,34.3,33.3,2017
Novate Milanese,small,015157,19910,2017-08-02,2017-08-04,3,33.4,33.3,2017
Novate Milanese,small,015157,19910,2018-07-29,2018-08-01,4,34.7,33.7,2018
Novate Milanese,small,015157,19910,2018-08-19,2018-08-22,4,32.8,32.2,2018
Novate Milanese,small,015157,19910,2019-06-24,2019-07-01,8,37.2,34.2,2019
Novate Milanese,small,015157,19910,2019-07-20,2019-07-25,6,35.8,34.4,2019
Novate Milanese,small,015157,19910,2020-08-08,2020-08-11,4,33.6,32.9,2020
Novate Milanese,small,015157,19910,2021-06-11,2021-06-13,3,33.8,31.7,2021
Novate Milanese,small,015157,19910,2021-06-16,2021-06-20,5,32.1,31.2,2021
Novate Milanese,small,015157,19910,2021-08-12,2021-08-14,3,33.4,33.0,2021
Novate Milanese,small,015157,19910,2022-05-19,2022-05-22,4,32.1,30.2,2022
Novate Milanese,small,015157,19910,2022-06-09,2022-06-20,12,34.5,32.6,2022
Novate Milanese,small,015157,19910,2022-07-01,2022-07-07,7,35.2,33.4,2022
Novate Milanese,small,015157,19910,2022-07-12,2022-07-25,14,37.2,34.9,2022
Novate Milanese,small,015157,19910,2022-08-02,2022-08-05,4,36.6,35.5,2022
Novate Milanese,small,015157,19910,2023-06-21,2023-06-26,6,34.6,33.1,2023
Novate Milanese,small,015157,19910,2023-07-08,2023-07-10,3,34.6,33.6,2023
Novate Milanese,small,015157,19910,2023-08-12,2023-08-15,4,32.6,32.5,2023
Novate Milanese,small,015157,19910,2023-08-17,2023-08-24,8,36.8,35.4,2023
Novate Milanese,small,015157,19910,2024-08-09,2024-08-16,8,33.6,32.6,2024
Novate Milanese,small,015157,19910,2025-06-09,2025-06-15,7,35.2,33.1,2025
Novate Milanese,small,015157,19910,2025-06-17,2025-06-19,3,34.4,33.3,2025
Novate Milanese,small,015157,19910,2025-06-22,2025-07-03,12,36.2,34.8,2025
Novate Milanese,small,015157,19910,2025-08-07,2025-08-17,11,36.3,34.5,2025
Noviglio,rural,015158,4530,1982-07-09,1982-07-11,3,33.9,33.6,1982
Noviglio,rural,015158,4530,1983-07-25,1983-07-30,6,37.1,35.8,1983
Noviglio,rural,015158,4530,1987-09-16,1987-09-18,3,30.9,30.5,1987
Noviglio,rural,015158,4530,1991-06-23,1991-06-25,3,33.4,32.6,1991
Noviglio,rural,015158,4530,1991-07-02,1991-07-08,7,35.6,34.4,1991
Noviglio,rural,015158,4530,1991-07-10,1991-07-12,3,36.1,34.9,1991
Noviglio,rural,015158,4530,1991-08-05,1991-08-07,3,34.6,34.1,1991
Noviglio,rural,015158,4530,1991-08-10,1991-08-12,3,34.0,33.6,1991
Noviglio,rural,015158,4530,1991-08-24,1991-08-26,3,33.5,33.1,1991
Noviglio,rural,015158,4530,1993-06-06,1993-06-08,3,30.7,30.3,1993
Noviglio,rural,015158,4530,1993-08-15,1993-08-22,8,34.7,33.4,1993
Noviglio,rural,015158,4530,1994-06-29,1994-07-04,6,33.1,32.5,1994
Noviglio,rural,015158,4530,1994-08-03,1994-08-06,4,34.7,34.2,1994
Noviglio,rural,015158,4530,1996-06-03,1996-06-12,10,35.2,32.5,1996
Noviglio,rural,015158,4530,1997-05-13,1997-05-16,4,29.3,28.8,1997
Noviglio,rural,015158,4530,1998-05-11,1998-05-13,3,28.8,28.3,1998
Noviglio,rural,015158,4530,1998-07-20,1998-07-23,4,35.7,34.9,1998
Noviglio,rural,015158,4530,1998-08-07,1998-08-15,9,37.7,35.4,1998
Noviglio,rural,015158,4530,1999-05-31,1999-06-02,3,31.2,30.5,1999
Noviglio,rural,015158,4530,1999-07-01,1999-07-04,4,34.5,33.8,1999
Noviglio,rural,015158,4530,2001-05-27,2001-05-29,3,30.8,29.9,2001
Noviglio,rural,015158,4530,2001-06-23,2001-06-26,4,33.5,33.2,2001
Noviglio,rural,015158,4530,2001-07-29,2001-08-02,5,35.5,34.7,2001
Noviglio,rural,015158,4530,2001-08-14,2001-08-16,3,33.0,32.7,2001
Noviglio,rural,015158,4530,2001-08-23,2001-08-28,6,35.4,34.3,2001
Noviglio,rural,015158,4530,2002-06-14,2002-06-19,6,33.0,31.9,2002
Noviglio,rural,015158,4530,2003-05-05,2003-05-08,4,29.4,28.9,2003
Noviglio,rural,015158,4530,2003-05-26,2003-05-28,3,30.4,29.5,2003
Noviglio,rural,015158,4530,2003-06-04,2003-06-15,12,37.5,34.5,2003
Noviglio,rural,015158,4530,2003-06-17,2003-06-26,10,36.3,34.2,2003
Noviglio,rural,015158,4530,2003-07-09,2003-07-12,4,35.4,34.2,2003
Noviglio,rural,015158,4530,2003-07-17,2003-07-22,6,35.2,34.6,2003
Noviglio,rural,015158,4530,2003-08-01,2003-08-14,14,39.0,36.8,2003
Noviglio,rural,015158,4530,2004-06-07,2004-06-11,5,34.2,32.1,2004
Noviglio,rural,015158,4530,2004-07-20,2004-07-22,3,36.8,35.7,2004
Noviglio,rural,015158,4530,2005-05-26,2005-05-30,5,32.3,31.3,2005
Noviglio,rural,015158,4530,2005-06-17,2005-06-23,7,35.0,33.2,2005
Noviglio,rural,015158,4530,2005-06-25,2005-06-27,3,34.5,34.2,2005
Noviglio,rural,015158,4530,2005-07-27,2005-07-29,3,34.4,34.0,2005
Noviglio,rural,015158,4530,2006-06-12,2006-06-23,12,35.1,32.8,2006
Noviglio,rural,015158,4530,2006-07-18,2006-07-26,9,37.1,35.4,2006
Noviglio,rural,015158,4530,2007-05-19,2007-05-24,6,32.5,30.7,2007
Noviglio,rural,015158,4530,2007-07-14,2007-07-20,7,35.7,34.6,2007
Noviglio,rural,015158,4530,2007-07-26,2007-07-28,3,34.8,34.3,2007
Noviglio,rural,015158,4530,2009-05-19,2009-05-25,7,33.4,30.5,2009
Noviglio,rural,015158,4530,2009-06-12,2009-06-15,4,32.7,31.3,2009
Noviglio,rural,015158,4530,2009-08-16,2009-08-20,5,34.6,34.1,2009
Noviglio,rural,015158,4530,2010-07-01,2010-07-03,3,34.2,33.0,2010
Noviglio,rural,015158,4530,2010-07-14,2010-07-16,3,34.7,34.3,2010
Noviglio,rural,015158,4530,2011-05-20,2011-05-25,6,31.4,30.2,2011
Noviglio,rural,015158,4530,2011-08-18,2011-08-25,8,36.1,34.9,2011
Noviglio,rural,015158,4530,2012-08-17,2012-08-21,5,36.5,35.6,2012
Noviglio,rural,015158,4530,2013-07-24,2013-07-27,4,35.6,34.2,2013
Noviglio,rural,015158,4530,2013-08-02,2013-08-05,4,34.5,34.0,2013
Noviglio,rural,015158,4530,2014-06-06,2014-06-12,7,35.1,33.5,2014
Noviglio,rural,015158,4530,2015-06-03,2015-06-06,4,31.9,31.2,2015
Noviglio,rural,015158,4530,2015-07-01,2015-07-06,6,34.5,33.5,2015
Noviglio,rural,015158,4530,2015-07-11,2015-07-22,12,35.9,34.4,2015
Noviglio,rural,015158,4530,2015-08-05,2015-08-07,3,36.5,35.9,2015
Noviglio,rural,015158,4530,2017-05-27,2017-06-02,7,32.4,31.0,2017
Noviglio,rural,015158,4530,2017-06-09,2017-06-13,5,34.2,32.2,2017
Noviglio,rural,015158,4530,2017-06-18,2017-06-23,6,34.6,33.5,2017
Noviglio,rural,015158,4530,2017-08-01,2017-08-04,4,35.2,34.2,2017
Noviglio,rural,015158,4530,2018-07-30,2018-08-01,3,34.8,34.2,2018
Noviglio,rural,015158,4530,2018-08-19,2018-08-22,4,33.6,33.3,2018
Noviglio,rural,015158,4530,2019-06-23,2019-07-02,10,40.6,35.3,2019
Noviglio,rural,015158,4530,2019-07-04,2019-07-07,4,34.8,33.8,2019
Noviglio,rural,015158,4530,2019-07-20,2019-07-25,6,36.8,35.6,2019
Noviglio,rural,015158,4530,2020-08-07,2020-08-10,4,35.1,34.0,2020
Noviglio,rural,015158,4530,2021-06-11,2021-06-13,3,35.8,33.3,2021
Noviglio,rural,015158,4530,2021-06-16,2021-06-18,3,33.4,32.8,2021
Noviglio,rural,015158,4530,2021-08-11,2021-08-15,5,35.0,34.2,2021
Noviglio,rural,015158,4530,2022-05-19,2022-05-22,4,32.0,30.1,2022
Noviglio,rural,015158,4530,2022-06-10,2022-06-20,11,35.0,32.6,2022
Noviglio,rural,015158,4530,2022-07-01,2022-07-04,4,36.4,34.6,2022
Noviglio,rural,015158,4530,2022-07-13,2022-07-25,13,37.6,35.3,2022
Noviglio,rural,015158,4530,2022-08-02,2022-08-05,4,36.6,35.1,2022
Noviglio,rural,015158,4530,2023-06-21,2023-06-26,6,35.0,33.6,2023
Noviglio,rural,015158,4530,2023-08-17,2023-08-24,8,36.4,35.1,2023
Noviglio,rural,015158,4530,2024-08-09,2024-08-12,4,34.0,33.6,2024
Noviglio,rural,015158,4530,2025-06-10,2025-06-14,5,34.0,33.0,2025
Noviglio,rural,015158,4530,2025-06-17,2025-06-19,3,33.2,32.0,2025
Noviglio,rural,015158,4530,2025-06-22,2025-07-03,12,36.4,34.1,2025
Noviglio,rural,015158,4530,2025-08-08,2025-08-15,8,35.6,33.7,2025
Napoli,large,063049,913462,1981-08-02,1981-08-04,3,36.0,34.5,1981
Napoli,large,063049,913462,1982-06-23,1982-06-25,3,32.6,31.6,1982
Napoli,large,063049,913462,1982-09-01,1982-09-04,4,33.0,32.6,1982
Napoli,large,063049,913462,1983-07-25,1983-07-27,3,35.2,34.2,1983
Napoli,large,063049,913462,1987-09-15,1987-09-18,4,32.9,31.9,1987
Napoli,large,063049,913462,1992-08-05,1992-08-07,3,33.8,33.4,1992
Napoli,large,063049,913462,1993-06-07,1993-06-09,3,29.6,29.2,1993
Napoli,large,063049,913462,1993-07-02,1993-07-04,3,34.0,32.7,1993
Napoli,large,063049,913462,1994-06-29,1994-07-01,3,32.5,31.4,1994
Napoli,large,063049,913462,1994-08-03,1994-08-05,3,33.7,33.4,1994
Napoli,large,063049,913462,1997-06-16,1997-06-18,3,31.5,30.9,1997
Napoli,large,063049,913462,1998-06-03,1998-06-05,3,31.3,30.6,1998
Napoli,large,063049,913462,2000-08-20,2000-08-22,3,32.6,32.6,2000
Napoli,large,063049,913462,2002-06-21,2002-06-24,4,31.4,31.2,2002
Napoli,large,063049,913462,2003-06-08,2003-06-15,8,32.3,31.4,2003
Napoli,large,063049,913462,2003-06-18,2003-06-20,3,30.6,30.3,2003
Napoli,large,063049,913462,2003-06-27,2003-06-29,3,31.2,30.8,2003
Napoli,large,063049,913462,2003-08-03,2003-08-12,10,34.8,33.9,2003
Napoli,large,063049,913462,2003-08-16,2003-08-20,5,34.7,33.8,2003
Napoli,large,063049,913462,2005-06-25,2005-06-27,3,32.6,31.8,2005
Napoli,large,063049,913462,2005-07-27,2005-07-29,3,35.4,34.2,2005
Napoli,large,063049,913462,2006-06-17,2006-06-22,6,31.6,31.0,2006
Napoli,large,063049,913462,2006-06-24,2006-06-28,5,34.6,32.4,2006
Napoli,large,063049,913462,2007-06-23,2007-06-25,3,31.3,31.2,2007
Napoli,large,063049,913462,2007-07-17,2007-07-19,3,33.4,33.1,2007
Napoli,large,063049,913462,2007-08-21,2007-08-26,6,36.6,34.8,2007
Napoli,large,063049,913462,2008-05-25,2008-05-27,3,31.0,29.5,2008
Napoli,large,063049,913462,2009-08-18,2009-08-20,3,34.6,34.2,2009
Napoli,large,063049,913462,2011-08-19,2011-08-22,4,34.6,33.7,2011
Napoli,large,063049,913462,2011-09-14,2011-09-16,3,30.9,30.8,2011
Napoli,large,063049,913462,2012-06-15,2012-06-18,4,31.0,30.5,2012
Napoli,large,063049,913462,2012-06-29,2012-07-01,3,31.6,31.5,2012
Napoli,large,063049,913462,2012-08-16,2012-08-19,4,34.2,33.8,2012
Napoli,large,063049,913462,2013-08-03,2013-08-05,3,34.4,33.9,2013
Napoli,large,063049,913462,2014-06-07,2014-06-11,5,30.6,29.8,2014
Napoli,large,063049,913462,2015-07-02,2015-07-04,3,32.9,32.3,2015
Napoli,large,063049,913462,2015-07-14,2015-07-22,9,34.8,33.5,2015
Napoli,large,063049,913462,2015-08-03,2015-08-07,5,35.3,34.3,2015
Napoli,large,063049,913462,2015-09-15,2015-09-17,3,32.4,31.8,2015
Napoli,large,063049,913462,2016-06-22,2016-06-24,3,31.7,31.1,2016
Napoli,large,063049,913462,2019-06-24,2019-06-29,6,33.0,32.1,2019
Napoli,large,063049,913462,2020-05-15,2020-05-17,3,33.2,30.6,2020
Napoli,large,063049,913462,2020-09-07,2020-09-09,3,32.4,31.7,2020
Napoli,large,063049,913462,2020-09-12,2020-09-18,7,34.0,32.0,2020
Napoli,large,063049,913462,2021-06-20,2021-06-28,9,32.7,31.5,2021
Napoli,large,063049,913462,2021-07-25,2021-07-27,3,35.4,34.7,2021
Napoli,large,063049,913462,2021-08-08,2021-08-14,7,36.2,34.5,2021
Napoli,large,063049,913462,2022-05-24,2022-05-26,3,32.0,30.2,2022
Napoli,large,063049,913462,2022-06-01,2022-06-05,5,30.7,30.0,2022
Napoli,large,063049,913462,2022-06-10,2022-06-12,3,31.0,30.5,2022
Napoli,large,063049,913462,2022-06-25,2022-06-27,3,35.6,34.8,2022
Napoli,large,063049,913462,2022-06-29,2022-07-05,7,33.6,32.2,2022
Napoli,large,063049,913462,2022-07-16,2022-07-18,3,34.4,33.7,2022
Napoli,large,063049,913462,2022-07-30,2022-08-02,4,35.4,34.4,2022
Napoli,large,063049,913462,2022-08-06,2022-08-09,4,35.0,34.0,2022
Napoli,large,063049,913462,2023-07-07,2023-07-09,3,33.7,32.7,2023
Napoli,large,063049,913462,2023-07-15,2023-07-17,3,34.4,33.4,2023
Napoli,large,063049,913462,2023-08-19,2023-08-23,5,36.6,34.8,2023
Napoli,large,063049,913462,2023-09-05,2023-09-09,5,32.6,31.9,2023
Napoli,large,063049,913462,2024-06-18,2024-06-20,3,33.9,32.0,2024
Napoli,large,063049,913462,2024-07-24,2024-07-30,7,36.6,34.0,2024
Napoli,large,063049,913462,2024-08-09,2024-08-11,3,35.9,34.7,2024
Napoli,large,063049,913462,2024-08-13,2024-08-16,4,34.8,33.7,2024
Napoli,large,063049,913462,2024-08-23,2024-08-31,9,33.9,33.1,2024
Napoli,large,063049,913462,2025-06-08,2025-06-14,7,32.0,30.9,2025
Napoli,large,063049,913462,2025-06-18,2025-07-05,18,36.6,33.2,2025
Napoli,large,063049,913462,2025-08-07,2025-08-13,7,35.9,34.4,2025
San Giorgio a Cremano,medium,063067,42485,1981-08-02,1981-08-04,3,35.9,34.4,1981
San Giorgio a Cremano,medium,063067,42485,1982-06-23,1982-06-25,3,32.6,31.5,1982
San Giorgio a Cremano,medium,063067,42485,1982-09-01,1982-09-04,4,32.9,32.5,1982
San Giorgio a Cremano,medium,063067,42485,1983-07-25,1983-07-27,3,35.2,34.1,1983
San Giorgio a Cremano,medium,063067,42485,1987-09-15,1987-09-18,4,32.8,31.8,1987
San Giorgio a Cremano,medium,063067,42485,1992-08-05,1992-08-07,3,33.7,33.3,1992
San Giorgio a Cremano,medium,063067,42485,1993-06-07,1993-06-09,3,29.5,29.1,1993
San Giorgio a Cremano,medium,063067,42485,1993-07-02,1993-07-04,3,34.0,32.7,1993
San Giorgio a Cremano,medium,063067,42485,1994-06-29,1994-07-01,3,32.4,31.3,1994
San Giorgio a Cremano,medium,063067,42485,1994-08-03,1994-08-05,3,33.6,33.3,1994
San Giorgio a Cremano,medium,063067,42485,1997-06-16,1997-06-18,3,31.4,30.8,1997
San Giorgio a Cremano,medium,063067,42485,1998-06-03,1998-06-05,3,31.2,30.5,1998
San Giorgio a Cremano,medium,063067,42485,2000-08-20,2000-08-22,3,32.6,32.5,2000
San Giorgio a Cremano,medium,063067,42485,2002-06-21,2002-06-24,4,31.3,31.1,2002
San Giorgio a Cremano,medium,063067,42485,2003-06-08,2003-06-15,8,32.2,31.3,2003
San Giorgio a Cremano,medium,063067,42485,2003-06-18,2003-06-20,3,30.6,30.3,2003
San Giorgio a Cremano,medium,063067,42485,2003-06-27,2003-06-29,3,31.2,30.8,2003
San Giorgio a Cremano,medium,063067,42485,2003-08-03,2003-08-12,10,34.7,33.8,2003
San Giorgio a Cremano,medium,063067,42485,2003-08-16,2003-08-20,5,34.6,33.8,2003
San Giorgio a Cremano,medium,063067,42485,2005-06-25,2005-06-27,3,32.6,31.7,2005
San Giorgio a Cremano,medium,063067,42485,2005-07-27,2005-07-29,3,35.3,34.1,2005
San Giorgio a Cremano,medium,063067,42485,2006-06-17,2006-06-22,6,31.5,31.0,2006
San Giorgio a Cremano,medium,063067,42485,2006-06-24,2006-06-28,5,34.5,32.3,2006
San Giorgio a Cremano,medium,063067,42485,2007-06-23,2007-06-25,3,31.2,31.1,2007
San Giorgio a Cremano,medium,063067,42485,2007-07-17,2007-07-19,3,33.3,33.0,2007
San Giorgio a Cremano,medium,063067,42485,2007-08-21,2007-08-26,6,36.5,34.7,2007
San Giorgio a Cremano,medium,063067,42485,2008-05-25,2008-05-27,3,30.9,29.4,2008
San Giorgio a Cremano,medium,063067,42485,2009-08-18,2009-08-20,3,34.5,34.1,2009
San Giorgio a Cremano,medium,063067,42485,2011-08-19,2011-08-22,4,34.5,33.7,2011
San Giorgio a Cremano,medium,063067,42485,2011-09-14,2011-09-16,3,30.8,30.8,2011
San Giorgio a Cremano,medium,063067,42485,2012-06-15,2012-06-18,4,30.9,30.4,2012
San Giorgio a Cremano,medium,063067,42485,2012-06-29,2012-07-01,3,31.6,31.4,2012
San Giorgio a Cremano,medium,063067,42485,2012-08-16,2012-08-19,4,34.1,33.7,2012
San Giorgio a Cremano,medium,063067,42485,2013-08-03,2013-08-05,3,34.4,33.9,2013
San Giorgio a Cremano,medium,063067,42485,2014-06-07,2014-06-11,5,30.5,29.8,2014
San Giorgio a Cremano,medium,063067,42485,2015-07-02,2015-07-04,3,32.8,32.2,2015
San Giorgio a Cremano,medium,063067,42485,2015-07-14,2015-07-22,9,34.7,33.5,2015
San Giorgio a Cremano,medium,063067,42485,2015-08-03,2015-08-07,5,35.2,34.2,2015
San Giorgio a Cremano,medium,063067,42485,2015-09-15,2015-09-17,3,32.4,31.8,2015
San Giorgio a Cremano,medium,063067,42485,2016-06-22,2016-06-24,3,31.6,31.0,2016
San Giorgio a Cremano,medium,063067,42485,2019-06-07,2019-06-11,5,31.1,29.9,2019
San Giorgio a Cremano,medium,063067,42485,2019-06-23,2019-06-29,7,34.7,32.6,2019
San Giorgio a Cremano,medium,063067,42485,2020-05-15,2020-05-17,3,33.3,31.0,2020
San Giorgio a Cremano,medium,063067,42485,2020-09-07,2020-09-10,4,32.8,31.8,2020
San Giorgio a Cremano,medium,063067,42485,2020-09-12,2020-09-18,7,34.4,32.4,2020
San Giorgio a Cremano,medium,063067,42485,2021-06-20,2021-06-28,9,34.8,32.5,2021
San Giorgio a Cremano,medium,063067,42485,2021-07-24,2021-07-29,6,35.8,34.1,2021
San Giorgio a Cremano,medium,063067,42485,2021-08-08,2021-08-14,7,37.1,35.2,2021
San Giorgio a Cremano,medium,063067,42485,2022-05-24,2022-05-27,4,33.0,30.9,2022
San Giorgio a Cremano,medium,063067,42485,2022-06-01,2022-06-05,5,32.8,31.3,2022
San Giorgio a Cremano,medium,063067,42485,2022-06-10,2022-06-12,3,31.4,30.9,2022
San Giorgio a Cremano,medium,063067,42485,2022-06-24,2022-07-05,12,37.1,33.2,2022
San Giorgio a Cremano,medium,063067,42485,2022-07-16,2022-07-19,4,35.4,33.9,2022
San Giorgio a Cremano,medium,063067,42485,2022-07-30,2022-08-02,4,36.1,34.8,2022
San Giorgio a Cremano,medium,063067,42485,2022-08-06,2022-08-09,4,35.7,34.6,2022
San Giorgio a Cremano,medium,063067,42485,2023-07-07,2023-07-09,3,34.7,33.8,2023
San Giorgio a Cremano,medium,063067,42485,2023-07-15,2023-07-17,3,34.7,33.8,2023
San Giorgio a Cremano,medium,063067,42485,2023-08-19,2023-08-23,5,36.9,35.3,2023
San Giorgio a Cremano,medium,063067,42485,2023-09-05,2023-09-10,6,32.9,32.2,2023
San Giorgio a Cremano,medium,063067,42485,2024-06-17,2024-06-20,4,34.3,31.6,2024
San Giorgio a Cremano,medium,063067,42485,2024-07-24,2024-07-30,7,36.7,34.1,2024
San Giorgio a Cremano,medium,063067,42485,2024-08-09,2024-08-11,3,36.3,35.1,2024
San Giorgio a Cremano,medium,063067,42485,2024-08-13,2024-08-16,4,34.7,33.9,2024
San Giorgio a Cremano,medium,063067,42485,2024-08-22,2024-08-24,3,34.2,33.0,2024
San Giorgio a Cremano,medium,063067,42485,2024-08-26,2024-08-31,6,34.7,33.7,2024
San Giorgio a Cremano,medium,063067,42485,2025-06-08,2025-07-05,28,36.6,32.5,2025
San Giorgio a Cremano,medium,063067,42485,2025-08-07,2025-08-15,9,36.5,34.6,2025
Casavatore,small,063021,18209,1981-08-02,1981-08-04,3,35.6,34.1,1981
Casavatore,small,063021,18209,1982-06-23,1982-06-25,3,32.3,31.2,1982
Casavatore,small,063021,18209,1982-09-01,1982-09-04,4,32.6,32.2,1982
Casavatore,small,063021,18209,1983-07-25,1983-07-27,3,34.9,33.8,1983
Casavatore,small,063021,18209,1987-09-15,1987-09-18,4,32.5,31.5,1987
Casavatore,small,063021,18209,1992-08-05,1992-08-07,3,33.4,33.0,1992
Casavatore,small,063021,18209,1993-06-07,1993-06-09,3,29.2,28.8,1993
Casavatore,small,063021,18209,1993-07-02,1993-07-04,3,33.7,32.4,1993
Casavatore,small,063021,18209,1994-06-29,1994-07-01,3,32.1,31.0,1994
Casavatore,small,063021,18209,1994-08-03,1994-08-05,3,33.3,33.0,1994
Casavatore,small,063021,18209,1997-06-16,1997-06-18,3,31.1,30.5,1997
Casavatore,small,063021,18209,1998-06-03,1998-06-05,3,30.9,30.2,1998
Casavatore,small,063021,18209,2000-08-20,2000-08-22,3,32.3,32.2,2000
Casavatore,small,063021,18209,2002-06-21,2002-06-24,4,31.0,30.8,2002
Casavatore,small,063021,18209,2003-06-08,2003-06-15,8,31.9,31.0,2003
Casavatore,small,063021,18209,2003-06-18,2003-06-20,3,30.3,30.0,2003
Casavatore,small,063021,18209,2003-06-27,2003-06-29,3,30.9,30.5,2003
Casavatore,small,063021,18209,2003-08-03,2003-08-12,10,34.4,33.5,2003
Casavatore,small,063021,18209,2003-08-16,2003-08-20,5,34.3,33.5,2003
Casavatore,small,063021,18209,2005-06-25,2005-06-27,3,32.3,31.4,2005
Casavatore,small,063021,18209,2005-07-27,2005-07-29,3,35.0,33.8,2005
Casavatore,small,063021,18209,2006-06-17,2006-06-22,6,31.2,30.7,2006
Casavatore,small,063021,18209,2006-06-24,2006-06-28,5,34.2,32.0,2006
Casavatore,small,063021,18209,2007-06-23,2007-06-25,3,30.9,30.8,2007
Casavatore,small,063021,18209,2007-07-17,2007-07-19,3,33.0,32.7,2007
Casavatore,small,063021,18209,2007-08-21,2007-08-26,6,36.2,34.4,2007
Casavatore,small,063021,18209,2009-08-18,2009-08-20,3,34.2,33.8,2009
Casavatore,small,063021,18209,2011-08-19,2011-08-22,4,34.2,33.4,2011
Casavatore,small,063021,18209,2011-09-14,2011-09-16,3,30.5,30.5,2011
Casavatore,small,063021,18209,2012-06-15,2012-06-18,4,30.6,30.1,2012
Casavatore,small,063021,18209,2012-06-29,2012-07-01,3,31.3,31.1,2012
Casavatore,small,063021,18209,2012-08-16,2012-08-19,4,33.8,33.4,2012
Casavatore,small,063021,18209,2013-08-03,2013-08-05,3,34.1,33.6,2013
Casavatore,small,063021,18209,2014-06-07,2014-06-11,5,30.2,29.4,2014
Casavatore,small,063021,18209,2015-07-02,2015-07-04,3,32.5,31.9,2015
Casavatore,small,063021,18209,2015-07-14,2015-07-22,9,34.4,33.2,2015
Casavatore,small,063021,18209,2015-08-03,2015-08-07,5,34.9,33.9,2015
Casavatore,small,063021,18209,2015-09-15,2015-09-17,3,32.1,31.5,2015
Casavatore,small,063021,18209,2016-06-22,2016-06-24,3,31.3,30.7,2016
Casavatore,small,063021,18209,2019-06-06,2019-06-11,6,31.3,29.8,2019
Casavatore,small,063021,18209,2019-06-23,2019-06-30,8,34.9,32.5,2019
Casavatore,small,063021,18209,2019-07-22,2019-07-24,3,34.7,33.7,2019
Casavatore,small,063021,18209,2019-08-21,2019-08-24,4,32.8,32.5,2019
Casavatore,small,063021,18209,2019-09-11,2019-09-14,4,31.4,30.7,2019
Casavatore,small,063021,18209,2020-05-15,2020-05-17,3,33.5,31.1,2020
Casavatore,small,063021,18209,2020-07-28,2020-07-30,3,33.2,32.8,2020
Casavatore,small,063021,18209,2020-09-07,2020-09-10,4,33.0,32.0,2020
Casavatore,small,063021,18209,2020-09-12,2020-09-18,7,34.6,32.5,2020
Casavatore,small,063021,18209,2021-06-20,2021-06-29,10,35.0,32.4,2021
Casavatore,small,063021,18209,2021-07-06,2021-07-08,3,33.4,32.2,2021
Casavatore,small,063021,18209,2021-07-24,2021-07-31,8,36.0,33.8,2021
Casavatore,small,063021,18209,2021-08-07,2021-08-14,8,37.2,35.0,2021
Casavatore,small,063021,18209,2022-05-24,2022-05-27,4,33.2,31.0,2022
Casavatore,small,063021,18209,2022-06-01,2022-06-05,5,33.0,31.4,2022
Casavatore,small,063021,18209,2022-06-10,2022-06-12,3,31.6,31.0,2022
Casavatore,small,063021,18209,2022-06-22,2022-07-05,14,37.2,32.9,2022
Casavatore,small,063021,18209,2022-07-16,2022-07-19,4,35.6,34.0,2022
Casavatore,small,063021,18209,2022-07-29,2022-08-04,7,36.2,34.1,2022
Casavatore,small,063021,18209,2022-08-06,2022-08-09,4,35.9,34.7,2022
Casavatore,small,063021,18209,2023-07-06,2023-07-10,5,34.8,33.0,2023
Casavatore,small,063021,18209,2023-07-15,2023-07-17,3,34.9,34.0,2023
Casavatore,small,063021,18209,2023-07-20,2023-07-24,5,35.7,33.6,2023
Casavatore,small,063021,18209,2023-08-19,2023-08-23,5,37.1,35.5,2023
Casavatore,small,063021,18209,2023-09-05,2023-09-10,6,33.1,32.3,2023
Casavatore,small,063021,18209,2023-09-19,2023-09-21,3,31.5,30.7,2023
Casavatore,small,063021,18209,2023-09-30,2023-10-02,3,31.0,29.9,2023
Casavatore,small,063021,18209,2024-06-17,2024-06-20,4,34.5,31.7,2024
Casavatore,small,063021,18209,2024-07-12,2024-07-14,3,33.0,32.4,2024
Casavatore,small,063021,18209,2024-07-24,2024-07-30,7,36.9,34.3,2024
Casavatore,small,063021,18209,2024-08-06,2024-08-16,11,36.5,33.9,2024
Casavatore,small,063021,18209,2024-08-22,2024-09-01,11,34.8,33.2,2024
Casavatore,small,063021,18209,2025-06-03,2025-06-06,4,30.3,29.4,2025
Casavatore,small,063021,18209,2025-06-08,2025-07-05,28,36.8,32.7,2025
Casavatore,small,063021,18209,2025-08-06,2025-08-15,10,36.7,34.5,2025
San Paolo Bel Sito,rural,063069,3378,1981-08-02,1981-08-04,3,38.0,36.7,1981
San Paolo Bel Sito,rural,063069,3378,1982-06-23,1982-06-25,3,35.0,34.0,1982
San Paolo Bel Sito,rural,063069,3378,1982-09-01,1982-09-04,4,34.6,33.8,1982
San Paolo Bel Sito,rural,063069,3378,1983-07-24,1983-07-27,4,37.5,36.2,1983
San Paolo Bel Sito,rural,063069,3378,1987-09-13,1987-09-18,6,34.3,33.1,1987
San Paolo Bel Sito,rural,063069,3378,1988-07-04,1988-07-07,4,36.5,35.7,1988
San Paolo Bel Sito,rural,063069,3378,1993-06-07,1993-06-09,3,30.6,30.4,1993
San Paolo Bel Sito,rural,063069,3378,1997-06-16,1997-06-18,3,33.2,32.7,1997
San Paolo Bel Sito,rural,063069,3378,1998-06-02,1998-06-05,4,32.9,31.7,1998
San Paolo Bel Sito,rural,063069,3378,1998-07-31,1998-08-03,4,36.0,35.2,1998
San Paolo Bel Sito,rural,063069,3378,2000-08-19,2000-08-24,6,35.4,34.9,2000
San Paolo Bel Sito,rural,063069,3378,2002-06-20,2002-06-23,4,32.9,32.3,2002
San Paolo Bel Sito,rural,063069,3378,2003-05-03,2003-05-10,8,30.0,29.1,2003
San Paolo Bel Sito,rural,063069,3378,2003-06-08,2003-06-14,7,33.9,32.7,2003
San Paolo Bel Sito,rural,063069,3378,2003-08-16,2003-08-20,5,36.8,35.4,2003
San Paolo Bel Sito,rural,063069,3378,2005-06-25,2005-06-27,3,34.1,33.3,2005
San Paolo Bel Sito,rural,063069,3378,2005-07-27,2005-07-29,3,37.8,36.5,2005
San Paolo Bel Sito,rural,063069,3378,2006-05-21,2006-05-23,3,30.4,29.5,2006
San Paolo Bel Sito,rural,063069,3378,2006-06-17,2006-06-22,6,33.7,33.0,2006
San Paolo Bel Sito,rural,063069,3378,2006-06-24,2006-06-28,5,36.6,34.6,2006
San Paolo Bel Sito,rural,063069,3378,2007-06-23,2007-06-25,3,33.8,33.6,2007
San Paolo Bel Sito,rural,063069,3378,2007-07-16,2007-07-23,8,36.1,35.5,2007
San Paolo Bel Sito,rural,063069,3378,2007-08-21,2007-08-26,6,38.5,36.6,2007
San Paolo Bel Sito,rural,063069,3378,2008-05-25,2008-05-27,3,32.4,30.8,2008
San Paolo Bel Sito,rural,063069,3378,2009-08-18,2009-08-20,3,35.1,34.9,2009
San Paolo Bel Sito,rural,063069,3378,2010-06-09,2010-06-11,3,31.0,30.8,2010
San Paolo Bel Sito,rural,063069,3378,2011-08-19,2011-08-25,7,36.1,35.3,2011
San Paolo Bel Sito,rural,063069,3378,2011-09-01,2011-09-03,3,34.2,33.1,2011
San Paolo Bel Sito,rural,063069,3378,2012-06-15,2012-06-21,7,33.0,32.3,2012
San Paolo Bel Sito,rural,063069,3378,2012-06-29,2012-07-01,3,34.0,33.6,2012
San Paolo Bel Sito,rural,063069,3378,2012-08-16,2012-08-20,5,35.3,34.9,2012
San Paolo Bel Sito,rural,063069,3378,2013-08-03,2013-08-07,5,36.9,36.0,2013
San Paolo Bel Sito,rural,063069,3378,2014-06-07,2014-06-09,3,31.1,30.6,2014
San Paolo Bel Sito,rural,063069,3378,2015-07-02,2015-07-04,3,33.9,33.7,2015
San Paolo Bel Sito,rural,063069,3378,2015-07-14,2015-07-21,8,36.7,35.7,2015
San Paolo Bel Sito,rural,063069,3378,2015-08-05,2015-08-07,3,35.8,35.5,2015
San Paolo Bel Sito,rural,063069,3378,2015-09-16,2015-09-18,3,33.9,33.0,2015
San Paolo Bel Sito,rural,063069,3378,2016-06-22,2016-06-24,3,32.9,32.2,2016
San Paolo Bel Sito,rural,063069,3378,2017-07-30,2017-08-04,6,37.5,35.6,2017
San Paolo Bel Sito,rural,063069,3378,2017-08-06,2017-08-09,4,36.9,36.0,2017
San Paolo Bel Sito,rural,063069,3378,2019-06-06,2019-06-11,6,33.0,31.6,2019
San Paolo Bel Sito,rural,063069,3378,2019-06-25,2019-06-27,3,34.9,34.1,2019
San Paolo Bel Sito,rural,063069,3378,2020-05-15,2020-05-17,3,31.9,30.1,2020
San Paolo Bel Sito,rural,063069,3378,2020-08-28,2020-08-30,3,35.0,33.8,2020
San Paolo Bel Sito,rural,063069,3378,2020-09-07,2020-09-10,4,34.4,33.3,2020
San Paolo Bel Sito,rural,063069,3378,2020-09-12,2020-09-15,4,34.4,33.6,2020
San Paolo Bel Sito,rural,063069,3378,2021-06-19,2021-06-28,10,37.2,34.3,2021
San Paolo Bel Sito,rural,063069,3378,2021-07-25,2021-07-28,4,37.3,36.2,2021
San Paolo Bel Sito,rural,063069,3378,2021-08-08,2021-08-14,7,40.1,37.4,2021
San Paolo Bel Sito,rural,063069,3378,2022-05-23,2022-05-27,5,33.8,31.9,2022
San Paolo Bel Sito,rural,063069,3378,2022-05-30,2022-06-05,7,36.2,33.3,2022
San Paolo Bel Sito,rural,063069,3378,2022-06-25,2022-06-27,3,39.2,38.1,2022
San Paolo Bel Sito,rural,063069,3378,2022-06-29,2022-07-03,5,37.4,35.4,2022
San Paolo Bel Sito,rural,063069,3378,2022-07-16,2022-07-19,4,37.2,36.6,2022
San Paolo Bel Sito,rural,063069,3378,2022-07-30,2022-08-03,5,37.1,35.6,2022
San Paolo Bel Sito,rural,063069,3378,2023-07-07,2023-07-09,3,35.9,35.2,2023
San Paolo Bel Sito,rural,063069,3378,2023-08-19,2023-08-23,5,36.5,35.7,2023
San Paolo Bel Sito,rural,063069,3378,2023-09-08,2023-09-10,3,33.3,32.8,2023
San Paolo Bel Sito,rural,063069,3378,2023-10-06,2023-10-08,3,30.9,29.7,2023
San Paolo Bel Sito,rural,063069,3378,2024-06-17,2024-06-20,4,38.5,34.6,2024
San Paolo Bel Sito,rural,063069,3378,2024-07-28,2024-07-30,3,37.5,36.2,2024
San Paolo Bel Sito,rural,063069,3378,2024-08-09,2024-08-15,7,38.0,36.0,2024
San Paolo Bel Sito,rural,063069,3378,2024-08-27,2024-08-31,5,34.4,34.2,2024
San Paolo Bel Sito,rural,063069,3378,2025-06-02,2025-06-16,15,35.9,32.7,2025
San Paolo Bel Sito,rural,063069,3378,2025-06-19,2025-07-05,17,38.0,35.1,2025
San Paolo Bel Sito,rural,063069,3378,2025-08-07,2025-08-13,7,39.0,37.2,2025
Torino,large,001272,841600,1983-07-25,1983-07-30,6,34.2,32.8,1983
Torino,large,001272,841600,1987-06-29,1987-07-03,5,31.2,30.4,1987
Torino,large,001272,841600,1987-09-15,1987-09-18,4,30.0,29.5,1987
Torino,large,001272,841600,1991-07-02,1991-07-05,4,32.8,31.6,1991
Torino,large,001272,841600,1993-08-19,1993-08-21,3,30.6,30.4,1993
Torino,large,001272,841600,1994-08-03,1994-08-06,4,33.8,32.8,1994
Torino,large,001272,841600,1996-06-09,1996-06-12,4,31.4,30.3,1996
Torino,large,001272,841600,1998-08-08,1998-08-11,4,34.2,33.5,1998
Torino,large,001272,841600,1998-08-21,1998-08-23,3,30.9,30.9,1998
Torino,large,001272,841600,2000-08-23,2000-08-25,3,33.3,32.0,2000
Torino,large,001272,841600,2001-08-25,2001-08-28,4,32.2,31.2,2001
Torino,large,001272,841600,2002-06-16,2002-06-18,3,30.8,30.5,2002
Torino,large,001272,841600,2003-06-04,2003-06-15,12,35.0,31.9,2003
Torino,large,001272,841600,2003-06-17,2003-06-25,9,36.0,32.7,2003
Torino,large,001272,841600,2003-07-09,2003-07-12,4,33.2,32.2,2003
Torino,large,001272,841600,2003-07-16,2003-07-19,4,32.7,32.0,2003
Torino,large,001272,841600,2003-07-31,2003-08-13,14,38.3,35.5,2003
Torino,large,001272,841600,2003-08-21,2003-08-24,4,32.7,31.6,2003
Torino,large,001272,841600,2004-06-08,2004-06-10,3,30.7,30.0,2004
Torino,large,001272,841600,2005-06-20,2005-06-22,3,31.9,30.8,2005
Torino,large,001272,841600,2005-06-25,2005-06-27,3,32.3,32.1,2005
Torino,large,001272,841600,2006-06-12,2006-06-14,3,29.8,29.1,2006
Torino,large,001272,841600,2006-06-19,2006-06-23,5,30.4,29.9,2006
Torino,large,001272,841600,2006-07-09,2006-07-14,6,32.3,31.9,2006
Torino,large,001272,841600,2006-07-18,2006-07-27,10,34.7,33.3,2006
Torino,large,001272,841600,2006-09-03,2006-09-05,3,32.0,30.9,2006
Torino,large,001272,841600,2007-07-26,2007-07-29,4,32.8,32.0,2007
Torino,large,001272,841600,2009-08-16,2009-08-20,5,32.8,32.2,2009
Torino,large,001272,841600,2011-05-22,2011-05-24,3,29.8,29.3,2011
Torino,large,001272,841600,2011-08-18,2011-08-23,6,33.2,32.4,2011
Torino,large,001272,841600,2012-08-17,2012-08-21,5,32.1,31.7,2012
Torino,large,001272,841600,2013-07-24,2013-07-27,4,32.0,31.6,2013
Torino,large,001272,841600,2013-08-01,2013-08-05,5,33.7,32.4,2013
Torino,large,001272,841600,2014-06-07,2014-06-12,6,32.6,31.1,2014
Torino,large,001272,841600,2015-06-03,2015-06-06,4,30.0,29.1,2015
Torino,large,001272,841600,2015-07-01,2015-07-05,5,32.3,30.8,2015
Torino,large,001272,841600,2015-07-17,2015-07-22,6,33.2,32.1,2015
Torino,large,001272,841600,2015-08-05,2015-08-07,3,33.3,32.9,2015
Torino,large,001272,841600,2016-06-21,2016-06-23,3,32.0,30.8,2016
Torino,large,001272,841600,2017-05-27,2017-05-30,4,30.2,29.5,2017
Torino,large,001272,841600,2017-06-09,2017-06-24,16,36.0,32.3,2017
Torino,large,001272,841600,2017-07-04,2017-07-07,4,34.8,32.9,2017
Torino,large,001272,841600,2017-07-25,2017-07-27,3,33.6,32.1,2017
Torino,large,001272,841600,2017-07-30,2017-08-05,7,37.6,35.1,2017
Torino,large,001272,841600,2017-08-22,2017-08-27,6,33.8,32.4,2017
Torino,large,001272,841600,2018-07-29,2018-08-05,8,34.0,33.1,2018
Torino,large,001272,841600,2018-08-18,2018-08-22,5,31.9,31.5,2018
Torino,large,001272,841600,2019-06-01,2019-06-03,3,29.9,29.5,2019
Torino,large,001272,841600,2019-06-15,2019-06-18,4,30.0,29.5,2019
Torino,large,001272,841600,2019-06-22,2019-07-07,16,40.2,34.7,2019
Torino,large,001272,841600,2019-07-20,2019-07-25,6,35.0,33.2,2019
Torino,large,001272,841600,2020-06-21,2020-06-23,3,30.1,29.8,2020
Torino,large,001272,841600,2020-07-19,2020-07-22,4,32.6,31.9,2020
Torino,large,001272,841600,2020-07-26,2020-08-01,7,37.6,34.4,2020
Torino,large,001272,841600,2020-08-06,2020-08-11,6,35.2,33.5,2020
Torino,large,001272,841600,2020-08-19,2020-08-21,3,32.6,31.3,2020
Torino,large,001272,841600,2020-09-12,2020-09-17,6,30.2,29.5,2020
Torino,large,001272,841600,2021-06-11,2021-06-20,10,35.4,31.9,2021
Torino,large,001272,841600,2021-06-24,2021-07-02,9,33.1,30.9,2021
Torino,large,001272,841600,2021-07-17,2021-07-19,3,33.3,32.2,2021
Torino,large,001272,841600,2021-08-10,2021-08-14,5,34.8,33.8,2021
Torino,large,001272,841600,2021-08-19,2021-08-21,3,30.9,30.7,2021
Torino,large,001272,841600,2022-05-19,2022-05-21,3,31.8,30.0,2022
Torino,large,001272,841600,2022-06-08,2022-06-20,13,35.0,32.6,2022
Torino,large,001272,841600,2022-06-24,2022-06-26,3,31.0,30.4,2022
Torino,large,001272,841600,2022-07-01,2022-07-25,25,37.6,34.0,2022
Torino,large,001272,841600,2022-07-29,2022-08-05,8,35.4,33.8,2022
Torino,large,001272,841600,2022-08-07,2022-08-09,3,32.0,31.8,2022
Torino,large,001272,841600,2022-08-19,2022-08-22,4,31.6,30.9,2022
Torino,large,001272,841600,2023-07-07,2023-07-10,4,35.4,33.7,2023
Torino,large,001272,841600,2023-07-14,2023-07-19,6,35.3,33.6,2023
Torino,large,001272,841600,2023-08-08,2023-08-15,8,34.3,32.0,2023
Torino,large,001272,841600,2023-08-17,2023-08-24,8,36.9,35.4,2023
Torino,large,001272,841600,2024-07-17,2024-07-19,3,31.6,31.5,2024
Torino,large,001272,841600,2024-07-26,2024-08-05,11,34.4,33.1,2024
Torino,large,001272,841600,2024-08-07,2024-08-16,10,34.6,33.0,2024
Torino,large,001272,841600,2024-08-22,2024-08-24,3,32.8,31.8,2024
Torino,large,001272,841600,2024-08-26,2024-08-31,6,34.0,32.5,2024
Torino,large,001272,841600,2025-05-28,2025-05-31,4,30.7,30.1,2025
Torino,large,001272,841600,2025-06-07,2025-06-19,13,34.3,32.6,2025
Torino,large,001272,841600,2025-06-21,2025-07-03,13,36.4,33.5,2025
Torino,large,001272,841600,2025-07-13,2025-07-17,5,34.4,32.8,2025
Torino,large,001272,841600,2025-08-07,2025-08-18,12,37.6,34.9,2025
Venaria Reale,medium,001292,32288,1983-07-25,1983-07-29,5,34.0,32.6,1983
Venaria Reale,medium,001292,32288,1987-06-29,1987-07-03,5,30.7,30.0,1987
Venaria Reale,medium,001292,32288,1987-09-15,1987-09-18,4,29.8,29.1,1987
Venaria Reale,medium,001292,32288,1991-07-02,1991-07-05,4,32.3,31.0,1991
Venaria Reale,medium,001292,32288,1993-08-16,1993-08-20,5,31.2,30.1,1993
Venaria Reale,medium,001292,32288,1994-08-03,1994-08-05,3,33.2,32.7,1994
Venaria Reale,medium,001292,32288,1996-06-09,1996-06-12,4,31.1,30.0,1996
Venaria Reale,medium,001292,32288,1998-08-08,1998-08-13,6,33.6,32.0,1998
Venaria Reale,medium,001292,32288,1998-08-21,1998-08-23,3,30.7,30.4,1998
Venaria Reale,medium,001292,32288,2000-08-22,2000-08-25,4,32.9,31.1,2000
Venaria Reale,medium,001292,32288,2001-08-25,2001-08-28,4,31.4,30.4,2001
Venaria Reale,medium,001292,32288,2002-06-16,2002-06-18,3,30.7,30.4,2002
Venaria Reale,medium,001292,32288,2003-06-05,2003-06-15,11,34.8,32.0,2003
Venaria Reale,medium,001292,32288,2003-06-17,2003-06-25,9,36.0,32.4,2003
Venaria Reale,medium,001292,32288,2003-07-09,2003-07-12,4,32.5,31.6,2003
Venaria Reale,medium,001292,32288,2003-07-16,2003-07-19,4,32.0,31.3,2003
Venaria Reale,medium,001292,32288,2003-07-31,2003-08-14,15,38.0,34.7,2003
Venaria Reale,medium,001292,32288,2003-08-21,2003-08-26,6,32.1,30.9,2003
Venaria Reale,medium,001292,32288,2004-06-08,2004-06-10,3,30.3,29.7,2004
Venaria Reale,medium,001292,32288,2005-06-25,2005-06-27,3,31.8,31.6,2005
Venaria Reale,medium,001292,32288,2006-06-12,2006-06-14,3,29.2,28.5,2006
Venaria Reale,medium,001292,32288,2006-06-19,2006-06-23,5,29.7,29.1,2006
Venaria Reale,medium,001292,32288,2006-07-09,2006-07-14,6,31.4,31.2,2006
Venaria Reale,medium,001292,32288,2006-07-18,2006-07-26,9,33.9,32.8,2006
Venaria Reale,medium,001292,32288,2006-09-03,2006-09-05,3,31.2,30.2,2006
Venaria Reale,medium,001292,32288,2007-07-26,2007-07-29,4,32.5,31.8,2007
Venaria Reale,medium,001292,32288,2009-08-16,2009-08-20,5,32.1,31.4,2009
Venaria Reale,medium,001292,32288,2011-05-22,2011-05-24,3,29.6,29.0,2011
Venaria Reale,medium,001292,32288,2011-08-18,2011-08-23,6,32.7,31.7,2011
Venaria Reale,medium,001292,32288,2012-08-18,2012-08-21,4,31.2,31.0,2012
Venaria Reale,medium,001292,32288,2013-07-24,2013-07-27,4,31.3,31.0,2013
Venaria Reale,medium,001292,32288,2013-08-01,2013-08-05,5,33.0,31.8,2013
Venaria Reale,medium,001292,32288,2014-06-07,2014-06-12,6,32.5,30.8,2014
Venaria Reale,medium,001292,32288,2015-06-03,2015-06-06,4,29.6,29.0,2015
Venaria Reale,medium,001292,32288,2015-07-02,2015-07-05,4,31.7,30.4,2015
Venaria Reale,medium,001292,32288,2015-07-20,2015-07-22,3,32.7,32.3,2015
Venaria Reale,medium,001292,32288,2015-08-05,2015-08-07,3,32.7,32.2,2015
Venaria Reale,medium,001292,32288,2015-08-10,2015-08-12,3,31.2,30.6,2015
Venaria Reale,medium,001292,32288,2016-06-21,2016-06-23,3,31.7,30.5,2016
Venaria Reale,medium,001292,32288,2017-05-27,2017-05-30,4,30.2,29.5,2017
Venaria Reale,medium,001292,32288,2017-06-09,2017-06-24,16,36.0,32.3,2017
Venaria Reale,medium,001292,32288,2017-07-04,2017-07-07,4,34.8,32.9,2017
Venaria Reale,medium,001292,32288,2017-07-11,2017-07-14,4,33.7,31.8,2017
Venaria Reale,medium,001292,32288,2017-07-24,2017-07-27,4,33.6,31.8,2017
Venaria Reale,medium,001292,32288,2017-07-30,2017-08-05,7,37.6,35.1,2017
Venaria Reale,medium,001292,32288,2017-08-15,2017-08-18,4,32.0,31.1,2017
Venaria Reale,medium,001292,32288,2017-08-22,2017-08-28,7,33.8,32.0,2017
Venaria Reale,medium,001292,32288,2018-06-19,2018-06-21,3,29.0,28.6,2018
Venaria Reale,medium,001292,32288,2018-07-29,2018-08-07,10,34.0,32.7,2018
Venaria Reale,medium,001292,32288,2018-08-17,2018-08-23,7,31.9,31.2,2018
Venaria Reale,medium,001292,32288,2019-06-01,2019-06-03,3,29.9,29.5,2019
Venaria Reale,medium,001292,32288,2019-06-15,2019-06-18,4,30.0,29.5,2019
Venaria Reale,medium,001292,32288,2019-06-22,2019-07-07,16,40.2,34.7,2019
Venaria Reale,medium,001292,32288,2019-07-20,2019-07-25,6,35.0,33.2,2019
Venaria Reale,medium,001292,32288,2020-06-21,2020-06-23,3,30.1,29.8,2020
Venaria Reale,medium,001292,32288,2020-07-19,2020-07-22,4,32.6,31.9,2020
Venaria Reale,medium,001292,32288,2020-07-24,2020-08-01,9,37.6,33.7,2020
Venaria Reale,medium,001292,32288,2020-08-05,2020-08-11,7,35.2,33.1,2020
Venaria Reale,medium,001292,32288,2020-08-19,2020-08-22,4,32.6,31.0,2020
Venaria Reale,medium,001292,32288,2020-09-11,2020-09-17,7,30.2,29.4,2020
Venaria Reale,medium,001292,32288,2021-06-11,2021-06-20,10,35.4,31.9,2021
Venaria Reale,medium,001292,32288,2021-06-24,2021-07-02,9,33.1,30.9,2021
Venaria Reale,medium,001292,32288,2021-07-16,2021-07-19,4,33.3,31.8,2021
Venaria Reale,medium,001292,32288,2021-08-10,2021-08-16,7,34.8,33.0,2021
Venaria Reale,medium,001292,32288,2021-08-19,2021-08-22,4,30.9,30.6,2021
Venaria Reale,medium,001292,32288,2022-05-19,2022-05-21,3,31.8,30.0,2022
Venaria Reale,medium,001292,32288,2022-06-08,2022-06-20,13,35.0,32.6,2022
Venaria Reale,medium,001292,32288,2022-06-24,2022-06-26,3,31.0,30.4,2022
Venaria Reale,medium,001292,32288,2022-06-28,2022-07-27,30,37.6,33.4,2022
Venaria Reale,medium,001292,32288,2022-07-29,2022-08-09,12,35.4,33.1,2022
Venaria Reale,medium,001292,32288,2022-08-19,2022-08-24,6,31.6,30.9,2022
Venaria Reale,medium,001292,32288,2023-06-22,2023-06-27,6,32.0,30.4,2023
Venaria Reale,medium,001292,32288,2023-07-07,2023-07-10,4,35.4,33.7,2023
Venaria Reale,medium,001292,32288,2023-07-14,2023-07-19,6,35.3,33.6,2023
Venaria Reale,medium,001292,32288,2023-07-28,2023-07-31,4,33.6,32.0,2023
Venaria Reale,medium,001292,32288,2023-08-08,2023-08-15,8,34.3,32.0,2023
Venaria Reale,medium,001292,32288,2023-08-17,2023-08-25,9,36.9,34.8,2023
Venaria Reale,medium,001292,32288,2023-09-08,2023-09-10,3,29.8,29.5,2023
Venaria Reale,medium,001292,32288,2024-07-17,2024-07-19,3,31.6,31.5,2024
Venaria Reale,medium,001292,32288,2024-07-26,2024-08-05,11,34.4,33.1,2024
Venaria Reale,medium,001292,32288,2024-08-07,2024-08-16,10,34.6,33.0,2024
Venaria Reale,medium,001292,32288,2024-08-18,2024-08-24,7,32.8,31.2,2024
Venaria Reale,medium,001292,32288,2024-08-26,2024-08-31,6,34.0,32.5,2024
Venaria Reale,medium,001292,32288,2025-05-28,2025-05-31,4,30.7,30.1,2025
Venaria Reale,medium,001292,32288,2025-06-07,2025-06-19,13,34.3,32.6,2025
Venaria Reale,medium,001292,32288,2025-06-21,2025-07-03,13,36.4,33.5,2025
Venaria Reale,medium,001292,32288,2025-07-13,2025-07-17,5,34.4,32.8,2025
Venaria Reale,medium,001292,32288,2025-08-07,2025-08-18,12,37.6,34.9,2025
San Mauro Torinese,small,001249,18581,1983-07-25,1983-07-28,4,35.5,34.7,1983
San Mauro Torinese,small,001249,18581,1987-06-29,1987-07-03,5,32.3,31.5,1987
San Mauro Torinese,small,001249,18581,1987-09-15,1987-09-18,4,30.9,30.5,1987
San Mauro Torinese,small,001249,18581,1991-07-02,1991-07-05,4,34.0,32.7,1991
San Mauro Torinese,small,001249,18581,1994-08-03,1994-08-05,3,34.9,34.3,1994
San Mauro Torinese,small,001249,18581,1996-06-08,1996-06-12,5,32.3,30.8,1996
San Mauro Torinese,small,001249,18581,1998-08-08,1998-08-13,6,35.7,34.0,1998
San Mauro Torinese,small,001249,18581,1998-08-21,1998-08-23,3,32.1,31.9,1998
San Mauro Torinese,small,001249,18581,2000-08-23,2000-08-25,3,34.3,32.9,2000
San Mauro Torinese,small,001249,18581,2001-08-25,2001-08-28,4,33.6,32.6,2001
San Mauro Torinese,small,001249,18581,2002-06-16,2002-06-18,3,31.6,31.3,2002
San Mauro Torinese,small,001249,18581,2003-06-04,2003-06-15,12,35.7,32.7,2003
San Mauro Torinese,small,001249,18581,2003-06-17,2003-06-25,9,36.5,33.5,2003
San Mauro Torinese,small,001249,18581,2003-07-09,2003-07-12,4,34.4,33.3,2003
San Mauro Torinese,small,001249,18581,2003-07-16,2003-07-19,4,33.7,33.1,2003
San Mauro Torinese,small,001249,18581,2003-07-31,2003-08-13,14,39.1,36.5,2003
San Mauro Torinese,small,001249,18581,2003-08-21,2003-08-24,4,33.8,32.6,2003
San Mauro Torinese,small,001249,18581,2004-06-08,2004-06-10,3,31.8,31.0,2004
San Mauro Torinese,small,001249,18581,2005-06-17,2005-06-22,6,33.1,31.2,2005
San Mauro Torinese,small,001249,18581,2005-06-25,2005-06-27,3,33.4,33.3,2005
San Mauro Torinese,small,001249,18581,2006-06-12,2006-06-14,3,31.2,30.3,2006
San Mauro Torinese,small,001249,18581,2006-06-19,2006-06-23,5,31.5,31.1,2006
San Mauro Torinese,small,001249,18581,2006-06-29,2006-07-01,3,33.3,32.3,2006
San Mauro Torinese,small,001249,18581,2006-07-09,2006-07-14,6,33.9,33.2,2006
San Mauro Torinese,small,001249,18581,2006-07-18,2006-07-27,10,35.9,34.5,2006
San Mauro Torinese,small,001249,18581,2006-09-03,2006-09-05,3,33.2,32.1,2006
San Mauro Torinese,small,001249,18581,2007-07-26,2007-07-28,3,33.7,33.2,2007
San Mauro Torinese,small,001249,18581,2009-08-16,2009-08-20,5,33.9,33.5,2009
San Mauro Torinese,small,001249,18581,2011-05-22,2011-05-24,3,30.5,30.1,2011
San Mauro Torinese,small,001249,18581,2011-08-18,2011-08-23,6,34.3,33.6,2011
San Mauro Torinese,small,001249,18581,2012-08-17,2012-08-21,5,34.0,33.5,2012
San Mauro Torinese,small,001249,18581,2013-08-02,2013-08-05,4,34.8,33.7,2013
San Mauro Torinese,small,001249,18581,2014-06-07,2014-06-12,6,33.5,32.1,2014
San Mauro Torinese,small,001249,18581,2015-06-03,2015-06-06,4,31.0,30.0,2015
San Mauro Torinese,small,001249,18581,2015-07-01,2015-07-05,5,33.6,32.2,2015
San Mauro Torinese,small,001249,18581,2015-07-17,2015-07-22,6,34.3,33.4,2015
San Mauro Torinese,small,001249,18581,2015-08-05,2015-08-07,3,34.6,34.1,2015
San Mauro Torinese,small,001249,18581,2017-05-27,2017-05-30,4,30.2,29.5,2017
San Mauro Torinese,small,001249,18581,2017-06-09,2017-06-13,5,33.4,31.9,2017
San Mauro Torinese,small,001249,18581,2017-06-18,2017-06-23,6,36.0,33.9,2017
San Mauro Torinese,small,001249,18581,2017-07-05,2017-07-07,3,34.8,33.6,2017
San Mauro Torinese,small,001249,18581,2017-07-31,2017-08-05,6,37.6,35.6,2017
San Mauro Torinese,small,001249,18581,2017-08-23,2017-08-27,5,33.8,32.7,2017
San Mauro Torinese,small,001249,18581,2018-07-29,2018-08-01,4,34.0,33.6,2018
San Mauro Torinese,small,001249,18581,2018-08-20,2018-08-22,3,31.9,31.8,2018
San Mauro Torinese,small,001249,18581,2019-06-01,2019-06-03,3,29.9,29.5,2019
San Mauro Torinese,small,001249,18581,2019-06-23,2019-07-07,15,40.2,35.0,2019
San Mauro Torinese,small,001249,18581,2019-07-22,2019-07-25,4,35.0,34.0,2019
San Mauro Torinese,small,001249,18581,2020-07-27,2020-08-01,6,37.6,35.0,2020
San Mauro Torinese,small,001249,18581,2020-08-06,2020-08-11,6,35.2,33.5,2020
San Mauro Torinese,small,001249,18581,2020-09-15,2020-09-17,3,29.8,29.6,2020
San Mauro Torinese,small,001249,18581,2021-06-11,2021-06-19,9,35.4,32.2,2021
San Mauro Torinese,small,001249,18581,2021-06-29,2021-07-01,3,33.1,32.4,2021
San Mauro Torinese,small,001249,18581,2021-08-10,2021-08-14,5,34.8,33.8,2021
San Mauro Torinese,small,001249,18581,2022-05-19,2022-05-21,3,31.8,30.0,2022
San Mauro Torinese,small,001249,18581,2022-06-08,2022-06-20,13,35.0,32.6,2022
San Mauro Torinese,small,001249,18581,2022-07-01,2022-07-07,7,34.6,33.2,2022
San Mauro Torinese,small,001249,18581,2022-07-12,2022-07-25,14,37.6,35.0,2022
San Mauro Torinese,small,001249,18581,2022-08-02,2022-08-05,4,35.4,35.0,2022
San Mauro Torinese,small,001249,18581,2023-07-08,2023-07-10,3,35.4,34.8,2023
San Mauro Torinese,small,001249,18581,2023-07-15,2023-07-19,5,35.3,33.9,2023
San Mauro Torinese,small,001249,18581,2023-08-10,2023-08-12,3,34.3,33.3,2023
San Mauro Torinese,small,001249,18581,2023-08-17,2023-08-24,8,36.9,35.4,2023
San Mauro Torinese,small,001249,18581,2024-07-27,2024-08-02,7,34.4,33.8,2024
San Mauro Torinese,small,001249,18581,2024-08-08,2024-08-13,6,34.6,33.9,2024
San Mauro Torinese,small,001249,18581,2024-08-27,2024-08-31,5,34.0,32.9,2024
San Mauro Torinese,small,001249,18581,2025-05-28,2025-05-31,4,30.7,30.1,2025
San Mauro Torinese,small,001249,18581,2025-06-09,2025-06-19,11,34.3,33.3,2025
San Mauro Torinese,small,001249,18581,2025-06-22,2025-07-03,12,36.4,33.9,2025
San Mauro Torinese,small,001249,18581,2025-07-14,2025-07-16,3,34.4,33.8,2025
San Mauro Torinese,small,001249,18581,2025-08-07,2025-08-16,10,37.6,35.6,2025
Caselette,rural,001062,3051,1983-07-25,1983-07-29,5,33.5,31.8,1983
Caselette,rural,001062,3051,1987-06-29,1987-07-02,4,30.1,29.4,1987
Caselette,rural,001062,3051,1987-09-15,1987-09-18,4,29.3,28.6,1987
Caselette,rural,001062,3051,1991-07-03,1991-07-05,3,31.4,30.8,1991
Caselette,rural,001062,3051,1993-08-16,1993-08-20,5,30.4,29.4,1993
Caselette,rural,001062,3051,1994-08-03,1994-08-05,3,32.3,31.7,1994
Caselette,rural,001062,3051,1996-06-10,1996-06-12,3,30.4,29.8,1996
Caselette,rural,001062,3051,1998-08-08,1998-08-13,6,32.7,31.2,1998
Caselette,rural,001062,3051,1998-08-21,1998-08-23,3,30.1,29.5,1998
Caselette,rural,001062,3051,2000-08-22,2000-08-25,4,32.2,30.5,2000
Caselette,rural,001062,3051,2002-06-16,2002-06-18,3,30.2,29.9,2002
Caselette,rural,001062,3051,2003-06-05,2003-06-15,11,34.0,31.1,2003
Caselette,rural,001062,3051,2003-06-17,2003-06-25,9,35.2,31.6,2003
Caselette,rural,001062,3051,2003-07-09,2003-07-12,4,31.5,30.6,2003
Caselette,rural,001062,3051,2003-08-01,2003-08-14,14,37.0,33.9,2003
Caselette,rural,001062,3051,2003-08-21,2003-08-23,3,31.1,30.4,2003
Caselette,rural,001062,3051,2004-06-08,2004-06-10,3,29.6,29.0,2004
Caselette,rural,001062,3051,2005-06-25,2005-06-28,4,31.1,30.2,2005
Caselette,rural,001062,3051,2006-06-19,2006-06-22,4,28.8,28.2,2006
Caselette,rural,001062,3051,2006-07-09,2006-07-14,6,30.4,30.0,2006
Caselette,rural,001062,3051,2006-07-18,2006-07-26,9,32.5,31.6,2006
Caselette,rural,001062,3051,2007-07-26,2007-07-29,4,32.0,31.1,2007
Caselette,rural,001062,3051,2009-08-16,2009-08-20,5,30.9,30.3,2009
Caselette,rural,001062,3051,2011-08-18,2011-08-23,6,31.7,30.8,2011
Caselette,rural,001062,3051,2012-08-18,2012-08-21,4,30.4,29.9,2012
Caselette,rural,001062,3051,2013-08-02,2013-08-05,4,32.0,31.0,2013
Caselette,rural,001062,3051,2014-06-07,2014-06-12,6,31.8,30.1,2014
Caselette,rural,001062,3051,2015-07-03,2015-07-05,3,30.8,29.9,2015
Caselette,rural,001062,3051,2015-07-20,2015-07-22,3,31.8,31.4,2015
Caselette,rural,001062,3051,2015-08-05,2015-08-07,3,31.7,31.2,2015
Caselette,rural,001062,3051,2015-08-10,2015-08-12,3,30.7,30.1,2015
Caselette,rural,001062,3051,2016-06-21,2016-06-23,3,30.9,29.7,2016
Caselette,rural,001062,3051,2017-06-09,2017-06-24,16,34.3,31.4,2017
Caselette,rural,001062,3051,2017-07-04,2017-07-07,4,33.7,31.8,2017
Caselette,rural,001062,3051,2017-07-11,2017-07-14,4,32.7,30.7,2017
Caselette,rural,001062,3051,2017-07-25,2017-07-27,3,32.6,31.7,2017
Caselette,rural,001062,3051,2017-07-30,2017-08-05,7,36.1,34.0,2017
Caselette,rural,001062,3051,2017-08-22,2017-08-27,6,32.6,30.8,2017
Caselette,rural,001062,3051,2018-07-29,2018-08-05,8,33.4,32.5,2018
Caselette,rural,001062,3051,2018-08-17,2018-08-23,7,31.5,30.7,2018
Caselette,rural,001062,3051,2019-06-22,2019-07-07,16,39.3,33.1,2019
Caselette,rural,001062,3051,2019-07-20,2019-07-25,6,33.6,32.0,2019
Caselette,rural,001062,3051,2020-06-21,2020-06-23,3,28.9,28.6,2020
Caselette,rural,001062,3051,2020-07-27,2020-08-01,6,35.6,33.4,2020
Caselette,rural,001062,3051,2020-08-06,2020-08-11,6,33.4,31.9,2020
Caselette,rural,001062,3051,2020-08-19,2020-08-22,4,31.7,30.2,2020
Caselette,rural,001062,3051,2020-09-14,2020-09-17,4,29.2,28.7,2020
Caselette,rural,001062,3051,2021-06-11,2021-06-19,9,34.3,30.9,2021
Caselette,rural,001062,3051,2021-06-29,2021-07-01,3,32.3,31.2,2021
Caselette,rural,001062,3051,2021-07-16,2021-07-19,4,32.5,31.0,2021
Caselette,rural,001062,3051,2021-08-10,2021-08-16,7,33.9,32.2,2021
Caselette,rural,001062,3051,2021-08-20,2021-08-22,3,30.2,30.1,2021
Caselette,rural,001062,3051,2022-06-08,2022-06-20,13,33.0,31.1,2022
Caselette,rural,001062,3051,2022-07-01,2022-07-26,26,35.5,32.3,2022
Caselette,rural,001062,3051,2022-07-29,2022-08-09,12,33.7,31.7,2022
Caselette,rural,001062,3051,2022-08-19,2022-08-22,4,30.0,29.8,2022
Caselette,rural,001062,3051,2023-06-22,2023-06-26,5,31.2,29.8,2023
Caselette,rural,001062,3051,2023-07-07,2023-07-10,4,34.4,32.7,2023
Caselette,rural,001062,3051,2023-07-14,2023-07-19,6,35.0,32.9,2023
Caselette,rural,001062,3051,2023-07-27,2023-08-02,7,32.1,30.6,2023
Caselette,rural,001062,3051,2023-08-08,2023-08-15,8,32.5,31.1,2023
Caselette,rural,001062,3051,2023-08-17,2023-08-25,9,36.1,33.8,2023
Caselette,rural,001062,3051,2024-07-17,2024-07-19,3,30.7,30.5,2024
Caselette,rural,001062,3051,2024-07-21,2024-07-23,3,31.3,30.8,2024
Caselette,rural,001062,3051,2024-07-26,2024-08-05,11,33.8,32.1,2024
Caselette,rural,001062,3051,2024-08-07,2024-08-16,10,33.7,31.9,2024
Caselette,rural,001062,3051,2024-08-18,2024-08-20,3,31.5,30.0,2024
Caselette,rural,001062,3051,2024-08-22,2024-08-24,3,31.2,30.5,2024
Caselette,rural,001062,3051,2024-08-26,2024-08-31,6,33.1,31.2,2024
Caselette,rural,001062,3051,2025-05-29,2025-05-31,3,29.5,28.9,2025
Caselette,rural,001062,3051,2025-06-07,2025-06-19,13,33.9,31.8,2025
Caselette,rural,001062,3051,2025-06-21,2025-07-03,13,35.8,33.3,2025
Caselette,rural,001062,3051,2025-07-09,2025-07-11,3,30.0,29.8,2025
Caselette,rural,001062,3051,2025-07-13,2025-07-17,5,33.9,32.1,2025
Caselette,rural,001062,3051,2025-08-07,2025-08-18,12,37.5,34.6,2025
Palermo,large,082053,630167,1982-06-22,1982-06-25,4,39.8,37.8,1982
Palermo,large,082053,630167,1987-06-11,1987-06-13,3,34.2,33.8,1987
Palermo,large,082053,630167,1987-07-23,1987-07-25,3,38.4,37.4,1987
Palermo,large,082053,630167,1987-09-24,1987-09-27,4,36.1,34.1,1987
Palermo,large,082053,630167,1988-05-05,1988-05-07,3,33.1,31.3,1988
Palermo,large,082053,630167,1990-10-09,1990-10-14,6,32.2,30.3,1990
Palermo,large,082053,630167,1993-07-03,1993-07-05,3,37.0,36.7,1993
Palermo,large,082053,630167,1993-08-23,1993-08-26,4,36.3,35.0,1993
Palermo,large,082053,630167,1994-05-21,1994-05-23,3,35.0,33.5,1994
Palermo,large,082053,630167,1994-08-13,1994-08-16,4,37.4,36.4,1994
Palermo,large,082053,630167,1994-08-22,1994-08-24,3,38.1,35.8,1994
Palermo,large,082053,630167,1994-09-21,1994-09-23,3,31.8,31.7,1994
Palermo,large,082053,630167,1997-06-16,1997-06-18,3,37.0,35.8,1997
Palermo,large,082053,630167,1998-06-01,1998-06-05,5,33.6,32.5,1998
Palermo,large,082053,630167,1998-06-28,1998-07-02,5,39.4,37.2,1998
Palermo,large,082053,630167,1999-05-31,1999-06-03,4,34.3,32.7,1999
Palermo,large,082053,630167,1999-08-06,1999-08-09,4,41.1,39.3,1999
Palermo,large,082053,630167,1999-10-24,1999-10-26,3,33.1,32.0,1999
Palermo,large,082053,630167,2000-08-21,2000-08-24,4,37.5,35.8,2000
Palermo,large,082053,630167,2000-09-17,2000-09-19,3,34.4,34.1,2000
Palermo,large,082053,630167,2006-05-21,2006-05-23,3,32.4,32.2,2006
Palermo,large,082053,630167,2007-06-23,2007-06-25,3,40.8,38.4,2007
Palermo,large,082053,630167,2007-08-20,2007-08-24,5,38.7,35.9,2007
Palermo,large,082053,630167,2007-08-28,2007-08-30,3,39.1,35.8,2007
Palermo,large,082053,630167,2011-09-01,2011-09-03,3,34.6,34.2,2011
Palermo,large,082053,630167,2012-09-25,2012-09-28,4,34.3,33.5,2012
Palermo,large,082053,630167,2014-09-18,2014-09-21,4,34.7,33.2,2014
Palermo,large,082053,630167,2021-08-08,2021-08-10,3,38.2,36.4,2021
Palermo,large,082053,630167,2022-10-24,2022-10-26,3,28.7,28.3,2022
Palermo,large,082053,630167,2023-07-16,2023-07-20,5,39.9,37.3,2023
Palermo,large,082053,630167,2023-07-22,2023-07-24,3,43.6,41.4,2023
Palermo,large,082053,630167,2023-09-19,2023-09-21,3,36.0,34.4,2023
Monreale,medium,082049,38698,1982-06-22,1982-06-25,4,38.8,37.0,1982
Monreale,medium,082049,38698,1987-06-11,1987-06-13,3,33.6,33.3,1987
Monreale,medium,082049,38698,1987-07-23,1987-07-25,3,37.5,36.5,1987
Monreale,medium,082049,38698,1987-09-24,1987-09-27,4,34.4,32.8,1987
Monreale,medium,082049,38698,1988-05-05,1988-05-07,3,31.9,30.2,1988
Monreale,medium,082049,38698,1990-10-09,1990-10-12,4,30.4,29.1,1990
Monreale,medium,082049,38698,1993-07-03,1993-07-05,3,36.5,36.0,1993
Monreale,medium,082049,38698,1993-08-24,1993-08-26,3,35.8,34.6,1993
Monreale,medium,082049,38698,1994-05-21,1994-05-23,3,33.7,32.7,1994
Monreale,medium,082049,38698,1994-08-13,1994-08-16,4,37.0,35.7,1994
Monreale,medium,082049,38698,1994-08-22,1994-08-24,3,36.7,34.7,1994
Monreale,medium,082049,38698,1994-09-22,1994-09-25,4,30.4,30.1,1994
Monreale,medium,082049,38698,1997-06-16,1997-06-18,3,36.3,35.0,1997
Monreale,medium,082049,38698,1998-06-01,1998-06-05,5,32.7,31.6,1998
Monreale,medium,082049,38698,1998-06-28,1998-07-02,5,38.3,36.5,1998
Monreale,medium,082049,38698,1999-05-31,1999-06-03,4,33.8,32.2,1999
Monreale,medium,082049,38698,1999-08-06,1999-08-09,4,40.2,38.4,1999
Monreale,medium,082049,38698,1999-10-24,1999-10-26,3,31.4,30.3,1999
Monreale,medium,082049,38698,2000-08-21,2000-08-24,4,36.7,35.1,2000
Monreale,medium,082049,38698,2000-09-17,2000-09-19,3,32.9,32.6,2000
Monreale,medium,082049,38698,2003-06-28,2003-06-30,3,35.6,34.9,2003
Monreale,medium,082049,38698,2006-05-21,2006-05-23,3,31.8,31.5,2006
Monreale,medium,082049,38698,2007-06-22,2007-06-25,4,39.2,36.6,2007
Monreale,medium,082049,38698,2007-08-20,2007-08-24,5,37.4,35.1,2007
Monreale,medium,082049,38698,2007-08-28,2007-08-30,3,37.4,34.8,2007
Monreale,medium,082049,38698,2008-09-05,2008-09-07,3,34.8,33.5,2008
Monreale,medium,082049,38698,2010-06-09,2010-06-11,3,32.9,31.9,2010
Monreale,medium,082049,38698,2011-09-01,2011-09-03,3,34.1,33.5,2011
Monreale,medium,082049,38698,2012-09-25,2012-09-28,4,33.0,32.2,2012
Monreale,medium,082049,38698,2014-09-18,2014-09-21,4,33.7,32.5,2014
Monreale,medium,082049,38698,2017-07-21,2017-07-23,3,40.0,37.3,2017
Monreale,medium,082049,38698,2017-08-02,2017-08-09,8,38.5,37.0,2017
Monreale,medium,082049,38698,2019-06-06,2019-06-11,6,34.7,33.3,2019
Monreale,medium,082049,38698,2019-06-20,2019-06-22,3,36.5,35.5,2019
Monreale,medium,082049,38698,2020-08-28,2020-08-30,3,37.2,35.8,2020
Monreale,medium,082049,38698,2021-06-19,2021-06-24,6,39.0,37.3,2021
Monreale,medium,082049,38698,2021-06-26,2021-06-29,4,40.7,38.4,2021
Monreale,medium,082049,38698,2021-07-28,2021-07-31,4,41.3,38.0,2021
Monreale,medium,082049,38698,2021-08-07,2021-08-12,6,40.9,38.1,2021
Monreale,medium,082049,38698,2021-09-15,2021-09-17,3,33.5,32.6,2021
Monreale,medium,082049,38698,2022-05-23,2022-05-25,3,34.3,33.0,2022
Monreale,medium,082049,38698,2022-05-29,2022-06-05,8,34.7,32.1,2022
Monreale,medium,082049,38698,2022-06-21,2022-06-23,3,35.2,35.0,2022
Monreale,medium,082049,38698,2022-06-25,2022-06-27,3,39.8,38.6,2022
Monreale,medium,082049,38698,2022-08-14,2022-08-17,4,41.7,37.3,2022
Monreale,medium,082049,38698,2022-09-13,2022-09-15,3,34.3,33.3,2022
Monreale,medium,082049,38698,2022-10-24,2022-10-26,3,29.0,28.8,2022
Monreale,medium,082049,38698,2023-07-15,2023-07-24,10,43.1,39.4,2023
Monreale,medium,082049,38698,2023-09-16,2023-09-21,6,35.1,33.5,2023
Monreale,medium,082049,38698,2023-10-17,2023-10-19,3,32.8,31.5,2023
Monreale,medium,082049,38698,2024-06-17,2024-06-20,4,36.3,34.7,2024
Monreale,medium,082049,38698,2025-06-05,2025-06-07,3,34.1,32.2,2025
Monreale,medium,082049,38698,2025-06-14,2025-06-16,3,32.9,32.4,2025
Belmonte Mezzagno,small,082009,10858,1982-06-22,1982-06-25,4,37.0,35.0,1982
Belmonte Mezzagno,small,082009,10858,1987-06-11,1987-06-13,3,31.5,31.0,1987
Belmonte Mezzagno,small,082009,10858,1987-07-23,1987-07-25,3,35.6,34.7,1987
Belmonte Mezzagno,small,082009,10858,1987-09-24,1987-09-27,4,33.3,31.3,1987
Belmonte Mezzagno,small,082009,10858,1993-07-03,1993-07-05,3,34.2,34.0,1993
Belmonte Mezzagno,small,082009,10858,1993-08-23,1993-08-26,4,33.6,32.3,1993
Belmonte Mezzagno,small,082009,10858,1994-05-21,1994-05-23,3,32.3,30.8,1994
Belmonte Mezzagno,small,082009,10858,1994-08-13,1994-08-16,4,34.6,33.7,1994
Belmonte Mezzagno,small,082009,10858,1994-08-22,1994-08-24,3,35.3,33.0,1994
Belmonte Mezzagno,small,082009,10858,1994-09-21,1994-09-23,3,29.0,28.9,1994
Belmonte Mezzagno,small,082009,10858,1997-06-16,1997-06-18,3,34.3,33.1,1997
Belmonte Mezzagno,small,082009,10858,1998-06-01,1998-06-05,5,30.9,29.8,1998
Belmonte Mezzagno,small,082009,10858,1998-06-28,1998-07-02,5,36.7,34.4,1998
Belmonte Mezzagno,small,082009,10858,1999-05-31,1999-06-03,4,31.6,30.0,1999
Belmonte Mezzagno,small,082009,10858,1999-08-06,1999-08-09,4,38.3,36.5,1999
Belmonte Mezzagno,small,082009,10858,2000-08-21,2000-08-24,4,34.7,33.0,2000
Belmonte Mezzagno,small,082009,10858,2000-09-17,2000-09-19,3,31.6,31.3,2000
Belmonte Mezzagno,small,082009,10858,2006-05-21,2006-05-23,3,29.6,29.5,2006
Belmonte Mezzagno,small,082009,10858,2007-06-23,2007-06-25,3,38.0,35.6,2007
Belmonte Mezzagno,small,082009,10858,2007-08-20,2007-08-24,5,36.0,33.2,2007
Belmonte Mezzagno,small,082009,10858,2007-08-28,2007-08-30,3,36.4,33.1,2007
Belmonte Mezzagno,small,082009,10858,2011-09-01,2011-09-03,3,31.8,31.5,2011
Belmonte Mezzagno,small,082009,10858,2012-09-25,2012-09-28,4,31.5,30.7,2012
Belmonte Mezzagno,small,082009,10858,2014-09-18,2014-09-21,4,31.9,30.4,2014
Belmonte Mezzagno,small,082009,10858,2017-07-21,2017-07-23,3,39.0,36.3,2017
Belmonte Mezzagno,small,082009,10858,2017-07-31,2017-08-09,10,37.6,35.6,2017
Belmonte Mezzagno,small,082009,10858,2019-06-06,2019-06-11,6,33.8,32.3,2019
Belmonte Mezzagno,small,082009,10858,2019-06-20,2019-06-22,3,35.6,34.6,2019
Belmonte Mezzagno,small,082009,10858,2019-07-07,2019-07-09,3,35.3,34.6,2019
Belmonte Mezzagno,small,082009,10858,2020-08-28,2020-08-30,3,36.2,34.8,2020
Belmonte Mezzagno,small,082009,10858,2021-06-19,2021-06-24,6,38.0,36.3,2021
Belmonte Mezzagno,small,082009,10858,2021-06-26,2021-06-29,4,39.7,37.4,2021
Belmonte Mezzagno,small,082009,10858,2021-07-28,2021-07-31,4,40.3,37.0,2021
Belmonte Mezzagno,small,082009,10858,2021-08-06,2021-08-16,11,39.9,35.4,2021
Belmonte Mezzagno,small,082009,10858,2021-09-15,2021-09-18,4,32.5,31.1,2021
Belmonte Mezzagno,small,082009,10858,2022-05-23,2022-05-26,4,33.4,31.0,2022
Belmonte Mezzagno,small,082009,10858,2022-05-29,2022-06-06,9,33.7,30.9,2022
Belmonte Mezzagno,small,082009,10858,2022-06-21,2022-06-27,7,38.8,35.2,2022
Belmonte Mezzagno,small,082009,10858,2022-07-04,2022-07-06,3,34.2,33.8,2022
Belmonte Mezzagno,small,082009,10858,2022-08-14,2022-08-17,4,40.8,36.3,2022
Belmonte Mezzagno,small,082009,10858,2022-09-06,2022-09-09,4,34.5,32.2,2022
Belmonte Mezzagno,small,082009,10858,2022-09-13,2022-09-15,3,33.4,32.3,2022
Belmonte Mezzagno,small,082009,10858,2023-07-07,2023-07-10,4,34.6,33.5,2023
Belmonte Mezzagno,small,082009,10858,2023-07-12,2023-07-24,13,42.2,37.5,2023
Belmonte Mezzagno,small,082009,10858,2023-08-24,2023-08-26,3,36.8,33.5,2023
Belmonte Mezzagno,small,082009,10858,2023-09-16,2023-09-21,6,34.1,32.5,2023
Belmonte Mezzagno,small,082009,10858,2023-10-17,2023-10-19,3,31.8,30.6,2023
Belmonte Mezzagno,small,082009,10858,2024-06-17,2024-06-20,4,35.3,33.7,2024
Belmonte Mezzagno,small,082009,10858,2024-06-28,2024-06-30,3,36.6,34.0,2024
Belmonte Mezzagno,small,082009,10858,2024-07-31,2024-08-02,3,33.8,33.7,2024
Belmonte Mezzagno,small,082009,10858,2024-08-12,2024-08-15,4,33.3,32.6,2024
Belmonte Mezzagno,small,082009,10858,2024-09-04,2024-09-07,4,34.8,32.1,2024
Belmonte Mezzagno,small,082009,10858,2025-06-05,2025-06-08,4,33.1,30.8,2025
Belmonte Mezzagno,small,082009,10858,2025-06-13,2025-06-16,4,31.9,31.1,2025
Belmonte Mezzagno,small,082009,10858,2025-09-07,2025-09-09,3,32.8,31.4,2025
Giardinello,rural,082038,2262,1982-06-22,1982-06-25,4,39.7,38.1,1982
Giardinello,rural,082038,2262,1987-06-11,1987-06-13,3,35.2,34.9,1987
Giardinello,rural,082038,2262,1987-07-22,1987-07-24,3,38.6,37.7,1987
Giardinello,rural,082038,2262,1987-08-09,1987-08-11,3,38.0,36.6,1987
Giardinello,rural,082038,2262,1987-09-24,1987-09-27,4,35.1,33.7,1987
Giardinello,rural,082038,2262,1988-05-05,1988-05-07,3,33.1,31.3,1988
Giardinello,rural,082038,2262,1988-07-04,1988-07-06,3,39.6,37.5,1988
Giardinello,rural,082038,2262,1990-10-11,1990-10-13,3,30.7,29.7,1990
Giardinello,rural,082038,2262,1993-08-24,1993-08-26,3,36.7,36.0,1993
Giardinello,rural,082038,2262,1994-05-21,1994-05-23,3,34.7,33.9,1994
Giardinello,rural,082038,2262,1994-08-13,1994-08-16,4,38.1,36.9,1994
Giardinello,rural,082038,2262,1994-09-23,1994-09-25,3,31.2,31.2,1994
Giardinello,rural,082038,2262,1997-06-11,1997-06-13,3,33.9,33.2,1997
Giardinello,rural,082038,2262,1997-06-16,1997-06-18,3,37.3,35.9,1997
Giardinello,rural,082038,2262,1998-06-01,1998-06-05,5,33.9,32.8,1998
Giardinello,rural,082038,2262,1998-06-28,1998-07-02,5,38.9,37.6,1998
Giardinello,rural,082038,2262,1999-05-31,1999-06-03,4,35.1,33.5,1999
Giardinello,rural,082038,2262,1999-08-06,1999-08-09,4,41.1,39.4,1999
Giardinello,rural,082038,2262,1999-10-24,1999-10-26,3,31.8,30.8,1999
Giardinello,rural,082038,2262,2000-08-21,2000-08-26,6,38.0,36.4,2000
Giardinello,rural,082038,2262,2000-09-17,2000-09-19,3,33.9,33.5,2000
Giardinello,rural,082038,2262,2003-06-28,2003-06-30,3,37.0,36.6,2003
Giardinello,rural,082038,2262,2006-05-21,2006-05-23,3,33.9,33.1,2006
Giardinello,rural,082038,2262,2006-06-26,2006-06-28,3,37.4,36.5,2006
Giardinello,rural,082038,2262,2006-08-17,2006-08-19,3,37.3,36.1,2006
Giardinello,rural,082038,2262,2007-06-21,2007-06-25,5,40.3,37.6,2007
Giardinello,rural,082038,2262,2007-08-20,2007-08-25,6,38.2,36.0,2007
Giardinello,rural,082038,2262,2007-08-28,2007-08-30,3,38.0,35.7,2007
Giardinello,rural,082038,2262,2008-09-04,2008-09-07,4,35.6,34.3,2008
Giardinello,rural,082038,2262,2008-09-09,2008-09-11,3,33.3,33.0,2008
Giardinello,rural,082038,2262,2010-06-09,2010-06-11,3,34.3,33.6,2010
Giardinello,rural,082038,2262,2011-09-01,2011-09-03,3,35.4,35.0,2011
Giardinello,rural,082038,2262,2012-08-04,2012-08-06,3,38.3,37.2,2012
Giardinello,rural,082038,2262,2012-09-25,2012-09-28,4,34.0,33.1,2012
Giardinello,rural,082038,2262,2014-09-18,2014-09-21,4,34.7,33.6,2014
Giardinello,rural,082038,2262,2015-05-03,2015-05-05,3,33.4,31.8,2015
Giardinello,rural,082038,2262,2019-06-06,2019-06-10,5,35.4,33.7,2019
Giardinello,rural,082038,2262,2021-06-26,2021-06-28,3,39.0,37.1,2021
Giardinello,rural,082038,2262,2021-08-07,2021-08-10,4,39.2,38.6,2021
Giardinello,rural,082038,2262,2022-05-23,2022-05-25,3,35.5,33.5,2022
Giardinello,rural,082038,2262,2022-06-24,2022-06-27,4,40.4,38.4,2022
Giardinello,rural,082038,2262,2023-07-15,2023-07-17,3,38.5,37.9,2023
Giardinello,rural,082038,2262,2023-07-19,2023-07-24,6,43.0,38.9,2023
Giardinello,rural,082038,2262,2023-09-17,2023-09-21,5,34.2,33.6,2023
Giardinello,rural,082038,2262,2023-10-17,2023-10-19,3,32.8,31.6,2023
Genova,large,010025,558745,1981-06-11,1981-06-13,3,30.0,29.7,1981
Genova,large,010025,558745,1983-07-25,1983-07-27,3,34.8,33.7,1983
Genova,large,010025,558745,1987-06-28,1987-06-30,3,30.9,30.6,1987
Genova,large,010025,558745,1987-09-15,1987-09-17,3,30.0,29.5,1987
Genova,large,010025,558745,1993-08-15,1993-08-17,3,32.5,31.8,1993
Genova,large,010025,558745,1994-06-29,1994-07-01,3,31.2,30.9,1994
Genova,large,010025,558745,1994-08-03,1994-08-06,4,32.6,32.1,1994
Genova,large,010025,558745,1996-06-09,1996-06-12,4,31.2,30.4,1996
Genova,large,010025,558745,1998-08-07,1998-08-12,6,33.9,32.7,1998
Genova,large,010025,558745,2000-08-23,2000-08-25,3,33.5,32.4,2000
Genova,large,010025,558745,2002-06-16,2002-06-23,8,32.3,30.9,2002
Genova,large,010025,558745,2003-06-10,2003-06-15,6,31.8,30.7,2003
Genova,large,010025,558745,2003-07-31,2003-08-12,13,35.4,33.5,2003
Genova,large,010025,558745,2006-07-09,2006-07-12,4,32.7,31.9,2006
Genova,large,010025,558745,2006-07-18,2006-07-24,7,32.5,31.9,2006
Genova,large,010025,558745,2009-08-18,2009-08-20,3,33.2,32.7,2009
Genova,large,010025,558745,2010-07-08,2010-07-10,3,31.7,31.2,2010
Genova,large,010025,558745,2011-08-19,2011-08-22,4,33.5,32.4,2011
Genova,large,010025,558745,2012-08-17,2012-08-20,4,34.5,33.8,2012
Genova,large,010025,558745,2014-06-07,2014-06-12,6,31.4,30.7,2014
Genova,large,010025,558745,2015-06-03,2015-06-07,5,29.9,29.3,2015
Genova,large,010025,558745,2015-07-02,2015-07-04,3,32.5,31.6,2015
Genova,large,010025,558745,2015-08-05,2015-08-07,3,34.7,34.4,2015
Genova,large,010025,558745,2016-06-21,2016-06-23,3,32.4,31.5,2016
Genova,large,010025,558745,2016-08-23,2016-08-25,3,31.4,31.4,2016
Genova,large,010025,558745,2016-09-08,2016-09-10,3,30.6,30.5,2016
Genova,large,010025,558745,2018-07-30,2018-08-06,8,34.0,32.8,2018
Genova,large,010025,558745,2018-08-18,2018-08-22,5,32.7,32.0,2018
Genova,large,010025,558745,2018-09-18,2018-09-20,3,29.4,28.7,2018
Genova,large,010025,558745,2019-06-24,2019-06-29,6,32.9,31.8,2019
Genova,large,010025,558745,2019-07-22,2019-07-24,3,33.2,32.5,2019
Genova,large,010025,558745,2020-09-11,2020-09-17,7,31.2,30.1,2020
Genova,large,010025,558745,2021-08-10,2021-08-13,4,34.4,33.6,2021
Genova,large,010025,558745,2022-05-25,2022-05-27,3,32.3,30.5,2022
Genova,large,010025,558745,2022-06-08,2022-06-10,3,30.3,29.0,2022
Genova,large,010025,558745,2022-06-16,2022-06-18,3,30.9,30.4,2022
Genova,large,010025,558745,2022-07-05,2022-07-07,3,33.2,32.8,2022
Genova,large,010025,558745,2022-07-16,2022-07-21,6,36.3,33.9,2022
Genova,large,010025,558745,2022-07-29,2022-08-10,13,34.9,33.3,2022
Genova,large,010025,558745,2023-07-07,2023-07-09,3,32.4,31.4,2023
Genova,large,010025,558745,2023-08-17,2023-08-23,7,36.9,34.5,2023
Genova,large,010025,558745,2023-09-05,2023-09-09,5,31.6,30.6,2023
Genova,large,010025,558745,2024-07-28,2024-07-30,3,34.8,33.1,2024
Genova,large,010025,558745,2024-08-02,2024-08-04,3,34.0,33.1,2024
Genova,large,010025,558745,2024-08-08,2024-08-15,8,35.4,33.3,2024
Genova,large,010025,558745,2024-08-27,2024-08-31,5,32.9,32.0,2024
Genova,large,010025,558745,2025-06-12,2025-06-20,9,32.5,30.6,2025
Genova,large,010025,558745,2025-06-26,2025-07-04,9,34.2,32.3,2025
Genova,large,010025,558745,2025-08-08,2025-08-17,10,37.8,35.0,2025
Rapallo,medium,010046,29103,1983-07-25,1983-07-27,3,33.4,32.4,1983
Rapallo,medium,010046,29103,1992-08-04,1992-08-08,5,30.9,30.5,1992
Rapallo,medium,010046,29103,1994-06-29,1994-07-01,3,29.9,29.4,1994
Rapallo,medium,010046,29103,1994-07-25,1994-07-27,3,30.6,30.3,1994
Rapallo,medium,010046,29103,1994-08-03,1994-08-06,4,31.2,30.9,1994
Rapallo,medium,010046,29103,1996-06-10,1996-06-12,3,29.0,28.6,1996
Rapallo,medium,010046,29103,1998-08-05,1998-08-11,7,31.4,30.8,1998
Rapallo,medium,010046,29103,2002-06-17,2002-06-23,7,31.3,29.7,2002
Rapallo,medium,010046,29103,2003-06-11,2003-06-15,5,29.7,29.1,2003
Rapallo,medium,010046,29103,2003-07-31,2003-08-12,13,33.7,31.9,2003
Rapallo,medium,010046,29103,2006-06-27,2006-06-30,4,29.7,29.1,2006
Rapallo,medium,010046,29103,2006-07-09,2006-07-14,6,30.9,30.3,2006
Rapallo,medium,010046,29103,2006-07-18,2006-07-26,9,31.4,30.5,2006
Rapallo,medium,010046,29103,2009-08-18,2009-08-20,3,32.3,31.7,2009
Rapallo,medium,010046,29103,2011-08-20,2011-08-23,4,32.3,30.9,2011
Rapallo,medium,010046,29103,2012-08-17,2012-08-20,4,32.3,31.7,2012
Rapallo,medium,010046,29103,2014-06-07,2014-06-12,6,29.7,28.9,2014
Rapallo,medium,010046,29103,2015-06-04,2015-06-07,4,29.3,28.8,2015
Rapallo,medium,010046,29103,2015-07-02,2015-07-04,3,30.8,30.0,2015
Rapallo,medium,010046,29103,2015-07-14,2015-07-17,4,29.9,29.8,2015
Rapallo,medium,010046,29103,2015-08-05,2015-08-08,4,33.0,32.3,2015
Rapallo,medium,010046,29103,2015-08-10,2015-08-12,3,31.6,31.1,2015
Rapallo,medium,010046,29103,2016-09-08,2016-09-12,5,29.8,29.3,2016
Rapallo,medium,010046,29103,2017-07-30,2017-08-06,8,32.5,31.2,2017
Rapallo,medium,010046,29103,2018-07-29,2018-08-06,9,33.2,32.4,2018
Rapallo,medium,010046,29103,2018-08-17,2018-08-22,6,32.7,31.5,2018
Rapallo,medium,010046,29103,2019-06-23,2019-07-04,12,33.0,30.9,2019
Rapallo,medium,010046,29103,2019-07-21,2019-07-25,5,32.9,31.6,2019
Rapallo,medium,010046,29103,2019-08-27,2019-09-02,7,30.8,30.0,2019
Rapallo,medium,010046,29103,2020-08-07,2020-08-09,3,31.6,31.4,2020
Rapallo,medium,010046,29103,2020-09-10,2020-09-17,8,30.8,29.5,2020
Rapallo,medium,010046,29103,2021-07-16,2021-07-18,3,31.5,31.0,2021
Rapallo,medium,010046,29103,2021-08-09,2021-08-14,6,33.2,31.9,2021
Rapallo,medium,010046,29103,2022-05-25,2022-05-27,3,31.7,30.0,2022
Rapallo,medium,010046,29103,2022-06-16,2022-06-18,3,30.6,30.1,2022
Rapallo,medium,010046,29103,2022-06-25,2022-06-27,3,31.4,30.3,2022
Rapallo,medium,010046,29103,2022-07-01,2022-07-07,7,31.7,30.8,2022
Rapallo,medium,010046,29103,2022-07-15,2022-08-10,27,34.9,32.1,2022
Rapallo,medium,010046,29103,2023-07-07,2023-07-10,4,31.7,31.0,2023
Rapallo,medium,010046,29103,2023-08-11,2023-08-14,4,30.6,30.4,2023
Rapallo,medium,010046,29103,2023-08-16,2023-08-24,9,35.3,33.4,2023
Rapallo,medium,010046,29103,2023-09-05,2023-09-08,4,30.6,29.6,2023
Rapallo,medium,010046,29103,2024-07-21,2024-07-25,5,33.2,31.4,2024
Rapallo,medium,010046,29103,2024-07-27,2024-07-30,4,32.6,31.7,2024
Rapallo,medium,010046,29103,2024-08-01,2024-08-05,5,32.6,31.3,2024
Rapallo,medium,010046,29103,2024-08-08,2024-08-15,8,35.5,33.2,2024
Rapallo,medium,010046,29103,2024-08-25,2024-08-31,7,32.4,31.6,2024
Rapallo,medium,010046,29103,2025-06-11,2025-06-21,11,30.3,29.5,2025
Rapallo,medium,010046,29103,2025-06-26,2025-07-04,9,34.0,31.9,2025
Rapallo,medium,010046,29103,2025-08-05,2025-08-17,13,35.9,33.3,2025
Sant'Olcese,small,010055,5567,1983-07-25,1983-07-27,3,33.5,32.4,1983
Sant'Olcese,small,010055,5567,1987-06-28,1987-06-30,3,29.6,29.3,1987
Sant'Olcese,small,010055,5567,1993-08-15,1993-08-17,3,31.2,30.5,1993
Sant'Olcese,small,010055,5567,1994-06-29,1994-07-01,3,29.9,29.6,1994
Sant'Olcese,small,010055,5567,1994-08-03,1994-08-06,4,31.3,30.8,1994
Sant'Olcese,small,010055,5567,1996-06-10,1996-06-12,3,29.9,29.6,1996
Sant'Olcese,small,010055,5567,1998-08-07,1998-08-12,6,32.6,31.4,1998
Sant'Olcese,small,010055,5567,2000-08-23,2000-08-25,3,32.2,31.1,2000
Sant'Olcese,small,010055,5567,2002-06-16,2002-06-23,8,31.0,29.6,2002
Sant'Olcese,small,010055,5567,2003-06-10,2003-06-15,6,30.5,29.4,2003
Sant'Olcese,small,010055,5567,2003-07-31,2003-08-12,13,34.1,32.2,2003
Sant'Olcese,small,010055,5567,2006-07-09,2006-07-12,4,31.4,30.6,2006
Sant'Olcese,small,010055,5567,2006-07-18,2006-07-24,7,31.2,30.6,2006
Sant'Olcese,small,010055,5567,2009-08-18,2009-08-20,3,31.9,31.4,2009
Sant'Olcese,small,010055,5567,2010-07-08,2010-07-10,3,30.4,29.9,2010
Sant'Olcese,small,010055,5567,2011-08-19,2011-08-22,4,32.2,31.1,2011
Sant'Olcese,small,010055,5567,2012-08-17,2012-08-20,4,33.2,32.5,2012
Sant'Olcese,small,010055,5567,2014-06-07,2014-06-11,5,30.1,29.7,2014
Sant'Olcese,small,010055,5567,2015-07-02,2015-07-04,3,31.2,30.3,2015
Sant'Olcese,small,010055,5567,2015-08-05,2015-08-07,3,33.4,33.1,2015
Sant'Olcese,small,010055,5567,2016-06-21,2016-06-23,3,31.1,30.2,2016
Sant'Olcese,small,010055,5567,2016-08-23,2016-08-25,3,30.1,30.1,2016
Sant'Olcese,small,010055,5567,2016-09-08,2016-09-10,3,29.3,29.2,2016
Sant'Olcese,small,010055,5567,2018-07-30,2018-08-05,7,32.3,31.2,2018
Sant'Olcese,small,010055,5567,2018-08-18,2018-08-21,4,31.0,30.4,2018
Sant'Olcese,small,010055,5567,2019-06-24,2019-06-29,6,31.2,30.0,2019
Sant'Olcese,small,010055,5567,2020-09-11,2020-09-14,4,29.5,29.1,2020
Sant'Olcese,small,010055,5567,2021-08-10,2021-08-13,4,32.6,31.9,2021
Sant'Olcese,small,010055,5567,2022-07-05,2022-07-07,3,31.5,31.1,2022
Sant'Olcese,small,010055,5567,2022-07-16,2022-07-20,5,34.6,32.6,2022
Sant'Olcese,small,010055,5567,2022-07-29,2022-08-09,12,33.2,31.7,2022
Sant'Olcese,small,010055,5567,2023-08-18,2023-08-23,6,35.2,33.4,2023
Sant'Olcese,small,010055,5567,2023-09-06,2023-09-08,3,29.9,29.4,2023
Sant'Olcese,small,010055,5567,2024-07-28,2024-07-30,3,33.0,31.4,2024
Sant'Olcese,small,010055,5567,2024-08-02,2024-08-04,3,32.2,31.4,2024
Sant'Olcese,small,010055,5567,2024-08-08,2024-08-14,7,33.7,31.8,2024
Sant'Olcese,small,010055,5567,2024-08-27,2024-08-31,5,31.2,30.3,2024
Sant'Olcese,small,010055,5567,2025-06-15,2025-06-20,6,30.8,29.0,2025
Sant'Olcese,small,010055,5567,2025-06-26,2025-07-04,9,32.4,30.6,2025
Sant'Olcese,small,010055,5567,2025-08-08,2025-08-17,10,36.1,33.3,2025
Casella,rural,010012,3098,1983-07-25,1983-07-27,3,32.7,31.5,1983
Casella,rural,010012,3098,1994-06-29,1994-07-01,3,28.9,28.6,1994
Casella,rural,010012,3098,1994-08-03,1994-08-05,3,30.3,29.9,1994
Casella,rural,010012,3098,1998-08-06,1998-08-12,7,31.6,30.3,1998
Casella,rural,010012,3098,2000-08-23,2000-08-25,3,31.2,30.2,2000
Casella,rural,010012,3098,2002-06-17,2002-06-19,3,30.0,29.2,2002
Casella,rural,010012,3098,2003-06-11,2003-06-13,3,29.3,28.9,2003
Casella,rural,010012,3098,2003-07-31,2003-08-06,7,33.1,31.9,2003
Casella,rural,010012,3098,2003-08-08,2003-08-12,5,31.0,30.1,2003
Casella,rural,010012,3098,2006-07-09,2006-07-12,4,30.4,29.5,2006
Casella,rural,010012,3098,2006-07-19,2006-07-23,5,30.1,29.6,2006
Casella,rural,010012,3098,2009-08-18,2009-08-20,3,30.9,30.3,2009
Casella,rural,010012,3098,2011-08-20,2011-08-22,3,31.0,30.3,2011
Casella,rural,010012,3098,2012-08-17,2012-08-20,4,32.1,31.4,2012
Casella,rural,010012,3098,2014-06-07,2014-06-11,5,29.1,28.7,2014
Casella,rural,010012,3098,2015-07-02,2015-07-04,3,30.1,29.2,2015
Casella,rural,010012,3098,2015-08-05,2015-08-07,3,32.4,32.1,2015
Casella,rural,010012,3098,2016-08-23,2016-08-25,3,29.0,28.9,2016
Casella,rural,010012,3098,2017-07-30,2017-08-05,7,31.5,30.5,2017
Casella,rural,010012,3098,2017-08-26,2017-08-29,4,29.6,29.1,2017
Casella,rural,010012,3098,2018-07-29,2018-08-06,9,32.6,30.8,2018
Casella,rural,010012,3098,2018-08-18,2018-08-22,5,30.0,29.5,2018
Casella,rural,010012,3098,2019-06-23,2019-07-03,11,33.7,30.4,2019
Casella,rural,010012,3098,2019-07-21,2019-07-24,4,32.4,31.1,2019
Casella,rural,010012,3098,2020-08-07,2020-08-09,3,30.5,30.3,2020
Casella,rural,010012,3098,2020-09-12,2020-09-14,3,28.7,28.3,2020
Casella,rural,010012,3098,2021-08-10,2021-08-14,5,33.9,32.3,2021
Casella,rural,010012,3098,2022-07-01,2022-07-07,7,30.2,29.7,2022
Casella,rural,010012,3098,2022-07-15,2022-07-21,7,33.8,31.8,2022
Casella,rural,010012,3098,2022-07-29,2022-08-10,13,33.6,31.4,2022
Casella,rural,010012,3098,2022-08-21,2022-08-24,4,29.4,29.1,2022
Casella,rural,010012,3098,2023-06-21,2023-06-23,3,29.2,29.2,2023
Casella,rural,010012,3098,2023-07-08,2023-07-10,3,30.6,29.8,2023
Casella,rural,010012,3098,2023-08-12,2023-08-24,13,35.6,31.9,2023
Casella,rural,010012,3098,2023-09-06,2023-09-09,4,28.7,28.4,2023
Casella,rural,010012,3098,2024-07-17,2024-07-19,3,30.2,29.8,2024
Casella,rural,010012,3098,2024-07-28,2024-07-30,3,33.0,32.1,2024
Casella,rural,010012,3098,2024-08-01,2024-08-05,5,31.8,30.1,2024
Casella,rural,010012,3098,2024-08-08,2024-08-15,8,33.6,31.5,2024
Casella,rural,010012,3098,2024-08-27,2024-08-30,4,30.9,30.0,2024
Casella,rural,010012,3098,2025-06-11,2025-06-15,5,30.7,29.8,2025
Casella,rural,010012,3098,2025-06-17,2025-06-20,4,31.0,29.9,2025
Casella,rural,010012,3098,2025-06-26,2025-07-04,9,32.0,30.6,2025
Casella,rural,010012,3098,2025-08-07,2025-08-17,11,34.7,32.7,2025
Bologna,large,037006,387971,1983-07-18,1983-07-20,3,38.1,36.8,1983
Bologna,large,037006,387971,1983-07-25,1983-07-28,4,40.0,39.0,1983
Bologna,large,037006,387971,1987-09-16,1987-09-18,3,33.3,33.1,1987
Bologna,large,037006,387971,1992-08-25,1992-08-28,4,35.5,35.0,1992
Bologna,large,037006,387971,1993-06-06,1993-06-08,3,31.5,31.3,1993
Bologna,large,037006,387971,1996-06-06,1996-06-11,6,33.7,32.7,1996
Bologna,large,037006,387971,1997-05-13,1997-05-16,4,28.4,28.3,1997
Bologna,large,037006,387971,1998-06-02,1998-06-05,4,34.0,32.2,1998
Bologna,large,037006,387971,1998-06-25,1998-06-30,6,37.0,34.8,1998
Bologna,large,037006,387971,1998-08-09,1998-08-12,4,37.6,37.1,1998
Bologna,large,037006,387971,1999-05-29,1999-06-02,5,33.6,32.1,1999
Bologna,large,037006,387971,2000-06-02,2000-06-04,3,32.1,31.7,2000
Bologna,large,037006,387971,2000-08-17,2000-08-22,6,37.2,36.4,2000
Bologna,large,037006,387971,2002-06-14,2002-06-23,10,36.8,35.2,2002
Bologna,large,037006,387971,2003-05-04,2003-05-08,5,31.0,29.6,2003
Bologna,large,037006,387971,2003-06-04,2003-06-14,11,35.7,33.7,2003
Bologna,large,037006,387971,2003-06-21,2003-06-25,5,36.3,34.9,2003
Bologna,large,037006,387971,2003-08-08,2003-08-13,6,38.1,37.1,2003
Bologna,large,037006,387971,2004-06-08,2004-06-10,3,33.9,32.8,2004
Bologna,large,037006,387971,2005-05-27,2005-05-29,3,32.5,32.1,2005
Bologna,large,037006,387971,2005-06-21,2005-06-28,8,36.0,34.9,2005
Bologna,large,037006,387971,2005-07-27,2005-07-29,3,38.9,37.4,2005
Bologna,large,037006,387971,2006-06-19,2006-06-21,3,36.4,35.1,2006
Bologna,large,037006,387971,2006-06-24,2006-06-27,4,37.4,36.1,2006
Bologna,large,037006,387971,2006-07-20,2006-07-22,3,37.1,36.8,2006
Bologna,large,037006,387971,2006-09-04,2006-09-06,3,33.5,33.3,2006
Bologna,large,037006,387971,2007-05-20,2007-05-24,5,32.2,31.1,2007
Bologna,large,037006,387971,2007-07-14,2007-07-20,7,38.6,37.3,2007
Bologna,large,037006,387971,2009-05-20,2009-05-25,6,34.8,32.6,2009
Bologna,large,037006,387971,2009-06-13,2009-06-15,3,33.6,33.4,2009
Bologna,large,037006,387971,2009-08-17,2009-08-20,4,36.5,36.0,2009
Bologna,large,037006,387971,2011-08-18,2011-08-25,8,37.8,37.1,2011
Bologna,large,037006,387971,2012-06-15,2012-06-21,7,36.8,34.8,2012
Bologna,large,037006,387971,2012-06-27,2012-07-01,5,37.8,36.2,2012
Bologna,large,037006,387971,2012-08-18,2012-08-24,7,38.6,36.9,2012
Bologna,large,037006,387971,2013-06-17,2013-06-19,3,34.5,33.9,2013
Bologna,large,037006,387971,2013-08-02,2013-08-07,6,39.5,38.4,2013
Bologna,large,037006,387971,2014-06-07,2014-06-11,5,34.4,33.4,2014
Bologna,large,037006,387971,2015-07-03,2015-07-07,5,36.3,35.4,2015
Bologna,large,037006,387971,2015-07-15,2015-07-22,8,37.7,36.8,2015
Bologna,large,037006,387971,2017-06-11,2017-06-13,3,33.6,33.1,2017
Bologna,large,037006,387971,2017-06-19,2017-06-23,5,35.0,34.4,2017
Bologna,large,037006,387971,2017-07-05,2017-07-08,4,36.6,36.2,2017
Bologna,large,037006,387971,2017-07-31,2017-08-04,5,40.5,39.6,2017
Bologna,large,037006,387971,2019-06-24,2019-06-27,4,38.1,35.4,2019
Bologna,large,037006,387971,2019-06-29,2019-07-01,3,35.4,34.5,2019
Bologna,large,037006,387971,2019-08-09,2019-08-11,3,36.8,36.7,2019
Bologna,large,037006,387971,2021-06-18,2021-06-20,3,34.6,33.7,2021
Bologna,large,037006,387971,2021-08-13,2021-08-15,3,36.8,36.5,2021
Bologna,large,037006,387971,2022-05-19,2022-05-22,4,31.4,30.2,2022
Bologna,large,037006,387971,2022-06-19,2022-06-21,3,35.2,34.7,2022
Bologna,large,037006,387971,2022-07-01,2022-07-03,3,36.7,35.7,2022
Bologna,large,037006,387971,2022-07-20,2022-07-22,3,38.6,37.4,2022
Bologna,large,037006,387971,2022-08-03,2022-08-05,3,37.4,36.9,2022
Bologna,large,037006,387971,2023-07-09,2023-07-11,3,36.6,36.1,2023
Bologna,large,037006,387971,2023-07-15,2023-07-18,4,38.3,37.4,2023
Bologna,large,037006,387971,2023-08-21,2023-08-25,5,37.6,36.4,2023
Bologna,large,037006,387971,2025-05-31,2025-06-03,4,32.2,31.7,2025
Bologna,large,037006,387971,2025-06-10,2025-06-14,5,36.0,34.1,2025
Bologna,large,037006,387971,2025-06-22,2025-07-03,12,37.6,35.2,2025
Casalecchio di Reno,medium,037011,35414,1983-07-18,1983-07-20,3,38.2,36.9,1983
Casalecchio di Reno,medium,037011,35414,1983-07-25,1983-07-28,4,40.1,39.1,1983
Casalecchio di Reno,medium,037011,35414,1987-09-16,1987-09-18,3,33.4,33.2,1987
Casalecchio di Reno,medium,037011,35414,1992-08-25,1992-08-28,4,35.5,35.1,1992
Casalecchio di Reno,medium,037011,35414,1993-06-06,1993-06-08,3,31.6,31.4,1993
Casalecchio di Reno,medium,037011,35414,1996-06-06,1996-06-11,6,33.8,32.8,1996
Casalecchio di Reno,medium,037011,35414,1997-05-13,1997-05-16,4,28.4,28.4,1997
Casalecchio di Reno,medium,037011,35414,1998-06-02,1998-06-05,4,34.0,32.3,1998
Casalecchio di Reno,medium,037011,35414,1998-06-25,1998-06-30,6,37.1,34.9,1998
Casalecchio di Reno,medium,037011,35414,1998-08-09,1998-08-12,4,37.7,37.1,1998
Casalecchio di Reno,medium,037011,35414,1999-05-29,1999-06-02,5,33.7,32.2,1999
Casalecchio di Reno,medium,037011,35414,2000-06-02,2000-06-04,3,32.1,31.8,2000
Casalecchio di Reno,medium,037011,35414,2000-08-17,2000-08-22,6,37.3,36.4,2000
Casalecchio di Reno,medium,037011,35414,2002-06-14,2002-06-23,10,36.9,35.3,2002
Casalecchio di Reno,medium,037011,35414,2003-05-04,2003-05-08,5,31.1,29.7,2003
Casalecchio di Reno,medium,037011,35414,2003-06-04,2003-06-14,11,35.7,33.7,2003
Casalecchio di Reno,medium,037011,35414,2003-06-21,2003-06-25,5,36.4,35.0,2003
Casalecchio di Reno,medium,037011,35414,2003-08-08,2003-08-13,6,38.1,37.2,2003
Casalecchio di Reno,medium,037011,35414,2004-06-08,2004-06-10,3,34.0,32.9,2004
Casalecchio di Reno,medium,037011,35414,2005-05-27,2005-05-29,3,32.6,32.2,2005
Casalecchio di Reno,medium,037011,35414,2005-06-21,2005-06-28,8,36.0,35.0,2005
Casalecchio di Reno,medium,037011,35414,2005-07-27,2005-07-29,3,39.0,37.5,2005
Casalecchio di Reno,medium,037011,35414,2006-06-19,2006-06-21,3,36.4,35.2,2006
Casalecchio di Reno,medium,037011,35414,2006-06-24,2006-06-27,4,37.5,36.2,2006
Casalecchio di Reno,medium,037011,35414,2006-07-20,2006-07-22,3,37.2,36.8,2006
Casalecchio di Reno,medium,037011,35414,2006-09-04,2006-09-06,3,33.5,33.3,2006
Casalecchio di Reno,medium,037011,35414,2007-05-20,2007-05-24,5,32.3,31.2,2007
Casalecchio di Reno,medium,037011,35414,2007-07-14,2007-07-20,7,38.7,37.4,2007
Casalecchio di Reno,medium,037011,35414,2009-05-20,2009-05-25,6,34.8,32.7,2009
Casalecchio di Reno,medium,037011,35414,2009-06-13,2009-06-15,3,33.6,33.4,2009
Casalecchio di Reno,medium,037011,35414,2009-08-17,2009-08-20,4,36.6,36.1,2009
Casalecchio di Reno,medium,037011,35414,2011-08-18,2011-08-25,8,37.8,37.1,2011
Casalecchio di Reno,medium,037011,35414,2012-06-15,2012-06-21,7,36.8,34.9,2012
Casalecchio di Reno,medium,037011,35414,2012-06-27,2012-07-01,5,37.9,36.2,2012
Casalecchio di Reno,medium,037011,35414,2012-08-18,2012-08-24,7,38.6,37.0,2012
Casalecchio di Reno,medium,037011,35414,2013-06-17,2013-06-19,3,34.6,34.0,2013
Casalecchio di Reno,medium,037011,35414,2013-08-02,2013-08-07,6,39.5,38.5,2013
Casalecchio di Reno,medium,037011,35414,2014-06-07,2014-06-11,5,34.5,33.5,2014
Casalecchio di Reno,medium,037011,35414,2015-07-03,2015-07-07,5,36.4,35.5,2015
Casalecchio di Reno,medium,037011,35414,2015-07-15,2015-07-22,8,37.7,36.9,2015
Casalecchio di Reno,medium,037011,35414,2017-06-11,2017-06-13,3,33.6,33.1,2017
Casalecchio di Reno,medium,037011,35414,2017-06-19,2017-06-23,5,35.0,34.4,2017
Casalecchio di Reno,medium,037011,35414,2017-07-05,2017-07-08,4,36.6,36.2,2017
Casalecchio di Reno,medium,037011,35414,2017-07-31,2017-08-04,5,40.5,39.6,2017
Casalecchio di Reno,medium,037011,35414,2019-06-24,2019-06-27,4,38.1,35.4,2019
Casalecchio di Reno,medium,037011,35414,2019-08-09,2019-08-11,3,36.8,36.7,2019
Casalecchio di Reno,medium,037011,35414,2021-06-18,2021-06-20,3,34.6,33.7,2021
Casalecchio di Reno,medium,037011,35414,2021-08-13,2021-08-15,3,36.8,36.5,2021
Casalecchio di Reno,medium,037011,35414,2022-05-19,2022-05-22,4,31.4,30.2,2022
Casalecchio di Reno,medium,037011,35414,2022-06-19,2022-06-21,3,35.2,34.7,2022
Casalecchio di Reno,medium,037011,35414,2022-07-20,2022-07-22,3,38.6,37.4,2022
Casalecchio di Reno,medium,037011,35414,2022-08-03,2022-08-05,3,37.4,36.9,2022
Casalecchio di Reno,medium,037011,35414,2023-07-09,2023-07-11,3,36.6,36.1,2023
Casalecchio di Reno,medium,037011,35414,2023-07-15,2023-07-18,4,38.3,37.4,2023
Casalecchio di Reno,medium,037011,35414,2023-08-22,2023-08-25,4,37.6,36.8,2023
Casalecchio di Reno,medium,037011,35414,2025-05-31,2025-06-03,4,32.2,31.7,2025
Casalecchio di Reno,medium,037011,35414,2025-06-10,2025-06-14,5,36.0,34.1,2025
Casalecchio di Reno,medium,037011,35414,2025-06-22,2025-07-03,12,37.6,35.2,2025
Castel Maggiore,small,037019,18462,1983-07-25,1983-07-28,4,40.3,39.2,1983
Castel Maggiore,small,037019,18462,1987-09-12,1987-09-14,3,32.5,32.3,1987
Castel Maggiore,small,037019,18462,1987-09-16,1987-09-18,3,33.7,33.5,1987
Castel Maggiore,small,037019,18462,1990-05-14,1990-05-17,4,29.7,28.9,1990
Castel Maggiore,small,037019,18462,1992-08-25,1992-08-28,4,35.7,35.3,1992
Castel Maggiore,small,037019,18462,1996-06-06,1996-06-12,7,34.6,33.4,1996
Castel Maggiore,small,037019,18462,1997-05-13,1997-05-16,4,29.0,28.9,1997
Castel Maggiore,small,037019,18462,1998-05-11,1998-05-13,3,30.4,29.4,1998
Castel Maggiore,small,037019,18462,1998-06-02,1998-06-05,4,34.3,32.6,1998
Castel Maggiore,small,037019,18462,1998-06-25,1998-06-27,3,35.4,34.9,1998
Castel Maggiore,small,037019,18462,1998-08-08,1998-08-12,5,38.0,37.2,1998
Castel Maggiore,small,037019,18462,1999-05-29,1999-06-02,5,34.6,32.9,1999
Castel Maggiore,small,037019,18462,2000-06-02,2000-06-05,4,32.9,32.2,2000
Castel Maggiore,small,037019,18462,2000-08-17,2000-08-22,6,37.5,36.8,2000
Castel Maggiore,small,037019,18462,2002-06-13,2002-06-23,11,37.3,35.7,2002
Castel Maggiore,small,037019,18462,2003-05-04,2003-05-08,5,31.7,30.1,2003
Castel Maggiore,small,037019,18462,2003-06-04,2003-06-14,11,36.3,34.1,2003
Castel Maggiore,small,037019,18462,2003-06-22,2003-06-25,4,36.8,35.7,2003
Castel Maggiore,small,037019,18462,2003-08-03,2003-08-05,3,38.2,37.5,2003
Castel Maggiore,small,037019,18462,2003-08-08,2003-08-13,6,38.2,37.3,2003
Castel Maggiore,small,037019,18462,2004-06-08,2004-06-10,3,34.4,33.3,2004
Castel Maggiore,small,037019,18462,2005-05-26,2005-05-29,4,33.1,32.2,2005
Castel Maggiore,small,037019,18462,2005-06-21,2005-06-28,8,36.6,35.4,2005
Castel Maggiore,small,037019,18462,2006-06-16,2006-06-21,6,37.1,34.8,2006
Castel Maggiore,small,037019,18462,2006-06-24,2006-06-27,4,38.0,36.5,2006
Castel Maggiore,small,037019,18462,2006-07-20,2006-07-22,3,37.6,37.2,2006
Castel Maggiore,small,037019,18462,2007-05-20,2007-05-25,6,33.0,31.6,2007
Castel Maggiore,small,037019,18462,2007-07-15,2007-07-20,6,39.1,38.1,2007
Castel Maggiore,small,037019,18462,2009-05-20,2009-05-25,6,35.3,33.2,2009
Castel Maggiore,small,037019,18462,2009-06-13,2009-06-15,3,34.6,34.2,2009
Castel Maggiore,small,037019,18462,2009-08-17,2009-08-20,4,36.8,36.3,2009
Castel Maggiore,small,037019,18462,2011-08-18,2011-08-25,8,38.1,37.5,2011
Castel Maggiore,small,037019,18462,2012-06-16,2012-06-21,6,37.7,35.8,2012
Castel Maggiore,small,037019,18462,2012-06-27,2012-07-01,5,38.5,36.9,2012
Castel Maggiore,small,037019,18462,2012-07-07,2012-07-10,4,36.1,35.9,2012
Castel Maggiore,small,037019,18462,2012-08-18,2012-08-24,7,39.0,37.4,2012
Castel Maggiore,small,037019,18462,2013-08-02,2013-08-07,6,39.8,38.6,2013
Castel Maggiore,small,037019,18462,2014-06-07,2014-06-11,5,35.1,34.0,2014
Castel Maggiore,small,037019,18462,2015-07-02,2015-07-07,6,36.8,35.7,2015
Castel Maggiore,small,037019,18462,2015-07-15,2015-07-22,8,38.1,37.3,2015
Castel Maggiore,small,037019,18462,2017-05-28,2017-05-31,4,31.8,31.3,2017
Castel Maggiore,small,037019,18462,2017-06-11,2017-06-13,3,34.4,34.0,2017
Castel Maggiore,small,037019,18462,2017-06-19,2017-06-23,5,36.6,35.2,2017
Castel Maggiore,small,037019,18462,2017-07-05,2017-07-08,4,37.3,36.7,2017
Castel Maggiore,small,037019,18462,2017-07-31,2017-08-04,5,41.4,40.2,2017
Castel Maggiore,small,037019,18462,2019-06-24,2019-06-27,4,39.0,36.3,2019
Castel Maggiore,small,037019,18462,2019-06-29,2019-07-01,3,36.8,35.9,2019
Castel Maggiore,small,037019,18462,2019-07-23,2019-07-25,3,37.5,37.1,2019
Castel Maggiore,small,037019,18462,2019-08-09,2019-08-11,3,37.2,36.9,2019
Castel Maggiore,small,037019,18462,2021-06-18,2021-06-21,4,35.5,34.4,2021
Castel Maggiore,small,037019,18462,2021-08-13,2021-08-15,3,37.6,37.5,2021
Castel Maggiore,small,037019,18462,2022-05-19,2022-05-22,4,32.0,30.6,2022
Castel Maggiore,small,037019,18462,2022-07-01,2022-07-03,3,37.2,36.0,2022
Castel Maggiore,small,037019,18462,2022-07-20,2022-07-24,5,39.4,38.0,2022
Castel Maggiore,small,037019,18462,2022-08-03,2022-08-05,3,38.2,37.8,2022
Castel Maggiore,small,037019,18462,2023-07-15,2023-07-17,3,37.4,37.2,2023
Castel Maggiore,small,037019,18462,2023-08-21,2023-08-25,5,37.6,36.9,2023
Castel Maggiore,small,037019,18462,2023-10-07,2023-10-09,3,31.0,29.7,2023
Castel Maggiore,small,037019,18462,2025-06-12,2025-06-14,3,35.0,34.1,2025
Loiano,rural,037034,4416,1983-07-18,1983-07-20,3,33.4,32.9,1983
Loiano,rural,037034,4416,1983-07-25,1983-07-28,4,36.9,35.8,1983
Loiano,rural,037034,4416,1987-09-12,1987-09-18,7,29.9,29.1,1987
Loiano,rural,037034,4416,1992-08-25,1992-08-27,3,31.6,31.3,1992
Loiano,rural,037034,4416,1996-06-08,1996-06-11,4,29.4,29.0,1996
Loiano,rural,037034,4416,1998-06-25,1998-06-30,6,32.5,30.3,1998
Loiano,rural,037034,4416,1998-07-20,1998-07-23,4,33.2,32.7,1998
Loiano,rural,037034,4416,1998-08-09,1998-08-12,4,33.2,32.9,1998
Loiano,rural,037034,4416,2000-08-20,2000-08-22,3,32.9,32.6,2000
Loiano,rural,037034,4416,2002-06-14,2002-06-23,10,32.4,30.7,2002
Loiano,rural,037034,4416,2003-06-07,2003-06-14,8,31.7,30.5,2003
Loiano,rural,037034,4416,2003-06-21,2003-06-25,5,32.1,30.7,2003
Loiano,rural,037034,4416,2003-07-20,2003-07-22,3,33.5,33.2,2003
Loiano,rural,037034,4416,2003-08-08,2003-08-13,6,34.4,33.4,2003
Loiano,rural,037034,4416,2005-06-21,2005-06-28,8,31.9,30.8,2005
Loiano,rural,037034,4416,2005-07-27,2005-07-29,3,36.0,34.1,2005
Loiano,rural,037034,4416,2006-06-19,2006-06-27,9,33.6,31.4,2006
Loiano,rural,037034,4416,2006-07-20,2006-07-22,3,33.3,32.9,2006
Loiano,rural,037034,4416,2006-09-04,2006-09-06,3,29.8,29.6,2006
Loiano,rural,037034,4416,2007-07-14,2007-07-19,6,34.9,33.4,2007
Loiano,rural,037034,4416,2008-06-23,2008-06-25,3,30.7,30.2,2008
Loiano,rural,037034,4416,2009-05-22,2009-05-25,4,31.4,30.0,2009
Loiano,rural,037034,4416,2011-08-18,2011-08-25,8,34.3,33.5,2011
Loiano,rural,037034,4416,2011-09-13,2011-09-16,4,29.7,29.0,2011
Loiano,rural,037034,4416,2012-06-15,2012-06-22,8,32.4,30.4,2012
Loiano,rural,037034,4416,2012-06-27,2012-07-01,5,33.8,31.8,2012
Loiano,rural,037034,4416,2012-08-19,2012-08-23,5,33.9,32.8,2012
Loiano,rural,037034,4416,2013-06-16,2013-06-19,4,30.7,30.2,2013
Loiano,rural,037034,4416,2013-08-02,2013-08-07,6,35.0,34.4,2013
Loiano,rural,037034,4416,2014-06-08,2014-06-11,4,29.7,29.0,2014
Loiano,rural,037034,4416,2015-07-14,2015-07-18,5,32.9,32.4,2015
Loiano,rural,037034,4416,2015-07-20,2015-07-22,3,33.8,33.4,2015
Loiano,rural,037034,4416,2017-06-11,2017-06-13,3,29.4,29.1,2017
Loiano,rural,037034,4416,2017-06-20,2017-06-22,3,30.4,29.5,2017
Loiano,rural,037034,4416,2017-07-31,2017-08-04,5,36.4,35.9,2017
Loiano,rural,037034,4416,2019-06-25,2019-06-27,3,34.2,32.0,2019
Loiano,rural,037034,4416,2019-06-29,2019-07-01,3,32.0,31.3,2019
Loiano,rural,037034,4416,2021-08-11,2021-08-14,4,34.2,33.4,2021
Loiano,rural,037034,4416,2022-06-18,2022-06-21,4,30.0,29.4,2022
Loiano,rural,037034,4416,2022-06-30,2022-07-03,4,34.3,31.8,2022
Loiano,rural,037034,4416,2022-07-13,2022-07-15,3,32.6,32.6,2022
Loiano,rural,037034,4416,2022-07-20,2022-07-22,3,34.6,34.2,2022
Loiano,rural,037034,4416,2023-07-09,2023-07-11,3,33.0,32.5,2023
Loiano,rural,037034,4416,2023-07-16,2023-07-18,3,33.6,33.2,2023
Loiano,rural,037034,4416,2023-08-22,2023-08-25,4,34.6,33.4,2023
Loiano,rural,037034,4416,2024-06-17,2024-06-20,4,30.8,29.7,2024
Loiano,rural,037034,4416,2025-06-11,2025-06-14,4,30.6,29.5,2025
Loiano,rural,037034,4416,2025-06-22,2025-06-25,4,31.0,30.0,2025
Loiano,rural,037034,4416,2025-06-27,2025-06-30,4,32.0,30.5,2025
Firenze,large,048017,360930,1983-07-25,1983-07-27,3,39.4,38.5,1983
Firenze,large,048017,360930,1987-09-15,1987-09-17,3,32.3,31.8,1987
Firenze,large,048017,360930,1992-08-06,1992-08-08,3,35.9,35.7,1992
Firenze,large,048017,360930,1994-08-04,1994-08-06,3,35.7,35.5,1994
Firenze,large,048017,360930,1996-06-09,1996-06-12,4,33.2,32.0,1996
Firenze,large,048017,360930,1998-06-02,1998-06-05,4,33.2,31.8,1998
Firenze,large,048017,360930,1998-08-09,1998-08-12,4,37.4,36.4,1998
Firenze,large,048017,360930,2000-08-20,2000-08-22,3,35.5,35.3,2000
Firenze,large,048017,360930,2002-06-16,2002-06-23,8,35.3,33.6,2002
Firenze,large,048017,360930,2003-05-04,2003-05-07,4,30.4,29.6,2003
Firenze,large,048017,360930,2003-06-05,2003-06-15,11,35.6,33.0,2003
Firenze,large,048017,360930,2003-06-19,2003-06-24,6,33.0,32.4,2003
Firenze,large,048017,360930,2003-07-19,2003-07-22,4,35.6,35.2,2003
Firenze,large,048017,360930,2003-08-03,2003-08-06,4,37.9,36.9,2003
Firenze,large,048017,360930,2003-08-08,2003-08-12,5,36.8,36.2,2003
Firenze,large,048017,360930,2005-05-26,2005-05-28,3,31.0,29.9,2005
Firenze,large,048017,360930,2005-06-26,2005-06-28,3,33.9,33.7,2005
Firenze,large,048017,360930,2006-06-19,2006-06-30,12,35.2,33.7,2006
Firenze,large,048017,360930,2006-07-19,2006-07-22,4,36.8,36.4,2006
Firenze,large,048017,360930,2007-05-21,2007-05-24,4,30.3,30.1,2007
Firenze,large,048017,360930,2009-05-20,2009-05-25,6,32.5,30.3,2009
Firenze,large,048017,360930,2009-08-17,2009-08-20,4,36.9,36.3,2009
Firenze,large,048017,360930,2011-05-23,2011-05-25,3,30.1,29.5,2011
Firenze,large,048017,360930,2011-07-10,2011-07-12,3,35.6,35.1,2011
Firenze,large,048017,360930,2011-08-19,2011-08-25,7,38.1,36.4,2011
Firenze,large,048017,360930,2012-06-16,2012-06-19,4,33.8,33.3,2012
Firenze,large,048017,360930,2012-06-29,2012-07-01,3,34.9,33.7,2012
Firenze,large,048017,360930,2012-08-18,2012-08-21,4,36.7,36.1,2012
Firenze,large,048017,360930,2013-06-17,2013-06-19,3,33.5,32.5,2013
Firenze,large,048017,360930,2013-08-04,2013-08-07,4,36.4,35.9,2013
Firenze,large,048017,360930,2014-06-06,2014-06-12,7,33.8,32.8,2014
Firenze,large,048017,360930,2015-06-03,2015-06-07,5,31.6,30.8,2015
Firenze,large,048017,360930,2015-06-30,2015-07-06,7,35.2,34.2,2015
Firenze,large,048017,360930,2015-07-14,2015-07-22,9,36.7,35.3,2015
Firenze,large,048017,360930,2017-06-09,2017-06-13,5,32.2,31.7,2017
Firenze,large,048017,360930,2017-07-30,2017-08-05,7,38.8,37.4,2017
Firenze,large,048017,360930,2018-09-09,2018-09-11,3,33.1,32.5,2018
Firenze,large,048017,360930,2018-09-20,2018-09-22,3,31.0,30.8,2018
Firenze,large,048017,360930,2019-06-23,2019-07-05,13,37.8,35.0,2019
Firenze,large,048017,360930,2019-07-21,2019-07-25,5,38.8,37.2,2019
Firenze,large,048017,360930,2020-07-29,2020-08-01,4,36.4,36.0,2020
Firenze,large,048017,360930,2020-09-12,2020-09-16,5,32.7,31.6,2020
Firenze,large,048017,360930,2021-07-05,2021-07-07,3,35.8,34.3,2021
Firenze,large,048017,360930,2021-08-09,2021-08-15,7,39.0,37.4,2021
Firenze,large,048017,360930,2022-05-17,2022-05-19,3,28.9,28.8,2022
Firenze,large,048017,360930,2022-05-24,2022-05-27,4,33.1,31.6,2022
Firenze,large,048017,360930,2022-06-01,2022-06-04,4,34.0,32.8,2022
Firenze,large,048017,360930,2022-06-11,2022-06-21,11,34.2,32.9,2022
Firenze,large,048017,360930,2022-06-25,2022-06-27,3,38.9,35.9,2022
Firenze,large,048017,360930,2022-06-29,2022-07-06,8,37.2,35.2,2022
Firenze,large,048017,360930,2022-07-13,2022-07-25,13,38.3,36.8,2022
Firenze,large,048017,360930,2022-08-02,2022-08-05,4,39.0,37.7,2022
Firenze,large,048017,360930,2023-07-08,2023-07-11,4,36.6,35.7,2023
Firenze,large,048017,360930,2023-07-13,2023-07-19,7,36.8,35.9,2023
Firenze,large,048017,360930,2023-08-17,2023-08-26,10,38.6,36.3,2023
Firenze,large,048017,360930,2023-10-05,2023-10-07,3,28.8,28.4,2023
Firenze,large,048017,360930,2024-06-17,2024-06-20,4,35.1,33.5,2024
Firenze,large,048017,360930,2024-07-16,2024-07-18,3,37.2,36.3,2024
Firenze,large,048017,360930,2024-07-25,2024-08-01,8,36.7,36.0,2024
Firenze,large,048017,360930,2024-08-04,2024-08-13,10,39.1,37.1,2024
Firenze,large,048017,360930,2024-08-27,2024-08-31,5,36.5,35.7,2024
Firenze,large,048017,360930,2025-05-28,2025-06-03,7,31.9,30.7,2025
Firenze,large,048017,360930,2025-06-08,2025-06-15,8,37.1,34.4,2025
Firenze,large,048017,360930,2025-06-18,2025-07-04,17,38.7,35.3,2025
Firenze,large,048017,360930,2025-08-07,2025-08-15,9,38.5,37.0,2025
Scandicci,medium,048041,49390,1983-07-25,1983-07-27,3,38.8,37.9,1983
Scandicci,medium,048041,49390,1992-08-06,1992-08-08,3,35.3,35.2,1992
Scandicci,medium,048041,49390,1994-07-01,1994-07-03,3,32.6,32.6,1994
Scandicci,medium,048041,49390,1996-06-09,1996-06-12,4,32.8,31.7,1996
Scandicci,medium,048041,49390,1998-06-02,1998-06-05,4,32.8,31.4,1998
Scandicci,medium,048041,49390,1998-08-09,1998-08-12,4,36.9,35.9,1998
Scandicci,medium,048041,49390,2000-08-20,2000-08-22,3,35.2,34.9,2000
Scandicci,medium,048041,49390,2002-06-16,2002-06-23,8,34.9,33.3,2002
Scandicci,medium,048041,49390,2003-05-04,2003-05-06,3,30.0,29.6,2003
Scandicci,medium,048041,49390,2003-06-05,2003-06-15,11,35.1,32.6,2003
Scandicci,medium,048041,49390,2003-06-19,2003-06-25,7,32.8,32.3,2003
Scandicci,medium,048041,49390,2003-07-19,2003-07-22,4,35.1,34.8,2003
Scandicci,medium,048041,49390,2003-08-03,2003-08-06,4,37.7,36.7,2003
Scandicci,medium,048041,49390,2003-08-08,2003-08-12,5,36.5,35.9,2003
Scandicci,medium,048041,49390,2005-06-26,2005-06-28,3,33.4,33.2,2005
Scandicci,medium,048041,49390,2006-06-19,2006-06-30,12,34.6,33.2,2006
Scandicci,medium,048041,49390,2006-07-19,2006-07-23,5,36.2,35.6,2006
Scandicci,medium,048041,49390,2007-05-21,2007-05-24,4,29.9,29.8,2007
Scandicci,medium,048041,49390,2009-05-20,2009-05-25,6,32.1,30.0,2009
Scandicci,medium,048041,49390,2009-08-17,2009-08-20,4,36.6,35.9,2009
Scandicci,medium,048041,49390,2011-05-23,2011-05-25,3,30.0,29.3,2011
Scandicci,medium,048041,49390,2011-07-10,2011-07-12,3,35.4,34.8,2011
Scandicci,medium,048041,49390,2011-08-19,2011-08-25,7,37.7,35.9,2011
Scandicci,medium,048041,49390,2012-06-16,2012-06-19,4,33.3,32.8,2012
Scandicci,medium,048041,49390,2012-08-17,2012-08-21,5,36.3,35.5,2012
Scandicci,medium,048041,49390,2013-06-17,2013-06-19,3,33.2,32.2,2013
Scandicci,medium,048041,49390,2013-08-04,2013-08-07,4,36.0,35.5,2013
Scandicci,medium,048041,49390,2014-06-06,2014-06-12,7,33.5,32.6,2014
Scandicci,medium,048041,49390,2015-06-03,2015-06-07,5,31.3,30.6,2015
Scandicci,medium,048041,49390,2015-06-30,2015-07-06,7,34.9,33.8,2015
Scandicci,medium,048041,49390,2015-07-14,2015-07-18,5,34.8,34.4,2015
Scandicci,medium,048041,49390,2015-07-20,2015-07-22,3,36.1,35.4,2015
Scandicci,medium,048041,49390,2017-06-09,2017-06-13,5,31.6,31.2,2017
Scandicci,medium,048041,49390,2017-07-30,2017-08-04,6,37.7,37.1,2017
Scandicci,medium,048041,49390,2018-09-09,2018-09-11,3,33.3,32.7,2018
Scandicci,medium,048041,49390,2018-09-20,2018-09-22,3,31.1,30.8,2018
Scandicci,medium,048041,49390,2019-06-23,2019-07-05,13,37.6,34.6,2019
Scandicci,medium,048041,49390,2019-07-21,2019-07-25,5,38.7,37.0,2019
Scandicci,medium,048041,49390,2020-09-12,2020-09-16,5,32.4,31.3,2020
Scandicci,medium,048041,49390,2021-08-09,2021-08-15,7,38.6,36.9,2021
Scandicci,medium,048041,49390,2022-05-17,2022-05-19,3,28.4,28.2,2022
Scandicci,medium,048041,49390,2022-05-24,2022-05-27,4,32.0,30.4,2022
Scandicci,medium,048041,49390,2022-06-01,2022-06-04,4,32.9,32.1,2022
Scandicci,medium,048041,49390,2022-06-11,2022-06-21,11,33.8,32.1,2022
Scandicci,medium,048041,49390,2022-06-29,2022-07-04,6,36.5,34.9,2022
Scandicci,medium,048041,49390,2022-07-13,2022-07-25,13,37.6,36.0,2022
Scandicci,medium,048041,49390,2022-08-02,2022-08-05,4,38.6,37.3,2022
Scandicci,medium,048041,49390,2023-07-07,2023-07-11,5,36.0,35.1,2023
Scandicci,medium,048041,49390,2023-07-13,2023-07-19,7,36.2,35.2,2023
Scandicci,medium,048041,49390,2023-08-17,2023-08-26,10,38.2,35.9,2023
Scandicci,medium,048041,49390,2024-06-17,2024-06-19,3,34.4,33.0,2024
Scandicci,medium,048041,49390,2024-07-16,2024-07-18,3,36.3,35.5,2024
Scandicci,medium,048041,49390,2024-07-25,2024-08-01,8,36.2,35.5,2024
Scandicci,medium,048041,49390,2024-08-06,2024-08-13,8,38.4,36.8,2024
Scandicci,medium,048041,49390,2024-08-27,2024-08-31,5,36.1,35.0,2024
Scandicci,medium,048041,49390,2025-05-29,2025-06-02,5,30.6,30.1,2025
Scandicci,medium,048041,49390,2025-06-08,2025-06-14,7,35.5,33.7,2025
Scandicci,medium,048041,49390,2025-06-18,2025-07-04,17,38.2,34.9,2025
Scandicci,medium,048041,49390,2025-08-07,2025-08-15,9,37.7,36.5,2025
Fiesole,small,048015,13659,1983-07-25,1983-07-27,3,38.0,37.1,1983
Fiesole,small,048015,13659,1987-09-15,1987-09-17,3,30.9,30.3,1987
Fiesole,small,048015,13659,1992-08-06,1992-08-08,3,34.4,34.3,1992
Fiesole,small,048015,13659,1994-08-04,1994-08-06,3,34.3,34.1,1994
Fiesole,small,048015,13659,1996-06-09,1996-06-12,4,31.7,30.6,1996
Fiesole,small,048015,13659,1998-06-02,1998-06-05,4,31.7,30.4,1998
Fiesole,small,048015,13659,1998-08-09,1998-08-12,4,35.9,34.9,1998
Fiesole,small,048015,13659,2000-08-20,2000-08-22,3,34.0,33.8,2000
Fiesole,small,048015,13659,2002-06-16,2002-06-23,8,33.8,32.2,2002
Fiesole,small,048015,13659,2003-05-04,2003-05-06,3,28.9,28.6,2003
Fiesole,small,048015,13659,2003-06-05,2003-06-15,11,34.2,31.5,2003
Fiesole,small,048015,13659,2003-06-19,2003-06-24,6,31.6,31.0,2003
Fiesole,small,048015,13659,2003-07-19,2003-07-22,4,34.2,33.8,2003
Fiesole,small,048015,13659,2003-08-03,2003-08-06,4,36.5,35.4,2003
Fiesole,small,048015,13659,2003-08-08,2003-08-12,5,35.3,34.7,2003
Fiesole,small,048015,13659,2005-06-26,2005-06-28,3,32.5,32.2,2005
Fiesole,small,048015,13659,2006-06-19,2006-06-30,12,33.7,32.2,2006
Fiesole,small,048015,13659,2006-07-19,2006-07-22,4,35.4,35.0,2006
Fiesole,small,048015,13659,2007-05-21,2007-05-24,4,28.9,28.6,2007
Fiesole,small,048015,13659,2009-05-23,2009-05-25,3,31.1,30.3,2009
Fiesole,small,048015,13659,2009-08-17,2009-08-20,4,35.5,34.9,2009
Fiesole,small,048015,13659,2011-07-10,2011-07-12,3,34.1,33.7,2011
Fiesole,small,048015,13659,2011-08-19,2011-08-25,7,36.6,34.9,2011
Fiesole,small,048015,13659,2012-06-16,2012-06-19,4,32.4,31.8,2012
Fiesole,small,048015,13659,2012-06-29,2012-07-01,3,33.5,32.3,2012
Fiesole,small,048015,13659,2012-08-18,2012-08-21,4,35.2,34.6,2012
Fiesole,small,048015,13659,2013-06-17,2013-06-19,3,32.0,31.1,2013
Fiesole,small,048015,13659,2013-08-04,2013-08-07,4,35.0,34.5,2013
Fiesole,small,048015,13659,2014-06-06,2014-06-12,7,32.3,31.3,2014
Fiesole,small,048015,13659,2015-06-03,2015-06-07,5,30.1,29.4,2015
Fiesole,small,048015,13659,2015-06-30,2015-07-06,7,33.7,32.7,2015
Fiesole,small,048015,13659,2015-07-14,2015-07-22,9,35.3,33.8,2015
Fiesole,small,048015,13659,2017-06-09,2017-06-13,5,31.6,31.0,2017
Fiesole,small,048015,13659,2017-06-18,2017-06-22,5,32.0,31.0,2017
Fiesole,small,048015,13659,2017-07-30,2017-08-05,7,38.2,36.8,2017
Fiesole,small,048015,13659,2017-08-25,2017-08-30,6,34.0,33.3,2017
Fiesole,small,048015,13659,2018-08-04,2018-08-06,3,35.7,34.9,2018
Fiesole,small,048015,13659,2018-09-09,2018-09-11,3,32.0,31.4,2018
Fiesole,small,048015,13659,2018-09-20,2018-09-22,3,29.8,29.5,2018
Fiesole,small,048015,13659,2019-06-23,2019-07-05,13,36.8,34.0,2019
Fiesole,small,048015,13659,2019-07-21,2019-07-25,5,37.9,36.2,2019
Fiesole,small,048015,13659,2020-07-27,2020-08-01,6,35.9,34.8,2020
Fiesole,small,048015,13659,2020-08-08,2020-08-12,5,35.0,34.2,2020
Fiesole,small,048015,13659,2020-09-12,2020-09-16,5,31.2,30.4,2020
Fiesole,small,048015,13659,2021-06-19,2021-06-22,4,32.4,31.5,2021
Fiesole,small,048015,13659,2021-07-05,2021-07-07,3,35.0,33.4,2021
Fiesole,small,048015,13659,2021-08-09,2021-08-15,7,37.2,35.5,2021
Fiesole,small,048015,13659,2022-05-24,2022-05-27,4,31.4,29.8,2022
Fiesole,small,048015,13659,2022-05-31,2022-06-05,6,32.6,30.4,2022
Fiesole,small,048015,13659,2022-06-11,2022-06-27,17,38.4,32.3,2022
Fiesole,small,048015,13659,2022-06-29,2022-07-06,8,36.7,34.3,2022
Fiesole,small,048015,13659,2022-07-12,2022-07-25,14,37.6,35.7,2022
Fiesole,small,048015,13659,2022-08-02,2022-08-05,4,37.7,36.4,2022
Fiesole,small,048015,13659,2023-07-07,2023-07-11,5,35.6,34.3,2023
Fiesole,small,048015,13659,2023-07-13,2023-07-19,7,35.4,34.8,2023
Fiesole,small,048015,13659,2023-08-12,2023-08-14,3,35.0,34.5,2023
Fiesole,small,048015,13659,2023-08-17,2023-08-26,10,37.8,35.3,2023
Fiesole,small,048015,13659,2023-09-29,2023-10-01,3,29.6,29.4,2023
Fiesole,small,048015,13659,2024-06-17,2024-06-20,4,33.6,32.2,2024
Fiesole,small,048015,13659,2024-07-08,2024-07-11,4,34.0,33.4,2024
Fiesole,small,048015,13659,2024-07-13,2024-07-18,6,36.4,34.7,2024
Fiesole,small,048015,13659,2024-07-25,2024-08-01,8,35.6,34.8,2024
Fiesole,small,048015,13659,2024-08-04,2024-08-13,10,38.2,36.0,2024
Fiesole,small,048015,13659,2024-08-27,2024-08-31,5,35.2,34.5,2024
Fiesole,small,048015,13659,2025-05-29,2025-06-02,5,29.8,28.9,2025
Fiesole,small,048015,13659,2025-06-08,2025-06-15,8,34.6,32.1,2025
Fiesole,small,048015,13659,2025-06-22,2025-07-04,13,36.8,33.7,2025
Fiesole,small,048015,13659,2025-08-08,2025-08-15,8,35.5,34.7,2025
Londa,rural,048025,1833,1983-07-22,1983-07-28,7,36.5,33.9,1983
Londa,rural,048025,1833,1987-09-15,1987-09-18,4,29.6,29.1,1987
Londa,rural,048025,1833,1998-06-03,1998-06-05,3,29.7,29.2,1998
Londa,rural,048025,1833,1998-06-28,1998-06-30,3,32.8,30.8,1998
Londa,rural,048025,1833,1998-07-19,1998-07-23,5,33.1,32.4,1998
Londa,rural,048025,1833,1998-08-09,1998-08-12,4,33.6,33.0,1998
Londa,rural,048025,1833,2000-08-20,2000-08-22,3,32.7,32.3,2000
Londa,rural,048025,1833,2002-06-16,2002-06-23,8,31.7,30.0,2002
Londa,rural,048025,1833,2003-06-09,2003-06-14,6,31.5,30.7,2003
Londa,rural,048025,1833,2003-06-21,2003-06-25,5,29.9,29.4,2003
Londa,rural,048025,1833,2003-07-20,2003-07-22,3,33.0,32.5,2003
Londa,rural,048025,1833,2003-08-09,2003-08-12,4,33.0,32.9,2003
Londa,rural,048025,1833,2005-06-26,2005-06-28,3,30.9,30.8,2005
Londa,rural,048025,1833,2006-06-19,2006-06-29,11,33.0,30.8,2006
Londa,rural,048025,1833,2009-05-23,2009-05-25,3,29.8,29.2,2009
Londa,rural,048025,1833,2009-08-18,2009-08-20,3,32.5,32.4,2009
Londa,rural,048025,1833,2011-08-19,2011-08-25,7,34.0,32.9,2011
Londa,rural,048025,1833,2011-09-13,2011-09-15,3,28.7,28.5,2011
Londa,rural,048025,1833,2012-06-16,2012-06-19,4,30.8,30.0,2012
Londa,rural,048025,1833,2012-06-28,2012-07-01,4,32.4,30.8,2012
Londa,rural,048025,1833,2012-08-19,2012-08-23,5,32.9,32.2,2012
Londa,rural,048025,1833,2013-06-16,2013-06-19,4,29.8,29.1,2013
Londa,rural,048025,1833,2013-08-02,2013-08-07,6,34.2,33.3,2013
Londa,rural,048025,1833,2014-06-08,2014-06-11,4,29.4,28.9,2014
Londa,rural,048025,1833,2015-07-01,2015-07-06,6,31.7,30.7,2015
Londa,rural,048025,1833,2015-07-19,2015-07-22,4,33.0,32.4,2015
Londa,rural,048025,1833,2017-07-30,2017-08-04,6,33.9,33.5,2017
Londa,rural,048025,1833,2019-06-25,2019-06-27,3,33.6,32.0,2019
Londa,rural,048025,1833,2019-06-29,2019-07-02,4,31.3,30.5,2019
Londa,rural,048025,1833,2021-08-11,2021-08-13,3,33.8,33.0,2021
Londa,rural,048025,1833,2022-06-30,2022-07-04,5,33.4,31.9,2022
Londa,rural,048025,1833,2022-07-13,2022-07-15,3,32.2,31.9,2022
Londa,rural,048025,1833,2022-07-19,2022-07-22,4,34.0,32.9,2022
Londa,rural,048025,1833,2022-08-03,2022-08-05,3,33.4,32.8,2022
Londa,rural,048025,1833,2023-07-15,2023-07-18,4,32.4,32.1,2023
Londa,rural,048025,1833,2023-08-22,2023-08-24,3,35.0,33.7,2023
Londa,rural,048025,1833,2024-08-08,2024-08-13,6,35.2,33.6,2024
Londa,rural,048025,1833,2024-08-29,2024-08-31,3,30.5,30.0,2024
Londa,rural,048025,1833,2025-06-12,2025-06-14,3,30.6,30.2,2025
Londa,rural,048025,1833,2025-06-24,2025-07-03,10,33.4,30.6,2025
Londa,rural,048025,1833,2025-08-08,2025-08-13,6,34.0,33.0,2025
Bari,large,072006,315473,1982-06-22,1982-06-25,4,36.6,33.9,1982
Bari,large,072006,315473,1987-07-23,1987-07-25,3,37.1,34.6,1987
Bari,large,072006,315473,1987-09-25,1987-09-27,3,32.4,31.8,1987
Bari,large,072006,315473,1994-05-22,1994-05-24,3,31.5,29.9,1994
Bari,large,072006,315473,2000-07-02,2000-07-04,3,34.6,33.4,2000
Bari,large,072006,315473,2000-08-20,2000-08-23,4,34.4,32.9,2000
Bari,large,072006,315473,2003-08-28,2003-08-30,3,32.8,32.4,2003
Bari,large,072006,315473,2007-07-21,2007-07-23,3,38.2,35.6,2007
Bari,large,072006,315473,2007-08-28,2007-08-30,3,36.1,34.0,2007
Bari,large,072006,315473,2008-09-04,2008-09-07,4,33.4,32.0,2008
Bari,large,072006,315473,2012-08-04,2012-08-06,3,34.4,33.9,2012
Bari,large,072006,315473,2012-08-21,2012-08-25,5,33.2,32.8,2012
Bari,large,072006,315473,2012-09-26,2012-09-28,3,30.9,30.4,2012
Bari,large,072006,315473,2015-09-13,2015-09-18,6,33.1,31.7,2015
Bari,large,072006,315473,2017-06-22,2017-06-24,3,36.2,33.8,2017
Bari,large,072006,315473,2017-06-26,2017-06-29,4,35.9,34.9,2017
Bari,large,072006,315473,2017-07-06,2017-07-12,7,37.5,34.3,2017
Bari,large,072006,315473,2017-07-29,2017-08-05,8,38.6,35.5,2017
Bari,large,072006,315473,2017-08-07,2017-08-10,4,38.5,36.5,2017
Bari,large,072006,315473,2017-08-30,2017-09-01,3,33.1,32.4,2017
Bari,large,072006,315473,2018-06-02,2018-06-04,3,30.4,29.2,2018
Bari,large,072006,315473,2019-06-06,2019-06-11,6,35.0,31.9,2019
Bari,large,072006,315473,2019-06-13,2019-06-15,3,35.0,32.1,2019
Bari,large,072006,315473,2019-07-05,2019-07-09,5,35.3,33.4,2019
Bari,large,072006,315473,2019-08-05,2019-08-07,3,35.8,34.9,2019
Bari,large,072006,315473,2019-08-10,2019-08-12,3,34.6,34.2,2019
Bari,large,072006,315473,2020-05-12,2020-05-14,3,32.7,30.4,2020
Bari,large,072006,315473,2020-06-28,2020-07-02,5,33.9,32.9,2020
Bari,large,072006,315473,2020-07-28,2020-07-31,4,35.2,34.5,2020
Bari,large,072006,315473,2020-08-27,2020-08-30,4,37.2,35.3,2020
Bari,large,072006,315473,2021-05-21,2021-05-23,3,33.7,31.0,2021
Bari,large,072006,315473,2021-06-18,2021-06-24,7,39.0,35.2,2021
Bari,large,072006,315473,2021-06-27,2021-06-29,3,36.2,34.8,2021
Bari,large,072006,315473,2021-07-06,2021-07-08,3,37.2,35.5,2021
Bari,large,072006,315473,2021-07-24,2021-07-31,8,42.2,38.4,2021
Bari,large,072006,315473,2021-08-02,2021-08-04,3,38.9,37.9,2021
Bari,large,072006,315473,2021-08-07,2021-08-16,10,40.5,35.5,2021
Bari,large,072006,315473,2021-09-14,2021-09-16,3,34.1,32.6,2021
Bari,large,072006,315473,2021-10-03,2021-10-05,3,30.5,29.0,2021
Bari,large,072006,315473,2022-05-23,2022-05-25,3,33.4,31.4,2022
Bari,large,072006,315473,2022-06-01,2022-06-06,6,34.1,31.6,2022
Bari,large,072006,315473,2022-06-19,2022-06-23,5,33.9,32.4,2022
Bari,large,072006,315473,2022-06-25,2022-06-28,4,40.8,36.7,2022
Bari,large,072006,315473,2022-06-30,2022-07-04,5,36.9,34.3,2022
Bari,large,072006,315473,2022-07-21,2022-07-26,6,35.7,35.0,2022
Bari,large,072006,315473,2022-09-06,2022-09-09,4,34.1,32.3,2022
Bari,large,072006,315473,2022-09-13,2022-09-16,4,33.4,32.6,2022
Bari,large,072006,315473,2023-07-10,2023-07-25,16,45.2,37.3,2023
Bari,large,072006,315473,2023-08-01,2023-08-03,3,36.2,34.6,2023
Bari,large,072006,315473,2023-08-20,2023-08-28,9,37.6,33.7,2023
Bari,large,072006,315473,2023-09-17,2023-09-22,6,36.1,33.1,2023
Bari,large,072006,315473,2024-05-29,2024-06-01,4,30.4,29.1,2024
Bari,large,072006,315473,2024-06-06,2024-06-12,7,36.8,32.1,2024
Bari,large,072006,315473,2024-06-17,2024-06-22,6,35.9,33.6,2024
Bari,large,072006,315473,2024-07-08,2024-07-19,12,37.1,35.5,2024
Bari,large,072006,315473,2024-07-26,2024-07-28,3,34.7,33.8,2024
Bari,large,072006,315473,2024-07-31,2024-08-02,3,35.8,35.0,2024
Bari,large,072006,315473,2024-08-09,2024-08-17,9,36.1,34.7,2024
Bari,large,072006,315473,2024-08-22,2024-09-02,12,33.2,32.1,2024
Bari,large,072006,315473,2024-09-04,2024-09-08,5,33.0,32.1,2024
Bari,large,072006,315473,2024-09-25,2024-09-27,3,32.2,30.9,2024
Bari,large,072006,315473,2024-10-01,2024-10-03,3,30.6,29.2,2024
Bari,large,072006,315473,2024-10-07,2024-10-09,3,30.0,29.0,2024
Bari,large,072006,315473,2025-05-31,2025-06-08,9,37.4,32.0,2025
Bari,large,072006,315473,2025-06-10,2025-06-15,6,35.0,31.5,2025
Bari,large,072006,315473,2025-06-23,2025-06-26,4,35.2,34.7,2025
Bari,large,072006,315473,2025-06-29,2025-07-07,9,36.9,34.6,2025
Bari,large,072006,315473,2025-07-18,2025-07-25,8,37.8,34.9,2025
Bari,large,072006,315473,2025-08-10,2025-08-14,5,34.1,33.2,2025
Bari,large,072006,315473,2025-08-27,2025-08-29,3,36.6,34.6,2025
Bari,large,072006,315473,2025-09-20,2025-09-23,4,32.3,31.6,2025
Triggiano,medium,072046,25847,1982-06-22,1982-06-25,4,36.3,33.7,1982
Triggiano,medium,072046,25847,1987-07-23,1987-07-25,3,36.8,34.4,1987
Triggiano,medium,072046,25847,1987-09-25,1987-09-27,3,32.2,31.5,1987
Triggiano,medium,072046,25847,1994-05-22,1994-05-24,3,31.2,29.6,1994
Triggiano,medium,072046,25847,2000-07-02,2000-07-04,3,34.3,33.1,2000
Triggiano,medium,072046,25847,2000-08-20,2000-08-23,4,34.2,32.7,2000
Triggiano,medium,072046,25847,2003-08-28,2003-08-30,3,32.6,32.2,2003
Triggiano,medium,072046,25847,2007-07-21,2007-07-23,3,38.0,35.3,2007
Triggiano,medium,072046,25847,2007-08-28,2007-08-30,3,35.9,33.8,2007
Triggiano,medium,072046,25847,2008-09-04,2008-09-07,4,33.1,31.7,2008
Triggiano,medium,072046,25847,2012-08-04,2012-08-06,3,34.1,33.7,2012
Triggiano,medium,072046,25847,2012-08-21,2012-08-25,5,33.0,32.6,2012
Triggiano,medium,072046,25847,2012-09-26,2012-09-28,3,30.7,30.2,2012
Triggiano,medium,072046,25847,2015-09-13,2015-09-18,6,32.9,31.4,2015
Triggiano,medium,072046,25847,2017-06-04,2017-06-06,3,30.0,29.4,2017
Triggiano,medium,072046,25847,2017-06-12,2017-06-14,3,32.6,30.7,2017
Triggiano,medium,072046,25847,2017-06-21,2017-06-24,4,36.4,33.9,2017
Triggiano,medium,072046,25847,2017-06-26,2017-06-29,4,36.1,35.6,2017
Triggiano,medium,072046,25847,2017-07-06,2017-07-12,7,38.2,35.3,2017
Triggiano,medium,072046,25847,2017-07-20,2017-07-23,4,38.0,35.7,2017
Triggiano,medium,072046,25847,2017-07-28,2017-08-10,14,40.2,36.3,2017
Triggiano,medium,072046,25847,2017-08-24,2017-08-27,4,33.2,32.8,2017
Triggiano,medium,072046,25847,2017-08-30,2017-09-01,3,34.0,33.3,2017
Triggiano,medium,072046,25847,2018-05-29,2018-06-04,7,31.2,29.1,2018
Triggiano,medium,072046,25847,2018-08-07,2018-08-10,4,34.0,33.6,2018
Triggiano,medium,072046,25847,2018-09-21,2018-09-23,3,30.4,29.8,2018
Triggiano,medium,072046,25847,2019-06-05,2019-06-16,12,35.7,32.1,2019
Triggiano,medium,072046,25847,2019-06-19,2019-06-21,3,34.2,32.9,2019
Triggiano,medium,072046,25847,2019-06-30,2019-07-03,4,33.6,32.8,2019
Triggiano,medium,072046,25847,2019-07-05,2019-07-09,5,35.5,33.9,2019
Triggiano,medium,072046,25847,2019-07-25,2019-07-27,3,34.3,33.9,2019
Triggiano,medium,072046,25847,2019-08-05,2019-08-07,3,36.4,35.4,2019
Triggiano,medium,072046,25847,2019-08-09,2019-08-12,4,35.2,34.2,2019
Triggiano,medium,072046,25847,2019-08-18,2019-08-20,3,33.8,32.8,2019
Triggiano,medium,072046,25847,2020-06-28,2020-07-02,5,35.0,33.8,2020
Triggiano,medium,072046,25847,2020-07-28,2020-07-31,4,36.0,35.0,2020
Triggiano,medium,072046,25847,2020-08-11,2020-08-17,7,35.9,33.6,2020
Triggiano,medium,072046,25847,2020-08-20,2020-08-22,3,34.4,33.4,2020
Triggiano,medium,072046,25847,2020-08-26,2020-08-30,5,36.0,34.3,2020
Triggiano,medium,072046,25847,2020-09-20,2020-09-22,3,30.4,29.7,2020
Triggiano,medium,072046,25847,2020-10-01,2020-10-04,4,29.0,28.6,2020
Triggiano,medium,072046,25847,2021-05-21,2021-05-23,3,33.4,31.1,2021
Triggiano,medium,072046,25847,2021-06-17,2021-06-29,13,40.9,35.0,2021
Triggiano,medium,072046,25847,2021-07-06,2021-07-08,3,38.3,36.6,2021
Triggiano,medium,072046,25847,2021-07-10,2021-07-13,4,38.9,34.3,2021
Triggiano,medium,072046,25847,2021-07-24,2021-08-04,12,42.6,38.0,2021
Triggiano,medium,072046,25847,2021-08-06,2021-08-16,11,39.3,35.3,2021
Triggiano,medium,072046,25847,2021-09-14,2021-09-16,3,34.4,32.8,2021
Triggiano,medium,072046,25847,2022-05-20,2022-05-27,8,34.5,30.8,2022
Triggiano,medium,072046,25847,2022-06-01,2022-06-06,6,34.4,32.3,2022
Triggiano,medium,072046,25847,2022-06-19,2022-07-05,17,40.8,34.4,2022
Triggiano,medium,072046,25847,2022-07-14,2022-07-16,3,36.0,34.6,2022
Triggiano,medium,072046,25847,2022-07-20,2022-07-26,7,36.4,35.5,2022
Triggiano,medium,072046,25847,2022-08-04,2022-08-06,3,34.2,33.7,2022
Triggiano,medium,072046,25847,2022-09-06,2022-09-09,4,33.5,32.4,2022
Triggiano,medium,072046,25847,2022-09-13,2022-09-16,4,33.6,32.3,2022
Triggiano,medium,072046,25847,2023-06-20,2023-06-22,3,38.8,33.6,2023
Triggiano,medium,072046,25847,2023-07-10,2023-07-25,16,44.4,37.3,2023
Triggiano,medium,072046,25847,2023-08-01,2023-08-03,3,36.0,34.5,2023
Triggiano,medium,072046,25847,2023-08-20,2023-08-27,8,37.2,33.7,2023
Triggiano,medium,072046,25847,2023-09-17,2023-09-22,6,35.6,32.8,2023
Triggiano,medium,072046,25847,2024-06-06,2024-06-12,7,36.8,32.3,2024
Triggiano,medium,072046,25847,2024-06-17,2024-06-22,6,36.2,33.8,2024
Triggiano,medium,072046,25847,2024-07-05,2024-07-19,15,37.2,35.0,2024
Triggiano,medium,072046,25847,2024-07-26,2024-07-28,3,34.6,33.9,2024
Triggiano,medium,072046,25847,2024-07-31,2024-08-02,3,36.2,35.2,2024
Triggiano,medium,072046,25847,2024-08-09,2024-08-17,9,35.4,34.6,2024
Triggiano,medium,072046,25847,2024-08-22,2024-09-02,12,33.3,32.1,2024
Triggiano,medium,072046,25847,2024-09-04,2024-09-07,4,33.0,31.9,2024
Triggiano,medium,072046,25847,2024-09-25,2024-09-27,3,32.2,31.0,2024
Triggiano,medium,072046,25847,2025-05-31,2025-06-08,9,38.2,32.5,2025
Triggiano,medium,072046,25847,2025-06-10,2025-06-15,6,34.6,31.4,2025
Triggiano,medium,072046,25847,2025-06-23,2025-06-27,5,35.1,34.1,2025
Triggiano,medium,072046,25847,2025-06-29,2025-07-07,9,37.3,34.7,2025
Triggiano,medium,072046,25847,2025-07-18,2025-07-25,8,39.3,35.4,2025
Triggiano,medium,072046,25847,2025-08-10,2025-08-14,5,34.0,33.1,2025
Triggiano,medium,072046,25847,2025-09-20,2025-09-23,4,32.1,31.3,2025
Valenzano,small,072048,17339,1982-06-22,1982-06-25,4,36.2,33.5,1982
Valenzano,small,072048,17339,1987-07-23,1987-07-25,3,36.7,34.2,1987
Valenzano,small,072048,17339,1987-09-25,1987-09-27,3,32.0,31.4,1987
Valenzano,small,072048,17339,1994-05-22,1994-05-24,3,31.1,29.5,1994
Valenzano,small,072048,17339,2000-07-02,2000-07-04,3,34.2,33.0,2000
Valenzano,small,072048,17339,2000-08-20,2000-08-23,4,34.0,32.5,2000
Valenzano,small,072048,17339,2003-08-28,2003-08-30,3,32.4,32.0,2003
Valenzano,small,072048,17339,2007-07-21,2007-07-23,3,37.8,35.2,2007
Valenzano,small,072048,17339,2007-08-28,2007-08-30,3,35.7,33.6,2007
Valenzano,small,072048,17339,2008-09-04,2008-09-07,4,33.0,31.6,2008
Valenzano,small,072048,17339,2012-08-04,2012-08-06,3,34.0,33.5,2012
Valenzano,small,072048,17339,2012-08-21,2012-08-25,5,32.8,32.4,2012
Valenzano,small,072048,17339,2012-09-26,2012-09-28,3,30.5,30.0,2012
Valenzano,small,072048,17339,2015-09-13,2015-09-18,6,32.7,31.3,2015
Valenzano,small,072048,17339,2017-06-22,2017-06-24,3,35.9,33.5,2017
Valenzano,small,072048,17339,2017-06-26,2017-06-29,4,35.6,34.6,2017
Valenzano,small,072048,17339,2017-07-06,2017-07-12,7,37.2,34.0,2017
Valenzano,small,072048,17339,2017-07-29,2017-08-05,8,38.3,35.3,2017
Valenzano,small,072048,17339,2017-08-07,2017-08-10,4,38.2,36.2,2017
Valenzano,small,072048,17339,2017-08-30,2017-09-01,3,32.8,32.1,2017
Valenzano,small,072048,17339,2018-06-02,2018-06-04,3,30.2,29.0,2018
Valenzano,small,072048,17339,2019-06-06,2019-06-11,6,34.8,31.6,2019
Valenzano,small,072048,17339,2019-06-13,2019-06-15,3,34.7,31.8,2019
Valenzano,small,072048,17339,2019-06-19,2019-06-21,3,33.0,31.8,2019
Valenzano,small,072048,17339,2019-07-01,2019-07-03,3,33.2,32.3,2019
Valenzano,small,072048,17339,2019-07-05,2019-07-09,5,35.0,33.2,2019
Valenzano,small,072048,17339,2019-08-05,2019-08-07,3,35.6,34.6,2019
Valenzano,small,072048,17339,2019-08-10,2019-08-12,3,34.3,33.9,2019
Valenzano,small,072048,17339,2020-05-12,2020-05-14,3,32.4,30.1,2020
Valenzano,small,072048,17339,2020-06-28,2020-07-02,5,33.6,32.6,2020
Valenzano,small,072048,17339,2020-07-28,2020-07-31,4,35.0,34.2,2020
Valenzano,small,072048,17339,2020-08-27,2020-08-30,4,37.0,35.0,2020
Valenzano,small,072048,17339,2021-05-21,2021-05-23,3,33.4,30.7,2021
Valenzano,small,072048,17339,2021-06-17,2021-06-24,8,38.7,34.3,2021
Valenzano,small,072048,17339,2021-06-27,2021-06-29,3,35.9,34.5,2021
Valenzano,small,072048,17339,2021-07-06,2021-07-08,3,37.0,35.2,2021
Valenzano,small,072048,17339,2021-07-24,2021-07-31,8,42.0,38.1,2021
Valenzano,small,072048,17339,2021-08-02,2021-08-04,3,38.6,37.6,2021
Valenzano,small,072048,17339,2021-08-07,2021-08-16,10,40.2,35.2,2021
Valenzano,small,072048,17339,2021-09-14,2021-09-16,3,33.8,32.3,2021
Valenzano,small,072048,17339,2022-05-23,2022-05-25,3,33.2,31.1,2022
Valenzano,small,072048,17339,2022-06-01,2022-06-06,6,33.8,31.3,2022
Valenzano,small,072048,17339,2022-06-19,2022-06-23,5,33.6,32.1,2022
Valenzano,small,072048,17339,2022-06-25,2022-06-28,4,40.6,36.4,2022
Valenzano,small,072048,17339,2022-06-30,2022-07-04,5,36.6,34.0,2022
Valenzano,small,072048,17339,2022-07-21,2022-07-26,6,35.4,34.7,2022
Valenzano,small,072048,17339,2022-09-06,2022-09-09,4,33.8,32.0,2022
Valenzano,small,072048,17339,2022-09-13,2022-09-16,4,33.2,32.3,2022
Valenzano,small,072048,17339,2023-07-10,2023-07-25,16,44.9,37.0,2023
Valenzano,small,072048,17339,2023-08-01,2023-08-03,3,36.0,34.3,2023
Valenzano,small,072048,17339,2023-08-20,2023-08-28,9,37.4,33.4,2023
Valenzano,small,072048,17339,2023-09-17,2023-09-22,6,35.8,32.8,2023
Valenzano,small,072048,17339,2024-05-30,2024-06-01,3,30.2,29.1,2024
Valenzano,small,072048,17339,2024-06-06,2024-06-12,7,36.5,31.8,2024
Valenzano,small,072048,17339,2024-06-17,2024-06-22,6,35.6,33.4,2024
Valenzano,small,072048,17339,2024-07-08,2024-07-19,12,36.8,35.2,2024
Valenzano,small,072048,17339,2024-07-26,2024-07-28,3,34.4,33.5,2024
Valenzano,small,072048,17339,2024-07-31,2024-08-02,3,35.5,34.7,2024
Valenzano,small,072048,17339,2024-08-09,2024-08-17,9,35.8,34.4,2024
Valenzano,small,072048,17339,2024-08-22,2024-09-02,12,32.9,31.8,2024
Valenzano,small,072048,17339,2024-09-04,2024-09-08,5,32.8,31.8,2024
Valenzano,small,072048,17339,2024-09-25,2024-09-27,3,32.0,30.6,2024
Valenzano,small,072048,17339,2024-10-01,2024-10-03,3,30.3,28.9,2024
Valenzano,small,072048,17339,2025-05-31,2025-06-08,9,37.2,31.8,2025
Valenzano,small,072048,17339,2025-06-10,2025-06-15,6,34.7,31.2,2025
Valenzano,small,072048,17339,2025-06-23,2025-06-27,5,35.0,33.8,2025
Valenzano,small,072048,17339,2025-06-29,2025-07-07,9,36.6,34.3,2025
Valenzano,small,072048,17339,2025-07-18,2025-07-25,8,37.5,34.7,2025
Valenzano,small,072048,17339,2025-08-10,2025-08-14,5,33.8,32.9,2025
Valenzano,small,072048,17339,2025-08-27,2025-08-29,3,36.4,34.3,2025
Valenzano,small,072048,17339,2025-09-20,2025-09-23,4,32.0,31.3,2025
Binetto,rural,072008,2128,1982-06-22,1982-06-25,4,40.0,37.5,1982
Binetto,rural,072008,2128,1987-09-25,1987-09-27,3,32.9,32.4,1987
Binetto,rural,072008,2128,1994-05-22,1994-05-24,3,32.8,31.9,1994
Binetto,rural,072008,2128,1997-06-16,1997-06-18,3,34.0,33.4,1997
Binetto,rural,072008,2128,1999-08-07,1999-08-10,4,38.1,36.2,1999
Binetto,rural,072008,2128,2000-07-02,2000-07-04,3,39.0,37.6,2000
Binetto,rural,072008,2128,2000-08-20,2000-08-23,4,38.2,36.4,2000
Binetto,rural,072008,2128,2007-07-21,2007-07-23,3,40.6,38.9,2007
Binetto,rural,072008,2128,2007-08-28,2007-08-30,3,38.6,36.8,2007
Binetto,rural,072008,2128,2008-05-25,2008-05-28,4,31.6,30.5,2008
Binetto,rural,072008,2128,2008-09-04,2008-09-07,4,35.9,34.4,2008
Binetto,rural,072008,2128,2009-05-22,2009-05-26,5,31.5,30.2,2009
Binetto,rural,072008,2128,2011-08-24,2011-08-26,3,35.6,34.9,2011
Binetto,rural,072008,2128,2012-06-07,2012-06-09,3,34.3,32.5,2012
Binetto,rural,072008,2128,2012-08-04,2012-08-06,3,38.0,37.1,2012
Binetto,rural,072008,2128,2012-08-21,2012-08-25,5,36.0,35.4,2012
Binetto,rural,072008,2128,2012-09-26,2012-09-28,3,33.0,32.7,2012
Binetto,rural,072008,2128,2015-09-14,2015-09-18,5,36.4,34.6,2015
Binetto,rural,072008,2128,2017-06-26,2017-06-29,4,36.4,35.6,2017
Binetto,rural,072008,2128,2017-07-09,2017-07-11,3,37.9,37.1,2017
Binetto,rural,072008,2128,2017-08-01,2017-08-05,5,39.8,38.2,2017
Binetto,rural,072008,2128,2017-08-07,2017-08-10,4,39.7,38.2,2017
Binetto,rural,072008,2128,2019-06-06,2019-06-08,3,35.6,32.9,2019
Binetto,rural,072008,2128,2020-08-28,2020-08-30,3,35.0,34.7,2020
Binetto,rural,072008,2128,2021-06-20,2021-06-24,5,39.6,38.2,2021
Binetto,rural,072008,2128,2021-06-27,2021-06-29,3,37.7,36.2,2021
Binetto,rural,072008,2128,2021-07-06,2021-07-08,3,39.0,37.0,2021
Binetto,rural,072008,2128,2021-07-24,2021-07-28,5,40.0,38.2,2021
Binetto,rural,072008,2128,2021-08-07,2021-08-09,3,39.0,37.3,2021
Binetto,rural,072008,2128,2021-08-14,2021-08-16,3,38.7,36.4,2021
Binetto,rural,072008,2128,2022-05-22,2022-05-27,6,33.9,31.1,2022
Binetto,rural,072008,2128,2022-06-01,2022-06-06,6,35.2,32.6,2022
Binetto,rural,072008,2128,2022-06-26,2022-06-28,3,39.1,38.2,2022
Binetto,rural,072008,2128,2022-09-06,2022-09-08,3,34.4,33.5,2022
Binetto,rural,072008,2128,2023-07-11,2023-07-13,3,40.7,38.6,2023
Binetto,rural,072008,2128,2023-07-16,2023-07-24,9,43.2,39.6,2023
Binetto,rural,072008,2128,2023-08-23,2023-08-27,5,38.2,35.6,2023
Binetto,rural,072008,2128,2024-06-18,2024-06-21,4,37.0,36.1,2024
Binetto,rural,072008,2128,2024-07-11,2024-07-17,7,37.8,36.9,2024
Binetto,rural,072008,2128,2024-08-12,2024-08-16,5,37.0,36.2,2024
Binetto,rural,072008,2128,2025-06-01,2025-06-08,8,38.4,33.5,2025
Binetto,rural,072008,2128,2025-06-23,2025-06-26,4,35.9,35.2,2025
Binetto,rural,072008,2128,2025-07-03,2025-07-06,4,37.8,36.3,2025
Binetto,rural,072008,2128,2025-07-19,2025-07-21,3,38.6,37.7,2025
Binetto,rural,072008,2128,2025-09-20,2025-09-22,3,32.1,31.7,2025
Catania,large,087015,311584,1982-06-23,1982-06-25,3,39.6,38.5,1982
Catania,large,087015,311584,1986-05-20,1986-05-22,3,28.9,28.7,1986
Catania,large,087015,311584,1987-07-22,1987-07-25,4,39.0,38.2,1987
Catania,large,087015,311584,1987-09-24,1987-09-27,4,34.6,33.7,1987
Catania,large,087015,311584,1988-07-05,1988-07-08,4,40.4,39.6,1988
Catania,large,087015,311584,1993-05-27,1993-05-30,4,32.0,31.5,1993
Catania,large,087015,311584,1994-05-20,1994-05-26,7,33.2,31.1,1994
Catania,large,087015,311584,1998-06-29,1998-07-02,4,41.4,38.7,1998
Catania,large,087015,311584,1999-05-12,1999-05-15,4,31.5,30.4,1999
Catania,large,087015,311584,1999-05-30,1999-06-04,6,34.2,32.5,1999
Catania,large,087015,311584,1999-08-07,1999-08-10,4,39.7,39.1,1999
Catania,large,087015,311584,2000-08-21,2000-08-27,7,39.8,36.9,2000
Catania,large,087015,311584,2001-05-16,2001-05-18,3,33.4,31.9,2001
Catania,large,087015,311584,2001-10-05,2001-10-07,3,30.7,30.3,2001
Catania,large,087015,311584,2003-06-26,2003-06-28,3,37.0,36.2,2003
Catania,large,087015,311584,2003-07-22,2003-07-24,3,37.6,37.2,2003
Catania,large,087015,311584,2003-08-17,2003-08-19,3,37.1,36.8,2003
Catania,large,087015,311584,2003-08-29,2003-09-01,4,38.9,36.4,2003
Catania,large,087015,311584,2006-05-18,2006-05-24,7,33.1,31.6,2006
Catania,large,087015,311584,2006-06-19,2006-06-22,4,37.8,36.9,2006
Catania,large,087015,311584,2006-06-26,2006-06-29,4,37.9,36.6,2006
Catania,large,087015,311584,2006-08-18,2006-08-20,3,39.4,38.5,2006
Catania,large,087015,311584,2007-06-22,2007-06-25,4,40.7,39.0,2007
Catania,large,087015,311584,2007-07-20,2007-07-24,5,40.3,38.7,2007
Catania,large,087015,311584,2007-08-21,2007-08-23,3,36.7,35.9,2007
Catania,large,087015,311584,2007-08-28,2007-08-30,3,38.4,37.3,2007
Catania,large,087015,311584,2008-09-05,2008-09-08,4,36.5,35.3,2008
Catania,large,087015,311584,2008-09-10,2008-09-12,3,34.8,33.8,2008
Catania,large,087015,311584,2009-05-18,2009-05-26,9,32.7,30.5,2009
Catania,large,087015,311584,2012-08-04,2012-08-07,4,39.0,37.9,2012
Catania,large,087015,311584,2012-09-27,2012-09-29,3,32.2,31.8,2012
Catania,large,087015,311584,2013-06-19,2013-06-21,3,35.5,34.9,2013
Catania,large,087015,311584,2014-09-19,2014-09-21,3,34.1,33.5,2014
Catania,large,087015,311584,2014-10-15,2014-10-17,3,29.7,29.2,2014
Catania,large,087015,311584,2015-05-04,2015-05-06,3,31.7,30.8,2015
Catania,large,087015,311584,2015-09-03,2015-09-05,3,36.9,35.0,2015
Catania,large,087015,311584,2015-09-16,2015-09-18,3,34.8,34.4,2015
Catania,large,087015,311584,2019-06-07,2019-06-10,4,37.0,34.2,2019
Catania,large,087015,311584,2021-06-20,2021-06-25,6,40.8,37.8,2021
Catania,large,087015,311584,2021-08-08,2021-08-10,3,42.6,40.0,2021
Catania,large,087015,311584,2021-09-16,2021-09-18,3,36.3,36.1,2021
Catania,large,087015,311584,2022-06-02,2022-06-05,4,34.9,33.4,2022
Catania,large,087015,311584,2022-09-14,2022-09-16,3,35.1,34.9,2022
Catania,large,087015,311584,2023-07-18,2023-07-24,7,45.3,41.0,2023
Catania,large,087015,311584,2023-09-19,2023-09-21,3,34.9,34.1,2023
Catania,large,087015,311584,2024-09-02,2024-09-04,3,34.8,34.3,2024
Gravina di Catania,medium,087019,25185,1982-06-23,1982-06-25,3,36.9,36.0,1982
Gravina di Catania,medium,087019,25185,1987-07-19,1987-07-25,7,36.6,35.7,1987
Gravina di Catania,medium,087019,25185,1987-08-09,1987-08-11,3,35.2,34.8,1987
Gravina di Catania,medium,087019,25185,1987-09-24,1987-09-27,4,32.2,31.4,1987
Gravina di Catania,medium,087019,25185,1988-07-05,1988-07-08,4,38.6,37.8,1988
Gravina di Catania,medium,087019,25185,1993-05-28,1993-05-30,3,29.4,29.3,1993
Gravina di Catania,medium,087019,25185,1994-05-22,1994-05-26,5,30.3,29.4,1994
Gravina di Catania,medium,087019,25185,1998-06-29,1998-07-02,4,38.7,36.5,1998
Gravina di Catania,medium,087019,25185,1999-05-13,1999-05-15,3,29.3,28.8,1999
Gravina di Catania,medium,087019,25185,1999-05-30,1999-06-04,6,31.9,30.4,1999
Gravina di Catania,medium,087019,25185,1999-08-07,1999-08-10,4,37.7,37.0,1999
Gravina di Catania,medium,087019,25185,1999-08-18,1999-08-20,3,36.0,34.9,1999
Gravina di Catania,medium,087019,25185,2000-07-04,2000-07-07,4,36.7,35.5,2000
Gravina di Catania,medium,087019,25185,2000-08-21,2000-08-27,7,37.5,34.7,2000
Gravina di Catania,medium,087019,25185,2001-05-16,2001-05-18,3,31.1,29.5,2001
Gravina di Catania,medium,087019,25185,2003-07-22,2003-07-24,3,35.0,34.9,2003
Gravina di Catania,medium,087019,25185,2003-08-17,2003-08-19,3,34.5,34.3,2003
Gravina di Catania,medium,087019,25185,2003-08-28,2003-08-31,4,36.9,34.5,2003
Gravina di Catania,medium,087019,25185,2006-05-18,2006-05-23,6,30.7,29.5,2006
Gravina di Catania,medium,087019,25185,2006-06-19,2006-06-22,4,34.6,33.9,2006
Gravina di Catania,medium,087019,25185,2006-06-26,2006-06-29,4,35.1,34.0,2006
Gravina di Catania,medium,087019,25185,2006-08-17,2006-08-20,4,37.1,35.7,2006
Gravina di Catania,medium,087019,25185,2007-06-19,2007-06-25,7,37.4,34.7,2007
Gravina di Catania,medium,087019,25185,2007-07-20,2007-07-24,5,37.5,36.1,2007
Gravina di Catania,medium,087019,25185,2007-08-21,2007-08-23,3,34.6,34.1,2007
Gravina di Catania,medium,087019,25185,2007-08-28,2007-08-30,3,35.8,34.8,2007
Gravina di Catania,medium,087019,25185,2008-09-05,2008-09-08,4,34.0,32.9,2008
Gravina di Catania,medium,087019,25185,2009-05-23,2009-05-26,4,29.8,29.4,2009
Gravina di Catania,medium,087019,25185,2010-06-11,2010-06-13,3,31.5,30.8,2010
Gravina di Catania,medium,087019,25185,2012-08-05,2012-08-07,3,36.6,36.1,2012
Gravina di Catania,medium,087019,25185,2014-09-19,2014-09-21,3,31.5,31.3,2014
Gravina di Catania,medium,087019,25185,2015-09-16,2015-09-18,3,32.4,32.0,2015
Gravina di Catania,medium,087019,25185,2017-06-25,2017-06-30,6,38.0,35.4,2017
Gravina di Catania,medium,087019,25185,2017-07-08,2017-07-12,5,40.6,37.0,2017
Gravina di Catania,medium,087019,25185,2017-07-21,2017-07-23,3,38.0,36.9,2017
Gravina di Catania,medium,087019,25185,2017-08-02,2017-08-06,5,39.9,38.2,2017
Gravina di Catania,medium,087019,25185,2017-08-08,2017-08-10,3,38.2,37.8,2017
Gravina di Catania,medium,087019,25185,2018-05-30,2018-06-03,5,32.3,30.3,2018
Gravina di Catania,medium,087019,25185,2018-06-10,2018-06-12,3,31.8,31.0,2018
Gravina di Catania,medium,087019,25185,2019-06-06,2019-06-12,7,36.8,33.2,2019
Gravina di Catania,medium,087019,25185,2019-06-14,2019-06-16,3,34.0,32.7,2019
Gravina di Catania,medium,087019,25185,2019-06-20,2019-06-22,3,40.2,36.3,2019
Gravina di Catania,medium,087019,25185,2019-07-06,2019-07-09,4,39.6,37.1,2019
Gravina di Catania,medium,087019,25185,2019-08-10,2019-08-13,4,35.1,34.6,2019
Gravina di Catania,medium,087019,25185,2020-05-13,2020-05-16,4,32.3,30.5,2020
Gravina di Catania,medium,087019,25185,2021-06-19,2021-06-25,7,39.5,37.5,2021
Gravina di Catania,medium,087019,25185,2021-06-27,2021-06-30,4,40.0,37.1,2021
Gravina di Catania,medium,087019,25185,2021-07-26,2021-08-05,11,40.9,37.6,2021
Gravina di Catania,medium,087019,25185,2021-08-07,2021-08-12,6,43.8,38.2,2021
Gravina di Catania,medium,087019,25185,2021-08-23,2021-08-25,3,35.6,34.2,2021
Gravina di Catania,medium,087019,25185,2021-09-16,2021-09-18,3,34.2,33.6,2021
Gravina di Catania,medium,087019,25185,2022-05-22,2022-05-25,4,31.7,30.6,2022
Gravina di Catania,medium,087019,25185,2022-05-29,2022-06-08,11,36.6,33.3,2022
Gravina di Catania,medium,087019,25185,2022-06-21,2022-07-05,15,40.8,36.1,2022
Gravina di Catania,medium,087019,25185,2022-07-23,2022-07-25,3,36.1,35.3,2022
Gravina di Catania,medium,087019,25185,2022-08-15,2022-08-18,4,37.1,36.1,2022
Gravina di Catania,medium,087019,25185,2022-09-07,2022-09-10,4,36.4,33.9,2022
Gravina di Catania,medium,087019,25185,2022-09-13,2022-09-16,4,34.2,32.9,2022
Gravina di Catania,medium,087019,25185,2022-10-23,2022-10-25,3,28.8,28.4,2022
Gravina di Catania,medium,087019,25185,2023-06-20,2023-06-22,3,35.4,33.8,2023
Gravina di Catania,medium,087019,25185,2023-07-15,2023-07-25,11,43.7,39.7,2023
Gravina di Catania,medium,087019,25185,2023-08-25,2023-08-27,3,35.3,34.1,2023
Gravina di Catania,medium,087019,25185,2023-09-18,2023-09-21,4,34.1,33.0,2023
Gravina di Catania,medium,087019,25185,2024-06-07,2024-06-11,5,33.1,31.8,2024
Gravina di Catania,medium,087019,25185,2024-06-18,2024-06-21,4,35.6,34.4,2024
Gravina di Catania,medium,087019,25185,2024-07-11,2024-07-13,3,35.9,35.6,2024
Gravina di Catania,medium,087019,25185,2024-07-15,2024-07-18,4,36.8,35.7,2024
Gravina di Catania,medium,087019,25185,2024-08-13,2024-08-16,4,35.2,34.8,2024
Gravina di Catania,medium,087019,25185,2025-06-04,2025-06-09,6,36.3,31.9,2025
Gravina di Catania,medium,087019,25185,2025-07-19,2025-07-25,7,41.8,37.8,2025
Sant'Agata li Battiati,small,087045,9351,1982-06-23,1982-06-25,3,37.2,36.3,1982
Sant'Agata li Battiati,small,087045,9351,1987-07-19,1987-07-25,7,36.9,36.0,1987
Sant'Agata li Battiati,small,087045,9351,1987-08-09,1987-08-11,3,35.5,35.1,1987
Sant'Agata li Battiati,small,087045,9351,1987-09-24,1987-09-27,4,32.5,31.7,1987
Sant'Agata li Battiati,small,087045,9351,1988-07-05,1988-07-08,4,38.9,38.1,1988
Sant'Agata li Battiati,small,087045,9351,1993-05-28,1993-05-30,3,29.7,29.6,1993
Sant'Agata li Battiati,small,087045,9351,1994-05-22,1994-05-26,5,30.6,29.7,1994
Sant'Agata li Battiati,small,087045,9351,1998-06-29,1998-07-02,4,39.0,36.8,1998
Sant'Agata li Battiati,small,087045,9351,1999-05-13,1999-05-15,3,29.6,29.1,1999
Sant'Agata li Battiati,small,087045,9351,1999-05-30,1999-06-04,6,32.2,30.7,1999
Sant'Agata li Battiati,small,087045,9351,1999-08-07,1999-08-10,4,38.0,37.3,1999
Sant'Agata li Battiati,small,087045,9351,1999-08-18,1999-08-20,3,36.3,35.2,1999
Sant'Agata li Battiati,small,087045,9351,2000-07-04,2000-07-07,4,37.0,35.8,2000
Sant'Agata li Battiati,small,087045,9351,2000-08-21,2000-08-27,7,37.8,35.0,2000
Sant'Agata li Battiati,small,087045,9351,2001-05-16,2001-05-18,3,31.4,29.8,2001
Sant'Agata li Battiati,small,087045,9351,2001-10-05,2001-10-07,3,28.9,28.6,2001
Sant'Agata li Battiati,small,087045,9351,2003-07-22,2003-07-24,3,35.3,35.2,2003
Sant'Agata li Battiati,small,087045,9351,2003-08-17,2003-08-19,3,34.8,34.6,2003
Sant'Agata li Battiati,small,087045,9351,2003-08-28,2003-08-31,4,37.2,34.8,2003
Sant'Agata li Battiati,small,087045,9351,2006-05-18,2006-05-23,6,31.0,29.8,2006
Sant'Agata li Battiati,small,087045,9351,2006-06-19,2006-06-22,4,34.9,34.2,2006
Sant'Agata li Battiati,small,087045,9351,2006-06-26,2006-06-29,4,35.4,34.3,2006
Sant'Agata li Battiati,small,087045,9351,2006-08-17,2006-08-20,4,37.4,36.0,2006
Sant'Agata li Battiati,small,087045,9351,2007-06-19,2007-06-25,7,37.7,35.0,2007
Sant'Agata li Battiati,small,087045,9351,2007-07-20,2007-07-24,5,37.8,36.4,2007
Sant'Agata li Battiati,small,087045,9351,2007-08-21,2007-08-23,3,34.9,34.4,2007
Sant'Agata li Battiati,small,087045,9351,2007-08-28,2007-08-30,3,36.1,35.1,2007
Sant'Agata li Battiati,small,087045,9351,2008-09-05,2008-09-08,4,34.3,33.2,2008
Sant'Agata li Battiati,small,087045,9351,2009-05-23,2009-05-26,4,30.1,29.7,2009
Sant'Agata li Battiati,small,087045,9351,2010-06-11,2010-06-13,3,31.8,31.1,2010
Sant'Agata li Battiati,small,087045,9351,2012-08-05,2012-08-07,3,36.9,36.4,2012
Sant'Agata li Battiati,small,087045,9351,2014-09-19,2014-09-21,3,31.8,31.6,2014
Sant'Agata li Battiati,small,087045,9351,2015-09-16,2015-09-18,3,32.7,32.3,2015
Sant'Agata li Battiati,small,087045,9351,2019-06-07,2019-06-09,3,34.5,32.2,2019
Sant'Agata li Battiati,small,087045,9351,2021-06-20,2021-06-25,6,37.5,35.3,2021
Sant'Agata li Battiati,small,087045,9351,2021-08-08,2021-08-10,3,39.7,37.4,2021
Sant'Agata li Battiati,small,087045,9351,2021-09-16,2021-09-18,3,33.7,33.4,2021
Sant'Agata li Battiati,small,087045,9351,2022-06-02,2022-06-05,4,32.9,31.6,2022
Sant'Agata li Battiati,small,087045,9351,2022-06-21,2022-06-24,4,33.7,33.4,2022
Sant'Agata li Battiati,small,087045,9351,2022-09-14,2022-09-16,3,33.2,32.7,2022
Sant'Agata li Battiati,small,087045,9351,2023-07-21,2023-07-24,4,42.8,40.1,2023
Ragalna,rural,087058,4204,1982-06-23,1982-06-25,3,36.3,35.9,1982
Ragalna,rural,087058,4204,1987-07-19,1987-07-25,7,37.4,36.2,1987
Ragalna,rural,087058,4204,1987-08-08,1987-08-11,4,35.9,35.5,1987
Ragalna,rural,087058,4204,1987-09-24,1987-09-27,4,31.5,30.8,1987
Ragalna,rural,087058,4204,1988-07-04,1988-07-08,5,39.3,38.2,1988
Ragalna,rural,087058,4204,1988-08-29,1988-09-01,4,34.7,33.7,1988
Ragalna,rural,087058,4204,1990-09-24,1990-09-26,3,32.1,30.3,1990
Ragalna,rural,087058,4204,1993-05-27,1993-05-30,4,30.8,30.2,1993
Ragalna,rural,087058,4204,1994-05-21,1994-05-26,6,31.7,30.1,1994
Ragalna,rural,087058,4204,1997-06-12,1997-06-14,3,32.9,32.3,1997
Ragalna,rural,087058,4204,1998-06-01,1998-06-04,4,30.5,30.3,1998
Ragalna,rural,087058,4204,1998-06-29,1998-07-02,4,38.2,36.9,1998
Ragalna,rural,087058,4204,1999-05-13,1999-05-15,3,29.9,29.6,1999
Ragalna,rural,087058,4204,1999-05-31,1999-06-04,5,33.3,32.0,1999
Ragalna,rural,087058,4204,1999-08-07,1999-08-10,4,38.8,38.1,1999
Ragalna,rural,087058,4204,1999-08-18,1999-08-20,3,36.4,35.5,1999
Ragalna,rural,087058,4204,2000-07-04,2000-07-07,4,37.7,36.5,2000
Ragalna,rural,087058,4204,2000-08-21,2000-08-27,7,37.1,35.2,2000
Ragalna,rural,087058,4204,2001-05-16,2001-05-18,3,32.8,31.3,2001
Ragalna,rural,087058,4204,2001-10-05,2001-10-07,3,28.6,28.4,2001
Ragalna,rural,087058,4204,2003-06-28,2003-06-30,3,36.8,35.5,2003
Ragalna,rural,087058,4204,2003-08-17,2003-08-19,3,34.5,34.4,2003
Ragalna,rural,087058,4204,2003-08-28,2003-08-31,4,36.8,34.8,2003
Ragalna,rural,087058,4204,2006-05-18,2006-05-23,6,34.0,31.6,2006
Ragalna,rural,087058,4204,2006-06-19,2006-06-22,4,35.7,35.0,2006
Ragalna,rural,087058,4204,2006-06-26,2006-06-29,4,36.5,35.2,2006
Ragalna,rural,087058,4204,2006-08-17,2006-08-20,4,37.4,36.7,2006
Ragalna,rural,087058,4204,2007-06-19,2007-06-25,7,38.2,36.6,2007
Ragalna,rural,087058,4204,2007-07-21,2007-07-24,4,38.7,37.1,2007
Ragalna,rural,087058,4204,2007-08-21,2007-08-23,3,36.2,35.4,2007
Ragalna,rural,087058,4204,2007-08-28,2007-08-30,3,35.7,35.0,2007
Ragalna,rural,087058,4204,2008-09-04,2008-09-08,5,33.9,32.8,2008
Ragalna,rural,087058,4204,2009-05-22,2009-05-26,5,30.5,29.9,2009
Ragalna,rural,087058,4204,2010-06-11,2010-06-13,3,32.7,32.5,2010
Ragalna,rural,087058,4204,2012-08-05,2012-08-07,3,36.8,36.6,2012
Ragalna,rural,087058,4204,2012-09-26,2012-09-29,4,30.4,29.8,2012
Ragalna,rural,087058,4204,2014-09-19,2014-09-21,3,32.6,32.3,2014
Ragalna,rural,087058,4204,2015-05-04,2015-05-06,3,32.0,30.4,2015
Ragalna,rural,087058,4204,2015-09-15,2015-09-18,4,32.4,32.0,2015
Ragalna,rural,087058,4204,2016-05-26,2016-05-28,3,30.8,30.4,2016
Ragalna,rural,087058,4204,2017-08-02,2017-08-06,5,36.4,35.8,2017
Ragalna,rural,087058,4204,2017-08-08,2017-08-10,3,35.2,35.1,2017
Ragalna,rural,087058,4204,2019-06-07,2019-06-12,6,32.6,31.9,2019
Ragalna,rural,087058,4204,2020-05-13,2020-05-16,4,30.6,30.0,2020
Ragalna,rural,087058,4204,2021-06-20,2021-06-25,6,37.4,36.0,2021
Ragalna,rural,087058,4204,2021-06-27,2021-06-29,3,36.9,35.9,2021
Ragalna,rural,087058,4204,2021-07-31,2021-08-04,5,37.2,36.3,2021
Ragalna,rural,087058,4204,2021-08-08,2021-08-11,4,40.2,38.0,2021
Ragalna,rural,087058,4204,2022-05-23,2022-05-25,3,29.4,29.0,2022
Ragalna,rural,087058,4204,2022-06-02,2022-06-06,5,34.8,32.4,2022
Ragalna,rural,087058,4204,2022-06-22,2022-06-28,7,37.4,35.3,2022
Ragalna,rural,087058,4204,2023-07-16,2023-07-19,4,38.6,37.8,2023
Ragalna,rural,087058,4204,2023-07-21,2023-07-24,4,39.6,38.8,2023
Ragalna,rural,087058,4204,2024-06-19,2024-06-21,3,33.2,33.1,2024
Ragalna,rural,087058,4204,2025-06-06,2025-06-08,3,32.8,31.6,2025
Ragalna,rural,087058,4204,2025-07-20,2025-07-24,5,39.2,37.0,2025
Verona,large,023091,255588,1983-07-25,1983-07-31,7,37.4,35.3,1983
Verona,large,023091,255588,1987-06-30,1987-07-02,3,32.5,32.4,1987
Verona,large,023091,255588,1987-09-15,1987-09-18,4,31.9,31.1,1987
Verona,large,023091,255588,1992-07-30,1992-08-02,4,34.4,34.2,1992
Verona,large,023091,255588,1992-08-05,1992-08-08,4,36.2,35.6,1992
Verona,large,023091,255588,1992-08-18,1992-08-20,3,35.2,34.7,1992
Verona,large,023091,255588,1992-08-24,1992-08-28,5,33.5,33.1,1992
Verona,large,023091,255588,1993-06-06,1993-06-08,3,30.7,30.5,1993
Verona,large,023091,255588,1993-08-02,1993-08-05,4,35.7,34.8,1993
Verona,large,023091,255588,1993-08-13,1993-08-17,5,35.4,34.1,1993
Verona,large,023091,255588,1993-08-20,1993-08-22,3,34.6,34.3,1993
Verona,large,023091,255588,1994-06-22,1994-06-25,4,32.6,32.1,1994
Verona,large,023091,255588,1994-06-28,1994-07-04,7,34.9,33.6,1994
Verona,large,023091,255588,1994-08-01,1994-08-06,6,36.4,35.3,1994
Verona,large,023091,255588,1996-06-06,1996-06-12,7,34.4,33.1,1996
Verona,large,023091,255588,1997-05-13,1997-05-16,4,29.0,28.6,1997
Verona,large,023091,255588,1998-06-03,1998-06-05,3,31.8,31.1,1998
Verona,large,023091,255588,1998-07-20,1998-07-24,5,35.2,34.3,1998
Verona,large,023091,255588,1998-08-07,1998-08-16,10,36.4,34.7,1998
Verona,large,023091,255588,1999-07-02,1999-07-04,3,34.2,33.7,1999
Verona,large,023091,255588,2000-06-19,2000-06-21,3,32.1,31.9,2000
Verona,large,023091,255588,2000-08-16,2000-08-24,9,34.0,33.5,2000
Verona,large,023091,255588,2001-07-31,2001-08-02,3,34.5,34.3,2001
Verona,large,023091,255588,2001-08-14,2001-08-16,3,34.1,33.8,2001
Verona,large,023091,255588,2001-08-25,2001-08-28,4,33.9,33.2,2001
Verona,large,023091,255588,2002-06-17,2002-06-23,7,33.7,32.2,2002
Verona,large,023091,255588,2003-05-05,2003-05-08,4,30.1,29.1,2003
Verona,large,023091,255588,2003-06-04,2003-06-15,12,36.5,33.3,2003
Verona,large,023091,255588,2003-06-21,2003-06-25,5,34.0,32.8,2003
Verona,large,023091,255588,2003-07-19,2003-07-22,4,35.8,34.8,2003
Verona,large,023091,255588,2003-08-01,2003-08-13,13,37.8,36.2,2003
Verona,large,023091,255588,2003-08-18,2003-08-23,6,34.6,33.7,2003
Verona,large,023091,255588,2005-05-27,2005-05-29,3,30.3,29.9,2005
Verona,large,023091,255588,2005-06-21,2005-06-28,8,33.2,32.4,2005
Verona,large,023091,255588,2005-07-27,2005-07-29,3,35.0,34.3,2005
Verona,large,023091,255588,2006-06-16,2006-06-27,12,34.7,32.9,2006
Verona,large,023091,255588,2006-07-19,2006-07-24,6,36.3,35.1,2006
Verona,large,023091,255588,2007-05-20,2007-05-24,5,32.1,30.5,2007
Verona,large,023091,255588,2007-07-14,2007-07-20,7,35.6,34.9,2007
Verona,large,023091,255588,2009-05-20,2009-05-25,6,32.4,29.9,2009
Verona,large,023091,255588,2009-06-13,2009-06-15,3,31.8,31.0,2009
Verona,large,023091,255588,2009-08-16,2009-08-20,5,35.5,34.7,2009
Verona,large,023091,255588,2011-05-22,2011-05-25,4,29.9,29.5,2011
Verona,large,023091,255588,2011-08-18,2011-08-25,8,36.3,35.3,2011
Verona,large,023091,255588,2012-06-16,2012-06-21,6,34.1,32.9,2012
Verona,large,023091,255588,2012-06-27,2012-07-01,5,35.9,34.4,2012
Verona,large,023091,255588,2012-08-01,2012-08-04,4,34.8,34.1,2012
Verona,large,023091,255588,2012-08-16,2012-08-24,9,37.2,35.4,2012
Verona,large,023091,255588,2013-08-01,2013-08-06,6,35.9,35.2,2013
Verona,large,023091,255588,2014-06-06,2014-06-12,7,34.7,32.6,2014
Verona,large,023091,255588,2015-06-02,2015-06-07,6,32.4,31.3,2015
Verona,large,023091,255588,2015-07-01,2015-07-07,7,34.9,34.0,2015
Verona,large,023091,255588,2015-07-13,2015-07-23,11,37.3,35.8,2015
Verona,large,023091,255588,2015-08-03,2015-08-13,11,36.6,35.3,2015
Verona,large,023091,255588,2015-08-28,2015-08-31,4,34.3,33.6,2015
Verona,large,023091,255588,2016-09-11,2016-09-13,3,31.2,31.0,2016
Verona,large,023091,255588,2017-05-27,2017-06-02,7,31.5,31.1,2017
Verona,large,023091,255588,2017-06-10,2017-06-13,4,33.0,31.7,2017
Verona,large,023091,255588,2017-06-18,2017-06-23,6,35.0,34.3,2017
Verona,large,023091,255588,2017-07-05,2017-07-08,4,35.0,34.6,2017
Verona,large,023091,255588,2017-07-30,2017-08-05,7,38.1,36.5,2017
Verona,large,023091,255588,2019-06-24,2019-06-27,4,34.8,33.2,2019
Verona,large,023091,255588,2019-06-29,2019-07-01,3,33.7,33.1,2019
Verona,large,023091,255588,2019-07-21,2019-07-25,5,36.0,34.8,2019
Verona,large,023091,255588,2020-06-26,2020-06-28,3,32.5,32.1,2020
Verona,large,023091,255588,2020-09-12,2020-09-14,3,31.0,30.4,2020
Verona,large,023091,255588,2021-06-18,2021-06-20,3,31.6,31.4,2021
Verona,large,023091,255588,2021-08-13,2021-08-15,3,34.4,34.0,2021
Verona,large,023091,255588,2022-05-14,2022-05-16,3,30.0,29.1,2022
Verona,large,023091,255588,2022-05-18,2022-05-23,6,30.3,29.6,2022
Verona,large,023091,255588,2022-06-10,2022-06-20,11,34.2,32.1,2022
Verona,large,023091,255588,2022-06-25,2022-06-27,3,34.0,33.4,2022
Verona,large,023091,255588,2022-06-30,2022-07-04,5,36.0,34.0,2022
Verona,large,023091,255588,2022-07-14,2022-07-16,3,36.4,34.8,2022
Verona,large,023091,255588,2022-07-18,2022-07-25,8,37.5,36.3,2022
Verona,large,023091,255588,2022-08-02,2022-08-05,4,36.1,34.7,2022
Verona,large,023091,255588,2023-07-15,2023-07-17,3,36.2,34.8,2023
Verona,large,023091,255588,2023-08-18,2023-08-25,8,36.4,35.3,2023
Verona,large,023091,255588,2024-08-10,2024-08-12,3,34.0,33.8,2024
Verona,large,023091,255588,2024-08-28,2024-08-31,4,33.3,33.0,2024
Verona,large,023091,255588,2025-06-10,2025-06-14,5,33.6,32.2,2025
Verona,large,023091,255588,2025-06-22,2025-07-03,12,35.2,33.8,2025
Verona,large,023091,255588,2025-08-08,2025-08-16,9,36.8,35.4,2025
San Giovanni Lupatoto,medium,023071,25341,1983-07-25,1983-07-31,7,37.5,35.4,1983
San Giovanni Lupatoto,medium,023071,25341,1987-06-30,1987-07-02,3,32.6,32.5,1987
San Giovanni Lupatoto,medium,023071,25341,1987-09-15,1987-09-18,4,32.1,31.2,1987
San Giovanni Lupatoto,medium,023071,25341,1992-07-30,1992-08-02,4,34.6,34.4,1992
San Giovanni Lupatoto,medium,023071,25341,1992-08-05,1992-08-08,4,36.3,35.7,1992
San Giovanni Lupatoto,medium,023071,25341,1992-08-18,1992-08-20,3,35.4,34.8,1992
San Giovanni Lupatoto,medium,023071,25341,1992-08-24,1992-08-28,5,33.6,33.2,1992
San Giovanni Lupatoto,medium,023071,25341,1993-06-06,1993-06-08,3,30.8,30.6,1993
San Giovanni Lupatoto,medium,023071,25341,1993-08-02,1993-08-05,4,35.8,34.9,1993
San Giovanni Lupatoto,medium,023071,25341,1993-08-13,1993-08-17,5,35.6,34.2,1993
San Giovanni Lupatoto,medium,023071,25341,1993-08-20,1993-08-22,3,34.7,34.4,1993
San Giovanni Lupatoto,medium,023071,25341,1994-06-22,1994-06-25,4,32.8,32.2,1994
San Giovanni Lupatoto,medium,023071,25341,1994-06-28,1994-07-04,7,35.1,33.7,1994
San Giovanni Lupatoto,medium,023071,25341,1994-08-01,1994-08-06,6,36.6,35.4,1994
San Giovanni Lupatoto,medium,023071,25341,1996-06-06,1996-06-12,7,34.6,33.2,1996
San Giovanni Lupatoto,medium,023071,25341,1997-05-13,1997-05-16,4,29.2,28.7,1997
San Giovanni Lupatoto,medium,023071,25341,1998-06-03,1998-06-05,3,32.0,31.2,1998
San Giovanni Lupatoto,medium,023071,25341,1998-07-20,1998-07-24,5,35.4,34.4,1998
San Giovanni Lupatoto,medium,023071,25341,1998-08-07,1998-08-16,10,36.6,34.8,1998
San Giovanni Lupatoto,medium,023071,25341,1999-07-02,1999-07-04,3,34.4,33.8,1999
San Giovanni Lupatoto,medium,023071,25341,2000-06-19,2000-06-21,3,32.3,32.0,2000
San Giovanni Lupatoto,medium,023071,25341,2000-08-16,2000-08-24,9,34.2,33.6,2000
San Giovanni Lupatoto,medium,023071,25341,2001-07-31,2001-08-02,3,34.7,34.4,2001
San Giovanni Lupatoto,medium,023071,25341,2001-08-14,2001-08-16,3,34.2,33.9,2001
San Giovanni Lupatoto,medium,023071,25341,2001-08-25,2001-08-28,4,34.0,33.3,2001
San Giovanni Lupatoto,medium,023071,25341,2002-06-17,2002-06-23,7,33.9,32.3,2002
San Giovanni Lupatoto,medium,023071,25341,2003-05-05,2003-05-08,4,30.2,29.3,2003
San Giovanni Lupatoto,medium,023071,25341,2003-06-04,2003-06-15,12,36.7,33.4,2003
San Giovanni Lupatoto,medium,023071,25341,2003-06-21,2003-06-25,5,34.1,33.0,2003
San Giovanni Lupatoto,medium,023071,25341,2003-07-19,2003-07-22,4,36.0,34.9,2003
San Giovanni Lupatoto,medium,023071,25341,2003-08-01,2003-08-13,13,38.0,36.3,2003
San Giovanni Lupatoto,medium,023071,25341,2003-08-18,2003-08-23,6,34.7,33.8,2003
San Giovanni Lupatoto,medium,023071,25341,2005-05-27,2005-05-29,3,30.5,30.0,2005
San Giovanni Lupatoto,medium,023071,25341,2005-06-21,2005-06-28,8,33.3,32.5,2005
San Giovanni Lupatoto,medium,023071,25341,2005-07-27,2005-07-29,3,35.1,34.4,2005
San Giovanni Lupatoto,medium,023071,25341,2006-06-16,2006-06-27,12,34.8,33.0,2006
San Giovanni Lupatoto,medium,023071,25341,2006-07-19,2006-07-24,6,36.4,35.2,2006
San Giovanni Lupatoto,medium,023071,25341,2007-05-20,2007-05-24,5,32.3,30.6,2007
San Giovanni Lupatoto,medium,023071,25341,2007-07-14,2007-07-20,7,35.8,35.0,2007
San Giovanni Lupatoto,medium,023071,25341,2009-05-20,2009-05-25,6,32.5,30.0,2009
San Giovanni Lupatoto,medium,023071,25341,2009-06-13,2009-06-15,3,31.9,31.1,2009
San Giovanni Lupatoto,medium,023071,25341,2009-08-16,2009-08-20,5,35.6,34.8,2009
San Giovanni Lupatoto,medium,023071,25341,2011-05-22,2011-05-25,4,30.0,29.6,2011
San Giovanni Lupatoto,medium,023071,25341,2011-08-18,2011-08-25,8,36.4,35.4,2011
San Giovanni Lupatoto,medium,023071,25341,2012-06-16,2012-06-21,6,34.2,33.0,2012
San Giovanni Lupatoto,medium,023071,25341,2012-06-27,2012-07-01,5,36.0,34.5,2012
San Giovanni Lupatoto,medium,023071,25341,2012-08-01,2012-08-04,4,35.0,34.2,2012
San Giovanni Lupatoto,medium,023071,25341,2012-08-16,2012-08-24,9,37.4,35.5,2012
San Giovanni Lupatoto,medium,023071,25341,2013-08-01,2013-08-06,6,36.0,35.3,2013
San Giovanni Lupatoto,medium,023071,25341,2014-06-06,2014-06-12,7,34.9,32.7,2014
San Giovanni Lupatoto,medium,023071,25341,2015-06-02,2015-06-07,6,32.5,31.4,2015
San Giovanni Lupatoto,medium,023071,25341,2015-07-01,2015-07-07,7,35.1,34.1,2015
San Giovanni Lupatoto,medium,023071,25341,2015-07-13,2015-07-23,11,37.5,36.0,2015
San Giovanni Lupatoto,medium,023071,25341,2015-08-03,2015-08-13,11,36.8,35.4,2015
San Giovanni Lupatoto,medium,023071,25341,2015-08-28,2015-08-31,4,34.5,33.7,2015
San Giovanni Lupatoto,medium,023071,25341,2016-09-11,2016-09-13,3,31.3,31.1,2016
San Giovanni Lupatoto,medium,023071,25341,2017-05-26,2017-06-02,8,32.2,31.3,2017
San Giovanni Lupatoto,medium,023071,25341,2017-06-10,2017-06-16,7,33.4,32.2,2017
San Giovanni Lupatoto,medium,023071,25341,2017-06-18,2017-06-23,6,36.0,35.1,2017
San Giovanni Lupatoto,medium,023071,25341,2017-07-05,2017-07-08,4,35.4,34.9,2017
San Giovanni Lupatoto,medium,023071,25341,2017-07-17,2017-07-19,3,34.2,34.1,2017
San Giovanni Lupatoto,medium,023071,25341,2017-07-30,2017-08-05,7,38.6,37.0,2017
San Giovanni Lupatoto,medium,023071,25341,2017-08-25,2017-08-27,3,35.2,33.9,2017
San Giovanni Lupatoto,medium,023071,25341,2018-08-19,2018-08-21,3,33.4,33.1,2018
San Giovanni Lupatoto,medium,023071,25341,2019-06-24,2019-07-01,8,36.2,33.9,2019
San Giovanni Lupatoto,medium,023071,25341,2019-07-21,2019-07-25,5,36.5,35.4,2019
San Giovanni Lupatoto,medium,023071,25341,2019-08-29,2019-08-31,3,32.6,32.2,2019
San Giovanni Lupatoto,medium,023071,25341,2020-06-26,2020-06-28,3,33.6,33.2,2020
San Giovanni Lupatoto,medium,023071,25341,2020-09-12,2020-09-14,3,31.4,31.0,2020
San Giovanni Lupatoto,medium,023071,25341,2021-06-18,2021-06-23,6,32.4,32.0,2021
San Giovanni Lupatoto,medium,023071,25341,2021-06-26,2021-06-28,3,34.0,33.3,2021
San Giovanni Lupatoto,medium,023071,25341,2021-08-11,2021-08-15,5,34.8,34.2,2021
San Giovanni Lupatoto,medium,023071,25341,2022-05-11,2022-05-16,6,30.8,29.1,2022
San Giovanni Lupatoto,medium,023071,25341,2022-05-18,2022-05-23,6,31.2,30.1,2022
San Giovanni Lupatoto,medium,023071,25341,2022-06-03,2022-06-05,3,32.0,31.3,2022
San Giovanni Lupatoto,medium,023071,25341,2022-06-10,2022-06-20,11,34.7,32.6,2022
San Giovanni Lupatoto,medium,023071,25341,2022-06-25,2022-06-27,3,35.0,34.2,2022
San Giovanni Lupatoto,medium,023071,25341,2022-06-29,2022-07-05,7,36.5,34.3,2022
San Giovanni Lupatoto,medium,023071,25341,2022-07-13,2022-07-25,13,38.2,36.1,2022
San Giovanni Lupatoto,medium,023071,25341,2022-08-02,2022-08-05,4,36.4,35.0,2022
San Giovanni Lupatoto,medium,023071,25341,2023-06-19,2023-06-21,3,33.0,32.5,2023
San Giovanni Lupatoto,medium,023071,25341,2023-07-08,2023-07-11,4,35.9,34.3,2023
San Giovanni Lupatoto,medium,023071,25341,2023-07-15,2023-07-18,4,37.0,35.3,2023
San Giovanni Lupatoto,medium,023071,25341,2023-08-12,2023-08-15,4,34.0,33.9,2023
San Giovanni Lupatoto,medium,023071,25341,2023-08-17,2023-08-25,9,38.0,36.3,2023
San Giovanni Lupatoto,medium,023071,25341,2024-08-09,2024-08-13,5,35.0,34.3,2024
San Giovanni Lupatoto,medium,023071,25341,2024-08-27,2024-09-02,7,34.0,33.1,2024
San Giovanni Lupatoto,medium,023071,25341,2025-06-09,2025-06-14,6,35.2,33.3,2025
San Giovanni Lupatoto,medium,023071,25341,2025-06-17,2025-06-19,3,34.5,33.2,2025
San Giovanni Lupatoto,medium,023071,25341,2025-06-21,2025-07-03,13,36.7,34.9,2025
San Giovanni Lupatoto,medium,023071,25341,2025-08-08,2025-08-16,9,37.2,35.6,2025
San Martino Buon Albergo,small,023073,16233,1983-07-25,1983-07-31,7,37.1,35.1,1983
San Martino Buon Albergo,small,023073,16233,1987-06-30,1987-07-02,3,32.5,32.4,1987
San Martino Buon Albergo,small,023073,16233,1987-09-15,1987-09-18,4,31.8,31.0,1987
San Martino Buon Albergo,small,023073,16233,1992-07-30,1992-08-02,4,34.4,34.2,1992
San Martino Buon Albergo,small,023073,16233,1992-08-05,1992-08-08,4,36.0,35.4,1992
San Martino Buon Albergo,small,023073,16233,1992-08-18,1992-08-20,3,34.9,34.4,1992
San Martino Buon Albergo,small,023073,16233,1992-08-24,1992-08-28,5,33.3,32.9,1992
San Martino Buon Albergo,small,023073,16233,1993-06-06,1993-06-08,3,30.6,30.4,1993
San Martino Buon Albergo,small,023073,16233,1993-08-02,1993-08-05,4,35.4,34.5,1993
San Martino Buon Albergo,small,023073,16233,1993-08-13,1993-08-17,5,35.2,33.9,1993
San Martino Buon Albergo,small,023073,16233,1993-08-20,1993-08-22,3,34.3,34.1,1993
San Martino Buon Albergo,small,023073,16233,1994-06-22,1994-06-25,4,32.7,32.1,1994
San Martino Buon Albergo,small,023073,16233,1994-06-28,1994-07-04,7,34.9,33.6,1994
San Martino Buon Albergo,small,023073,16233,1994-08-01,1994-08-06,6,36.4,35.2,1994
San Martino Buon Albergo,small,023073,16233,1996-06-06,1996-06-12,7,34.4,32.9,1996
San Martino Buon Albergo,small,023073,16233,1997-05-13,1997-05-16,4,29.1,28.5,1997
San Martino Buon Albergo,small,023073,16233,1998-06-03,1998-06-05,3,31.5,30.9,1998
San Martino Buon Albergo,small,023073,16233,1998-07-20,1998-07-23,4,35.2,34.4,1998
San Martino Buon Albergo,small,023073,16233,1998-08-07,1998-08-12,6,36.3,35.5,1998
San Martino Buon Albergo,small,023073,16233,1998-08-14,1998-08-16,3,33.5,33.2,1998
San Martino Buon Albergo,small,023073,16233,1999-07-02,1999-07-04,3,34.2,33.8,1999
San Martino Buon Albergo,small,023073,16233,2000-06-19,2000-06-21,3,31.9,31.7,2000
San Martino Buon Albergo,small,023073,16233,2000-08-17,2000-08-24,8,33.8,33.4,2000
San Martino Buon Albergo,small,023073,16233,2001-07-31,2001-08-02,3,34.5,34.2,2001
San Martino Buon Albergo,small,023073,16233,2001-08-14,2001-08-16,3,34.1,33.8,2001
San Martino Buon Albergo,small,023073,16233,2001-08-25,2001-08-28,4,33.9,33.2,2001
San Martino Buon Albergo,small,023073,16233,2002-06-15,2002-06-23,9,33.9,32.1,2002
San Martino Buon Albergo,small,023073,16233,2003-05-06,2003-05-08,3,30.1,29.5,2003
San Martino Buon Albergo,small,023073,16233,2003-05-27,2003-05-30,4,30.5,29.7,2003
San Martino Buon Albergo,small,023073,16233,2003-06-04,2003-06-15,12,36.4,33.3,2003
San Martino Buon Albergo,small,023073,16233,2003-06-21,2003-06-24,4,33.8,33.0,2003
San Martino Buon Albergo,small,023073,16233,2003-07-19,2003-07-22,4,35.7,34.6,2003
San Martino Buon Albergo,small,023073,16233,2003-07-25,2003-07-27,3,34.7,34.0,2003
San Martino Buon Albergo,small,023073,16233,2003-08-01,2003-08-14,14,37.8,35.9,2003
San Martino Buon Albergo,small,023073,16233,2003-08-18,2003-08-23,6,34.7,33.8,2003
San Martino Buon Albergo,small,023073,16233,2004-06-08,2004-06-10,3,31.9,30.9,2004
San Martino Buon Albergo,small,023073,16233,2005-05-27,2005-05-29,3,30.7,30.2,2005
San Martino Buon Albergo,small,023073,16233,2005-06-21,2005-06-28,8,33.0,32.4,2005
San Martino Buon Albergo,small,023073,16233,2005-07-27,2005-07-29,3,35.3,34.5,2005
San Martino Buon Albergo,small,023073,16233,2006-06-16,2006-06-27,12,34.9,33.0,2006
San Martino Buon Albergo,small,023073,16233,2006-07-18,2006-07-24,7,36.3,34.8,2006
San Martino Buon Albergo,small,023073,16233,2007-05-20,2007-05-24,5,32.0,30.5,2007
San Martino Buon Albergo,small,023073,16233,2007-07-14,2007-07-20,7,35.6,34.8,2007
San Martino Buon Albergo,small,023073,16233,2009-05-20,2009-05-25,6,32.4,29.9,2009
San Martino Buon Albergo,small,023073,16233,2009-06-13,2009-06-15,3,31.7,31.0,2009
San Martino Buon Albergo,small,023073,16233,2009-08-16,2009-08-20,5,35.1,34.4,2009
San Martino Buon Albergo,small,023073,16233,2011-05-22,2011-05-25,4,29.7,29.4,2011
San Martino Buon Albergo,small,023073,16233,2011-08-18,2011-08-25,8,36.2,35.1,2011
San Martino Buon Albergo,small,023073,16233,2012-06-16,2012-06-21,6,34.2,33.0,2012
San Martino Buon Albergo,small,023073,16233,2012-06-27,2012-07-01,5,36.0,34.5,2012
San Martino Buon Albergo,small,023073,16233,2012-08-01,2012-08-04,4,34.8,34.1,2012
San Martino Buon Albergo,small,023073,16233,2012-08-16,2012-08-24,9,37.2,35.3,2012
San Martino Buon Albergo,small,023073,16233,2013-08-01,2013-08-06,6,35.5,34.9,2013
San Martino Buon Albergo,small,023073,16233,2014-06-07,2014-06-12,6,34.4,32.8,2014
San Martino Buon Albergo,small,023073,16233,2015-06-02,2015-06-07,6,32.2,31.1,2015
San Martino Buon Albergo,small,023073,16233,2015-07-01,2015-07-07,7,35.0,33.9,2015
San Martino Buon Albergo,small,023073,16233,2015-07-13,2015-07-23,11,37.3,35.7,2015
San Martino Buon Albergo,small,023073,16233,2015-08-03,2015-08-13,11,36.4,35.2,2015
San Martino Buon Albergo,small,023073,16233,2015-08-28,2015-08-31,4,34.3,33.5,2015
San Martino Buon Albergo,small,023073,16233,2016-09-11,2016-09-13,3,31.2,30.9,2016
San Martino Buon Albergo,small,023073,16233,2017-05-27,2017-06-02,7,31.8,31.2,2017
San Martino Buon Albergo,small,023073,16233,2017-06-10,2017-06-13,4,33.2,32.2,2017
San Martino Buon Albergo,small,023073,16233,2017-06-18,2017-06-23,6,35.8,35.0,2017
San Martino Buon Albergo,small,023073,16233,2017-07-04,2017-07-08,5,36.1,35.0,2017
San Martino Buon Albergo,small,023073,16233,2017-07-17,2017-07-19,3,35.0,34.3,2017
San Martino Buon Albergo,small,023073,16233,2017-07-30,2017-08-05,7,39.2,37.7,2017
San Martino Buon Albergo,small,023073,16233,2017-08-25,2017-08-27,3,35.2,33.9,2017
San Martino Buon Albergo,small,023073,16233,2018-08-18,2018-08-22,5,33.4,33.0,2018
San Martino Buon Albergo,small,023073,16233,2019-06-24,2019-07-01,8,36.2,33.9,2019
San Martino Buon Albergo,small,023073,16233,2019-07-20,2019-07-25,6,36.6,35.2,2019
San Martino Buon Albergo,small,023073,16233,2019-08-29,2019-08-31,3,32.6,32.2,2019
San Martino Buon Albergo,small,023073,16233,2020-06-26,2020-06-28,3,33.4,33.1,2020
San Martino Buon Albergo,small,023073,16233,2020-07-29,2020-07-31,3,35.8,35.0,2020
San Martino Buon Albergo,small,023073,16233,2020-09-12,2020-09-16,5,31.9,30.8,2020
San Martino Buon Albergo,small,023073,16233,2021-06-18,2021-06-21,4,32.2,31.8,2021
San Martino Buon Albergo,small,023073,16233,2021-06-26,2021-06-28,3,33.3,32.7,2021
San Martino Buon Albergo,small,023073,16233,2021-08-11,2021-08-15,5,34.9,34.2,2021
San Martino Buon Albergo,small,023073,16233,2022-05-14,2022-05-16,3,30.0,29.2,2022
San Martino Buon Albergo,small,023073,16233,2022-05-19,2022-05-24,6,30.6,29.8,2022
San Martino Buon Albergo,small,023073,16233,2022-06-03,2022-06-05,3,31.9,31.2,2022
San Martino Buon Albergo,small,023073,16233,2022-06-09,2022-06-20,12,34.8,32.1,2022
San Martino Buon Albergo,small,023073,16233,2022-06-22,2022-06-27,6,34.7,33.0,2022
San Martino Buon Albergo,small,023073,16233,2022-06-29,2022-07-05,7,35.8,33.8,2022
San Martino Buon Albergo,small,023073,16233,2022-07-13,2022-07-25,13,37.7,35.6,2022
San Martino Buon Albergo,small,023073,16233,2022-08-02,2022-08-05,4,36.4,35.1,2022
San Martino Buon Albergo,small,023073,16233,2023-06-19,2023-06-21,3,32.8,32.3,2023
San Martino Buon Albergo,small,023073,16233,2023-07-08,2023-07-11,4,35.5,34.1,2023
San Martino Buon Albergo,small,023073,16233,2023-07-14,2023-07-18,5,36.6,35.1,2023
San Martino Buon Albergo,small,023073,16233,2023-08-13,2023-08-15,3,33.6,33.4,2023
San Martino Buon Albergo,small,023073,16233,2023-08-18,2023-08-25,8,37.0,36.0,2023
San Martino Buon Albergo,small,023073,16233,2024-08-09,2024-08-13,5,35.0,34.1,2024
San Martino Buon Albergo,small,023073,16233,2024-08-27,2024-09-02,7,34.0,33.2,2024
San Martino Buon Albergo,small,023073,16233,2025-06-10,2025-06-14,5,34.0,32.5,2025
San Martino Buon Albergo,small,023073,16233,2025-06-21,2025-07-03,13,35.8,34.0,2025
San Martino Buon Albergo,small,023073,16233,2025-08-08,2025-08-16,9,36.8,35.8,2025
Pastrengo,rural,023057,3062,1983-07-25,1983-07-31,7,36.1,34.0,1983
Pastrengo,rural,023057,3062,1987-06-30,1987-07-02,3,31.0,30.8,1987
Pastrengo,rural,023057,3062,1987-09-15,1987-09-18,4,30.6,29.7,1987
Pastrengo,rural,023057,3062,1992-07-31,1992-08-02,3,32.4,32.2,1992
Pastrengo,rural,023057,3062,1992-08-05,1992-08-08,4,34.4,33.7,1992
Pastrengo,rural,023057,3062,1992-08-18,1992-08-20,3,33.9,33.1,1992
Pastrengo,rural,023057,3062,1992-08-24,1992-08-28,5,31.7,31.1,1992
Pastrengo,rural,023057,3062,1993-06-06,1993-06-08,3,29.4,29.2,1993
Pastrengo,rural,023057,3062,1993-08-02,1993-08-05,4,33.4,32.6,1993
Pastrengo,rural,023057,3062,1993-08-13,1993-08-17,5,33.4,32.2,1993
Pastrengo,rural,023057,3062,1993-08-20,1993-08-22,3,32.4,32.1,1993
Pastrengo,rural,023057,3062,1994-06-22,1994-06-24,3,31.1,30.8,1994
Pastrengo,rural,023057,3062,1994-06-28,1994-07-04,7,33.4,32.0,1994
Pastrengo,rural,023057,3062,1994-08-02,1994-08-06,5,34.7,33.8,1994
Pastrengo,rural,023057,3062,1996-06-06,1996-06-12,7,33.2,31.8,1996
Pastrengo,rural,023057,3062,1998-06-03,1998-06-05,3,30.8,29.7,1998
Pastrengo,rural,023057,3062,1998-07-20,1998-07-23,4,33.4,32.9,1998
Pastrengo,rural,023057,3062,1998-08-08,1998-08-16,9,34.5,32.8,1998
Pastrengo,rural,023057,3062,1999-07-02,1999-07-04,3,32.5,31.8,1999
Pastrengo,rural,023057,3062,2000-06-19,2000-06-21,3,30.7,30.4,2000
Pastrengo,rural,023057,3062,2000-08-16,2000-08-24,9,32.6,32.0,2000
Pastrengo,rural,023057,3062,2001-08-14,2001-08-16,3,32.1,31.8,2001
Pastrengo,rural,023057,3062,2001-08-25,2001-08-28,4,32.2,31.3,2001
Pastrengo,rural,023057,3062,2002-06-15,2002-06-23,9,32.3,30.8,2002
Pastrengo,rural,023057,3062,2003-06-07,2003-06-15,9,34.9,32.4,2003
Pastrengo,rural,023057,3062,2003-06-19,2003-06-25,7,32.4,31.1,2003
Pastrengo,rural,023057,3062,2003-07-19,2003-07-22,4,33.7,32.8,2003
Pastrengo,rural,023057,3062,2003-08-01,2003-08-13,13,36.3,34.3,2003
Pastrengo,rural,023057,3062,2003-08-18,2003-08-23,6,33.0,32.0,2003
Pastrengo,rural,023057,3062,2004-06-08,2004-06-10,3,30.9,29.9,2004
Pastrengo,rural,023057,3062,2005-05-27,2005-05-29,3,29.2,28.6,2005
Pastrengo,rural,023057,3062,2005-06-21,2005-06-23,3,31.8,30.7,2005
Pastrengo,rural,023057,3062,2005-06-25,2005-06-28,4,31.2,31.0,2005
Pastrengo,rural,023057,3062,2005-07-27,2005-07-29,3,33.4,32.6,2005
Pastrengo,rural,023057,3062,2006-06-19,2006-06-27,9,32.7,31.5,2006
Pastrengo,rural,023057,3062,2006-07-19,2006-07-24,6,34.9,33.5,2006
Pastrengo,rural,023057,3062,2007-05-20,2007-05-24,5,30.8,29.1,2007
Pastrengo,rural,023057,3062,2007-07-14,2007-07-20,7,34.0,33.2,2007
Pastrengo,rural,023057,3062,2009-05-23,2009-05-25,3,31.6,30.5,2009
Pastrengo,rural,023057,3062,2009-08-16,2009-08-20,5,33.5,33.0,2009
Pastrengo,rural,023057,3062,2010-07-14,2010-07-16,3,31.8,31.8,2010
Pastrengo,rural,023057,3062,2011-05-22,2011-05-25,4,28.2,28.1,2011
Pastrengo,rural,023057,3062,2011-08-18,2011-08-25,8,34.5,33.4,2011
Pastrengo,rural,023057,3062,2012-06-16,2012-06-21,6,32.3,31.1,2012
Pastrengo,rural,023057,3062,2012-06-28,2012-07-01,4,33.7,32.4,2012
Pastrengo,rural,023057,3062,2012-08-17,2012-08-24,8,35.0,33.4,2012
Pastrengo,rural,023057,3062,2013-06-17,2013-06-19,3,30.5,30.1,2013
Pastrengo,rural,023057,3062,2013-08-01,2013-08-06,6,34.4,33.8,2013
Pastrengo,rural,023057,3062,2014-06-06,2014-06-12,7,33.6,31.6,2014
Pastrengo,rural,023057,3062,2015-06-02,2015-06-07,6,31.4,30.3,2015
Pastrengo,rural,023057,3062,2015-07-01,2015-07-06,6,33.2,32.4,2015
Pastrengo,rural,023057,3062,2015-07-13,2015-07-23,11,35.7,33.9,2015
Pastrengo,rural,023057,3062,2015-08-03,2015-08-13,11,35.0,33.4,2015
Pastrengo,rural,023057,3062,2015-08-28,2015-08-31,4,32.5,31.7,2015
Pastrengo,rural,023057,3062,2016-06-22,2016-06-24,3,30.9,30.4,2016
Pastrengo,rural,023057,3062,2016-09-08,2016-09-13,6,30.0,29.5,2016
Pastrengo,rural,023057,3062,2017-05-27,2017-05-31,5,29.8,29.2,2017
Pastrengo,rural,023057,3062,2017-06-09,2017-06-16,8,32.4,30.6,2017
Pastrengo,rural,023057,3062,2017-06-18,2017-06-23,6,33.8,32.4,2017
Pastrengo,rural,023057,3062,2017-07-06,2017-07-08,3,32.4,32.4,2017
Pastrengo,rural,023057,3062,2017-07-31,2017-08-04,5,36.1,35.0,2017
Pastrengo,rural,023057,3062,2017-08-25,2017-08-27,3,33.2,32.0,2017
Pastrengo,rural,023057,3062,2019-06-24,2019-06-27,4,33.5,32.0,2019
Pastrengo,rural,023057,3062,2019-06-29,2019-07-01,3,31.4,31.0,2019
Pastrengo,rural,023057,3062,2019-07-22,2019-07-25,4,33.6,32.7,2019
Pastrengo,rural,023057,3062,2022-06-03,2022-06-05,3,30.4,29.3,2022
Pastrengo,rural,023057,3062,2022-06-10,2022-06-12,3,30.2,29.8,2022
Pastrengo,rural,023057,3062,2022-06-14,2022-06-20,7,32.8,31.4,2022
Pastrengo,rural,023057,3062,2022-06-29,2022-07-03,5,33.2,31.8,2022
Pastrengo,rural,023057,3062,2022-07-14,2022-07-16,3,35.0,33.1,2022
Pastrengo,rural,023057,3062,2022-07-18,2022-07-25,8,35.7,34.3,2022
Pastrengo,rural,023057,3062,2022-08-03,2022-08-05,3,34.2,33.9,2022
Pastrengo,rural,023057,3062,2023-06-20,2023-06-22,3,31.1,30.4,2023
Pastrengo,rural,023057,3062,2023-08-19,2023-08-25,7,34.1,32.6,2023
Pastrengo,rural,023057,3062,2024-08-09,2024-08-13,5,33.0,32.2,2024
Pastrengo,rural,023057,3062,2024-08-28,2024-08-31,4,32.3,31.7,2024
Pastrengo,rural,023057,3062,2025-06-10,2025-06-14,5,32.2,31.3,2025
Pastrengo,rural,023057,3062,2025-06-21,2025-07-03,13,33.8,32.3,2025
Pastrengo,rural,023057,3062,2025-08-08,2025-08-15,8,34.8,33.6,2025
Venezia,large,027042,250369,1983-07-17,1983-07-19,3,31.1,30.9,1983
Venezia,large,027042,250369,1983-07-25,1983-07-31,7,33.2,31.9,1983
Venezia,large,027042,250369,1985-08-13,1985-08-15,3,31.4,31.2,1985
Venezia,large,027042,250369,1987-09-15,1987-09-17,3,28.4,28.3,1987
Venezia,large,027042,250369,1988-08-13,1988-08-16,4,30.9,30.7,1988
Venezia,large,027042,250369,1992-08-05,1992-08-07,3,32.1,31.7,1992
Venezia,large,027042,250369,1992-08-18,1992-08-20,3,30.9,30.6,1992
Venezia,large,027042,250369,1993-08-02,1993-08-04,3,31.4,31.3,1993
Venezia,large,027042,250369,1993-08-13,1993-08-16,4,31.8,31.1,1993
Venezia,large,027042,250369,1993-08-19,1993-08-23,5,30.9,30.4,1993
Venezia,large,027042,250369,1994-07-02,1994-07-04,3,30.3,30.0,1994
Venezia,large,027042,250369,1994-07-22,1994-08-06,16,32.6,31.3,1994
Venezia,large,027042,250369,1994-08-08,1994-08-10,3,31.9,31.1,1994
Venezia,large,027042,250369,1996-06-07,1996-06-12,6,30.9,29.5,1996
Venezia,large,027042,250369,1998-07-21,1998-07-24,4,32.0,31.3,1998
Venezia,large,027042,250369,1998-08-01,1998-08-03,3,31.9,31.5,1998
Venezia,large,027042,250369,1998-08-07,1998-08-12,6,32.4,31.8,1998
Venezia,large,027042,250369,1998-08-14,1998-08-17,4,31.4,30.8,1998
Venezia,large,027042,250369,2000-06-20,2000-06-22,3,30.5,29.9,2000
Venezia,large,027042,250369,2000-08-13,2000-08-24,12,31.9,31.2,2000
Venezia,large,027042,250369,2001-08-25,2001-08-28,4,30.8,30.3,2001
Venezia,large,027042,250369,2002-06-16,2002-06-23,8,31.4,29.9,2002
Venezia,large,027042,250369,2003-06-06,2003-06-16,11,32.6,30.8,2003
Venezia,large,027042,250369,2003-06-22,2003-06-25,4,30.9,30.3,2003
Venezia,large,027042,250369,2003-07-20,2003-07-22,3,32.0,31.6,2003
Venezia,large,027042,250369,2003-07-25,2003-07-27,3,31.4,31.1,2003
Venezia,large,027042,250369,2003-08-01,2003-08-13,13,33.7,32.8,2003
Venezia,large,027042,250369,2003-08-16,2003-08-23,8,31.9,31.1,2003
Venezia,large,027042,250369,2005-06-24,2005-06-28,5,29.6,29.5,2005
Venezia,large,027042,250369,2006-06-22,2006-06-27,6,30.9,29.8,2006
Venezia,large,027042,250369,2006-07-09,2006-07-13,5,31.1,30.9,2006
Venezia,large,027042,250369,2006-07-18,2006-07-27,10,33.5,32.4,2006
Venezia,large,027042,250369,2007-07-18,2007-07-21,4,32.0,31.3,2007
Venezia,large,027042,250369,2008-06-23,2008-06-26,4,29.8,29.5,2008
Venezia,large,027042,250369,2009-08-16,2009-08-20,5,31.0,30.7,2009
Venezia,large,027042,250369,2010-07-14,2010-07-16,3,32.4,31.6,2010
Venezia,large,027042,250369,2011-08-17,2011-08-26,10,32.8,31.7,2011
Venezia,large,027042,250369,2012-06-17,2012-06-21,5,29.9,29.3,2012
Venezia,large,027042,250369,2012-06-29,2012-07-01,3,31.2,30.7,2012
Venezia,large,027042,250369,2012-08-16,2012-08-24,9,32.6,31.7,2012
Venezia,large,027042,250369,2013-06-17,2013-06-19,3,29.6,29.3,2013
Venezia,large,027042,250369,2013-07-25,2013-07-27,3,31.6,31.2,2013
Venezia,large,027042,250369,2013-08-01,2013-08-08,8,32.5,31.9,2013
Venezia,large,027042,250369,2014-06-07,2014-06-12,6,31.5,30.1,2014
Venezia,large,027042,250369,2015-06-03,2015-06-07,5,29.7,28.9,2015
Venezia,large,027042,250369,2015-07-02,2015-07-07,6,31.3,30.5,2015
Venezia,large,027042,250369,2015-07-15,2015-07-24,10,34.1,32.3,2015
Venezia,large,027042,250369,2015-08-04,2015-08-13,10,33.4,32.6,2015
Venezia,large,027042,250369,2016-06-22,2016-06-24,3,30.9,30.2,2016
Venezia,large,027042,250369,2016-09-08,2016-09-12,5,29.5,28.9,2016
Venezia,large,027042,250369,2017-06-20,2017-06-23,4,29.5,29.3,2017
Venezia,large,027042,250369,2017-07-31,2017-08-05,6,33.9,32.7,2017
Venezia,large,027042,250369,2018-07-28,2018-08-06,10,34.1,32.2,2018
Venezia,large,027042,250369,2018-08-17,2018-08-22,6,32.8,32.1,2018
Venezia,large,027042,250369,2019-06-24,2019-06-27,4,32.5,31.1,2019
Venezia,large,027042,250369,2019-07-23,2019-07-25,3,31.8,31.3,2019
Venezia,large,027042,250369,2019-08-29,2019-08-31,3,30.9,30.6,2019
Venezia,large,027042,250369,2020-07-29,2020-07-31,3,32.0,31.8,2020
Venezia,large,027042,250369,2020-09-11,2020-09-16,6,30.1,29.2,2020
Venezia,large,027042,250369,2021-08-10,2021-08-15,6,32.4,31.7,2021
Venezia,large,027042,250369,2022-06-22,2022-06-24,3,30.1,29.8,2022
Venezia,large,027042,250369,2022-07-01,2022-07-05,5,33.8,31.4,2022
Venezia,large,027042,250369,2022-07-18,2022-07-25,8,32.5,31.7,2022
Venezia,large,027042,250369,2022-08-03,2022-08-05,3,33.6,32.1,2022
Venezia,large,027042,250369,2023-07-08,2023-07-11,4,32.4,31.7,2023
Venezia,large,027042,250369,2023-07-14,2023-07-19,6,34.4,32.9,2023
Venezia,large,027042,250369,2023-08-14,2023-08-16,3,31.6,31.0,2023
Venezia,large,027042,250369,2023-08-18,2023-08-26,9,34.9,32.9,2023
Venezia,large,027042,250369,2023-09-06,2023-09-09,4,28.9,28.6,2023
Venezia,large,027042,250369,2024-07-08,2024-07-18,11,34.4,32.6,2024
Venezia,large,027042,250369,2024-07-21,2024-07-23,3,31.3,30.9,2024
Venezia,large,027042,250369,2024-07-26,2024-07-28,3,31.7,31.1,2024
Venezia,large,027042,250369,2024-08-06,2024-08-16,11,34.6,32.7,2024
Venezia,large,027042,250369,2024-08-23,2024-09-03,12,33.3,31.6,2024
Venezia,large,027042,250369,2025-06-10,2025-06-15,6,31.3,29.5,2025
Venezia,large,027042,250369,2025-06-17,2025-06-19,3,30.0,29.3,2025
Venezia,large,027042,250369,2025-06-21,2025-07-04,14,34.4,31.2,2025
Venezia,large,027042,250369,2025-08-07,2025-08-16,10,35.9,33.8,2025
Spinea,medium,027038,27694,1983-07-17,1983-07-19,3,31.9,31.7,1983
Spinea,medium,027038,27694,1983-07-25,1983-07-31,7,35.3,33.0,1983
Spinea,medium,027038,27694,1985-08-13,1985-08-15,3,32.0,31.7,1985
Spinea,medium,027038,27694,1987-09-15,1987-09-19,5,29.4,28.9,1987
Spinea,medium,027038,27694,1988-08-13,1988-08-15,3,31.7,31.4,1988
Spinea,medium,027038,27694,1992-08-05,1992-08-07,3,32.9,32.4,1992
Spinea,medium,027038,27694,1992-08-18,1992-08-20,3,31.7,31.4,1992
Spinea,medium,027038,27694,1993-08-02,1993-08-05,4,33.0,32.3,1993
Spinea,medium,027038,27694,1993-08-13,1993-08-16,4,33.0,32.1,1993
Spinea,medium,027038,27694,1993-08-20,1993-08-23,4,32.2,31.8,1993
Spinea,medium,027038,27694,1994-07-02,1994-07-04,3,31.4,31.2,1994
Spinea,medium,027038,27694,1994-07-23,1994-08-06,15,33.5,32.1,1994
Spinea,medium,027038,27694,1994-08-08,1994-08-10,3,32.3,31.8,1994
Spinea,medium,027038,27694,1996-06-06,1996-06-12,7,31.7,30.1,1996
Spinea,medium,027038,27694,1998-07-21,1998-07-24,4,32.8,31.8,1998
Spinea,medium,027038,27694,1998-08-01,1998-08-03,3,32.7,32.3,1998
Spinea,medium,027038,27694,1998-08-07,1998-08-12,6,33.5,32.8,1998
Spinea,medium,027038,27694,1998-08-14,1998-08-16,3,32.2,31.7,1998
Spinea,medium,027038,27694,2000-06-03,2000-06-05,3,28.3,28.2,2000
Spinea,medium,027038,27694,2000-06-19,2000-06-22,4,31.8,30.9,2000
Spinea,medium,027038,27694,2000-08-13,2000-08-24,12,33.4,32.4,2000
Spinea,medium,027038,27694,2001-08-25,2001-08-28,4,32.2,31.2,2001
Spinea,medium,027038,27694,2002-06-15,2002-06-23,9,31.8,30.3,2002
Spinea,medium,027038,27694,2003-06-04,2003-06-16,13,33.7,31.2,2003
Spinea,medium,027038,27694,2003-06-22,2003-06-25,4,32.3,31.4,2003
Spinea,medium,027038,27694,2003-07-19,2003-07-22,4,33.5,32.5,2003
Spinea,medium,027038,27694,2003-07-25,2003-07-27,3,32.4,32.0,2003
Spinea,medium,027038,27694,2003-08-01,2003-08-14,14,35.0,33.6,2003
Spinea,medium,027038,27694,2003-08-16,2003-08-23,8,32.8,31.8,2003
Spinea,medium,027038,27694,2004-06-08,2004-06-10,3,29.4,28.9,2004
Spinea,medium,027038,27694,2004-07-20,2004-07-22,3,33.0,32.3,2004
Spinea,medium,027038,27694,2005-05-27,2005-05-29,3,29.4,29.0,2005
Spinea,medium,027038,27694,2005-06-21,2005-06-28,8,30.8,30.4,2005
Spinea,medium,027038,27694,2005-07-27,2005-07-29,3,32.8,32.4,2005
Spinea,medium,027038,27694,2006-06-23,2006-06-27,5,31.7,30.8,2006
Spinea,medium,027038,27694,2006-07-09,2006-07-13,5,31.6,31.3,2006
Spinea,medium,027038,27694,2006-07-18,2006-07-27,10,34.0,33.1,2006
Spinea,medium,027038,27694,2007-05-21,2007-05-23,3,28.9,28.5,2007
Spinea,medium,027038,27694,2007-07-16,2007-07-20,5,32.8,31.9,2007
Spinea,medium,027038,27694,2008-06-23,2008-06-25,3,30.4,30.2,2008
Spinea,medium,027038,27694,2009-05-23,2009-05-25,3,30.4,29.6,2009
Spinea,medium,027038,27694,2009-08-16,2009-08-20,5,32.0,31.6,2009
Spinea,medium,027038,27694,2010-07-14,2010-07-16,3,33.1,32.3,2010
Spinea,medium,027038,27694,2011-08-17,2011-08-26,10,34.5,33.1,2011
Spinea,medium,027038,27694,2012-06-17,2012-06-21,5,31.1,30.3,2012
Spinea,medium,027038,27694,2012-06-28,2012-07-01,4,33.4,31.9,2012
Spinea,medium,027038,27694,2012-08-16,2012-08-24,9,34.4,33.0,2012
Spinea,medium,027038,27694,2013-06-17,2013-06-19,3,30.2,29.9,2013
Spinea,medium,027038,27694,2013-07-25,2013-07-27,3,32.4,31.9,2013
Spinea,medium,027038,27694,2013-08-01,2013-08-08,8,33.3,32.8,2013
Spinea,medium,027038,27694,2014-06-07,2014-06-12,6,32.4,30.8,2014
Spinea,medium,027038,27694,2015-06-02,2015-06-08,7,30.2,29.1,2015
Spinea,medium,027038,27694,2015-07-02,2015-07-07,6,32.2,31.3,2015
Spinea,medium,027038,27694,2015-07-14,2015-07-24,11,34.9,33.0,2015
Spinea,medium,027038,27694,2015-08-04,2015-08-13,10,34.3,33.4,2015
Spinea,medium,027038,27694,2016-06-22,2016-06-24,3,31.3,30.6,2016
Spinea,medium,027038,27694,2016-09-08,2016-09-13,6,30.1,29.4,2016
Spinea,medium,027038,27694,2017-06-19,2017-06-23,5,31.6,31.0,2017
Spinea,medium,027038,27694,2017-07-07,2017-07-10,4,32.1,31.7,2017
Spinea,medium,027038,27694,2017-07-31,2017-08-05,6,35.8,34.7,2017
Spinea,medium,027038,27694,2017-08-25,2017-08-27,3,34.3,32.1,2017
Spinea,medium,027038,27694,2018-06-08,2018-06-10,3,29.2,28.8,2018
Spinea,medium,027038,27694,2018-07-27,2018-08-09,14,34.7,32.7,2018
Spinea,medium,027038,27694,2018-08-17,2018-08-22,6,32.8,32.3,2018
Spinea,medium,027038,27694,2019-06-23,2019-06-27,5,35.6,32.0,2019
Spinea,medium,027038,27694,2019-06-29,2019-07-02,4,31.8,31.3,2019
Spinea,medium,027038,27694,2019-07-21,2019-07-25,5,33.8,32.6,2019
Spinea,medium,027038,27694,2019-08-28,2019-08-31,4,31.2,30.8,2019
Spinea,medium,027038,27694,2020-07-29,2020-07-31,3,34.1,33.7,2020
Spinea,medium,027038,27694,2020-08-07,2020-08-10,4,32.7,32.1,2020
Spinea,medium,027038,27694,2020-09-11,2020-09-16,6,31.4,30.0,2020
Spinea,medium,027038,27694,2021-06-18,2021-06-23,6,31.4,30.2,2021
Spinea,medium,027038,27694,2021-08-10,2021-08-15,6,34.2,33.4,2021
Spinea,medium,027038,27694,2021-09-11,2021-09-14,4,29.4,29.1,2021
Spinea,medium,027038,27694,2022-06-03,2022-06-05,3,28.8,28.8,2022
Spinea,medium,027038,27694,2022-06-09,2022-06-12,4,29.5,28.7,2022
Spinea,medium,027038,27694,2022-06-15,2022-06-18,4,30.8,30.2,2022
Spinea,medium,027038,27694,2022-06-22,2022-06-27,6,32.0,31.4,2022
Spinea,medium,027038,27694,2022-07-01,2022-07-05,5,34.9,32.9,2022
Spinea,medium,027038,27694,2022-07-17,2022-07-25,9,35.8,33.8,2022
Spinea,medium,027038,27694,2022-08-02,2022-08-05,4,35.0,33.7,2022
Spinea,medium,027038,27694,2023-06-20,2023-06-26,7,32.5,31.0,2023
Spinea,medium,027038,27694,2023-07-07,2023-07-11,5,33.6,32.2,2023
Spinea,medium,027038,27694,2023-07-13,2023-07-19,7,35.9,33.4,2023
Spinea,medium,027038,27694,2023-08-14,2023-08-16,3,31.8,31.6,2023
Spinea,medium,027038,27694,2023-08-18,2023-08-26,9,37.0,34.4,2023
Spinea,medium,027038,27694,2023-09-07,2023-09-10,4,29.3,29.2,2023
Spinea,medium,027038,27694,2024-07-08,2024-07-10,3,34.0,33.5,2024
Spinea,medium,027038,27694,2024-07-12,2024-07-18,7,34.6,32.9,2024
Spinea,medium,027038,27694,2024-07-26,2024-07-28,3,34.0,32.5,2024
Spinea,medium,027038,27694,2024-08-06,2024-08-16,11,36.0,33.6,2024
Spinea,medium,027038,27694,2024-08-22,2024-09-03,13,34.5,32.6,2024
Spinea,medium,027038,27694,2025-06-05,2025-06-07,3,30.8,29.4,2025
Spinea,medium,027038,27694,2025-06-09,2025-06-15,7,33.6,31.1,2025
Spinea,medium,027038,27694,2025-06-17,2025-06-19,3,31.6,30.5,2025
Spinea,medium,027038,27694,2025-06-21,2025-07-04,14,35.8,32.9,2025
Spinea,medium,027038,27694,2025-08-07,2025-08-16,10,36.8,34.5,2025
Cavallino-Treporti,small,027044,13318,1983-07-25,1983-07-30,6,33.5,32.4,1983
Cavallino-Treporti,small,027044,13318,1985-08-13,1985-08-15,3,31.9,31.7,1985
Cavallino-Treporti,small,027044,13318,1987-09-15,1987-09-18,4,28.8,28.6,1987
Cavallino-Treporti,small,027044,13318,1988-08-13,1988-08-16,4,31.6,31.3,1988
Cavallino-Treporti,small,027044,13318,1992-08-05,1992-08-08,4,33.2,32.2,1992
Cavallino-Treporti,small,027044,13318,1992-08-18,1992-08-20,3,31.7,31.3,1992
Cavallino-Treporti,small,027044,13318,1993-08-02,1993-08-04,3,31.9,31.6,1993
Cavallino-Treporti,small,027044,13318,1993-08-13,1993-08-16,4,32.4,31.7,1993
Cavallino-Treporti,small,027044,13318,1993-08-19,1993-08-22,4,31.0,30.7,1993
Cavallino-Treporti,small,027044,13318,1994-07-02,1994-07-04,3,30.7,30.5,1994
Cavallino-Treporti,small,027044,13318,1994-07-22,1994-08-06,16,33.4,32.0,1994
Cavallino-Treporti,small,027044,13318,1996-06-06,1996-06-12,7,31.7,29.8,1996
Cavallino-Treporti,small,027044,13318,1998-07-21,1998-07-24,4,32.8,32.0,1998
Cavallino-Treporti,small,027044,13318,1998-08-01,1998-08-03,3,32.7,32.3,1998
Cavallino-Treporti,small,027044,13318,1998-08-07,1998-08-17,11,33.4,32.0,1998
Cavallino-Treporti,small,027044,13318,2000-08-13,2000-08-24,12,32.4,31.6,2000
Cavallino-Treporti,small,027044,13318,2002-06-16,2002-06-23,8,32.2,30.5,2002
Cavallino-Treporti,small,027044,13318,2003-06-05,2003-06-16,12,33.9,31.4,2003
Cavallino-Treporti,small,027044,13318,2003-06-19,2003-06-25,7,31.3,30.3,2003
Cavallino-Treporti,small,027044,13318,2003-07-19,2003-07-22,4,32.5,32.0,2003
Cavallino-Treporti,small,027044,13318,2003-07-25,2003-07-27,3,32.4,31.9,2003
Cavallino-Treporti,small,027044,13318,2003-08-01,2003-08-13,13,34.8,33.7,2003
Cavallino-Treporti,small,027044,13318,2003-08-16,2003-08-23,8,32.5,31.8,2003
Cavallino-Treporti,small,027044,13318,2006-06-22,2006-06-27,6,31.8,30.4,2006
Cavallino-Treporti,small,027044,13318,2006-07-09,2006-07-13,5,32.0,31.6,2006
Cavallino-Treporti,small,027044,13318,2006-07-18,2006-07-27,10,34.2,33.1,2006
Cavallino-Treporti,small,027044,13318,2007-05-21,2007-05-24,4,29.1,28.7,2007
Cavallino-Treporti,small,027044,13318,2007-07-17,2007-07-20,4,33.1,32.0,2007
Cavallino-Treporti,small,027044,13318,2008-06-23,2008-06-25,3,30.7,30.3,2008
Cavallino-Treporti,small,027044,13318,2009-08-16,2009-08-20,5,31.3,30.9,2009
Cavallino-Treporti,small,027044,13318,2011-08-18,2011-08-26,9,33.3,32.0,2011
Cavallino-Treporti,small,027044,13318,2012-06-17,2012-06-21,5,30.6,29.9,2012
Cavallino-Treporti,small,027044,13318,2012-08-16,2012-08-24,9,32.7,32.0,2012
Cavallino-Treporti,small,027044,13318,2013-06-17,2013-06-19,3,30.2,29.8,2013
Cavallino-Treporti,small,027044,13318,2013-07-25,2013-07-27,3,31.8,31.5,2013
Cavallino-Treporti,small,027044,13318,2013-08-01,2013-08-08,8,33.1,32.3,2013
Cavallino-Treporti,small,027044,13318,2014-06-07,2014-06-12,6,32.1,30.5,2014
Cavallino-Treporti,small,027044,13318,2015-06-03,2015-06-08,6,30.5,29.3,2015
Cavallino-Treporti,small,027044,13318,2015-07-02,2015-07-06,5,31.8,31.0,2015
Cavallino-Treporti,small,027044,13318,2015-07-14,2015-07-23,10,34.6,32.7,2015
Cavallino-Treporti,small,027044,13318,2015-08-04,2015-08-13,10,34.2,33.1,2015
Cavallino-Treporti,small,027044,13318,2016-06-22,2016-06-24,3,31.6,30.8,2016
Cavallino-Treporti,small,027044,13318,2016-09-08,2016-09-12,5,29.8,29.3,2016
Cavallino-Treporti,small,027044,13318,2017-06-21,2017-06-23,3,29.6,29.4,2017
Cavallino-Treporti,small,027044,13318,2017-07-31,2017-08-05,6,34.0,32.8,2017
Cavallino-Treporti,small,027044,13318,2018-07-28,2018-08-05,9,34.2,32.4,2018
Cavallino-Treporti,small,027044,13318,2018-08-17,2018-08-22,6,32.8,32.2,2018
Cavallino-Treporti,small,027044,13318,2019-06-24,2019-06-27,4,32.6,31.2,2019
Cavallino-Treporti,small,027044,13318,2019-07-23,2019-07-25,3,31.8,31.4,2019
Cavallino-Treporti,small,027044,13318,2019-08-29,2019-08-31,3,30.9,30.6,2019
Cavallino-Treporti,small,027044,13318,2020-07-29,2020-07-31,3,32.1,31.8,2020
Cavallino-Treporti,small,027044,13318,2020-09-11,2020-09-16,6,30.2,29.3,2020
Cavallino-Treporti,small,027044,13318,2021-08-12,2021-08-15,4,32.4,31.9,2021
Cavallino-Treporti,small,027044,13318,2022-06-22,2022-06-24,3,30.2,29.8,2022
Cavallino-Treporti,small,027044,13318,2022-07-01,2022-07-03,3,33.8,32.3,2022
Cavallino-Treporti,small,027044,13318,2022-07-18,2022-07-25,8,32.6,31.7,2022
Cavallino-Treporti,small,027044,13318,2023-07-08,2023-07-11,4,32.4,31.8,2023
Cavallino-Treporti,small,027044,13318,2023-07-14,2023-07-19,6,34.5,32.9,2023
Cavallino-Treporti,small,027044,13318,2023-08-14,2023-08-16,3,31.7,31.1,2023
Cavallino-Treporti,small,027044,13318,2023-08-18,2023-08-26,9,35.0,33.0,2023
Cavallino-Treporti,small,027044,13318,2023-09-07,2023-09-09,3,28.9,28.7,2023
Cavallino-Treporti,small,027044,13318,2024-07-08,2024-07-10,3,33.7,33.1,2024
Cavallino-Treporti,small,027044,13318,2024-07-12,2024-07-18,7,34.5,32.8,2024
Cavallino-Treporti,small,027044,13318,2024-08-09,2024-08-16,8,34.6,33.3,2024
Cavallino-Treporti,small,027044,13318,2024-08-24,2024-09-03,11,33.3,31.8,2024
Cavallino-Treporti,small,027044,13318,2025-06-12,2025-06-14,3,31.4,30.6,2025
Cavallino-Treporti,small,027044,13318,2025-06-24,2025-07-03,10,34.4,32.0,2025
Cavallino-Treporti,small,027044,13318,2025-08-08,2025-08-16,9,35.9,34.2,2025
Monastier di Treviso,rural,026044,4411,1983-07-17,1983-07-19,3,31.9,31.6,1983
Monastier di Treviso,rural,026044,4411,1983-07-25,1983-07-31,7,34.1,32.5,1983
Monastier di Treviso,rural,026044,4411,1985-08-13,1985-08-15,3,32.0,31.8,1985
Monastier di Treviso,rural,026044,4411,1987-09-15,1987-09-18,4,29.0,28.7,1987
Monastier di Treviso,rural,026044,4411,1988-08-13,1988-08-16,4,31.6,31.3,1988
Monastier di Treviso,rural,026044,4411,1992-08-05,1992-08-08,4,33.2,32.3,1992
Monastier di Treviso,rural,026044,4411,1992-08-18,1992-08-20,3,31.8,31.4,1992
Monastier di Treviso,rural,026044,4411,1993-08-02,1993-08-04,3,32.0,31.8,1993
Monastier di Treviso,rural,026044,4411,1993-08-13,1993-08-16,4,32.7,31.9,1993
Monastier di Treviso,rural,026044,4411,1993-08-19,1993-08-22,4,31.4,31.0,1993
Monastier di Treviso,rural,026044,4411,1994-07-02,1994-07-04,3,31.0,30.8,1994
Monastier di Treviso,rural,026044,4411,1994-07-22,1994-08-06,16,33.5,32.0,1994
Monastier di Treviso,rural,026044,4411,1996-06-06,1996-06-12,7,31.9,30.0,1996
Monastier di Treviso,rural,026044,4411,1998-07-21,1998-07-24,4,32.8,32.0,1998
Monastier di Treviso,rural,026044,4411,1998-08-01,1998-08-03,3,32.8,32.3,1998
Monastier di Treviso,rural,026044,4411,1998-08-07,1998-08-17,11,33.5,32.2,1998
Monastier di Treviso,rural,026044,4411,2000-06-20,2000-06-22,3,31.1,30.4,2000
Monastier di Treviso,rural,026044,4411,2000-08-13,2000-08-24,12,32.7,31.8,2000
Monastier di Treviso,rural,026044,4411,2001-08-25,2001-08-28,4,31.5,30.8,2001
Monastier di Treviso,rural,026044,4411,2002-06-16,2002-06-23,8,32.1,30.5,2002
Monastier di Treviso,rural,026044,4411,2003-06-05,2003-06-16,12,33.8,31.4,2003
Monastier di Treviso,rural,026044,4411,2003-06-19,2003-06-25,7,31.5,30.4,2003
Monastier di Treviso,rural,026044,4411,2003-07-19,2003-07-22,4,32.7,32.0,2003
Monastier di Treviso,rural,026044,4411,2003-07-25,2003-07-27,3,32.5,31.9,2003
Monastier di Treviso,rural,026044,4411,2003-08-01,2003-08-13,13,35.0,33.7,2003
Monastier di Treviso,rural,026044,4411,2003-08-16,2003-08-23,8,32.7,31.8,2003
Monastier di Treviso,rural,026044,4411,2005-05-27,2005-05-29,3,29.5,28.7,2005
Monastier di Treviso,rural,026044,4411,2005-06-25,2005-06-28,4,30.1,29.9,2005
Monastier di Treviso,rural,026044,4411,2006-06-22,2006-06-27,6,31.8,30.4,2006
Monastier di Treviso,rural,026044,4411,2006-07-09,2006-07-13,5,31.8,31.5,2006
Monastier di Treviso,rural,026044,4411,2006-07-18,2006-07-27,10,34.3,33.1,2006
Monastier di Treviso,rural,026044,4411,2007-05-21,2007-05-24,4,29.2,28.7,2007
Monastier di Treviso,rural,026044,4411,2007-07-17,2007-07-20,4,33.0,32.0,2007
Monastier di Treviso,rural,026044,4411,2008-06-23,2008-06-25,3,30.7,30.3,2008
Monastier di Treviso,rural,026044,4411,2009-08-16,2009-08-20,5,31.4,31.1,2009
Monastier di Treviso,rural,026044,4411,2010-07-14,2010-07-16,3,32.9,32.0,2010
Monastier di Treviso,rural,026044,4411,2011-08-18,2011-08-26,9,33.7,32.3,2011
Monastier di Treviso,rural,026044,4411,2012-06-17,2012-06-21,5,30.8,30.0,2012
Monastier di Treviso,rural,026044,4411,2012-08-16,2012-08-24,9,33.1,32.2,2012
Monastier di Treviso,rural,026044,4411,2013-06-17,2013-06-19,3,30.3,29.9,2013
Monastier di Treviso,rural,026044,4411,2013-07-25,2013-07-28,4,32.0,31.5,2013
Monastier di Treviso,rural,026044,4411,2013-08-01,2013-08-08,8,33.1,32.4,2013
Monastier di Treviso,rural,026044,4411,2014-06-07,2014-06-12,6,32.3,30.7,2014
Monastier di Treviso,rural,026044,4411,2015-06-02,2015-06-08,7,30.5,29.1,2015
Monastier di Treviso,rural,026044,4411,2015-07-02,2015-07-06,5,31.9,31.1,2015
Monastier di Treviso,rural,026044,4411,2015-07-14,2015-07-23,10,34.6,32.8,2015
Monastier di Treviso,rural,026044,4411,2015-08-04,2015-08-13,10,34.3,33.3,2015
Monastier di Treviso,rural,026044,4411,2016-06-22,2016-06-24,3,31.6,30.8,2016
Monastier di Treviso,rural,026044,4411,2016-09-08,2016-09-12,5,29.9,29.4,2016
Monastier di Treviso,rural,026044,4411,2017-06-19,2017-06-23,5,31.7,30.6,2017
Monastier di Treviso,rural,026044,4411,2017-07-31,2017-08-05,6,36.4,34.9,2017
Monastier di Treviso,rural,026044,4411,2018-07-28,2018-07-31,4,34.2,32.9,2018
Monastier di Treviso,rural,026044,4411,2018-08-02,2018-08-06,5,33.0,32.5,2018
Monastier di Treviso,rural,026044,4411,2018-08-17,2018-08-22,6,33.0,32.3,2018
Monastier di Treviso,rural,026044,4411,2019-06-08,2019-06-10,3,29.2,28.8,2019
Monastier di Treviso,rural,026044,4411,2019-06-14,2019-06-16,3,30.5,29.6,2019
Monastier di Treviso,rural,026044,4411,2019-06-24,2019-07-05,12,35.4,31.7,2019
Monastier di Treviso,rural,026044,4411,2019-07-21,2019-07-25,5,34.5,33.4,2019
Monastier di Treviso,rural,026044,4411,2019-08-10,2019-08-12,3,32.0,31.7,2019
Monastier di Treviso,rural,026044,4411,2019-08-26,2019-08-31,6,31.7,31.0,2019
Monastier di Treviso,rural,026044,4411,2020-07-28,2020-07-31,4,34.0,33.0,2020
Monastier di Treviso,rural,026044,4411,2020-08-07,2020-08-09,3,32.8,32.4,2020
Monastier di Treviso,rural,026044,4411,2020-09-11,2020-09-16,6,30.4,30.0,2020
Monastier di Treviso,rural,026044,4411,2021-06-18,2021-06-23,6,30.0,29.7,2021
Monastier di Treviso,rural,026044,4411,2021-06-26,2021-06-28,3,30.4,30.2,2021
Monastier di Treviso,rural,026044,4411,2021-08-10,2021-08-15,6,34.2,33.3,2021
Monastier di Treviso,rural,026044,4411,2021-09-11,2021-09-13,3,29.2,29.1,2021
Monastier di Treviso,rural,026044,4411,2022-06-16,2022-06-20,5,31.4,30.3,2022
Monastier di Treviso,rural,026044,4411,2022-06-22,2022-06-27,6,33.4,31.2,2022
Monastier di Treviso,rural,026044,4411,2022-06-29,2022-07-06,8,35.3,32.1,2022
Monastier di Treviso,rural,026044,4411,2022-07-14,2022-07-28,15,35.9,33.3,2022
Monastier di Treviso,rural,026044,4411,2022-07-30,2022-08-10,12,35.6,32.7,2022
Monastier di Treviso,rural,026044,4411,2023-07-08,2023-07-10,3,32.2,31.8,2023
Monastier di Treviso,rural,026044,4411,2023-07-15,2023-07-19,5,35.0,33.4,2023
Monastier di Treviso,rural,026044,4411,2023-08-13,2023-08-16,4,32.4,31.6,2023
Monastier di Treviso,rural,026044,4411,2023-08-18,2023-08-26,9,36.2,34.3,2023
Monastier di Treviso,rural,026044,4411,2023-09-06,2023-09-10,5,29.6,29.3,2023
Monastier di Treviso,rural,026044,4411,2024-07-08,2024-07-10,3,33.6,33.1,2024
Monastier di Treviso,rural,026044,4411,2024-07-12,2024-07-18,7,34.5,32.6,2024
Monastier di Treviso,rural,026044,4411,2024-07-26,2024-07-28,3,32.8,32.0,2024
Monastier di Treviso,rural,026044,4411,2024-08-07,2024-08-16,10,35.2,33.4,2024
Monastier di Treviso,rural,026044,4411,2024-08-23,2024-09-03,12,34.2,32.7,2024
Monastier di Treviso,rural,026044,4411,2025-06-10,2025-06-15,6,32.6,30.9,2025
Monastier di Treviso,rural,026044,4411,2025-06-17,2025-06-19,3,31.3,30.6,2025
Monastier di Treviso,rural,026044,4411,2025-06-21,2025-07-04,14,34.8,32.1,2025
Monastier di Treviso,rural,026044,4411,2025-08-08,2025-08-16,9,36.0,34.1,2025
Messina,large,083048,218786,1982-06-22,1982-06-25,4,37.7,36.0,1982
Messina,large,083048,218786,1987-06-11,1987-06-14,4,33.0,31.7,1987
Messina,large,083048,218786,1987-07-23,1987-07-25,3,38.2,37.2,1987
Messina,large,083048,218786,1987-08-09,1987-08-11,3,34.6,33.9,1987
Messina,large,083048,218786,1987-09-24,1987-09-27,4,34.7,32.8,1987
Messina,large,083048,218786,1993-08-24,1993-08-26,3,35.4,34.8,1993
Messina,large,083048,218786,1994-05-21,1994-05-23,3,34.6,32.2,1994
Messina,large,083048,218786,1994-08-13,1994-08-17,5,35.3,34.4,1994
Messina,large,083048,218786,1997-06-11,1997-06-13,3,31.1,30.6,1997
Messina,large,083048,218786,1997-06-16,1997-06-18,3,34.8,33.5,1997
Messina,large,083048,218786,1998-06-02,1998-06-05,4,31.5,31.2,1998
Messina,large,083048,218786,1998-06-28,1998-07-02,5,38.8,36.0,1998
Messina,large,083048,218786,1999-06-01,1999-06-03,3,32.9,31.8,1999
Messina,large,083048,218786,1999-08-06,1999-08-10,5,38.5,36.0,1999
Messina,large,083048,218786,2001-05-16,2001-05-18,3,29.5,28.6,2001
Messina,large,083048,218786,2003-06-27,2003-06-30,4,32.9,32.8,2003
Messina,large,083048,218786,2006-05-21,2006-05-23,3,32.6,31.9,2006
Messina,large,083048,218786,2006-06-18,2006-06-22,5,33.1,32.0,2006
Messina,large,083048,218786,2006-06-25,2006-06-28,4,34.5,33.4,2006
Messina,large,083048,218786,2006-08-18,2006-08-20,3,36.2,34.4,2006
Messina,large,083048,218786,2007-06-21,2007-06-25,5,39.7,35.2,2007
Messina,large,083048,218786,2007-08-21,2007-08-25,5,35.2,34.1,2007
Messina,large,083048,218786,2007-08-28,2007-08-30,3,36.3,34.0,2007
Messina,large,083048,218786,2008-09-04,2008-09-07,4,34.4,33.0,2008
Messina,large,083048,218786,2008-09-10,2008-09-12,3,31.6,31.1,2008
Messina,large,083048,218786,2011-09-01,2011-09-03,3,32.9,32.3,2011
Messina,large,083048,218786,2012-08-04,2012-08-06,3,36.2,35.2,2012
Messina,large,083048,218786,2012-09-25,2012-09-30,6,32.7,31.1,2012
Messina,large,083048,218786,2015-09-15,2015-09-17,3,32.5,31.5,2015
Messina,large,083048,218786,2017-08-07,2017-08-09,3,37.2,36.0,2017
Messina,large,083048,218786,2019-06-07,2019-06-10,4,32.2,31.7,2019
Messina,large,083048,218786,2021-06-20,2021-06-23,4,34.8,34.3,2021
Messina,large,083048,218786,2021-09-16,2021-09-18,3,32.7,31.8,2021
Messina,large,083048,218786,2022-06-02,2022-06-05,4,32.9,31.6,2022
Messina,large,083048,218786,2022-06-22,2022-06-27,6,37.8,34.9,2022
Messina,large,083048,218786,2022-08-15,2022-08-17,3,35.7,34.4,2022
Messina,large,083048,218786,2022-09-06,2022-09-08,3,35.2,32.9,2022
Messina,large,083048,218786,2023-07-11,2023-07-13,3,35.4,34.7,2023
Messina,large,083048,218786,2023-07-15,2023-07-24,10,45.0,38.8,2023
Messina,large,083048,218786,2023-09-15,2023-09-21,7,33.2,32.5,2023
Messina,large,083048,218786,2024-06-17,2024-06-20,4,36.4,34.5,2024
Messina,large,083048,218786,2024-07-31,2024-08-03,4,38.4,35.4,2024
Messina,large,083048,218786,2024-08-09,2024-08-16,8,35.4,34.5,2024
Messina,large,083048,218786,2024-09-03,2024-09-07,5,36.0,33.8,2024
Messina,large,083048,218786,2025-06-04,2025-06-07,4,34.5,31.2,2025
Messina,large,083048,218786,2025-06-14,2025-06-16,3,32.2,31.4,2025
Milazzo,medium,083049,30043,1982-06-22,1982-06-25,4,37.1,35.8,1982
Milazzo,medium,083049,30043,1987-06-11,1987-06-14,4,33.3,31.9,1987
Milazzo,medium,083049,30043,1987-07-23,1987-07-25,3,37.5,36.9,1987
Milazzo,medium,083049,30043,1987-09-24,1987-09-27,4,34.6,32.6,1987
Milazzo,medium,083049,30043,1988-07-04,1988-07-07,4,36.4,35.1,1988
Milazzo,medium,083049,30043,1993-07-03,1993-07-05,3,36.1,34.8,1993
Milazzo,medium,083049,30043,1993-08-24,1993-08-26,3,35.0,34.5,1993
Milazzo,medium,083049,30043,1994-05-21,1994-05-23,3,34.4,32.1,1994
Milazzo,medium,083049,30043,1994-08-09,1994-08-11,3,36.1,34.7,1994
Milazzo,medium,083049,30043,1994-08-13,1994-08-17,5,35.5,34.6,1994
Milazzo,medium,083049,30043,1997-06-16,1997-06-18,3,34.8,33.9,1997
Milazzo,medium,083049,30043,1998-06-02,1998-06-05,4,31.4,31.1,1998
Milazzo,medium,083049,30043,1998-06-28,1998-07-02,5,37.9,35.7,1998
Milazzo,medium,083049,30043,1999-06-01,1999-06-03,3,32.6,31.8,1999
Milazzo,medium,083049,30043,1999-08-06,1999-08-10,5,38.1,35.9,1999
Milazzo,medium,083049,30043,2000-08-21,2000-08-23,3,35.9,34.5,2000
Milazzo,medium,083049,30043,2000-09-17,2000-09-19,3,31.3,31.2,2000
Milazzo,medium,083049,30043,2001-05-16,2001-05-18,3,29.5,29.2,2001
Milazzo,medium,083049,30043,2003-06-26,2003-06-30,5,34.1,33.5,2003
Milazzo,medium,083049,30043,2003-08-16,2003-08-19,4,34.7,34.0,2003
Milazzo,medium,083049,30043,2006-05-21,2006-05-23,3,32.5,31.7,2006
Milazzo,medium,083049,30043,2006-06-19,2006-06-21,3,33.1,32.7,2006
Milazzo,medium,083049,30043,2006-06-25,2006-06-28,4,35.0,34.0,2006
Milazzo,medium,083049,30043,2006-08-18,2006-08-20,3,35.5,34.4,2006
Milazzo,medium,083049,30043,2007-06-23,2007-06-25,3,40.4,37.4,2007
Milazzo,medium,083049,30043,2007-08-21,2007-08-25,5,35.2,34.6,2007
Milazzo,medium,083049,30043,2008-09-04,2008-09-07,4,34.1,33.1,2008
Milazzo,medium,083049,30043,2012-08-04,2012-08-06,3,36.5,35.6,2012
Milazzo,medium,083049,30043,2012-09-26,2012-09-29,4,32.0,31.2,2012
Milazzo,medium,083049,30043,2014-09-19,2014-09-21,3,31.0,30.9,2014
Milazzo,medium,083049,30043,2015-09-15,2015-09-17,3,32.3,31.5,2015
Milazzo,medium,083049,30043,2017-08-07,2017-08-09,3,38.0,36.9,2017
Milazzo,medium,083049,30043,2019-06-06,2019-06-11,6,38.5,34.2,2019
Milazzo,medium,083049,30043,2020-05-12,2020-05-17,6,34.7,30.9,2020
Milazzo,medium,083049,30043,2020-08-28,2020-08-30,3,38.5,37.2,2020
Milazzo,medium,083049,30043,2021-06-20,2021-06-24,5,39.8,36.8,2021
Milazzo,medium,083049,30043,2021-06-26,2021-06-29,4,40.6,38.0,2021
Milazzo,medium,083049,30043,2021-08-06,2021-08-10,5,37.9,36.9,2021
Milazzo,medium,083049,30043,2021-09-15,2021-09-18,4,34.8,33.2,2021
Milazzo,medium,083049,30043,2022-05-23,2022-05-26,4,34.4,32.6,2022
Milazzo,medium,083049,30043,2022-06-02,2022-06-04,3,32.1,31.3,2022
Milazzo,medium,083049,30043,2022-06-24,2022-06-27,4,37.1,35.6,2022
Milazzo,medium,083049,30043,2022-08-14,2022-08-17,4,41.7,36.1,2022
Milazzo,medium,083049,30043,2022-09-06,2022-09-08,3,34.8,33.8,2022
Milazzo,medium,083049,30043,2022-09-13,2022-09-15,3,33.2,32.8,2022
Milazzo,medium,083049,30043,2023-07-22,2023-07-24,3,39.1,36.8,2023
Villa San Giovanni,small,080096,12752,1982-06-22,1982-06-25,4,37.8,36.1,1982
Villa San Giovanni,small,080096,12752,1987-06-11,1987-06-14,4,33.1,31.8,1987
Villa San Giovanni,small,080096,12752,1987-07-23,1987-07-25,3,38.3,37.3,1987
Villa San Giovanni,small,080096,12752,1987-08-09,1987-08-11,3,34.7,34.0,1987
Villa San Giovanni,small,080096,12752,1987-09-24,1987-09-27,4,34.8,32.9,1987
Villa San Giovanni,small,080096,12752,1993-08-24,1993-08-26,3,35.5,34.9,1993
Villa San Giovanni,small,080096,12752,1994-05-21,1994-05-24,4,34.7,31.2,1994
Villa San Giovanni,small,080096,12752,1994-08-13,1994-08-17,5,35.4,34.5,1994
Villa San Giovanni,small,080096,12752,1997-06-11,1997-06-13,3,31.2,30.7,1997
Villa San Giovanni,small,080096,12752,1997-06-16,1997-06-18,3,34.9,33.6,1997
Villa San Giovanni,small,080096,12752,1998-06-02,1998-06-05,4,31.6,31.3,1998
Villa San Giovanni,small,080096,12752,1998-06-28,1998-07-02,5,38.9,36.1,1998
Villa San Giovanni,small,080096,12752,1999-06-01,1999-06-03,3,33.0,31.9,1999
Villa San Giovanni,small,080096,12752,1999-08-06,1999-08-10,5,38.6,36.1,1999
Villa San Giovanni,small,080096,12752,2001-05-16,2001-05-18,3,29.6,28.7,2001
Villa San Giovanni,small,080096,12752,2003-06-27,2003-06-30,4,33.0,32.9,2003
Villa San Giovanni,small,080096,12752,2006-05-21,2006-05-23,3,32.7,32.0,2006
Villa San Giovanni,small,080096,12752,2006-06-18,2006-06-22,5,33.2,32.1,2006
Villa San Giovanni,small,080096,12752,2006-06-25,2006-06-28,4,34.6,33.5,2006
Villa San Giovanni,small,080096,12752,2006-08-18,2006-08-20,3,36.3,34.5,2006
Villa San Giovanni,small,080096,12752,2007-06-21,2007-06-25,5,39.8,35.3,2007
Villa San Giovanni,small,080096,12752,2007-08-21,2007-08-25,5,35.3,34.2,2007
Villa San Giovanni,small,080096,12752,2007-08-28,2007-08-30,3,36.4,34.1,2007
Villa San Giovanni,small,080096,12752,2008-09-04,2008-09-07,4,34.5,33.1,2008
Villa San Giovanni,small,080096,12752,2008-09-10,2008-09-12,3,31.7,31.2,2008
Villa San Giovanni,small,080096,12752,2011-09-01,2011-09-03,3,33.0,32.4,2011
Villa San Giovanni,small,080096,12752,2012-08-04,2012-08-06,3,36.3,35.3,2012
Villa San Giovanni,small,080096,12752,2012-09-25,2012-09-30,6,32.8,31.2,2012
Villa San Giovanni,small,080096,12752,2015-09-15,2015-09-17,3,32.6,31.6,2015
Villa San Giovanni,small,080096,12752,2017-08-07,2017-08-09,3,35.5,35.2,2017
Villa San Giovanni,small,080096,12752,2021-06-20,2021-06-23,4,35.6,33.6,2021
Villa San Giovanni,small,080096,12752,2022-06-25,2022-06-27,3,36.4,35.3,2022
Villa San Giovanni,small,080096,12752,2022-09-06,2022-09-08,3,33.3,32.4,2022
Villa San Giovanni,small,080096,12752,2022-09-13,2022-09-15,3,31.3,31.2,2022
Villa San Giovanni,small,080096,12752,2023-07-19,2023-07-24,6,45.3,39.1,2023
Villa San Giovanni,small,080096,12752,2023-09-15,2023-09-21,7,33.8,31.7,2023
Villa San Giovanni,small,080096,12752,2024-05-17,2024-05-19,3,29.7,28.7,2024
Villa San Giovanni,small,080096,12752,2024-09-03,2024-09-07,5,34.9,33.8,2024
Spadafora,rural,083096,4687,1982-06-22,1982-06-25,4,36.8,35.6,1982
Spadafora,rural,083096,4687,1987-07-23,1987-07-25,3,37.9,37.0,1987
Spadafora,rural,083096,4687,1987-08-09,1987-08-11,3,34.2,33.9,1987
Spadafora,rural,083096,4687,1987-09-16,1987-09-18,3,30.6,30.6,1987
Spadafora,rural,083096,4687,1987-09-24,1987-09-27,4,34.4,32.5,1987
Spadafora,rural,083096,4687,1988-07-04,1988-07-07,4,36.5,35.2,1988
Spadafora,rural,083096,4687,1993-07-03,1993-07-05,3,36.3,34.7,1993
Spadafora,rural,083096,4687,1993-08-24,1993-08-26,3,35.0,34.6,1993
Spadafora,rural,083096,4687,1994-05-21,1994-05-23,3,34.1,31.8,1994
Spadafora,rural,083096,4687,1994-08-09,1994-08-11,3,36.0,34.7,1994
Spadafora,rural,083096,4687,1994-08-13,1994-08-17,5,35.2,34.5,1994
Spadafora,rural,083096,4687,1997-06-15,1997-06-18,4,34.9,33.0,1997
Spadafora,rural,083096,4687,1998-06-02,1998-06-05,4,30.9,30.6,1998
Spadafora,rural,083096,4687,1998-06-28,1998-07-02,5,38.2,35.8,1998
Spadafora,rural,083096,4687,1999-06-01,1999-06-03,3,32.6,31.7,1999
Spadafora,rural,083096,4687,1999-08-06,1999-08-10,5,38.0,35.8,1999
Spadafora,rural,083096,4687,2000-08-21,2000-08-23,3,35.9,34.4,2000
Spadafora,rural,083096,4687,2000-09-17,2000-09-19,3,30.6,30.5,2000
Spadafora,rural,083096,4687,2001-05-16,2001-05-18,3,28.8,28.6,2001
Spadafora,rural,083096,4687,2003-06-26,2003-06-30,5,33.9,33.3,2003
Spadafora,rural,083096,4687,2003-08-16,2003-08-19,4,34.5,33.8,2003
Spadafora,rural,083096,4687,2006-05-21,2006-05-23,3,32.0,31.3,2006
Spadafora,rural,083096,4687,2006-06-19,2006-06-21,3,32.7,32.3,2006
Spadafora,rural,083096,4687,2006-06-25,2006-06-28,4,34.7,33.7,2006
Spadafora,rural,083096,4687,2006-08-18,2006-08-20,3,35.3,34.2,2006
Spadafora,rural,083096,4687,2007-06-23,2007-06-25,3,39.7,37.0,2007
Spadafora,rural,083096,4687,2007-08-21,2007-08-25,5,34.9,34.2,2007
Spadafora,rural,083096,4687,2007-08-28,2007-08-30,3,35.7,33.8,2007
Spadafora,rural,083096,4687,2008-09-04,2008-09-07,4,34.0,33.0,2008
Spadafora,rural,083096,4687,2012-08-04,2012-08-06,3,36.3,35.4,2012
Spadafora,rural,083096,4687,2012-09-26,2012-09-29,4,31.8,31.0,2012
Spadafora,rural,083096,4687,2014-09-19,2014-09-21,3,30.7,30.6,2014
Spadafora,rural,083096,4687,2015-09-15,2015-09-17,3,32.1,31.3,2015
Spadafora,rural,083096,4687,2017-07-09,2017-07-11,3,37.1,35.9,2017
Spadafora,rural,083096,4687,2017-07-21,2017-07-23,3,38.0,36.1,2017
Spadafora,rural,083096,4687,2017-08-03,2017-08-09,7,38.6,36.1,2017
Spadafora,rural,083096,4687,2018-05-26,2018-05-28,3,29.4,29.0,2018
Spadafora,rural,083096,4687,2019-06-06,2019-06-11,6,34.5,33.3,2019
Spadafora,rural,083096,4687,2019-07-07,2019-07-09,3,38.6,36.1,2019
Spadafora,rural,083096,4687,2020-05-15,2020-05-17,3,32.3,31.2,2020
Spadafora,rural,083096,4687,2021-06-19,2021-06-24,6,38.7,35.8,2021
Spadafora,rural,083096,4687,2021-06-26,2021-06-29,4,39.5,36.7,2021
Spadafora,rural,083096,4687,2021-07-27,2021-07-31,5,41.3,37.1,2021
Spadafora,rural,083096,4687,2021-08-06,2021-08-16,11,39.9,35.7,2021
Spadafora,rural,083096,4687,2021-09-15,2021-09-18,4,34.2,32.9,2021
Spadafora,rural,083096,4687,2022-05-23,2022-05-26,4,33.7,31.8,2022
Spadafora,rural,083096,4687,2022-05-29,2022-06-05,8,35.4,32.4,2022
Spadafora,rural,083096,4687,2022-06-22,2022-06-27,6,38.9,36.0,2022
Spadafora,rural,083096,4687,2022-06-29,2022-07-01,3,37.5,34.6,2022
Spadafora,rural,083096,4687,2022-08-15,2022-08-17,3,37.1,35.9,2022
Spadafora,rural,083096,4687,2022-09-06,2022-09-09,4,35.6,33.4,2022
Spadafora,rural,083096,4687,2022-09-13,2022-09-15,3,33.6,33.1,2022
Spadafora,rural,083096,4687,2023-07-15,2023-07-24,10,45.3,38.3,2023
Spadafora,rural,083096,4687,2023-09-15,2023-09-21,7,33.5,32.4,2023
Spadafora,rural,083096,4687,2024-05-17,2024-05-19,3,30.7,29.5,2024
Spadafora,rural,083096,4687,2024-06-17,2024-06-20,4,35.8,34.2,2024
Spadafora,rural,083096,4687,2024-08-10,2024-08-16,7,36.0,34.2,2024
Spadafora,rural,083096,4687,2024-09-03,2024-09-07,5,35.1,34.0,2024
Spadafora,rural,083096,4687,2025-06-05,2025-06-07,3,33.5,31.4,2025
Spadafora,rural,083096,4687,2025-06-14,2025-06-16,3,34.8,32.4,2025
Padova,large,028060,206496,1983-07-17,1983-07-19,3,33.6,33.0,1983
Padova,large,028060,206496,1983-07-25,1983-07-29,5,37.8,35.3,1983
Padova,large,028060,206496,1985-08-13,1985-08-15,3,32.8,32.6,1985
Padova,large,028060,206496,1987-09-15,1987-09-19,5,31.1,30.3,1987
Padova,large,028060,206496,1988-08-13,1988-08-15,3,33.4,32.8,1988
Padova,large,028060,206496,1992-08-05,1992-08-07,3,34.0,33.6,1992
Padova,large,028060,206496,1992-08-18,1992-08-20,3,33.1,32.7,1992
Padova,large,028060,206496,1993-05-24,1993-05-26,3,30.4,29.3,1993
Padova,large,028060,206496,1993-08-02,1993-08-05,4,35.3,34.2,1993
Padova,large,028060,206496,1993-08-13,1993-08-16,4,34.8,33.6,1993
Padova,large,028060,206496,1993-08-20,1993-08-23,4,34.5,33.8,1993
Padova,large,028060,206496,1994-06-28,1994-06-30,3,31.8,31.4,1994
Padova,large,028060,206496,1994-07-02,1994-07-04,3,33.6,33.3,1994
Padova,large,028060,206496,1994-07-30,1994-08-06,8,35.0,34.1,1994
Padova,large,028060,206496,1994-08-08,1994-08-10,3,33.3,33.1,1994
Padova,large,028060,206496,1996-06-06,1996-06-12,7,33.3,31.7,1996
Padova,large,028060,206496,1998-08-08,1998-08-12,5,35.7,34.9,1998
Padova,large,028060,206496,1998-08-14,1998-08-16,3,33.3,33.1,1998
Padova,large,028060,206496,2000-06-02,2000-06-05,4,30.8,30.1,2000
Padova,large,028060,206496,2000-06-19,2000-06-22,4,33.3,32.8,2000
Padova,large,028060,206496,2000-07-01,2000-07-06,6,35.4,32.8,2000
Padova,large,028060,206496,2000-08-14,2000-08-24,11,35.4,34.3,2000
Padova,large,028060,206496,2001-05-27,2001-05-30,4,30.3,29.5,2001
Padova,large,028060,206496,2001-08-25,2001-08-28,4,34.5,32.8,2001
Padova,large,028060,206496,2002-06-14,2002-06-23,10,32.7,31.4,2002
Padova,large,028060,206496,2003-05-27,2003-05-30,4,29.7,29.1,2003
Padova,large,028060,206496,2003-06-04,2003-06-16,13,35.6,32.7,2003
Padova,large,028060,206496,2003-06-22,2003-06-24,3,34.6,34.2,2003
Padova,large,028060,206496,2003-07-19,2003-07-22,4,35.7,34.4,2003
Padova,large,028060,206496,2003-07-25,2003-07-27,3,34.0,33.5,2003
Padova,large,028060,206496,2003-08-01,2003-08-14,14,37.4,35.6,2003
Padova,large,028060,206496,2003-08-16,2003-08-23,8,34.2,33.2,2003
Padova,large,028060,206496,2004-06-08,2004-06-10,3,31.5,31.0,2004
Padova,large,028060,206496,2004-07-20,2004-07-22,3,35.2,34.2,2004
Padova,large,028060,206496,2005-05-26,2005-05-29,4,31.4,29.8,2005
Padova,large,028060,206496,2005-06-20,2005-06-29,10,33.2,32.4,2005
Padova,large,028060,206496,2005-07-27,2005-07-29,3,34.9,34.5,2005
Padova,large,028060,206496,2006-06-14,2006-06-21,8,32.8,31.2,2006
Padova,large,028060,206496,2006-06-23,2006-06-27,5,33.4,32.6,2006
Padova,large,028060,206496,2006-07-18,2006-07-27,10,35.6,34.4,2006
Padova,large,028060,206496,2007-05-21,2007-05-24,4,30.5,29.7,2007
Padova,large,028060,206496,2007-07-16,2007-07-20,5,34.5,33.7,2007
Padova,large,028060,206496,2008-06-23,2008-06-25,3,31.4,31.1,2008
Padova,large,028060,206496,2009-05-20,2009-05-25,6,33.2,30.3,2009
Padova,large,028060,206496,2009-08-16,2009-08-20,5,34.1,33.1,2009
Padova,large,028060,206496,2010-07-14,2010-07-16,3,33.5,32.9,2010
Padova,large,028060,206496,2011-05-22,2011-05-26,5,29.5,28.8,2011
Padova,large,028060,206496,2011-08-17,2011-08-26,10,36.7,35.4,2011
Padova,large,028060,206496,2012-06-17,2012-06-21,5,33.3,32.3,2012
Padova,large,028060,206496,2012-06-27,2012-07-02,6,37.1,34.0,2012
Padova,large,028060,206496,2012-07-06,2012-07-10,5,34.2,32.9,2012
Padova,large,028060,206496,2012-07-26,2012-07-28,3,34.3,33.9,2012
Padova,large,028060,206496,2012-07-31,2012-08-05,6,34.7,33.7,2012
Padova,large,028060,206496,2012-08-17,2012-08-24,8,37.3,35.4,2012
Padova,large,028060,206496,2013-06-17,2013-06-19,3,31.0,30.8,2013
Padova,large,028060,206496,2013-08-01,2013-08-07,7,34.5,34.0,2013
Padova,large,028060,206496,2014-06-07,2014-06-12,6,33.3,31.8,2014
Padova,large,028060,206496,2015-06-02,2015-06-07,6,30.8,30.1,2015
Padova,large,028060,206496,2015-06-10,2015-06-12,3,30.3,30.1,2015
Padova,large,028060,206496,2015-07-02,2015-07-07,6,33.8,32.7,2015
Padova,large,028060,206496,2015-07-14,2015-07-24,11,36.4,34.5,2015
Padova,large,028060,206496,2015-08-04,2015-08-13,10,35.6,34.5,2015
Padova,large,028060,206496,2015-08-28,2015-08-31,4,32.5,32.0,2015
Padova,large,028060,206496,2016-09-11,2016-09-13,3,30.8,30.4,2016
Padova,large,028060,206496,2017-05-27,2017-05-29,3,29.8,29.4,2017
Padova,large,028060,206496,2017-06-19,2017-06-23,5,36.6,34.4,2017
Padova,large,028060,206496,2017-07-05,2017-07-10,6,33.3,33.0,2017
Padova,large,028060,206496,2017-07-17,2017-07-19,3,33.8,33.0,2017
Padova,large,028060,206496,2017-07-30,2017-08-05,7,39.1,36.8,2017
Padova,large,028060,206496,2017-08-25,2017-08-27,3,34.4,33.0,2017
Padova,large,028060,206496,2018-07-29,2018-07-31,3,34.2,34.0,2018
Padova,large,028060,206496,2018-08-03,2018-08-06,4,33.6,33.2,2018
Padova,large,028060,206496,2018-08-18,2018-08-22,5,33.3,32.8,2018
Padova,large,028060,206496,2019-06-23,2019-06-27,5,37.0,33.1,2019
Padova,large,028060,206496,2019-06-29,2019-07-02,4,33.2,32.3,2019
Padova,large,028060,206496,2019-07-04,2019-07-06,3,33.2,32.5,2019
Padova,large,028060,206496,2019-07-21,2019-07-25,5,36.8,35.1,2019
Padova,large,028060,206496,2020-07-27,2020-07-31,5,36.1,34.9,2020
Padova,large,028060,206496,2020-09-11,2020-09-16,6,31.6,30.6,2020
Padova,large,028060,206496,2021-06-18,2021-06-23,6,32.7,31.9,2021
Padova,large,028060,206496,2021-08-10,2021-08-15,6,35.8,34.5,2021
Padova,large,028060,206496,2022-06-03,2022-06-05,3,30.3,29.8,2022
Padova,large,028060,206496,2022-06-14,2022-06-20,7,34.2,32.0,2022
Padova,large,028060,206496,2022-06-22,2022-06-27,6,32.6,31.9,2022
Padova,large,028060,206496,2022-07-01,2022-07-05,5,34.8,33.4,2022
Padova,large,028060,206496,2022-07-12,2022-07-15,4,33.2,32.8,2022
Padova,large,028060,206496,2022-07-18,2022-07-25,8,37.4,35.5,2022
Padova,large,028060,206496,2022-08-02,2022-08-05,4,35.8,34.5,2022
Padova,large,028060,206496,2023-06-19,2023-06-21,3,33.0,32.2,2023
Padova,large,028060,206496,2023-07-08,2023-07-10,3,34.2,33.5,2023
Padova,large,028060,206496,2023-07-14,2023-07-19,6,36.4,34.5,2023
Padova,large,028060,206496,2023-08-18,2023-08-26,9,37.4,35.5,2023
Padova,large,028060,206496,2024-07-08,2024-07-10,3,33.6,33.1,2024
Padova,large,028060,206496,2024-07-15,2024-07-18,4,33.4,32.9,2024
Padova,large,028060,206496,2024-08-09,2024-08-16,8,35.2,33.6,2024
Padova,large,028060,206496,2024-08-23,2024-09-03,12,34.2,32.8,2024
Padova,large,028060,206496,2025-05-31,2025-06-02,3,29.3,29.0,2025
Padova,large,028060,206496,2025-06-05,2025-06-07,3,30.2,29.7,2025
Padova,large,028060,206496,2025-06-09,2025-06-14,6,33.7,31.7,2025
Padova,large,028060,206496,2025-06-22,2025-07-03,12,35.1,33.7,2025
Padova,large,028060,206496,2025-08-08,2025-08-16,9,35.6,34.1,2025
Albignasego,medium,028003,26890,1983-07-17,1983-07-19,3,33.7,33.1,1983
Albignasego,medium,028003,26890,1983-07-25,1983-07-29,5,37.9,35.4,1983
Albignasego,medium,028003,26890,1985-08-13,1985-08-15,3,32.9,32.7,1985
Albignasego,medium,028003,26890,1987-09-15,1987-09-19,5,31.2,30.4,1987
Albignasego,medium,028003,26890,1988-08-13,1988-08-15,3,33.5,32.8,1988
Albignasego,medium,028003,26890,1992-08-05,1992-08-07,3,34.1,33.7,1992
Albignasego,medium,028003,26890,1992-08-18,1992-08-20,3,33.2,32.8,1992
Albignasego,medium,028003,26890,1993-05-24,1993-05-26,3,30.5,29.3,1993
Albignasego,medium,028003,26890,1993-08-02,1993-08-05,4,35.4,34.3,1993
Albignasego,medium,028003,26890,1993-08-13,1993-08-16,4,34.9,33.7,1993
Albignasego,medium,028003,26890,1993-08-20,1993-08-23,4,34.6,33.9,1993
Albignasego,medium,028003,26890,1994-06-28,1994-06-30,3,31.9,31.4,1994
Albignasego,medium,028003,26890,1994-07-02,1994-07-04,3,33.7,33.4,1994
Albignasego,medium,028003,26890,1994-07-30,1994-08-06,8,35.1,34.2,1994
Albignasego,medium,028003,26890,1994-08-08,1994-08-10,3,33.4,33.1,1994
Albignasego,medium,028003,26890,1996-06-06,1996-06-12,7,33.4,31.8,1996
Albignasego,medium,028003,26890,1998-08-08,1998-08-12,5,35.8,35.0,1998
Albignasego,medium,028003,26890,1998-08-14,1998-08-16,3,33.4,33.2,1998
Albignasego,medium,028003,26890,2000-06-02,2000-06-05,4,30.9,30.2,2000
Albignasego,medium,028003,26890,2000-06-19,2000-06-22,4,33.4,32.9,2000
Albignasego,medium,028003,26890,2000-07-01,2000-07-06,6,35.5,32.8,2000
Albignasego,medium,028003,26890,2000-08-14,2000-08-24,11,35.5,34.4,2000
Albignasego,medium,028003,26890,2001-05-27,2001-05-30,4,30.4,29.6,2001
Albignasego,medium,028003,26890,2001-08-25,2001-08-28,4,34.6,32.9,2001
Albignasego,medium,028003,26890,2002-06-14,2002-06-23,10,32.8,31.4,2002
Albignasego,medium,028003,26890,2003-05-27,2003-05-30,4,29.8,29.2,2003
Albignasego,medium,028003,26890,2003-06-04,2003-06-16,13,35.7,32.8,2003
Albignasego,medium,028003,26890,2003-06-22,2003-06-24,3,34.7,34.3,2003
Albignasego,medium,028003,26890,2003-07-19,2003-07-22,4,35.8,34.5,2003
Albignasego,medium,028003,26890,2003-07-25,2003-07-27,3,34.1,33.6,2003
Albignasego,medium,028003,26890,2003-08-01,2003-08-14,14,37.5,35.7,2003
Albignasego,medium,028003,26890,2003-08-16,2003-08-23,8,34.3,33.3,2003
Albignasego,medium,028003,26890,2004-06-08,2004-06-10,3,31.6,31.1,2004
Albignasego,medium,028003,26890,2004-07-20,2004-07-22,3,35.3,34.3,2004
Albignasego,medium,028003,26890,2005-05-26,2005-05-29,4,31.5,29.9,2005
Albignasego,medium,028003,26890,2005-06-20,2005-06-29,10,33.3,32.4,2005
Albignasego,medium,028003,26890,2005-07-27,2005-07-29,3,35.0,34.5,2005
Albignasego,medium,028003,26890,2006-06-14,2006-06-21,8,32.9,31.3,2006
Albignasego,medium,028003,26890,2006-06-23,2006-06-27,5,33.5,32.7,2006
Albignasego,medium,028003,26890,2006-07-18,2006-07-27,10,35.7,34.5,2006
Albignasego,medium,028003,26890,2007-05-21,2007-05-24,4,30.6,29.8,2007
Albignasego,medium,028003,26890,2007-07-16,2007-07-20,5,34.6,33.8,2007
Albignasego,medium,028003,26890,2008-06-23,2008-06-25,3,31.5,31.2,2008
Albignasego,medium,028003,26890,2009-05-20,2009-05-25,6,33.3,30.4,2009
Albignasego,medium,028003,26890,2009-08-16,2009-08-20,5,34.2,33.1,2009
Albignasego,medium,028003,26890,2010-07-14,2010-07-16,3,33.6,33.0,2010
Albignasego,medium,028003,26890,2011-05-22,2011-05-26,5,29.6,28.9,2011
Albignasego,medium,028003,26890,2011-08-17,2011-08-26,10,36.8,35.4,2011
Albignasego,medium,028003,26890,2012-06-17,2012-06-21,5,33.4,32.4,2012
Albignasego,medium,028003,26890,2012-06-27,2012-07-02,6,37.2,34.1,2012
Albignasego,medium,028003,26890,2012-07-06,2012-07-10,5,34.3,33.0,2012
Albignasego,medium,028003,26890,2012-07-26,2012-07-28,3,34.4,34.0,2012
Albignasego,medium,028003,26890,2012-07-31,2012-08-05,6,34.8,33.8,2012
Albignasego,medium,028003,26890,2012-08-17,2012-08-24,8,37.4,35.5,2012
Albignasego,medium,028003,26890,2013-06-17,2013-06-19,3,31.1,30.9,2013
Albignasego,medium,028003,26890,2013-08-01,2013-08-07,7,34.6,34.1,2013
Albignasego,medium,028003,26890,2014-06-07,2014-06-12,6,33.4,31.9,2014
Albignasego,medium,028003,26890,2015-06-02,2015-06-07,6,30.9,30.1,2015
Albignasego,medium,028003,26890,2015-06-10,2015-06-12,3,30.4,30.1,2015
Albignasego,medium,028003,26890,2015-07-02,2015-07-07,6,33.9,32.8,2015
Albignasego,medium,028003,26890,2015-07-14,2015-07-24,11,36.5,34.6,2015
Albignasego,medium,028003,26890,2015-08-04,2015-08-13,10,35.7,34.6,2015
Albignasego,medium,028003,26890,2015-08-28,2015-08-31,4,32.6,32.1,2015
Albignasego,medium,028003,26890,2016-09-11,2016-09-13,3,30.9,30.4,2016
Albignasego,medium,028003,26890,2017-05-26,2017-06-02,8,30.4,29.6,2017
Albignasego,medium,028003,26890,2017-06-10,2017-06-13,4,32.5,31.0,2017
Albignasego,medium,028003,26890,2017-06-18,2017-06-23,6,36.7,34.3,2017
Albignasego,medium,028003,26890,2017-07-05,2017-07-10,6,34.3,33.8,2017
Albignasego,medium,028003,26890,2017-07-17,2017-07-19,3,33.8,33.4,2017
Albignasego,medium,028003,26890,2017-07-30,2017-08-05,7,39.4,37.3,2017
Albignasego,medium,028003,26890,2018-07-29,2018-07-31,3,35.0,34.5,2018
Albignasego,medium,028003,26890,2018-08-02,2018-08-06,5,33.9,33.5,2018
Albignasego,medium,028003,26890,2018-08-18,2018-08-23,6,33.6,32.9,2018
Albignasego,medium,028003,26890,2019-06-23,2019-06-27,5,37.4,33.4,2019
Albignasego,medium,028003,26890,2019-06-29,2019-07-02,4,33.4,32.6,2019
Albignasego,medium,028003,26890,2019-07-04,2019-07-06,3,33.2,32.4,2019
Albignasego,medium,028003,26890,2019-07-21,2019-07-25,5,37.2,35.6,2019
Albignasego,medium,028003,26890,2020-07-27,2020-07-31,5,36.8,35.6,2020
Albignasego,medium,028003,26890,2020-09-11,2020-09-16,6,32.1,30.9,2020
Albignasego,medium,028003,26890,2021-06-18,2021-06-23,6,33.2,32.2,2021
Albignasego,medium,028003,26890,2021-08-10,2021-08-15,6,35.8,34.7,2021
Albignasego,medium,028003,26890,2022-05-14,2022-05-16,3,28.9,28.6,2022
Albignasego,medium,028003,26890,2022-05-19,2022-05-24,6,29.0,28.5,2022
Albignasego,medium,028003,26890,2022-06-03,2022-06-05,3,30.6,30.3,2022
Albignasego,medium,028003,26890,2022-06-14,2022-06-20,7,34.7,32.5,2022
Albignasego,medium,028003,26890,2022-06-22,2022-06-27,6,33.2,32.4,2022
Albignasego,medium,028003,26890,2022-07-01,2022-07-05,5,35.4,33.8,2022
Albignasego,medium,028003,26890,2022-07-12,2022-07-15,4,33.7,33.1,2022
Albignasego,medium,028003,26890,2022-07-17,2022-07-25,9,37.8,35.5,2022
Albignasego,medium,028003,26890,2022-08-02,2022-08-05,4,36.2,35.0,2022
Albignasego,medium,028003,26890,2023-06-19,2023-06-21,3,33.6,32.4,2023
Albignasego,medium,028003,26890,2023-07-08,2023-07-11,4,35.1,33.8,2023
Albignasego,medium,028003,26890,2023-07-14,2023-07-19,6,36.8,35.1,2023
Albignasego,medium,028003,26890,2023-08-12,2023-08-26,15,37.6,34.6,2023
Albignasego,medium,028003,26890,2024-07-08,2024-07-10,3,33.6,33.2,2024
Albignasego,medium,028003,26890,2024-07-15,2024-07-18,4,33.8,33.2,2024
Albignasego,medium,028003,26890,2024-08-09,2024-08-16,8,35.2,33.7,2024
Albignasego,medium,028003,26890,2024-08-23,2024-09-03,12,34.4,32.9,2024
Albignasego,medium,028003,26890,2025-05-31,2025-06-03,4,29.8,29.3,2025
Albignasego,medium,028003,26890,2025-06-05,2025-06-07,3,31.0,30.4,2025
Albignasego,medium,028003,26890,2025-06-09,2025-06-14,6,34.8,32.4,2025
Albignasego,medium,028003,26890,2025-06-21,2025-07-03,13,36.7,34.4,2025
Albignasego,medium,028003,26890,2025-08-08,2025-08-16,9,36.8,35.2,2025
Noventa Padovana,small,028058,11468,1983-07-17,1983-07-19,3,33.3,32.8,1983
Noventa Padovana,small,028058,11468,1983-07-25,1983-07-28,4,37.3,35.4,1983
Noventa Padovana,small,028058,11468,1985-08-13,1985-08-15,3,32.6,32.4,1985
Noventa Padovana,small,028058,11468,1987-09-15,1987-09-19,5,30.6,29.9,1987
Noventa Padovana,small,028058,11468,1988-08-13,1988-08-15,3,33.1,32.5,1988
Noventa Padovana,small,028058,11468,1992-08-05,1992-08-07,3,33.6,33.2,1992
Noventa Padovana,small,028058,11468,1992-08-18,1992-08-20,3,32.7,32.3,1992
Noventa Padovana,small,028058,11468,1993-06-05,1993-06-07,3,29.1,28.8,1993
Noventa Padovana,small,028058,11468,1993-08-02,1993-08-05,4,35.0,33.9,1993
Noventa Padovana,small,028058,11468,1993-08-13,1993-08-16,4,34.4,33.3,1993
Noventa Padovana,small,028058,11468,1993-08-20,1993-08-23,4,34.1,33.5,1993
Noventa Padovana,small,028058,11468,1994-07-02,1994-07-04,3,33.1,32.7,1994
Noventa Padovana,small,028058,11468,1994-07-31,1994-08-06,7,34.6,33.9,1994
Noventa Padovana,small,028058,11468,1994-08-08,1994-08-10,3,33.1,32.8,1994
Noventa Padovana,small,028058,11468,1996-06-06,1996-06-12,7,33.0,31.4,1996
Noventa Padovana,small,028058,11468,1998-08-01,1998-08-03,3,33.7,33.3,1998
Noventa Padovana,small,028058,11468,1998-08-08,1998-08-12,5,35.3,34.4,1998
Noventa Padovana,small,028058,11468,1998-08-14,1998-08-16,3,33.1,32.8,1998
Noventa Padovana,small,028058,11468,2000-06-02,2000-06-05,4,30.4,29.8,2000
Noventa Padovana,small,028058,11468,2000-06-19,2000-06-22,4,33.3,32.8,2000
Noventa Padovana,small,028058,11468,2000-07-01,2000-07-04,4,35.1,32.7,2000
Noventa Padovana,small,028058,11468,2000-08-13,2000-08-24,12,35.4,34.0,2000
Noventa Padovana,small,028058,11468,2001-05-27,2001-05-30,4,30.1,29.3,2001
Noventa Padovana,small,028058,11468,2001-08-25,2001-08-28,4,34.2,32.5,2001
Noventa Padovana,small,028058,11468,2002-06-14,2002-06-23,10,32.5,31.1,2002
Noventa Padovana,small,028058,11468,2003-05-27,2003-05-30,4,29.6,28.9,2003
Noventa Padovana,small,028058,11468,2003-06-04,2003-06-16,13,35.2,32.4,2003
Noventa Padovana,small,028058,11468,2003-06-22,2003-06-24,3,34.3,34.0,2003
Noventa Padovana,small,028058,11468,2003-07-19,2003-07-22,4,35.4,34.1,2003
Noventa Padovana,small,028058,11468,2003-07-25,2003-07-27,3,33.7,33.2,2003
Noventa Padovana,small,028058,11468,2003-08-01,2003-08-14,14,36.9,35.2,2003
Noventa Padovana,small,028058,11468,2003-08-16,2003-08-23,8,34.0,33.0,2003
Noventa Padovana,small,028058,11468,2004-06-08,2004-06-10,3,31.1,30.6,2004
Noventa Padovana,small,028058,11468,2004-07-20,2004-07-22,3,34.8,33.9,2004
Noventa Padovana,small,028058,11468,2005-05-27,2005-05-29,3,31.1,30.2,2005
Noventa Padovana,small,028058,11468,2005-06-20,2005-06-29,10,33.0,32.0,2005
Noventa Padovana,small,028058,11468,2005-07-27,2005-07-29,3,34.4,34.0,2005
Noventa Padovana,small,028058,11468,2006-06-18,2006-06-21,4,31.9,31.4,2006
Noventa Padovana,small,028058,11468,2006-06-23,2006-06-27,5,32.8,32.0,2006
Noventa Padovana,small,028058,11468,2006-07-09,2006-07-11,3,32.2,31.8,2006
Noventa Padovana,small,028058,11468,2006-07-18,2006-07-27,10,35.2,34.1,2006
Noventa Padovana,small,028058,11468,2007-05-21,2007-05-24,4,29.9,29.4,2007
Noventa Padovana,small,028058,11468,2007-07-16,2007-07-20,5,34.1,33.1,2007
Noventa Padovana,small,028058,11468,2008-06-23,2008-06-25,3,31.1,30.9,2008
Noventa Padovana,small,028058,11468,2009-05-20,2009-05-25,6,32.6,29.9,2009
Noventa Padovana,small,028058,11468,2009-08-16,2009-08-20,5,33.7,32.8,2009
Noventa Padovana,small,028058,11468,2010-07-14,2010-07-16,3,33.5,32.9,2010
Noventa Padovana,small,028058,11468,2011-05-22,2011-05-25,4,29.3,28.7,2011
Noventa Padovana,small,028058,11468,2011-07-08,2011-07-12,5,32.5,31.7,2011
Noventa Padovana,small,028058,11468,2011-08-17,2011-08-26,10,36.2,35.0,2011
Noventa Padovana,small,028058,11468,2012-06-17,2012-06-21,5,32.7,31.8,2012
Noventa Padovana,small,028058,11468,2012-06-27,2012-07-02,6,36.6,33.5,2012
Noventa Padovana,small,028058,11468,2012-07-06,2012-07-10,5,34.0,32.8,2012
Noventa Padovana,small,028058,11468,2012-07-26,2012-07-28,3,33.9,33.6,2012
Noventa Padovana,small,028058,11468,2012-07-31,2012-08-05,6,34.7,33.5,2012
Noventa Padovana,small,028058,11468,2012-08-17,2012-08-24,8,36.9,35.0,2012
Noventa Padovana,small,028058,11468,2013-06-17,2013-06-19,3,30.8,30.6,2013
Noventa Padovana,small,028058,11468,2013-08-01,2013-08-07,7,34.2,33.7,2013
Noventa Padovana,small,028058,11468,2014-06-07,2014-06-12,6,33.1,31.6,2014
Noventa Padovana,small,028058,11468,2015-06-02,2015-06-07,6,30.8,29.9,2015
Noventa Padovana,small,028058,11468,2015-06-10,2015-06-12,3,30.1,29.8,2015
Noventa Padovana,small,028058,11468,2015-07-02,2015-07-07,6,33.7,32.4,2015
Noventa Padovana,small,028058,11468,2015-07-14,2015-07-24,11,36.0,34.2,2015
Noventa Padovana,small,028058,11468,2015-08-04,2015-08-13,10,35.3,34.2,2015
Noventa Padovana,small,028058,11468,2015-08-28,2015-08-31,4,32.0,31.6,2015
Noventa Padovana,small,028058,11468,2016-06-22,2016-06-24,3,31.7,30.9,2016
Noventa Padovana,small,028058,11468,2016-09-11,2016-09-13,3,30.6,30.2,2016
Noventa Padovana,small,028058,11468,2017-05-27,2017-05-29,3,28.8,28.4,2017
Noventa Padovana,small,028058,11468,2017-05-31,2017-06-02,3,28.8,28.7,2017
Noventa Padovana,small,028058,11468,2017-06-11,2017-06-13,3,30.2,29.9,2017
Noventa Padovana,small,028058,11468,2017-06-19,2017-06-23,5,36.0,34.0,2017
Noventa Padovana,small,028058,11468,2017-07-06,2017-07-10,5,34.3,32.8,2017
Noventa Padovana,small,028058,11468,2017-07-30,2017-08-05,7,38.4,36.1,2017
Noventa Padovana,small,028058,11468,2017-08-25,2017-08-27,3,35.1,32.8,2017
Noventa Padovana,small,028058,11468,2018-07-29,2018-07-31,3,35.0,34.8,2018
Noventa Padovana,small,028058,11468,2018-08-02,2018-08-08,7,34.0,33.3,2018
Noventa Padovana,small,028058,11468,2018-08-17,2018-08-23,7,33.2,32.5,2018
Noventa Padovana,small,028058,11468,2019-06-23,2019-06-27,5,37.4,33.0,2019
Noventa Padovana,small,028058,11468,2019-06-29,2019-07-02,4,32.5,32.0,2019
Noventa Padovana,small,028058,11468,2019-07-04,2019-07-06,3,33.0,32.0,2019
Noventa Padovana,small,028058,11468,2019-07-21,2019-07-25,5,36.4,35.0,2019
Noventa Padovana,small,028058,11468,2020-07-27,2020-07-31,5,37.0,35.4,2020
Noventa Padovana,small,028058,11468,2020-09-11,2020-09-16,6,31.9,30.4,2020
Noventa Padovana,small,028058,11468,2021-06-18,2021-06-23,6,33.2,32.2,2021
Noventa Padovana,small,028058,11468,2021-06-26,2021-06-30,5,32.0,31.4,2021
Noventa Padovana,small,028058,11468,2021-08-10,2021-08-15,6,35.6,34.4,2021
Noventa Padovana,small,028058,11468,2022-05-14,2022-05-16,3,29.5,29.1,2022
Noventa Padovana,small,028058,11468,2022-06-03,2022-06-05,3,30.8,30.1,2022
Noventa Padovana,small,028058,11468,2022-06-14,2022-06-27,14,34.4,32.2,2022
Noventa Padovana,small,028058,11468,2022-06-29,2022-07-05,7,35.5,33.5,2022
Noventa Padovana,small,028058,11468,2022-07-12,2022-07-15,4,33.4,32.9,2022
Noventa Padovana,small,028058,11468,2022-07-17,2022-07-25,9,37.4,35.1,2022
Noventa Padovana,small,028058,11468,2022-08-02,2022-08-05,4,36.1,35.0,2022
Noventa Padovana,small,028058,11468,2023-06-18,2023-06-21,4,33.0,32.0,2023
Noventa Padovana,small,028058,11468,2023-07-07,2023-07-11,5,35.4,33.4,2023
Noventa Padovana,small,028058,11468,2023-07-14,2023-07-19,6,37.2,34.9,2023
Noventa Padovana,small,028058,11468,2023-08-14,2023-08-16,3,33.0,32.6,2023
Noventa Padovana,small,028058,11468,2023-08-18,2023-08-26,9,37.4,35.3,2023
Noventa Padovana,small,028058,11468,2024-07-08,2024-07-10,3,33.6,33.0,2024
Noventa Padovana,small,028058,11468,2024-07-14,2024-07-18,5,34.2,33.2,2024
Noventa Padovana,small,028058,11468,2024-08-09,2024-08-16,8,35.3,33.7,2024
Noventa Padovana,small,028058,11468,2024-08-22,2024-08-25,4,33.2,32.2,2024
Noventa Padovana,small,028058,11468,2024-08-27,2024-09-03,8,34.2,33.1,2024
Noventa Padovana,small,028058,11468,2025-06-05,2025-06-07,3,30.2,29.7,2025
Noventa Padovana,small,028058,11468,2025-06-10,2025-06-14,5,33.4,31.4,2025
Noventa Padovana,small,028058,11468,2025-06-22,2025-07-03,12,35.2,33.0,2025
Noventa Padovana,small,028058,11468,2025-08-08,2025-08-16,9,35.8,34.4,2025
Battaglia Terme,rural,028011,3766,1982-06-04,1982-06-06,3,30.4,29.8,1982
Battaglia Terme,rural,028011,3766,1983-07-25,1983-07-28,4,38.2,36.7,1983
Battaglia Terme,rural,028011,3766,1987-09-15,1987-09-19,5,32.0,31.1,1987
Battaglia Terme,rural,028011,3766,1988-08-13,1988-08-15,3,34.2,33.5,1988
Battaglia Terme,rural,028011,3766,1992-07-30,1992-08-02,4,33.9,33.8,1992
Battaglia Terme,rural,028011,3766,1992-08-05,1992-08-08,4,35.0,34.3,1992
Battaglia Terme,rural,028011,3766,1992-08-18,1992-08-20,3,34.1,33.7,1992
Battaglia Terme,rural,028011,3766,1992-08-26,1992-08-28,3,32.8,32.3,1992
Battaglia Terme,rural,028011,3766,1993-05-24,1993-05-26,3,31.2,29.8,1993
Battaglia Terme,rural,028011,3766,1993-08-02,1993-08-05,4,36.0,34.9,1993
Battaglia Terme,rural,028011,3766,1993-08-13,1993-08-16,4,35.3,34.1,1993
Battaglia Terme,rural,028011,3766,1993-08-20,1993-08-23,4,35.1,34.4,1993
Battaglia Terme,rural,028011,3766,1994-06-28,1994-07-04,7,34.8,33.1,1994
Battaglia Terme,rural,028011,3766,1994-07-30,1994-08-06,8,35.6,34.7,1994
Battaglia Terme,rural,028011,3766,1996-06-06,1996-06-12,7,34.0,32.5,1996
Battaglia Terme,rural,028011,3766,1998-08-08,1998-08-12,5,36.5,35.9,1998
Battaglia Terme,rural,028011,3766,1998-08-14,1998-08-16,3,34.1,33.9,1998
Battaglia Terme,rural,028011,3766,1999-07-02,1999-07-05,4,32.7,32.5,1999
Battaglia Terme,rural,028011,3766,2000-06-02,2000-06-05,4,31.6,30.9,2000
Battaglia Terme,rural,028011,3766,2000-06-19,2000-06-22,4,33.5,33.2,2000
Battaglia Terme,rural,028011,3766,2000-07-01,2000-07-04,4,35.9,33.7,2000
Battaglia Terme,rural,028011,3766,2000-08-14,2000-08-24,11,35.8,34.7,2000
Battaglia Terme,rural,028011,3766,2001-05-27,2001-05-30,4,30.7,30.1,2001
Battaglia Terme,rural,028011,3766,2001-08-25,2001-08-28,4,35.0,33.5,2001
Battaglia Terme,rural,028011,3766,2002-06-14,2002-06-23,10,33.9,32.3,2002
Battaglia Terme,rural,028011,3766,2003-05-06,2003-05-08,3,30.4,29.1,2003
Battaglia Terme,rural,028011,3766,2003-05-27,2003-05-30,4,30.2,29.7,2003
Battaglia Terme,rural,028011,3766,2003-06-04,2003-06-16,13,36.4,33.4,2003
Battaglia Terme,rural,028011,3766,2003-06-22,2003-06-24,3,35.0,34.8,2003
Battaglia Terme,rural,028011,3766,2003-07-19,2003-07-22,4,36.1,35.1,2003
Battaglia Terme,rural,028011,3766,2003-07-25,2003-07-27,3,34.6,34.2,2003
Battaglia Terme,rural,028011,3766,2003-08-01,2003-08-14,14,38.1,36.3,2003
Battaglia Terme,rural,028011,3766,2003-08-17,2003-08-23,7,34.8,33.8,2003
Battaglia Terme,rural,028011,3766,2004-06-08,2004-06-10,3,32.5,31.8,2004
Battaglia Terme,rural,028011,3766,2004-07-20,2004-07-22,3,35.8,34.9,2004
Battaglia Terme,rural,028011,3766,2005-05-26,2005-05-29,4,32.0,30.5,2005
Battaglia Terme,rural,028011,3766,2005-06-20,2005-06-29,10,34.0,33.3,2005
Battaglia Terme,rural,028011,3766,2005-07-27,2005-07-29,3,35.5,35.1,2005
Battaglia Terme,rural,028011,3766,2006-06-14,2006-06-21,8,34.4,32.6,2006
Battaglia Terme,rural,028011,3766,2006-06-23,2006-06-27,5,34.7,33.7,2006
Battaglia Terme,rural,028011,3766,2006-07-18,2006-07-27,10,36.3,35.0,2006
Battaglia Terme,rural,028011,3766,2007-05-20,2007-05-24,5,31.6,30.2,2007
Battaglia Terme,rural,028011,3766,2007-07-15,2007-07-20,6,35.9,34.9,2007
Battaglia Terme,rural,028011,3766,2009-05-20,2009-05-25,6,33.9,31.0,2009
Battaglia Terme,rural,028011,3766,2009-07-21,2009-07-23,3,34.7,33.9,2009
Battaglia Terme,rural,028011,3766,2009-08-16,2009-08-20,5,34.9,33.8,2009
Battaglia Terme,rural,028011,3766,2011-05-22,2011-05-26,5,29.9,29.5,2011
Battaglia Terme,rural,028011,3766,2011-08-17,2011-08-26,10,37.2,35.9,2011
Battaglia Terme,rural,028011,3766,2012-06-16,2012-06-21,6,35.1,33.2,2012
Battaglia Terme,rural,028011,3766,2012-06-27,2012-07-02,6,37.9,35.1,2012
Battaglia Terme,rural,028011,3766,2012-07-07,2012-07-10,4,34.9,34.1,2012
Battaglia Terme,rural,028011,3766,2012-07-26,2012-07-28,3,35.1,34.8,2012
Battaglia Terme,rural,028011,3766,2012-07-31,2012-08-05,6,35.2,34.5,2012
Battaglia Terme,rural,028011,3766,2012-08-17,2012-08-24,8,38.1,36.2,2012
Battaglia Terme,rural,028011,3766,2013-06-17,2013-06-19,3,31.7,31.4,2013
Battaglia Terme,rural,028011,3766,2013-08-01,2013-08-07,7,35.4,34.7,2013
Battaglia Terme,rural,028011,3766,2014-06-07,2014-06-12,6,33.8,32.3,2014
Battaglia Terme,rural,028011,3766,2015-06-02,2015-06-07,6,31.2,30.6,2015
Battaglia Terme,rural,028011,3766,2015-06-10,2015-06-12,3,31.3,31.0,2015
Battaglia Terme,rural,028011,3766,2015-07-02,2015-07-07,6,34.8,33.7,2015
Battaglia Terme,rural,028011,3766,2015-07-14,2015-07-23,10,37.0,35.6,2015
Battaglia Terme,rural,028011,3766,2015-08-04,2015-08-09,6,35.7,35.0,2015
Battaglia Terme,rural,028011,3766,2015-08-11,2015-08-13,3,36.1,35.7,2015
Battaglia Terme,rural,028011,3766,2015-08-28,2015-08-31,4,33.1,32.7,2015
Battaglia Terme,rural,028011,3766,2016-09-11,2016-09-13,3,31.2,30.8,2016
Battaglia Terme,rural,028011,3766,2017-05-27,2017-05-29,3,30.4,29.6,2017
Battaglia Terme,rural,028011,3766,2017-06-11,2017-06-13,3,32.7,31.8,2017
Battaglia Terme,rural,028011,3766,2017-06-19,2017-06-23,5,36.0,34.8,2017
Battaglia Terme,rural,028011,3766,2017-07-05,2017-07-10,6,34.6,34.0,2017
Battaglia Terme,rural,028011,3766,2017-07-30,2017-08-05,7,39.5,37.5,2017
Battaglia Terme,rural,028011,3766,2018-07-29,2018-07-31,3,34.8,34.4,2018
Battaglia Terme,rural,028011,3766,2018-08-03,2018-08-07,5,34.1,33.8,2018
Battaglia Terme,rural,028011,3766,2018-08-19,2018-08-22,4,33.7,33.3,2018
Battaglia Terme,rural,028011,3766,2019-06-24,2019-06-27,4,37.8,34.2,2019
Battaglia Terme,rural,028011,3766,2019-06-29,2019-07-01,3,33.4,33.0,2019
Battaglia Terme,rural,028011,3766,2019-07-21,2019-07-25,5,37.2,35.6,2019
Battaglia Terme,rural,028011,3766,2020-07-27,2020-07-31,5,36.4,35.3,2020
Battaglia Terme,rural,028011,3766,2021-06-18,2021-06-23,6,33.1,32.2,2021
Battaglia Terme,rural,028011,3766,2021-08-11,2021-08-15,5,35.0,34.4,2021
Battaglia Terme,rural,028011,3766,2022-05-14,2022-05-16,3,29.0,28.6,2022
Battaglia Terme,rural,028011,3766,2022-05-19,2022-05-24,6,29.0,28.6,2022
Battaglia Terme,rural,028011,3766,2022-06-03,2022-06-05,3,30.1,30.0,2022
Battaglia Terme,rural,028011,3766,2022-06-14,2022-06-16,3,32.8,31.9,2022
Battaglia Terme,rural,028011,3766,2022-06-18,2022-06-20,3,34.1,33.2,2022
Battaglia Terme,rural,028011,3766,2022-06-25,2022-06-27,3,33.2,32.6,2022
Battaglia Terme,rural,028011,3766,2022-07-01,2022-07-04,4,35.2,34.0,2022
Battaglia Terme,rural,028011,3766,2022-07-18,2022-07-25,8,37.4,35.6,2022
Battaglia Terme,rural,028011,3766,2022-08-03,2022-08-05,3,35.8,35.4,2022
Battaglia Terme,rural,028011,3766,2023-07-08,2023-07-10,3,35.2,34.2,2023
Battaglia Terme,rural,028011,3766,2023-07-14,2023-07-18,5,36.3,35.3,2023
Battaglia Terme,rural,028011,3766,2023-08-18,2023-08-25,8,36.8,35.6,2023
Battaglia Terme,rural,028011,3766,2024-08-10,2024-08-13,4,34.8,34.4,2024
Battaglia Terme,rural,028011,3766,2024-08-27,2024-09-02,7,34.2,33.1,2024
Battaglia Terme,rural,028011,3766,2025-06-10,2025-06-14,5,33.3,31.3,2025
Battaglia Terme,rural,028011,3766,2025-06-22,2025-07-03,12,35.2,33.2,2025
Battaglia Terme,rural,028011,3766,2025-08-12,2025-08-16,5,35.0,34.2,2025
Trieste,large,032006,198417,1983-07-24,1983-07-31,8,32.7,31.8,1983
Trieste,large,032006,198417,1985-08-13,1985-08-15,3,32.3,32.0,1985
Trieste,large,032006,198417,1985-09-21,1985-09-23,3,29.0,28.6,1985
Trieste,large,032006,198417,1987-09-15,1987-09-18,4,28.9,28.7,1987
Trieste,large,032006,198417,1988-08-13,1988-08-15,3,32.6,32.2,1988
Trieste,large,032006,198417,1992-08-05,1992-08-08,4,33.8,33.0,1992
Trieste,large,032006,198417,1992-08-18,1992-08-20,3,33.1,32.6,1992
Trieste,large,032006,198417,1993-08-02,1993-08-04,3,33.0,32.5,1993
Trieste,large,032006,198417,1993-08-13,1993-08-16,4,32.8,32.1,1993
Trieste,large,032006,198417,1994-07-02,1994-07-04,3,30.6,30.4,1994
Trieste,large,032006,198417,1994-07-31,1994-08-06,7,34.2,33.0,1994
Trieste,large,032006,198417,1995-07-20,1995-07-22,3,31.3,31.2,1995
Trieste,large,032006,198417,1996-06-06,1996-06-11,6,31.7,29.8,1996
Trieste,large,032006,198417,1998-07-20,1998-07-24,5,32.3,31.8,1998
Trieste,large,032006,198417,1998-08-01,1998-08-03,3,33.1,32.6,1998
Trieste,large,032006,198417,1998-08-09,1998-08-12,4,34.5,33.0,1998
Trieste,large,032006,198417,1998-08-14,1998-08-17,4,32.3,31.9,1998
Trieste,large,032006,198417,2000-08-15,2000-08-24,10,33.3,32.2,2000
Trieste,large,032006,198417,2002-06-16,2002-06-23,8,31.9,31.1,2002
Trieste,large,032006,198417,2003-05-27,2003-05-29,3,29.3,28.8,2003
Trieste,large,032006,198417,2003-06-04,2003-06-18,15,35.7,31.6,2003
Trieste,large,032006,198417,2003-06-21,2003-06-27,7,31.4,30.6,2003
Trieste,large,032006,198417,2003-07-16,2003-07-23,8,33.3,32.0,2003
Trieste,large,032006,198417,2003-07-25,2003-07-27,3,33.7,33.1,2003
Trieste,large,032006,198417,2003-08-02,2003-08-13,12,35.7,33.7,2003
Trieste,large,032006,198417,2003-08-16,2003-08-18,3,32.1,31.9,2003
Trieste,large,032006,198417,2003-08-20,2003-08-23,4,32.3,31.9,2003
Trieste,large,032006,198417,2005-06-25,2005-06-28,4,30.8,30.4,2005
Trieste,large,032006,198417,2006-06-19,2006-06-28,10,33.1,30.6,2006
Trieste,large,032006,198417,2006-07-09,2006-07-13,5,32.3,31.8,2006
Trieste,large,032006,198417,2006-07-17,2006-07-27,11,35.7,33.5,2006
Trieste,large,032006,198417,2007-05-21,2007-05-24,4,29.2,29.1,2007
Trieste,large,032006,198417,2007-07-17,2007-07-20,4,34.5,33.0,2007
Trieste,large,032006,198417,2008-06-24,2008-06-26,3,31.2,30.4,2008
Trieste,large,032006,198417,2009-08-16,2009-08-19,4,31.9,31.6,2009
Trieste,large,032006,198417,2010-07-14,2010-07-16,3,34.0,32.5,2010
Trieste,large,032006,198417,2011-07-10,2011-07-12,3,32.0,31.4,2011
Trieste,large,032006,198417,2011-08-19,2011-08-26,8,33.6,32.4,2011
Trieste,large,032006,198417,2012-06-17,2012-06-21,5,30.4,30.0,2012
Trieste,large,032006,198417,2012-06-29,2012-07-01,3,33.8,31.9,2012
Trieste,large,032006,198417,2012-08-02,2012-08-04,3,31.9,31.8,2012
Trieste,large,032006,198417,2012-08-16,2012-08-24,9,34.0,32.8,2012
Trieste,large,032006,198417,2013-06-17,2013-06-19,3,30.3,29.9,2013
Trieste,large,032006,198417,2013-07-25,2013-07-28,4,33.4,32.3,2013
Trieste,large,032006,198417,2013-07-31,2013-08-08,9,35.5,33.9,2013
Trieste,large,032006,198417,2014-06-07,2014-06-12,6,32.5,30.9,2014
Trieste,large,032006,198417,2015-06-02,2015-06-08,7,31.0,29.9,2015
Trieste,large,032006,198417,2015-07-02,2015-07-07,6,32.6,32.0,2015
Trieste,large,032006,198417,2015-07-14,2015-07-23,10,36.2,34.0,2015
Trieste,large,032006,198417,2015-08-04,2015-08-13,10,34.9,33.7,2015
Trieste,large,032006,198417,2016-06-22,2016-06-24,3,32.0,31.0,2016
Trieste,large,032006,198417,2016-09-11,2016-09-13,3,29.5,29.1,2016
Trieste,large,032006,198417,2017-06-21,2017-06-24,4,32.5,30.5,2017
Trieste,large,032006,198417,2017-07-31,2017-08-05,6,35.8,33.6,2017
Trieste,large,032006,198417,2018-06-17,2018-06-19,3,30.2,29.9,2018
Trieste,large,032006,198417,2018-07-28,2018-08-08,12,35.1,33.3,2018
Trieste,large,032006,198417,2018-08-17,2018-08-22,6,33.6,32.8,2018
Trieste,large,032006,198417,2019-06-08,2019-06-11,4,32.5,30.3,2019
Trieste,large,032006,198417,2019-06-13,2019-06-17,5,31.3,29.7,2019
Trieste,large,032006,198417,2019-06-23,2019-07-02,10,34.7,32.5,2019
Trieste,large,032006,198417,2019-07-21,2019-07-24,4,33.2,32.5,2019
Trieste,large,032006,198417,2019-08-29,2019-09-01,4,33.6,31.4,2019
Trieste,large,032006,198417,2020-07-29,2020-07-31,3,33.2,32.6,2020
Trieste,large,032006,198417,2020-08-06,2020-08-08,3,32.7,32.0,2020
Trieste,large,032006,198417,2020-09-09,2020-09-16,8,30.6,29.6,2020
Trieste,large,032006,198417,2021-06-25,2021-06-28,4,31.8,30.8,2021
Trieste,large,032006,198417,2021-08-10,2021-08-15,6,33.2,32.4,2021
Trieste,large,032006,198417,2021-09-11,2021-09-13,3,29.4,28.7,2021
Trieste,large,032006,198417,2022-06-04,2022-06-06,3,30.8,30.1,2022
Trieste,large,032006,198417,2022-06-30,2022-07-05,6,34.1,32.7,2022
Trieste,large,032006,198417,2022-07-14,2022-07-27,14,35.4,33.1,2022
Trieste,large,032006,198417,2022-08-02,2022-08-05,4,35.8,33.1,2022
Trieste,large,032006,198417,2023-07-17,2023-07-19,3,34.8,32.7,2023
Trieste,large,032006,198417,2023-08-18,2023-08-25,8,35.1,33.7,2023
Trieste,large,032006,198417,2023-09-08,2023-09-10,3,29.7,29.0,2023
Trieste,large,032006,198417,2024-07-08,2024-07-11,4,33.8,33.0,2024
Trieste,large,032006,198417,2024-07-14,2024-07-18,5,35.7,34.4,2024
Trieste,large,032006,198417,2024-07-21,2024-07-23,3,32.3,31.9,2024
Trieste,large,032006,198417,2024-07-26,2024-07-29,4,32.5,32.0,2024
Trieste,large,032006,198417,2024-08-05,2024-08-15,11,34.8,33.2,2024
Trieste,large,032006,198417,2024-08-25,2024-09-04,11,34.3,32.4,2024
Trieste,large,032006,198417,2025-06-09,2025-06-15,7,32.4,30.9,2025
Trieste,large,032006,198417,2025-06-17,2025-06-21,5,31.8,30.6,2025
Trieste,large,032006,198417,2025-06-23,2025-07-05,13,34.6,32.6,2025
Trieste,large,032006,198417,2025-08-08,2025-08-16,9,38.2,35.3,2025
Monfalcone,medium,031012,29479,1983-07-26,1983-07-28,3,30.3,30.2,1983
Monfalcone,medium,031012,29479,1985-08-13,1985-08-15,3,30.8,30.6,1985
Monfalcone,medium,031012,29479,1987-07-01,1987-07-03,3,29.4,29.1,1987
Monfalcone,medium,031012,29479,1988-07-24,1988-07-26,3,30.8,30.5,1988
Monfalcone,medium,031012,29479,1988-08-13,1988-08-16,4,30.9,30.5,1988
Monfalcone,medium,031012,29479,1992-08-04,1992-08-07,4,32.1,31.3,1992
Monfalcone,medium,031012,29479,1992-08-18,1992-08-20,3,30.7,30.3,1992
Monfalcone,medium,031012,29479,1994-07-22,1994-07-28,7,31.2,30.7,1994
Monfalcone,medium,031012,29479,1994-07-31,1994-08-06,7,32.0,31.2,1994
Monfalcone,medium,031012,29479,1996-06-09,1996-06-12,4,30.1,29.2,1996
Monfalcone,medium,031012,29479,1998-07-22,1998-07-24,3,32.0,31.0,1998
Monfalcone,medium,031012,29479,1998-08-09,1998-08-13,5,32.4,30.8,1998
Monfalcone,medium,031012,29479,1998-08-15,1998-08-17,3,30.6,30.1,1998
Monfalcone,medium,031012,29479,2000-08-16,2000-08-18,3,30.0,29.7,2000
Monfalcone,medium,031012,29479,2000-08-20,2000-08-24,5,30.1,29.8,2000
Monfalcone,medium,031012,29479,2002-06-16,2002-06-23,8,30.8,29.5,2002
Monfalcone,medium,031012,29479,2003-06-06,2003-06-16,11,32.7,30.3,2003
Monfalcone,medium,031012,29479,2003-06-20,2003-06-27,8,29.7,28.8,2003
Monfalcone,medium,031012,29479,2003-07-17,2003-07-19,3,30.1,30.0,2003
Monfalcone,medium,031012,29479,2003-08-01,2003-08-13,13,32.3,31.4,2003
Monfalcone,medium,031012,29479,2003-08-15,2003-08-23,9,31.0,30.3,2003
Monfalcone,medium,031012,29479,2005-06-25,2005-06-27,3,28.9,28.7,2005
Monfalcone,medium,031012,29479,2006-06-22,2006-06-30,9,30.9,29.4,2006
Monfalcone,medium,031012,29479,2006-07-09,2006-07-13,5,31.1,30.5,2006
Monfalcone,medium,031012,29479,2006-07-18,2006-07-27,10,32.4,31.5,2006
Monfalcone,medium,031012,29479,2008-06-24,2008-06-26,3,29.4,29.1,2008
Monfalcone,medium,031012,29479,2009-08-16,2009-08-21,6,30.6,30.1,2009
Monfalcone,medium,031012,29479,2010-07-14,2010-07-16,3,31.9,30.9,2010
Monfalcone,medium,031012,29479,2011-08-19,2011-08-25,7,30.9,30.2,2011
Monfalcone,medium,031012,29479,2012-08-16,2012-08-23,8,31.2,30.4,2012
Monfalcone,medium,031012,29479,2013-06-17,2013-06-19,3,28.7,28.5,2013
Monfalcone,medium,031012,29479,2013-07-25,2013-07-28,4,31.0,30.4,2013
Monfalcone,medium,031012,29479,2013-08-03,2013-08-08,6,32.8,32.1,2013
Monfalcone,medium,031012,29479,2014-06-08,2014-06-12,5,30.5,29.3,2014
Monfalcone,medium,031012,29479,2015-07-02,2015-07-07,6,29.8,29.2,2015
Monfalcone,medium,031012,29479,2015-07-14,2015-07-23,10,33.3,31.4,2015
Monfalcone,medium,031012,29479,2015-08-04,2015-08-14,11,33.5,32.1,2015
Monfalcone,medium,031012,29479,2016-06-21,2016-06-25,5,30.8,29.5,2016
Monfalcone,medium,031012,29479,2016-09-08,2016-09-11,4,28.9,28.5,2016
Monfalcone,medium,031012,29479,2017-06-17,2017-06-25,9,32.9,29.7,2017
Monfalcone,medium,031012,29479,2017-07-05,2017-07-09,5,32.2,30.5,2017
Monfalcone,medium,031012,29479,2017-07-20,2017-07-22,3,32.0,31.0,2017
Monfalcone,medium,031012,29479,2017-07-31,2017-08-05,6,37.0,34.2,2017
Monfalcone,medium,031012,29479,2017-08-07,2017-08-09,3,32.4,31.4,2017
Monfalcone,medium,031012,29479,2017-08-14,2017-08-18,5,32.8,31.4,2017
Monfalcone,medium,031012,29479,2017-08-25,2017-08-28,4,30.4,29.9,2017
Monfalcone,medium,031012,29479,2018-06-15,2018-06-20,6,31.0,29.7,2018
Monfalcone,medium,031012,29479,2018-07-02,2018-07-04,3,30.0,29.4,2018
Monfalcone,medium,031012,29479,2018-07-23,2018-08-12,21,34.8,32.6,2018
Monfalcone,medium,031012,29479,2018-08-14,2018-08-23,10,34.0,32.0,2018
Monfalcone,medium,031012,29479,2018-09-10,2018-09-12,3,28.8,28.5,2018
Monfalcone,medium,031012,29479,2019-06-08,2019-06-10,3,32.2,30.5,2019
Monfalcone,medium,031012,29479,2019-06-13,2019-06-20,8,30.3,29.3,2019
Monfalcone,medium,031012,29479,2019-06-23,2019-07-05,13,35.0,32.2,2019
Monfalcone,medium,031012,29479,2019-07-21,2019-07-25,5,34.8,33.6,2019
Monfalcone,medium,031012,29479,2019-08-08,2019-08-11,4,32.9,31.5,2019
Monfalcone,medium,031012,29479,2019-08-18,2019-08-20,3,32.4,30.8,2019
Monfalcone,medium,031012,29479,2019-08-23,2019-09-01,10,32.7,31.2,2019
Monfalcone,medium,031012,29479,2020-06-29,2020-07-01,3,29.7,29.4,2020
Monfalcone,medium,031012,29479,2020-07-28,2020-07-31,4,34.0,32.8,2020
Monfalcone,medium,031012,29479,2020-08-06,2020-08-12,7,32.7,31.6,2020
Monfalcone,medium,031012,29479,2020-08-26,2020-08-28,3,30.5,29.8,2020
Monfalcone,medium,031012,29479,2020-09-09,2020-09-16,8,30.6,29.9,2020
Monfalcone,medium,031012,29479,2021-06-18,2021-06-20,3,30.0,29.0,2021
Monfalcone,medium,031012,29479,2021-06-25,2021-06-28,4,31.6,30.6,2021
Monfalcone,medium,031012,29479,2021-07-05,2021-07-07,3,32.0,30.8,2021
Monfalcone,medium,031012,29479,2021-07-27,2021-07-30,4,31.4,30.8,2021
Monfalcone,medium,031012,29479,2021-08-08,2021-08-15,8,33.8,32.5,2021
Monfalcone,medium,031012,29479,2021-09-11,2021-09-13,3,29.6,29.2,2021
Monfalcone,medium,031012,29479,2022-06-01,2022-06-06,6,31.6,29.9,2022
Monfalcone,medium,031012,29479,2022-06-09,2022-06-18,10,32.2,29.5,2022
Monfalcone,medium,031012,29479,2022-06-20,2022-06-23,4,30.2,29.4,2022
Monfalcone,medium,031012,29479,2022-06-25,2022-06-27,3,36.0,32.6,2022
Monfalcone,medium,031012,29479,2022-06-29,2022-07-07,9,35.1,31.8,2022
Monfalcone,medium,031012,29479,2022-07-13,2022-07-28,16,36.7,33.7,2022
Monfalcone,medium,031012,29479,2022-07-31,2022-08-10,11,34.6,32.4,2022
Monfalcone,medium,031012,29479,2022-08-23,2022-08-26,4,33.2,31.7,2022
Monfalcone,medium,031012,29479,2023-06-20,2023-06-26,7,30.8,29.6,2023
Monfalcone,medium,031012,29479,2023-07-06,2023-07-11,6,32.0,30.7,2023
Monfalcone,medium,031012,29479,2023-07-13,2023-07-19,7,35.7,32.1,2023
Monfalcone,medium,031012,29479,2023-08-12,2023-08-26,15,36.0,32.9,2023
Monfalcone,medium,031012,29479,2023-09-06,2023-09-10,5,30.4,29.3,2023
Monfalcone,medium,031012,29479,2024-06-17,2024-06-20,4,32.2,29.6,2024
Monfalcone,medium,031012,29479,2024-07-07,2024-07-31,25,36.1,32.9,2024
Monfalcone,medium,031012,29479,2024-08-02,2024-08-16,15,36.2,33.6,2024
Monfalcone,medium,031012,29479,2024-08-20,2024-09-04,16,35.0,32.6,2024
Monfalcone,medium,031012,29479,2025-06-09,2025-07-05,27,35.9,33.2,2025
Monfalcone,medium,031012,29479,2025-08-07,2025-08-18,12,37.9,34.6,2025
Muggia,small,032003,12862,1983-07-25,1983-07-28,4,33.7,32.9,1983
Muggia,small,032003,12862,1985-08-13,1985-08-15,3,32.4,32.0,1985
Muggia,small,032003,12862,1985-09-21,1985-09-23,3,29.2,28.8,1985
Muggia,small,032003,12862,1987-09-15,1987-09-18,4,29.1,29.0,1987
Muggia,small,032003,12862,1988-08-13,1988-08-15,3,32.9,32.3,1988
Muggia,small,032003,12862,1992-08-05,1992-08-08,4,34.0,33.1,1992
Muggia,small,032003,12862,1992-08-17,1992-08-20,4,33.4,32.5,1992
Muggia,small,032003,12862,1993-08-02,1993-08-05,4,33.4,32.6,1993
Muggia,small,032003,12862,1994-07-02,1994-07-04,3,30.9,30.8,1994
Muggia,small,032003,12862,1994-07-31,1994-08-06,7,34.2,33.0,1994
Muggia,small,032003,12862,1995-07-20,1995-07-22,3,31.6,31.5,1995
Muggia,small,032003,12862,1996-06-06,1996-06-12,7,31.6,29.6,1996
Muggia,small,032003,12862,1998-07-20,1998-07-24,5,32.5,32.1,1998
Muggia,small,032003,12862,1998-07-31,1998-08-03,4,33.6,32.8,1998
Muggia,small,032003,12862,1998-08-08,1998-08-12,5,34.9,33.2,1998
Muggia,small,032003,12862,1998-08-14,1998-08-17,4,32.5,32.1,1998
Muggia,small,032003,12862,2000-08-15,2000-08-24,10,34.3,32.9,2000
Muggia,small,032003,12862,2002-06-15,2002-06-23,9,32.0,30.9,2002
Muggia,small,032003,12862,2003-05-27,2003-05-29,3,29.1,28.7,2003
Muggia,small,032003,12862,2003-06-04,2003-06-17,14,36.0,32.0,2003
Muggia,small,032003,12862,2003-06-21,2003-06-27,7,32.1,30.9,2003
Muggia,small,032003,12862,2003-07-16,2003-07-23,8,34.4,32.6,2003
Muggia,small,032003,12862,2003-07-25,2003-07-27,3,34.4,33.6,2003
Muggia,small,032003,12862,2003-08-02,2003-08-13,12,36.2,34.1,2003
Muggia,small,032003,12862,2003-08-16,2003-08-18,3,32.4,32.1,2003
Muggia,small,032003,12862,2003-08-20,2003-08-23,4,32.4,32.0,2003
Muggia,small,032003,12862,2005-06-22,2005-06-28,7,31.0,30.3,2005
Muggia,small,032003,12862,2005-07-26,2005-07-29,4,33.6,32.3,2005
Muggia,small,032003,12862,2006-06-19,2006-06-28,10,33.5,31.2,2006
Muggia,small,032003,12862,2006-07-09,2006-07-13,5,31.9,31.5,2006
Muggia,small,032003,12862,2006-07-18,2006-07-27,10,36.0,33.8,2006
Muggia,small,032003,12862,2007-05-21,2007-05-24,4,29.4,29.2,2007
Muggia,small,032003,12862,2007-07-16,2007-07-20,5,35.3,33.3,2007
Muggia,small,032003,12862,2008-06-20,2008-06-26,7,31.6,30.0,2008
Muggia,small,032003,12862,2009-05-22,2009-05-25,4,31.1,29.6,2009
Muggia,small,032003,12862,2009-08-16,2009-08-19,4,32.5,31.9,2009
Muggia,small,032003,12862,2010-07-14,2010-07-16,3,34.4,32.9,2010
Muggia,small,032003,12862,2011-07-09,2011-07-13,5,32.6,31.5,2011
Muggia,small,032003,12862,2011-08-19,2011-08-26,8,34.3,33.0,2011
Muggia,small,032003,12862,2012-06-16,2012-06-21,6,30.9,30.1,2012
Muggia,small,032003,12862,2012-06-28,2012-07-03,6,34.5,31.5,2012
Muggia,small,032003,12862,2012-08-02,2012-08-04,3,32.7,32.5,2012
Muggia,small,032003,12862,2012-08-16,2012-08-24,9,34.6,33.4,2012
Muggia,small,032003,12862,2013-06-17,2013-06-19,3,30.6,30.1,2013
Muggia,small,032003,12862,2013-07-25,2013-07-28,4,34.0,32.8,2013
Muggia,small,032003,12862,2013-07-31,2013-08-08,9,36.0,34.3,2013
Muggia,small,032003,12862,2014-06-07,2014-06-12,6,32.4,30.8,2014
Muggia,small,032003,12862,2015-06-02,2015-06-11,10,30.9,29.4,2015
Muggia,small,032003,12862,2015-07-02,2015-07-07,6,33.1,32.4,2015
Muggia,small,032003,12862,2015-07-13,2015-07-23,11,36.5,34.0,2015
Muggia,small,032003,12862,2015-08-04,2015-08-13,10,35.2,33.9,2015
Muggia,small,032003,12862,2016-06-22,2016-06-25,4,32.0,30.7,2016
Muggia,small,032003,12862,2016-07-09,2016-07-11,3,31.4,31.2,2016
Muggia,small,032003,12862,2016-07-20,2016-07-22,3,31.8,31.6,2016
Muggia,small,032003,12862,2016-09-11,2016-09-13,3,29.8,29.2,2016
Muggia,small,032003,12862,2017-06-21,2017-06-24,4,31.3,30.1,2017
Muggia,small,032003,12862,2017-07-07,2017-07-09,3,30.6,30.5,2017
Muggia,small,032003,12862,2017-07-31,2017-08-05,6,35.8,34.1,2017
Muggia,small,032003,12862,2018-06-17,2018-06-20,4,30.5,29.9,2018
Muggia,small,032003,12862,2018-07-28,2018-08-06,10,34.1,33.0,2018
Muggia,small,032003,12862,2018-08-17,2018-08-22,6,33.2,32.5,2018
Muggia,small,032003,12862,2019-06-08,2019-06-11,4,32.4,30.2,2019
Muggia,small,032003,12862,2019-06-13,2019-06-17,5,30.3,29.9,2019
Muggia,small,032003,12862,2019-06-24,2019-07-03,10,35.2,32.1,2019
Muggia,small,032003,12862,2019-07-23,2019-07-26,4,33.1,32.1,2019
Muggia,small,032003,12862,2019-08-10,2019-08-12,3,33.3,32.6,2019
Muggia,small,032003,12862,2019-08-29,2019-09-01,4,33.3,31.5,2019
Muggia,small,032003,12862,2020-07-29,2020-08-01,4,33.5,32.4,2020
Muggia,small,032003,12862,2020-09-10,2020-09-16,7,31.7,30.8,2020
Muggia,small,032003,12862,2021-06-18,2021-06-23,6,30.6,30.2,2021
Muggia,small,032003,12862,2021-06-25,2021-06-28,4,32.1,30.8,2021
Muggia,small,032003,12862,2021-08-10,2021-08-15,6,33.6,33.1,2021
Muggia,small,032003,12862,2021-09-11,2021-09-14,4,29.3,28.6,2021
Muggia,small,032003,12862,2022-06-04,2022-06-06,3,32.1,30.4,2022
Muggia,small,032003,12862,2022-06-12,2022-06-23,12,32.1,29.7,2022
Muggia,small,032003,12862,2022-06-25,2022-07-05,11,35.5,32.4,2022
Muggia,small,032003,12862,2022-07-14,2022-07-25,12,36.7,33.7,2022
Muggia,small,032003,12862,2022-08-03,2022-08-10,8,34.4,32.8,2022
Muggia,small,032003,12862,2023-07-09,2023-07-11,3,31.8,31.2,2023
Muggia,small,032003,12862,2023-07-16,2023-07-19,4,34.6,32.6,2023
Muggia,small,032003,12862,2023-08-18,2023-08-26,9,34.4,33.0,2023
Muggia,small,032003,12862,2023-09-07,2023-09-09,3,29.9,29.7,2023
Muggia,small,032003,12862,2024-07-08,2024-07-18,11,35.7,33.5,2024
Muggia,small,032003,12862,2024-07-21,2024-07-23,3,32.0,31.8,2024
Muggia,small,032003,12862,2024-07-27,2024-07-29,3,33.1,32.3,2024
Muggia,small,032003,12862,2024-08-07,2024-08-16,10,34.3,32.8,2024
Muggia,small,032003,12862,2024-08-25,2024-09-04,11,33.9,32.3,2024
Muggia,small,032003,12862,2025-05-31,2025-06-04,5,28.5,28.3,2025
Muggia,small,032003,12862,2025-06-09,2025-06-15,7,32.3,30.7,2025
Muggia,small,032003,12862,2025-06-17,2025-06-20,4,31.6,30.3,2025
Muggia,small,032003,12862,2025-06-22,2025-07-05,14,34.6,32.5,2025
Muggia,small,032003,12862,2025-08-09,2025-08-16,8,37.5,36.2,2025
Doberdò del Lago,rural,031003,1340,1983-07-26,1983-07-28,3,31.7,31.4,1983
Doberdò del Lago,rural,031003,1340,1985-08-13,1985-08-15,3,31.8,31.6,1985
Doberdò del Lago,rural,031003,1340,1988-08-13,1988-08-16,4,32.1,31.5,1988
Doberdò del Lago,rural,031003,1340,1992-08-05,1992-08-08,4,33.5,32.4,1992
Doberdò del Lago,rural,031003,1340,1992-08-18,1992-08-20,3,32.7,32.1,1992
Doberdò del Lago,rural,031003,1340,1993-08-02,1993-08-05,4,32.8,32.0,1993
Doberdò del Lago,rural,031003,1340,1993-08-13,1993-08-16,4,32.5,31.8,1993
Doberdò del Lago,rural,031003,1340,1994-06-29,1994-07-04,6,30.8,30.0,1994
Doberdò del Lago,rural,031003,1340,1994-07-22,1994-08-06,16,33.5,32.0,1994
Doberdò del Lago,rural,031003,1340,1996-06-09,1996-06-12,4,31.1,30.1,1996
Doberdò del Lago,rural,031003,1340,1998-07-21,1998-07-24,4,32.1,31.4,1998
Doberdò del Lago,rural,031003,1340,1998-08-01,1998-08-03,3,32.0,31.5,1998
Doberdò del Lago,rural,031003,1340,1998-08-09,1998-08-12,4,33.8,32.3,1998
Doberdò del Lago,rural,031003,1340,1998-08-14,1998-08-17,4,31.8,31.1,1998
Doberdò del Lago,rural,031003,1340,2000-08-16,2000-08-18,3,31.0,30.7,2000
Doberdò del Lago,rural,031003,1340,2000-08-20,2000-08-22,3,30.8,30.5,2000
Doberdò del Lago,rural,031003,1340,2001-08-24,2001-08-26,3,30.9,30.4,2001
Doberdò del Lago,rural,031003,1340,2002-06-16,2002-06-23,8,31.2,30.1,2002
Doberdò del Lago,rural,031003,1340,2003-06-06,2003-06-16,11,34.0,31.5,2003
Doberdò del Lago,rural,031003,1340,2003-06-23,2003-06-27,5,30.4,29.7,2003
Doberdò del Lago,rural,031003,1340,2003-07-17,2003-07-22,6,31.6,31.0,2003
Doberdò del Lago,rural,031003,1340,2003-07-25,2003-07-27,3,32.5,31.6,2003
Doberdò del Lago,rural,031003,1340,2003-08-01,2003-08-13,13,34.3,32.6,2003
Doberdò del Lago,rural,031003,1340,2003-08-15,2003-08-23,9,32.1,31.3,2003
Doberdò del Lago,rural,031003,1340,2005-06-25,2005-06-28,4,30.1,29.7,2005
Doberdò del Lago,rural,031003,1340,2006-06-22,2006-06-30,9,32.1,30.5,2006
Doberdò del Lago,rural,031003,1340,2006-07-08,2006-07-13,6,32.3,31.5,2006
Doberdò del Lago,rural,031003,1340,2006-07-17,2006-07-27,11,34.6,33.1,2006
Doberdò del Lago,rural,031003,1340,2007-05-22,2007-05-24,3,28.6,28.4,2007
Doberdò del Lago,rural,031003,1340,2007-07-18,2007-07-20,3,32.6,31.7,2007
Doberdò del Lago,rural,031003,1340,2008-06-24,2008-06-26,3,30.3,29.9,2008
Doberdò del Lago,rural,031003,1340,2009-08-16,2009-08-20,5,31.6,31.3,2009
Doberdò del Lago,rural,031003,1340,2010-07-14,2010-07-16,3,33.3,32.1,2010
Doberdò del Lago,rural,031003,1340,2011-07-10,2011-07-12,3,30.8,30.6,2011
Doberdò del Lago,rural,031003,1340,2011-08-19,2011-08-25,7,32.5,31.4,2011
Doberdò del Lago,rural,031003,1340,2012-06-17,2012-06-19,3,29.6,29.2,2012
Doberdò del Lago,rural,031003,1340,2012-08-16,2012-08-24,9,32.8,31.3,2012
Doberdò del Lago,rural,031003,1340,2013-07-25,2013-07-28,4,32.1,31.4,2013
Doberdò del Lago,rural,031003,1340,2013-07-31,2013-08-08,9,34.7,33.2,2013
Doberdò del Lago,rural,031003,1340,2014-06-07,2014-06-12,6,31.6,29.9,2014
Doberdò del Lago,rural,031003,1340,2015-06-03,2015-06-07,5,30.1,29.1,2015
Doberdò del Lago,rural,031003,1340,2015-07-02,2015-07-06,5,30.7,30.1,2015
Doberdò del Lago,rural,031003,1340,2015-07-15,2015-07-23,9,34.6,32.5,2015
Doberdò del Lago,rural,031003,1340,2015-08-04,2015-08-14,11,34.2,32.9,2015
Doberdò del Lago,rural,031003,1340,2016-06-22,2016-06-24,3,31.5,30.6,2016
Doberdò del Lago,rural,031003,1340,2016-09-08,2016-09-12,5,29.3,28.9,2016
Doberdò del Lago,rural,031003,1340,2017-06-18,2017-06-25,8,33.0,30.4,2017
Doberdò del Lago,rural,031003,1340,2017-07-05,2017-07-09,5,33.0,31.3,2017
Doberdò del Lago,rural,031003,1340,2017-07-20,2017-07-22,3,32.0,31.4,2017
Doberdò del Lago,rural,031003,1340,2017-07-31,2017-08-05,6,37.5,35.0,2017
Doberdò del Lago,rural,031003,1340,2017-08-15,2017-08-18,4,33.6,32.0,2017
Doberdò del Lago,rural,031003,1340,2018-05-25,2018-05-27,3,29.0,28.6,2018
Doberdò del Lago,rural,031003,1340,2018-06-15,2018-06-20,6,31.8,30.2,2018
Doberdò del Lago,rural,031003,1340,2018-07-02,2018-07-04,3,31.2,30.3,2018
Doberdò del Lago,rural,031003,1340,2018-07-17,2018-07-19,3,32.8,31.9,2018
Doberdò del Lago,rural,031003,1340,2018-07-22,2018-08-12,22,36.4,33.5,2018
Doberdò del Lago,rural,031003,1340,2018-08-16,2018-08-23,8,34.6,33.1,2018
Doberdò del Lago,rural,031003,1340,2018-09-08,2018-09-13,6,29.9,29.1,2018
Doberdò del Lago,rural,031003,1340,2018-09-15,2018-09-20,6,30.0,29.0,2018
Doberdò del Lago,rural,031003,1340,2019-06-08,2019-06-11,4,32.2,30.2,2019
Doberdò del Lago,rural,031003,1340,2019-06-13,2019-06-17,5,31.6,30.2,2019
Doberdò del Lago,rural,031003,1340,2019-06-23,2019-07-05,13,35.8,32.8,2019
Doberdò del Lago,rural,031003,1340,2019-07-18,2019-07-25,8,35.7,33.4,2019
Doberdò del Lago,rural,031003,1340,2019-08-09,2019-08-11,3,32.8,32.2,2019
Doberdò del Lago,rural,031003,1340,2019-08-23,2019-09-01,10,32.8,31.5,2019
Doberdò del Lago,rural,031003,1340,2019-09-11,2019-09-13,3,28.4,28.2,2019
Doberdò del Lago,rural,031003,1340,2020-06-29,2020-07-01,3,30.5,29.8,2020
Doberdò del Lago,rural,031003,1340,2020-07-26,2020-07-31,6,35.2,32.7,2020
Doberdò del Lago,rural,031003,1340,2020-08-06,2020-08-12,7,33.4,32.3,2020
Doberdò del Lago,rural,031003,1340,2020-09-09,2020-09-16,8,30.8,30.2,2020
Doberdò del Lago,rural,031003,1340,2021-06-18,2021-06-23,6,32.3,30.3,2021
Doberdò del Lago,rural,031003,1340,2021-06-25,2021-06-28,4,32.5,31.6,2021
Doberdò del Lago,rural,031003,1340,2021-07-05,2021-07-07,3,32.8,31.7,2021
Doberdò del Lago,rural,031003,1340,2021-07-27,2021-07-30,4,31.8,31.4,2021
Doberdò del Lago,rural,031003,1340,2021-08-08,2021-08-15,8,34.4,33.1,2021
Doberdò del Lago,rural,031003,1340,2021-09-11,2021-09-13,3,29.8,29.6,2021
Doberdò del Lago,rural,031003,1340,2022-05-20,2022-05-22,3,29.2,28.7,2022
Doberdò del Lago,rural,031003,1340,2022-06-01,2022-06-06,6,31.9,30.3,2022
Doberdò del Lago,rural,031003,1340,2022-06-09,2022-06-23,15,32.2,30.1,2022
Doberdò del Lago,rural,031003,1340,2022-06-25,2022-06-27,3,36.5,33.4,2022
Doberdò del Lago,rural,031003,1340,2022-06-29,2022-07-05,7,36.0,33.0,2022
Doberdò del Lago,rural,031003,1340,2022-07-14,2022-07-28,15,37.9,34.6,2022
Doberdò del Lago,rural,031003,1340,2022-07-31,2022-08-05,6,35.4,33.8,2022
Doberdò del Lago,rural,031003,1340,2022-08-07,2022-08-10,4,32.8,32.3,2022
Doberdò del Lago,rural,031003,1340,2022-08-23,2022-08-26,4,33.6,31.8,2022
Doberdò del Lago,rural,031003,1340,2023-06-20,2023-06-26,7,31.9,30.2,2023
Doberdò del Lago,rural,031003,1340,2023-07-07,2023-07-11,5,32.7,31.6,2023
Doberdò del Lago,rural,031003,1340,2023-07-13,2023-07-19,7,35.6,32.6,2023
Doberdò del Lago,rural,031003,1340,2023-08-12,2023-08-16,5,32.4,31.9,2023
Doberdò del Lago,rural,031003,1340,2023-08-18,2023-08-26,9,36.4,34.1,2023
Doberdò del Lago,rural,031003,1340,2023-09-06,2023-09-10,5,30.5,29.5,2023
Doberdò del Lago,rural,031003,1340,2024-06-18,2024-06-20,3,33.0,30.7,2024
Doberdò del Lago,rural,031003,1340,2024-07-07,2024-08-16,41,36.8,33.3,2024
Doberdò del Lago,rural,031003,1340,2024-08-20,2024-09-04,16,35.3,32.7,2024
Doberdò del Lago,rural,031003,1340,2025-06-09,2025-07-05,27,36.5,33.2,2025
Doberdò del Lago,rural,031003,1340,2025-08-07,2025-08-18,12,37.4,34.2,2025
Parma,large,034027,196764,1983-07-18,1983-07-20,3,37.0,36.2,1983
Parma,large,034027,196764,1983-07-25,1983-07-28,4,38.7,37.9,1983
Parma,large,034027,196764,1987-09-12,1987-09-14,3,31.9,31.8,1987
Parma,large,034027,196764,1987-09-16,1987-09-18,3,32.7,32.6,1987
Parma,large,034027,196764,1990-06-25,1990-06-27,3,33.3,33.1,1990
Parma,large,034027,196764,1991-07-03,1991-07-06,4,34.7,34.4,1991
Parma,large,034027,196764,1992-05-14,1992-05-16,3,29.8,28.9,1992
Parma,large,034027,196764,1992-08-06,1992-08-08,3,36.2,36.0,1992
Parma,large,034027,196764,1992-08-18,1992-08-20,3,35.2,34.7,1992
Parma,large,034027,196764,1992-08-25,1992-08-27,3,34.2,34.2,1992
Parma,large,034027,196764,1993-06-06,1993-06-08,3,30.7,30.6,1993
Parma,large,034027,196764,1994-07-02,1994-07-04,3,35.0,34.4,1994
Parma,large,034027,196764,1996-06-06,1996-06-12,7,34.2,32.8,1996
Parma,large,034027,196764,1998-05-11,1998-05-13,3,30.3,29.5,1998
Parma,large,034027,196764,1998-06-02,1998-06-05,4,33.4,31.6,1998
Parma,large,034027,196764,1998-06-25,1998-06-30,6,36.3,34.1,1998
Parma,large,034027,196764,1998-07-20,1998-07-24,5,36.9,36.0,1998
Parma,large,034027,196764,1998-08-08,1998-08-13,6,37.3,36.6,1998
Parma,large,034027,196764,1999-05-29,1999-06-02,5,33.5,32.0,1999
Parma,large,034027,196764,1999-07-02,1999-07-04,3,35.7,35.2,1999
Parma,large,034027,196764,2000-08-18,2000-08-21,4,34.6,34.4,2000
Parma,large,034027,196764,2001-05-27,2001-05-29,3,31.2,30.5,2001
Parma,large,034027,196764,2002-06-13,2002-06-23,11,36.7,34.8,2002
Parma,large,034027,196764,2003-05-06,2003-05-08,3,29.2,28.8,2003
Parma,large,034027,196764,2003-06-04,2003-06-15,12,35.4,33.4,2003
Parma,large,034027,196764,2003-06-19,2003-06-25,7,36.4,34.3,2003
Parma,large,034027,196764,2003-08-03,2003-08-06,4,38.1,36.8,2003
Parma,large,034027,196764,2003-08-08,2003-08-13,6,38.6,37.2,2003
Parma,large,034027,196764,2004-06-08,2004-06-10,3,34.0,32.8,2004
Parma,large,034027,196764,2005-05-27,2005-05-29,3,31.4,30.9,2005
Parma,large,034027,196764,2005-06-21,2005-06-28,8,35.1,34.1,2005
Parma,large,034027,196764,2005-07-27,2005-07-29,3,37.4,36.5,2005
Parma,large,034027,196764,2006-06-16,2006-06-21,6,35.2,33.4,2006
Parma,large,034027,196764,2006-06-24,2006-06-27,4,34.9,34.1,2006
Parma,large,034027,196764,2006-09-03,2006-09-05,3,32.9,32.9,2006
Parma,large,034027,196764,2007-05-20,2007-05-24,5,32.2,30.8,2007
Parma,large,034027,196764,2007-07-15,2007-07-19,5,36.8,36.2,2007
Parma,large,034027,196764,2008-06-24,2008-06-26,3,34.0,33.5,2008
Parma,large,034027,196764,2009-05-20,2009-05-25,6,33.2,31.1,2009
Parma,large,034027,196764,2009-06-13,2009-06-15,3,32.4,32.3,2009
Parma,large,034027,196764,2009-08-17,2009-08-20,4,35.7,35.2,2009
Parma,large,034027,196764,2011-08-18,2011-08-25,8,36.6,36.1,2011
Parma,large,034027,196764,2012-06-16,2012-06-21,6,35.8,34.3,2012
Parma,large,034027,196764,2012-06-27,2012-07-01,5,36.9,35.2,2012
Parma,large,034027,196764,2012-08-17,2012-08-24,8,37.6,36.3,2012
Parma,large,034027,196764,2013-08-02,2013-08-06,5,36.9,36.4,2013
Parma,large,034027,196764,2014-06-07,2014-06-11,5,33.8,33.0,2014
Parma,large,034027,196764,2015-06-03,2015-06-05,3,31.1,30.6,2015
Parma,large,034027,196764,2015-07-15,2015-07-19,5,36.1,35.8,2015
Parma,large,034027,196764,2017-05-21,2017-05-23,3,32.6,30.9,2017
Parma,large,034027,196764,2017-05-26,2017-06-02,8,32.8,32.0,2017
Parma,large,034027,196764,2017-06-09,2017-06-13,5,36.7,33.4,2017
Parma,large,034027,196764,2017-06-19,2017-06-23,5,36.6,35.6,2017
Parma,large,034027,196764,2017-07-04,2017-07-08,5,37.7,36.2,2017
Parma,large,034027,196764,2017-07-31,2017-08-04,5,40.8,39.6,2017
Parma,large,034027,196764,2017-08-25,2017-08-27,3,36.4,34.8,2017
Parma,large,034027,196764,2019-06-24,2019-07-01,8,37.9,35.0,2019
Parma,large,034027,196764,2020-07-29,2020-07-31,3,37.2,36.1,2020
Parma,large,034027,196764,2021-06-17,2021-06-21,5,33.6,33.2,2021
Parma,large,034027,196764,2021-07-05,2021-07-07,3,36.4,35.2,2021
Parma,large,034027,196764,2021-08-10,2021-08-15,6,37.8,36.3,2021
Parma,large,034027,196764,2022-05-19,2022-05-22,4,30.8,30.4,2022
Parma,large,034027,196764,2022-06-14,2022-06-20,7,35.6,33.4,2022
Parma,large,034027,196764,2022-07-18,2022-07-25,8,38.4,36.9,2022
Parma,large,034027,196764,2023-07-09,2023-07-11,3,36.2,35.4,2023
Parma,large,034027,196764,2023-07-15,2023-07-17,3,37.6,37.1,2023
Parma,large,034027,196764,2023-08-18,2023-08-25,8,38.8,36.4,2023
Parma,large,034027,196764,2023-10-07,2023-10-09,3,32.1,30.6,2023
Parma,large,034027,196764,2024-08-29,2024-08-31,3,33.6,33.5,2024
Parma,large,034027,196764,2025-06-10,2025-06-14,5,34.6,33.6,2025
Parma,large,034027,196764,2025-06-22,2025-06-30,9,36.4,34.5,2025
Parma,large,034027,196764,2025-08-12,2025-08-16,5,36.2,35.4,2025
Fidenza,medium,034014,26945,1983-07-18,1983-07-20,3,36.1,35.6,1983
Fidenza,medium,034014,26945,1983-07-25,1983-07-28,4,38.0,37.3,1983
Fidenza,medium,034014,26945,1987-09-13,1987-09-18,6,32.3,31.6,1987
Fidenza,medium,034014,26945,1991-07-03,1991-07-07,5,34.5,34.0,1991
Fidenza,medium,034014,26945,1992-08-06,1992-08-08,3,35.7,35.4,1992
Fidenza,medium,034014,26945,1992-08-18,1992-08-20,3,34.6,34.1,1992
Fidenza,medium,034014,26945,1992-08-25,1992-08-27,3,33.5,33.4,1992
Fidenza,medium,034014,26945,1993-06-06,1993-06-08,3,30.3,30.2,1993
Fidenza,medium,034014,26945,1993-08-03,1993-08-05,3,36.0,35.4,1993
Fidenza,medium,034014,26945,1994-07-02,1994-07-04,3,34.8,34.2,1994
Fidenza,medium,034014,26945,1996-06-06,1996-06-12,7,34.0,32.6,1996
Fidenza,medium,034014,26945,1998-05-11,1998-05-13,3,29.9,29.2,1998
Fidenza,medium,034014,26945,1998-06-03,1998-06-05,3,32.8,31.5,1998
Fidenza,medium,034014,26945,1998-06-25,1998-06-28,4,33.3,32.9,1998
Fidenza,medium,034014,26945,1998-07-20,1998-07-24,5,36.5,35.6,1998
Fidenza,medium,034014,26945,1998-08-08,1998-08-14,7,36.9,35.8,1998
Fidenza,medium,034014,26945,1999-05-29,1999-06-02,5,32.8,31.2,1999
Fidenza,medium,034014,26945,1999-07-02,1999-07-04,3,35.0,34.5,1999
Fidenza,medium,034014,26945,2000-08-18,2000-08-20,3,33.8,33.8,2000
Fidenza,medium,034014,26945,2001-05-27,2001-05-29,3,30.9,30.1,2001
Fidenza,medium,034014,26945,2001-08-25,2001-08-28,4,34.4,33.9,2001
Fidenza,medium,034014,26945,2002-06-13,2002-06-23,11,35.9,34.0,2002
Fidenza,medium,034014,26945,2003-06-04,2003-06-15,12,35.5,33.2,2003
Fidenza,medium,034014,26945,2003-06-19,2003-06-25,7,35.8,34.0,2003
Fidenza,medium,034014,26945,2003-07-20,2003-07-22,3,35.7,35.2,2003
Fidenza,medium,034014,26945,2003-08-03,2003-08-13,11,38.5,36.8,2003
Fidenza,medium,034014,26945,2004-06-08,2004-06-10,3,33.5,32.3,2004
Fidenza,medium,034014,26945,2005-05-27,2005-05-29,3,31.1,30.5,2005
Fidenza,medium,034014,26945,2005-06-21,2005-06-28,8,34.7,33.6,2005
Fidenza,medium,034014,26945,2005-07-27,2005-07-29,3,36.9,35.9,2005
Fidenza,medium,034014,26945,2006-06-16,2006-06-21,6,34.4,32.7,2006
Fidenza,medium,034014,26945,2006-06-23,2006-06-27,5,34.2,33.1,2006
Fidenza,medium,034014,26945,2006-07-19,2006-07-22,4,35.9,35.2,2006
Fidenza,medium,034014,26945,2006-09-03,2006-09-05,3,32.9,32.8,2006
Fidenza,medium,034014,26945,2007-05-20,2007-05-24,5,31.8,30.5,2007
Fidenza,medium,034014,26945,2007-07-14,2007-07-20,7,36.3,35.3,2007
Fidenza,medium,034014,26945,2008-06-24,2008-06-26,3,33.5,33.1,2008
Fidenza,medium,034014,26945,2009-05-20,2009-05-25,6,32.8,30.6,2009
Fidenza,medium,034014,26945,2009-06-13,2009-06-15,3,32.2,32.0,2009
Fidenza,medium,034014,26945,2009-08-17,2009-08-20,4,34.9,34.5,2009
Fidenza,medium,034014,26945,2011-05-23,2011-05-25,3,28.8,28.7,2011
Fidenza,medium,034014,26945,2011-08-18,2011-08-25,8,36.1,35.6,2011
Fidenza,medium,034014,26945,2012-06-16,2012-06-21,6,35.1,33.7,2012
Fidenza,medium,034014,26945,2012-06-27,2012-07-01,5,36.3,34.7,2012
Fidenza,medium,034014,26945,2012-08-17,2012-08-24,8,37.2,35.8,2012
Fidenza,medium,034014,26945,2013-08-02,2013-08-06,5,36.7,35.9,2013
Fidenza,medium,034014,26945,2014-06-07,2014-06-11,5,33.7,32.9,2014
Fidenza,medium,034014,26945,2015-06-03,2015-06-05,3,31.0,30.4,2015
Fidenza,medium,034014,26945,2015-07-01,2015-07-06,6,35.1,33.9,2015
Fidenza,medium,034014,26945,2015-07-14,2015-07-22,9,35.9,35.3,2015
Fidenza,medium,034014,26945,2017-05-21,2017-05-23,3,32.6,31.0,2017
Fidenza,medium,034014,26945,2017-05-26,2017-06-02,8,32.8,32.0,2017
Fidenza,medium,034014,26945,2017-06-09,2017-06-13,5,35.6,33.3,2017
Fidenza,medium,034014,26945,2017-06-18,2017-06-23,6,36.4,35.0,2017
Fidenza,medium,034014,26945,2017-07-04,2017-07-09,6,37.3,35.6,2017
Fidenza,medium,034014,26945,2017-07-30,2017-08-04,6,40.2,38.3,2017
Fidenza,medium,034014,26945,2017-08-14,2017-08-17,4,35.4,34.4,2017
Fidenza,medium,034014,26945,2017-08-25,2017-08-27,3,36.4,34.8,2017
Fidenza,medium,034014,26945,2019-06-23,2019-07-01,9,39.0,35.2,2019
Fidenza,medium,034014,26945,2019-07-23,2019-07-25,3,35.6,35.0,2019
Fidenza,medium,034014,26945,2019-08-09,2019-08-11,3,35.3,35.2,2019
Fidenza,medium,034014,26945,2020-06-29,2020-07-01,3,33.2,33.0,2020
Fidenza,medium,034014,26945,2020-07-29,2020-07-31,3,36.7,35.9,2020
Fidenza,medium,034014,26945,2021-06-17,2021-06-19,3,32.9,32.6,2021
Fidenza,medium,034014,26945,2021-08-11,2021-08-15,5,36.4,35.3,2021
Fidenza,medium,034014,26945,2022-05-19,2022-05-23,5,31.2,30.2,2022
Fidenza,medium,034014,26945,2022-06-15,2022-06-20,6,34.4,33.2,2022
Fidenza,medium,034014,26945,2022-06-30,2022-07-04,5,35.3,34.1,2022
Fidenza,medium,034014,26945,2022-07-13,2022-07-15,3,36.6,35.0,2022
Fidenza,medium,034014,26945,2022-07-18,2022-07-25,8,37.0,35.8,2022
Fidenza,medium,034014,26945,2023-07-09,2023-07-11,3,35.7,35.3,2023
Fidenza,medium,034014,26945,2023-07-15,2023-07-17,3,37.2,35.8,2023
Fidenza,medium,034014,26945,2023-08-18,2023-08-25,8,38.1,36.3,2023
Fidenza,medium,034014,26945,2023-10-07,2023-10-09,3,31.5,30.3,2023
Fidenza,medium,034014,26945,2024-08-29,2024-08-31,3,33.1,32.8,2024
Fidenza,medium,034014,26945,2025-06-10,2025-06-14,5,33.4,32.1,2025
Fidenza,medium,034014,26945,2025-06-27,2025-06-30,4,34.4,33.6,2025
Collecchio,small,034009,14684,1983-07-18,1983-07-20,3,36.7,36.0,1983
Collecchio,small,034009,14684,1983-07-25,1983-07-28,4,38.6,37.8,1983
Collecchio,small,034009,14684,1987-09-13,1987-09-18,6,32.5,31.9,1987
Collecchio,small,034009,14684,1990-06-25,1990-06-27,3,32.7,32.6,1990
Collecchio,small,034009,14684,1991-07-03,1991-07-07,5,34.6,34.1,1991
Collecchio,small,034009,14684,1992-08-06,1992-08-08,3,35.9,35.6,1992
Collecchio,small,034009,14684,1992-08-18,1992-08-20,3,34.8,34.4,1992
Collecchio,small,034009,14684,1992-08-25,1992-08-27,3,34.0,33.9,1992
Collecchio,small,034009,14684,1994-07-02,1994-07-04,3,34.8,34.1,1994
Collecchio,small,034009,14684,1996-06-06,1996-06-12,7,34.0,32.5,1996
Collecchio,small,034009,14684,1998-05-11,1998-05-13,3,29.9,29.2,1998
Collecchio,small,034009,14684,1998-06-02,1998-06-05,4,32.9,31.1,1998
Collecchio,small,034009,14684,1998-06-25,1998-06-28,4,33.6,33.4,1998
Collecchio,small,034009,14684,1998-07-20,1998-07-24,5,36.7,35.8,1998
Collecchio,small,034009,14684,1998-08-08,1998-08-13,6,36.9,36.2,1998
Collecchio,small,034009,14684,1999-05-28,1999-06-02,6,33.0,31.1,1999
Collecchio,small,034009,14684,1999-07-02,1999-07-04,3,35.4,34.9,1999
Collecchio,small,034009,14684,2000-08-18,2000-08-20,3,34.3,34.2,2000
Collecchio,small,034009,14684,2001-05-27,2001-05-29,3,31.0,30.2,2001
Collecchio,small,034009,14684,2001-08-26,2001-08-28,3,34.3,33.9,2001
Collecchio,small,034009,14684,2002-06-13,2002-06-23,11,36.3,34.5,2002
Collecchio,small,034009,14684,2003-06-04,2003-06-15,12,35.3,33.2,2003
Collecchio,small,034009,14684,2003-06-19,2003-06-25,7,36.2,34.2,2003
Collecchio,small,034009,14684,2003-08-03,2003-08-13,11,38.4,36.7,2003
Collecchio,small,034009,14684,2004-06-08,2004-06-10,3,33.9,32.6,2004
Collecchio,small,034009,14684,2005-05-27,2005-05-29,3,31.1,30.5,2005
Collecchio,small,034009,14684,2005-06-21,2005-06-28,8,34.9,33.8,2005
Collecchio,small,034009,14684,2005-07-27,2005-07-29,3,37.3,36.3,2005
Collecchio,small,034009,14684,2006-06-16,2006-06-21,6,34.9,33.2,2006
Collecchio,small,034009,14684,2006-06-24,2006-06-27,4,34.7,33.9,2006
Collecchio,small,034009,14684,2006-07-19,2006-07-21,3,36.1,35.6,2006
Collecchio,small,034009,14684,2006-09-03,2006-09-06,4,33.1,32.7,2006
Collecchio,small,034009,14684,2007-05-20,2007-05-24,5,31.9,30.6,2007
Collecchio,small,034009,14684,2007-07-14,2007-07-19,6,36.5,35.6,2007
Collecchio,small,034009,14684,2008-06-24,2008-06-26,3,33.8,33.4,2008
Collecchio,small,034009,14684,2009-05-20,2009-05-25,6,33.0,30.9,2009
Collecchio,small,034009,14684,2009-06-13,2009-06-15,3,32.3,32.0,2009
Collecchio,small,034009,14684,2009-08-17,2009-08-20,4,35.3,34.9,2009
Collecchio,small,034009,14684,2011-08-18,2011-08-25,8,36.4,35.9,2011
Collecchio,small,034009,14684,2012-06-16,2012-06-21,6,35.4,34.0,2012
Collecchio,small,034009,14684,2012-06-27,2012-07-01,5,36.6,34.9,2012
Collecchio,small,034009,14684,2012-08-17,2012-08-24,8,37.3,35.9,2012
Collecchio,small,034009,14684,2013-08-02,2013-08-05,4,36.8,36.4,2013
Collecchio,small,034009,14684,2014-06-07,2014-06-11,5,33.6,32.8,2014
Collecchio,small,034009,14684,2015-06-03,2015-06-05,3,30.9,30.3,2015
Collecchio,small,034009,14684,2015-07-14,2015-07-19,6,36.1,35.6,2015
Collecchio,small,034009,14684,2017-05-21,2017-05-23,3,32.4,30.4,2017
Collecchio,small,034009,14684,2017-05-26,2017-06-02,8,32.5,31.4,2017
Collecchio,small,034009,14684,2017-06-09,2017-06-13,5,36.0,33.2,2017
Collecchio,small,034009,14684,2017-06-19,2017-06-23,5,35.8,34.9,2017
Collecchio,small,034009,14684,2017-07-04,2017-07-08,5,37.4,35.7,2017
Collecchio,small,034009,14684,2017-07-31,2017-08-04,5,40.0,39.1,2017
Collecchio,small,034009,14684,2017-08-25,2017-08-27,3,35.8,34.4,2017
Collecchio,small,034009,14684,2019-06-24,2019-07-01,8,37.0,34.2,2019
Collecchio,small,034009,14684,2021-06-17,2021-06-19,3,32.8,32.4,2021
Collecchio,small,034009,14684,2021-08-11,2021-08-15,5,38.0,36.2,2021
Collecchio,small,034009,14684,2022-05-19,2022-05-22,4,30.8,30.2,2022
Collecchio,small,034009,14684,2022-06-15,2022-06-20,6,34.8,33.2,2022
Collecchio,small,034009,14684,2022-07-13,2022-07-15,3,37.8,35.8,2022
Collecchio,small,034009,14684,2022-07-18,2022-07-25,8,38.1,36.6,2022
Collecchio,small,034009,14684,2023-07-09,2023-07-11,3,36.0,35.2,2023
Collecchio,small,034009,14684,2023-07-15,2023-07-17,3,37.3,36.7,2023
Collecchio,small,034009,14684,2023-08-20,2023-08-25,6,37.8,35.8,2023
Collecchio,small,034009,14684,2024-08-29,2024-08-31,3,33.1,33.0,2024
Collecchio,small,034009,14684,2025-06-10,2025-06-14,5,34.2,33.1,2025
Collecchio,small,034009,14684,2025-06-22,2025-06-30,9,36.0,34.1,2025
Collecchio,small,034009,14684,2025-08-12,2025-08-15,4,35.6,35.1,2025
Mezzani,rural,034021,3218,1983-07-18,1983-07-20,3,37.0,36.0,1983
Mezzani,rural,034021,3218,1983-07-25,1983-07-28,4,38.6,37.9,1983
Mezzani,rural,034021,3218,1987-09-16,1987-09-18,3,33.0,32.7,1987
Mezzani,rural,034021,3218,1991-07-03,1991-07-07,5,34.9,34.5,1991
Mezzani,rural,034021,3218,1992-05-13,1992-05-17,5,30.5,29.1,1992
Mezzani,rural,034021,3218,1992-08-05,1992-08-08,4,36.7,36.3,1992
Mezzani,rural,034021,3218,1992-08-18,1992-08-20,3,35.7,35.3,1992
Mezzani,rural,034021,3218,1992-08-25,1992-08-28,4,34.5,34.2,1992
Mezzani,rural,034021,3218,1993-06-06,1993-06-08,3,31.3,31.2,1993
Mezzani,rural,034021,3218,1993-08-03,1993-08-05,3,36.9,36.3,1993
Mezzani,rural,034021,3218,1994-07-02,1994-07-04,3,35.4,34.8,1994
Mezzani,rural,034021,3218,1996-06-06,1996-06-12,7,34.8,33.3,1996
Mezzani,rural,034021,3218,1997-05-13,1997-05-16,4,29.0,28.7,1997
Mezzani,rural,034021,3218,1998-05-10,1998-05-13,4,30.5,29.4,1998
Mezzani,rural,034021,3218,1998-06-02,1998-06-05,4,34.1,32.1,1998
Mezzani,rural,034021,3218,1998-06-25,1998-06-28,4,34.6,34.0,1998
Mezzani,rural,034021,3218,1998-07-20,1998-07-24,5,37.2,36.3,1998
Mezzani,rural,034021,3218,1998-08-08,1998-08-14,7,37.8,36.7,1998
Mezzani,rural,034021,3218,1999-05-29,1999-06-02,5,33.9,32.3,1999
Mezzani,rural,034021,3218,1999-07-02,1999-07-04,3,35.9,35.3,1999
Mezzani,rural,034021,3218,2001-05-27,2001-05-29,3,31.5,30.8,2001
Mezzani,rural,034021,3218,2001-08-26,2001-08-28,3,34.8,34.4,2001
Mezzani,rural,034021,3218,2002-06-13,2002-06-23,11,36.8,34.8,2002
Mezzani,rural,034021,3218,2003-05-05,2003-05-08,4,29.8,29.2,2003
Mezzani,rural,034021,3218,2003-06-04,2003-06-15,12,35.9,33.8,2003
Mezzani,rural,034021,3218,2003-06-22,2003-06-25,4,36.4,35.0,2003
Mezzani,rural,034021,3218,2003-08-03,2003-08-13,11,39.0,37.3,2003
Mezzani,rural,034021,3218,2004-06-08,2004-06-10,3,34.0,32.8,2004
Mezzani,rural,034021,3218,2005-05-27,2005-05-29,3,31.7,31.2,2005
Mezzani,rural,034021,3218,2005-06-21,2005-06-28,8,35.4,34.5,2005
Mezzani,rural,034021,3218,2005-07-27,2005-07-29,3,37.3,36.5,2005
Mezzani,rural,034021,3218,2006-06-16,2006-06-21,6,35.3,33.4,2006
Mezzani,rural,034021,3218,2006-06-23,2006-06-27,5,34.9,33.8,2006
Mezzani,rural,034021,3218,2007-05-20,2007-05-24,5,32.6,31.1,2007
Mezzani,rural,034021,3218,2007-07-15,2007-07-20,6,36.9,36.3,2007
Mezzani,rural,034021,3218,2008-06-24,2008-06-26,3,34.2,33.6,2008
Mezzani,rural,034021,3218,2009-05-20,2009-05-25,6,33.3,31.2,2009
Mezzani,rural,034021,3218,2009-06-13,2009-06-15,3,32.8,32.7,2009
Mezzani,rural,034021,3218,2009-08-17,2009-08-20,4,36.0,35.6,2009
Mezzani,rural,034021,3218,2011-08-18,2011-08-25,8,36.9,36.2,2011
Mezzani,rural,034021,3218,2012-06-16,2012-06-21,6,36.0,34.5,2012
Mezzani,rural,034021,3218,2012-06-27,2012-07-01,5,37.1,35.6,2012
Mezzani,rural,034021,3218,2012-08-17,2012-08-24,8,38.1,36.7,2012
Mezzani,rural,034021,3218,2013-08-02,2013-08-06,5,37.1,36.6,2013
Mezzani,rural,034021,3218,2014-06-07,2014-06-11,5,34.6,33.7,2014
Mezzani,rural,034021,3218,2015-06-03,2015-06-05,3,31.6,31.1,2015
Mezzani,rural,034021,3218,2015-07-02,2015-07-04,3,34.4,34.0,2015
Mezzani,rural,034021,3218,2015-07-15,2015-07-19,5,36.3,35.8,2015
Mezzani,rural,034021,3218,2017-05-26,2017-06-02,8,33.2,31.8,2017
Mezzani,rural,034021,3218,2017-06-09,2017-06-12,4,36.4,34.0,2017
Mezzani,rural,034021,3218,2017-06-19,2017-06-23,5,37.0,35.8,2017
Mezzani,rural,034021,3218,2017-07-04,2017-07-08,5,37.4,36.1,2017
Mezzani,rural,034021,3218,2017-07-30,2017-08-04,6,41.0,39.2,2017
Mezzani,rural,034021,3218,2017-08-25,2017-08-27,3,36.8,35.1,2017
Mezzani,rural,034021,3218,2019-06-23,2019-07-01,9,38.6,35.6,2019
Mezzani,rural,034021,3218,2020-06-26,2020-06-28,3,34.9,34.0,2020
Mezzani,rural,034021,3218,2021-06-17,2021-06-21,5,34.2,33.7,2021
Mezzani,rural,034021,3218,2021-06-26,2021-06-28,3,35.2,34.2,2021
Mezzani,rural,034021,3218,2021-07-05,2021-07-07,3,36.2,35.3,2021
Mezzani,rural,034021,3218,2021-08-11,2021-08-15,5,37.2,36.4,2021
Mezzani,rural,034021,3218,2022-05-13,2022-05-17,5,29.9,28.8,2022
Mezzani,rural,034021,3218,2022-05-19,2022-05-22,4,31.6,31.0,2022
Mezzani,rural,034021,3218,2022-06-14,2022-06-20,7,35.8,33.8,2022
Mezzani,rural,034021,3218,2022-07-01,2022-07-03,3,34.4,33.9,2022
Mezzani,rural,034021,3218,2022-07-18,2022-07-25,8,38.8,37.1,2022
Mezzani,rural,034021,3218,2022-08-03,2022-08-05,3,37.8,37.2,2022
Mezzani,rural,034021,3218,2023-07-15,2023-07-17,3,37.5,36.8,2023
Mezzani,rural,034021,3218,2023-08-18,2023-08-25,8,38.2,36.7,2023
Mezzani,rural,034021,3218,2023-10-07,2023-10-09,3,32.4,30.5,2023
Mezzani,rural,034021,3218,2024-08-10,2024-08-12,3,35.5,35.3,2024
Mezzani,rural,034021,3218,2024-08-29,2024-08-31,3,34.2,34.0,2024
Mezzani,rural,034021,3218,2025-06-10,2025-06-14,5,34.2,33.2,2025
Mezzani,rural,034021,3218,2025-06-22,2025-06-30,9,35.4,34.3,2025
Mezzani,rural,034021,3218,2025-08-12,2025-08-14,3,35.8,35.5,2025
Brescia,large,017029,196446,1983-07-18,1983-07-20,3,34.6,33.4,1983
Brescia,large,017029,196446,1983-07-25,1983-07-31,7,36.7,34.5,1983
Brescia,large,017029,196446,1987-09-14,1987-09-18,5,29.9,29.1,1987
Brescia,large,017029,196446,1991-07-04,1991-07-07,4,32.1,31.5,1991
Brescia,large,017029,196446,1991-07-10,1991-07-12,3,33.1,31.9,1991
Brescia,large,017029,196446,1992-08-05,1992-08-08,4,33.8,33.2,1992
Brescia,large,017029,196446,1992-08-18,1992-08-20,3,32.8,32.1,1992
Brescia,large,017029,196446,1992-08-24,1992-08-27,4,31.1,30.7,1992
Brescia,large,017029,196446,1993-06-05,1993-06-08,4,29.9,29.2,1993
Brescia,large,017029,196446,1993-08-03,1993-08-05,3,32.4,32.2,1993
Brescia,large,017029,196446,1993-08-15,1993-08-17,3,32.6,32.0,1993
Brescia,large,017029,196446,1993-08-20,1993-08-22,3,31.9,31.7,1993
Brescia,large,017029,196446,1994-06-22,1994-06-24,3,30.9,30.7,1994
Brescia,large,017029,196446,1994-06-28,1994-07-04,7,33.4,32.1,1994
Brescia,large,017029,196446,1994-08-02,1994-08-06,5,34.8,33.8,1994
Brescia,large,017029,196446,1996-06-05,1996-06-12,8,33.1,31.2,1996
Brescia,large,017029,196446,1998-07-20,1998-07-23,4,32.8,32.6,1998
Brescia,large,017029,196446,1998-08-08,1998-08-16,9,34.6,32.9,1998
Brescia,large,017029,196446,2000-06-19,2000-06-21,3,30.0,29.8,2000
Brescia,large,017029,196446,2000-08-18,2000-08-20,3,31.7,31.4,2000
Brescia,large,017029,196446,2000-08-22,2000-08-24,3,32.2,31.4,2000
Brescia,large,017029,196446,2001-06-24,2001-06-26,3,31.7,31.0,2001
Brescia,large,017029,196446,2001-07-31,2001-08-02,3,32.7,32.3,2001
Brescia,large,017029,196446,2001-08-14,2001-08-16,3,32.2,31.7,2001
Brescia,large,017029,196446,2001-08-25,2001-08-28,4,33.0,32.3,2001
Brescia,large,017029,196446,2002-06-15,2002-06-23,9,32.2,30.8,2002
Brescia,large,017029,196446,2003-06-04,2003-06-15,12,34.9,31.9,2003
Brescia,large,017029,196446,2003-06-19,2003-06-25,7,33.5,32.1,2003
Brescia,large,017029,196446,2003-07-19,2003-07-22,4,33.8,33.2,2003
Brescia,large,017029,196446,2003-08-01,2003-08-16,16,36.8,34.3,2003
Brescia,large,017029,196446,2003-08-18,2003-08-23,6,32.6,31.7,2003
Brescia,large,017029,196446,2004-06-08,2004-06-10,3,31.3,30.4,2004
Brescia,large,017029,196446,2005-05-27,2005-05-29,3,29.3,28.8,2005
Brescia,large,017029,196446,2005-06-20,2005-06-28,9,32.6,31.3,2005
Brescia,large,017029,196446,2005-07-27,2005-07-29,3,33.1,32.5,2005
Brescia,large,017029,196446,2006-06-16,2006-06-27,12,32.5,30.9,2006
Brescia,large,017029,196446,2006-07-18,2006-07-27,10,35.2,33.4,2006
Brescia,large,017029,196446,2007-05-20,2007-05-24,5,30.4,29.2,2007
Brescia,large,017029,196446,2007-07-14,2007-07-20,7,33.7,32.8,2007
Brescia,large,017029,196446,2008-06-22,2008-06-26,5,31.6,30.6,2008
Brescia,large,017029,196446,2009-05-22,2009-05-25,4,31.6,30.1,2009
Brescia,large,017029,196446,2009-06-13,2009-06-15,3,30.3,30.0,2009
Brescia,large,017029,196446,2009-08-16,2009-08-20,5,33.6,33.0,2009
Brescia,large,017029,196446,2010-07-14,2010-07-16,3,32.4,32.3,2010
Brescia,large,017029,196446,2011-08-18,2011-08-25,8,33.3,32.4,2011
Brescia,large,017029,196446,2012-06-17,2012-06-19,3,30.5,30.2,2012
Brescia,large,017029,196446,2012-06-28,2012-07-01,4,32.1,31.1,2012
Brescia,large,017029,196446,2012-08-17,2012-08-24,8,34.8,33.2,2012
Brescia,large,017029,196446,2013-06-17,2013-06-19,3,30.0,29.8,2013
Brescia,large,017029,196446,2013-07-24,2013-07-27,4,34.7,32.8,2013
Brescia,large,017029,196446,2013-08-01,2013-08-06,6,34.7,34.2,2013
Brescia,large,017029,196446,2014-06-06,2014-06-12,7,33.7,32.1,2014
Brescia,large,017029,196446,2015-06-02,2015-06-07,6,31.0,29.8,2015
Brescia,large,017029,196446,2015-07-01,2015-07-06,6,32.9,32.1,2015
Brescia,large,017029,196446,2015-07-13,2015-07-22,10,35.1,33.7,2015
Brescia,large,017029,196446,2015-08-03,2015-08-08,6,34.7,33.4,2015
Brescia,large,017029,196446,2015-08-28,2015-08-30,3,30.9,30.6,2015
Brescia,large,017029,196446,2017-05-26,2017-06-02,8,31.6,30.6,2017
Brescia,large,017029,196446,2017-06-09,2017-06-23,15,35.2,31.8,2017
Brescia,large,017029,196446,2017-07-05,2017-07-08,4,32.6,32.0,2017
Brescia,large,017029,196446,2017-07-30,2017-08-05,7,37.4,34.8,2017
Brescia,large,017029,196446,2017-08-15,2017-08-17,3,33.7,32.0,2017
Brescia,large,017029,196446,2017-08-23,2017-08-30,8,34.2,31.7,2017
Brescia,large,017029,196446,2018-07-29,2018-08-06,9,34.2,33.1,2018
Brescia,large,017029,196446,2018-08-17,2018-08-23,7,32.7,31.9,2018
Brescia,large,017029,196446,2019-06-23,2019-07-01,9,33.7,32.1,2019
Brescia,large,017029,196446,2019-07-20,2019-07-25,6,34.4,33.4,2019
Brescia,large,017029,196446,2019-08-09,2019-08-11,3,32.7,31.9,2019
Brescia,large,017029,196446,2020-07-29,2020-07-31,3,33.3,32.8,2020
Brescia,large,017029,196446,2020-08-20,2020-08-22,3,32.1,31.6,2020
Brescia,large,017029,196446,2021-06-11,2021-06-13,3,32.2,30.1,2021
Brescia,large,017029,196446,2021-06-16,2021-06-23,8,31.8,30.4,2021
Brescia,large,017029,196446,2021-06-26,2021-06-28,3,32.8,32.0,2021
Brescia,large,017029,196446,2021-08-10,2021-08-15,6,34.2,33.2,2021
Brescia,large,017029,196446,2021-09-11,2021-09-13,3,29.6,29.2,2021
Brescia,large,017029,196446,2022-05-11,2022-05-16,6,30.8,29.0,2022
Brescia,large,017029,196446,2022-05-18,2022-05-23,6,31.6,29.9,2022
Brescia,large,017029,196446,2022-06-03,2022-06-05,3,31.6,30.7,2022
Brescia,large,017029,196446,2022-06-09,2022-06-20,12,34.4,32.3,2022
Brescia,large,017029,196446,2022-06-29,2022-07-07,9,36.2,32.5,2022
Brescia,large,017029,196446,2022-07-09,2022-07-25,17,36.9,34.4,2022
Brescia,large,017029,196446,2022-08-02,2022-08-05,4,36.2,35.0,2022
Brescia,large,017029,196446,2023-06-18,2023-06-26,9,33.6,31.8,2023
Brescia,large,017029,196446,2023-07-08,2023-07-11,4,35.1,33.8,2023
Brescia,large,017029,196446,2023-07-14,2023-07-19,6,36.2,33.2,2023
Brescia,large,017029,196446,2023-08-11,2023-08-25,15,36.8,34.4,2023
Brescia,large,017029,196446,2023-09-08,2023-09-11,4,30.4,29.9,2023
Brescia,large,017029,196446,2024-07-26,2024-07-31,6,33.4,32.5,2024
Brescia,large,017029,196446,2024-08-08,2024-08-16,9,34.6,33.5,2024
Brescia,large,017029,196446,2024-08-20,2024-08-25,6,33.1,31.4,2024
Brescia,large,017029,196446,2024-08-27,2024-09-03,8,33.4,31.9,2024
Brescia,large,017029,196446,2025-06-10,2025-06-15,6,34.0,32.2,2025
Brescia,large,017029,196446,2025-06-17,2025-07-03,17,36.0,33.1,2025
Brescia,large,017029,196446,2025-08-08,2025-08-16,9,35.2,34.3,2025
Lumezzane,medium,017096,21424,1983-07-18,1983-07-20,3,30.9,30.2,1983
Lumezzane,medium,017096,21424,1983-07-24,1983-07-31,8,33.9,31.1,1983
Lumezzane,medium,017096,21424,1991-07-10,1991-07-12,3,29.9,28.7,1991
Lumezzane,medium,017096,21424,1992-08-05,1992-08-08,4,30.7,30.1,1992
Lumezzane,medium,017096,21424,1992-08-18,1992-08-20,3,30.1,29.4,1992
Lumezzane,medium,017096,21424,1993-08-15,1993-08-17,3,29.2,28.6,1993
Lumezzane,medium,017096,21424,1994-06-29,1994-07-04,6,30.1,29.1,1994
Lumezzane,medium,017096,21424,1994-08-02,1994-08-06,5,31.6,30.5,1994
Lumezzane,medium,017096,21424,1996-06-09,1996-06-12,4,29.8,29.1,1996
Lumezzane,medium,017096,21424,1998-07-20,1998-07-23,4,29.6,29.4,1998
Lumezzane,medium,017096,21424,1998-08-08,1998-08-13,6,31.3,30.3,1998
Lumezzane,medium,017096,21424,2000-08-17,2000-08-20,4,28.9,28.6,2000
Lumezzane,medium,017096,21424,2000-08-22,2000-08-24,3,29.4,28.5,2000
Lumezzane,medium,017096,21424,2001-08-14,2001-08-16,3,29.0,28.6,2001
Lumezzane,medium,017096,21424,2001-08-25,2001-08-28,4,29.4,28.9,2001
Lumezzane,medium,017096,21424,2003-06-09,2003-06-15,7,31.8,30.0,2003
Lumezzane,medium,017096,21424,2003-06-22,2003-06-25,4,30.0,29.2,2003
Lumezzane,medium,017096,21424,2003-07-19,2003-07-22,4,30.6,30.0,2003
Lumezzane,medium,017096,21424,2003-08-01,2003-08-16,16,33.5,31.1,2003
Lumezzane,medium,017096,21424,2003-08-18,2003-08-23,6,29.8,28.9,2003
Lumezzane,medium,017096,21424,2005-06-25,2005-06-28,4,28.8,28.5,2005
Lumezzane,medium,017096,21424,2005-07-27,2005-07-29,3,30.2,29.5,2005
Lumezzane,medium,017096,21424,2006-07-18,2006-07-27,10,32.0,30.2,2006
Lumezzane,medium,017096,21424,2007-07-14,2007-07-20,7,30.6,29.7,2007
Lumezzane,medium,017096,21424,2009-08-16,2009-08-20,5,29.9,29.6,2009
Lumezzane,medium,017096,21424,2010-07-14,2010-07-16,3,29.2,29.1,2010
Lumezzane,medium,017096,21424,2011-08-18,2011-08-25,8,30.6,29.5,2011
Lumezzane,medium,017096,21424,2012-08-17,2012-08-24,8,31.4,29.7,2012
Lumezzane,medium,017096,21424,2013-07-25,2013-07-27,3,31.3,30.0,2013
Lumezzane,medium,017096,21424,2013-08-01,2013-08-07,7,31.5,30.5,2013
Lumezzane,medium,017096,21424,2014-06-07,2014-06-11,5,30.6,29.7,2014
Lumezzane,medium,017096,21424,2015-07-01,2015-07-06,6,29.9,29.1,2015
Lumezzane,medium,017096,21424,2015-07-13,2015-07-22,10,32.1,30.5,2015
Lumezzane,medium,017096,21424,2015-08-04,2015-08-08,5,31.5,30.5,2015
Lumezzane,medium,017096,21424,2015-08-10,2015-08-12,3,30.6,29.8,2015
Lumezzane,medium,017096,21424,2017-06-21,2017-06-23,3,29.9,29.3,2017
Lumezzane,medium,017096,21424,2017-07-31,2017-08-04,5,32.0,31.1,2017
Lumezzane,medium,017096,21424,2018-07-30,2018-08-01,3,29.6,29.5,2018
Lumezzane,medium,017096,21424,2019-06-25,2019-06-27,3,31.3,30.2,2019
Lumezzane,medium,017096,21424,2019-06-29,2019-07-01,3,28.7,28.5,2019
Lumezzane,medium,017096,21424,2019-07-23,2019-07-25,3,29.7,29.1,2019
Lumezzane,medium,017096,21424,2020-07-29,2020-07-31,3,30.3,29.7,2020
Lumezzane,medium,017096,21424,2021-08-11,2021-08-15,5,29.8,29.2,2021
Lumezzane,medium,017096,21424,2022-06-18,2022-06-20,3,29.9,29.4,2022
Lumezzane,medium,017096,21424,2022-07-01,2022-07-04,4,32.1,30.3,2022
Lumezzane,medium,017096,21424,2022-07-12,2022-07-25,14,34.0,31.5,2022
Lumezzane,medium,017096,21424,2022-08-02,2022-08-05,4,33.0,31.7,2022
Lumezzane,medium,017096,21424,2023-07-08,2023-07-10,3,29.8,29.2,2023
Lumezzane,medium,017096,21424,2023-07-15,2023-07-18,4,30.6,29.5,2023
Lumezzane,medium,017096,21424,2023-08-13,2023-08-15,3,28.3,28.2,2023
Lumezzane,medium,017096,21424,2023-08-18,2023-08-25,8,32.1,30.8,2023
Lumezzane,medium,017096,21424,2024-08-09,2024-08-16,8,30.5,29.6,2024
Lumezzane,medium,017096,21424,2024-08-28,2024-08-31,4,29.5,29.3,2024
Lumezzane,medium,017096,21424,2025-06-12,2025-06-14,3,30.0,29.1,2025
Lumezzane,medium,017096,21424,2025-06-22,2025-07-03,12,32.5,30.4,2025
Lumezzane,medium,017096,21424,2025-08-08,2025-08-16,9,31.6,30.5,2025
Roncadelle,small,017165,9201,1983-07-18,1983-07-20,3,34.8,33.7,1983
Roncadelle,small,017165,9201,1983-07-25,1983-07-31,7,36.9,34.7,1983
Roncadelle,small,017165,9201,1987-09-14,1987-09-18,5,30.2,29.3,1987
Roncadelle,small,017165,9201,1991-07-04,1991-07-07,4,32.4,31.7,1991
Roncadelle,small,017165,9201,1991-07-10,1991-07-12,3,33.4,32.2,1991
Roncadelle,small,017165,9201,1992-08-05,1992-08-08,4,34.1,33.5,1992
Roncadelle,small,017165,9201,1992-08-18,1992-08-20,3,33.0,32.3,1992
Roncadelle,small,017165,9201,1992-08-24,1992-08-27,4,31.4,30.9,1992
Roncadelle,small,017165,9201,1993-06-05,1993-06-08,4,30.2,29.4,1993
Roncadelle,small,017165,9201,1993-08-03,1993-08-05,3,32.7,32.4,1993
Roncadelle,small,017165,9201,1993-08-15,1993-08-17,3,32.9,32.2,1993
Roncadelle,small,017165,9201,1993-08-20,1993-08-22,3,32.1,31.9,1993
Roncadelle,small,017165,9201,1994-06-22,1994-06-24,3,31.1,30.9,1994
Roncadelle,small,017165,9201,1994-06-28,1994-07-04,7,33.7,32.4,1994
Roncadelle,small,017165,9201,1994-08-02,1994-08-06,5,35.0,34.0,1994
Roncadelle,small,017165,9201,1996-06-05,1996-06-12,8,33.3,31.5,1996
Roncadelle,small,017165,9201,1998-07-20,1998-07-23,4,33.0,32.8,1998
Roncadelle,small,017165,9201,1998-08-08,1998-08-16,9,34.9,33.1,1998
Roncadelle,small,017165,9201,2000-06-19,2000-06-21,3,30.2,30.0,2000
Roncadelle,small,017165,9201,2000-08-18,2000-08-20,3,31.9,31.6,2000
Roncadelle,small,017165,9201,2000-08-22,2000-08-24,3,32.5,31.6,2000
Roncadelle,small,017165,9201,2001-06-24,2001-06-26,3,31.9,31.2,2001
Roncadelle,small,017165,9201,2001-07-31,2001-08-02,3,32.9,32.5,2001
Roncadelle,small,017165,9201,2001-08-14,2001-08-16,3,32.4,31.9,2001
Roncadelle,small,017165,9201,2001-08-25,2001-08-28,4,33.3,32.6,2001
Roncadelle,small,017165,9201,2002-06-15,2002-06-23,9,32.5,31.0,2002
Roncadelle,small,017165,9201,2003-06-04,2003-06-15,12,35.2,32.1,2003
Roncadelle,small,017165,9201,2003-06-19,2003-06-25,7,33.7,32.3,2003
Roncadelle,small,017165,9201,2003-07-19,2003-07-22,4,34.1,33.5,2003
Roncadelle,small,017165,9201,2003-08-01,2003-08-16,16,37.1,34.5,2003
Roncadelle,small,017165,9201,2003-08-18,2003-08-23,6,32.8,31.9,2003
Roncadelle,small,017165,9201,2004-06-08,2004-06-10,3,31.6,30.7,2004
Roncadelle,small,017165,9201,2005-05-27,2005-05-29,3,29.6,29.1,2005
Roncadelle,small,017165,9201,2005-06-20,2005-06-28,9,32.9,31.6,2005
Roncadelle,small,017165,9201,2005-07-27,2005-07-29,3,33.3,32.7,2005
Roncadelle,small,017165,9201,2006-06-16,2006-06-27,12,32.8,31.2,2006
Roncadelle,small,017165,9201,2006-07-18,2006-07-27,10,35.4,33.7,2006
Roncadelle,small,017165,9201,2007-05-20,2007-05-24,5,30.7,29.4,2007
Roncadelle,small,017165,9201,2007-07-14,2007-07-20,7,33.9,33.1,2007
Roncadelle,small,017165,9201,2008-06-22,2008-06-26,5,31.8,30.8,2008
Roncadelle,small,017165,9201,2009-05-22,2009-05-25,4,31.9,30.4,2009
Roncadelle,small,017165,9201,2009-06-13,2009-06-15,3,30.5,30.2,2009
Roncadelle,small,017165,9201,2009-08-16,2009-08-20,5,33.8,33.3,2009
Roncadelle,small,017165,9201,2010-07-14,2010-07-16,3,32.7,32.5,2010
Roncadelle,small,017165,9201,2011-05-22,2011-05-25,4,28.8,28.5,2011
Roncadelle,small,017165,9201,2011-08-18,2011-08-25,8,33.6,32.7,2011
Roncadelle,small,017165,9201,2012-06-17,2012-06-19,3,30.8,30.4,2012
Roncadelle,small,017165,9201,2012-06-28,2012-07-01,4,32.4,31.3,2012
Roncadelle,small,017165,9201,2012-08-17,2012-08-24,8,35.0,33.4,2012
Roncadelle,small,017165,9201,2013-06-17,2013-06-19,3,30.2,30.0,2013
Roncadelle,small,017165,9201,2013-07-24,2013-07-27,4,34.9,33.1,2013
Roncadelle,small,017165,9201,2013-08-01,2013-08-06,6,35.0,34.4,2013
Roncadelle,small,017165,9201,2014-06-06,2014-06-12,7,33.9,32.4,2014
Roncadelle,small,017165,9201,2015-06-02,2015-06-07,6,31.2,30.0,2015
Roncadelle,small,017165,9201,2015-07-01,2015-07-06,6,33.2,32.3,2015
Roncadelle,small,017165,9201,2015-07-13,2015-07-22,10,35.4,34.0,2015
Roncadelle,small,017165,9201,2015-08-03,2015-08-08,6,35.0,33.6,2015
Roncadelle,small,017165,9201,2015-08-28,2015-08-30,3,31.2,30.8,2015
Roncadelle,small,017165,9201,2017-05-26,2017-06-02,8,31.6,30.6,2017
Roncadelle,small,017165,9201,2017-06-09,2017-06-13,5,31.8,31.0,2017
Roncadelle,small,017165,9201,2017-06-15,2017-06-23,9,35.2,32.5,2017
Roncadelle,small,017165,9201,2017-07-05,2017-07-08,4,32.6,32.0,2017
Roncadelle,small,017165,9201,2017-07-30,2017-08-05,7,37.4,34.8,2017
Roncadelle,small,017165,9201,2017-08-23,2017-08-30,8,34.2,31.7,2017
Roncadelle,small,017165,9201,2018-07-29,2018-08-06,9,34.2,33.1,2018
Roncadelle,small,017165,9201,2018-08-19,2018-08-23,5,32.7,32.2,2018
Roncadelle,small,017165,9201,2019-06-23,2019-07-01,9,33.7,32.1,2019
Roncadelle,small,017165,9201,2019-07-20,2019-07-25,6,34.4,33.4,2019
Roncadelle,small,017165,9201,2020-07-29,2020-07-31,3,33.3,32.8,2020
Roncadelle,small,017165,9201,2020-08-20,2020-08-22,3,32.1,31.6,2020
Roncadelle,small,017165,9201,2021-06-11,2021-06-13,3,32.2,30.1,2021
Roncadelle,small,017165,9201,2021-06-16,2021-06-20,5,31.8,30.8,2021
Roncadelle,small,017165,9201,2021-06-26,2021-06-28,3,32.8,32.0,2021
Roncadelle,small,017165,9201,2021-08-10,2021-08-15,6,34.2,33.2,2021
Roncadelle,small,017165,9201,2022-05-11,2022-05-16,6,30.8,29.0,2022
Roncadelle,small,017165,9201,2022-05-18,2022-05-23,6,31.6,29.9,2022
Roncadelle,small,017165,9201,2022-06-03,2022-06-05,3,31.6,30.7,2022
Roncadelle,small,017165,9201,2022-06-09,2022-06-20,12,34.4,32.3,2022
Roncadelle,small,017165,9201,2022-06-29,2022-07-06,8,36.2,32.8,2022
Roncadelle,small,017165,9201,2022-07-09,2022-07-25,17,36.9,34.4,2022
Roncadelle,small,017165,9201,2022-08-02,2022-08-05,4,36.2,35.0,2022
Roncadelle,small,017165,9201,2023-06-19,2023-06-26,8,33.6,32.1,2023
Roncadelle,small,017165,9201,2023-07-08,2023-07-11,4,35.1,33.8,2023
Roncadelle,small,017165,9201,2023-07-14,2023-07-18,5,36.2,33.6,2023
Roncadelle,small,017165,9201,2023-08-11,2023-08-25,15,36.8,34.4,2023
Roncadelle,small,017165,9201,2023-09-09,2023-09-11,3,30.4,30.2,2023
Roncadelle,small,017165,9201,2024-07-29,2024-07-31,3,33.2,32.8,2024
Roncadelle,small,017165,9201,2024-08-08,2024-08-16,9,34.6,33.5,2024
Roncadelle,small,017165,9201,2024-08-22,2024-08-24,3,33.1,32.1,2024
Roncadelle,small,017165,9201,2024-08-27,2024-09-03,8,33.4,31.9,2024
Roncadelle,small,017165,9201,2025-06-10,2025-06-15,6,34.0,32.2,2025
Roncadelle,small,017165,9201,2025-06-17,2025-07-03,17,36.0,33.1,2025
Roncadelle,small,017165,9201,2025-08-08,2025-08-16,9,35.2,34.3,2025
Maclodio,rural,017097,1484,1983-07-18,1983-07-20,3,35.6,33.9,1983
Maclodio,rural,017097,1484,1983-07-24,1983-07-31,8,36.9,34.4,1983
Maclodio,rural,017097,1484,1987-09-15,1987-09-18,4,30.0,29.3,1987
Maclodio,rural,017097,1484,1991-06-23,1991-06-25,3,30.1,30.0,1991
Maclodio,rural,017097,1484,1991-07-02,1991-07-08,7,32.6,31.6,1991
Maclodio,rural,017097,1484,1991-07-10,1991-07-12,3,33.7,32.4,1991
Maclodio,rural,017097,1484,1992-08-05,1992-08-08,4,33.9,33.2,1992
Maclodio,rural,017097,1484,1993-06-05,1993-06-08,4,30.3,29.5,1993
Maclodio,rural,017097,1484,1993-08-03,1993-08-05,3,32.6,32.3,1993
Maclodio,rural,017097,1484,1993-08-15,1993-08-17,3,32.9,32.2,1993
Maclodio,rural,017097,1484,1993-08-20,1993-08-22,3,32.2,31.9,1993
Maclodio,rural,017097,1484,1994-06-22,1994-06-24,3,31.2,30.9,1994
Maclodio,rural,017097,1484,1994-06-28,1994-07-04,7,33.6,32.4,1994
Maclodio,rural,017097,1484,1994-08-02,1994-08-06,5,35.0,34.1,1994
Maclodio,rural,017097,1484,1996-06-05,1996-06-12,8,33.6,31.6,1996
Maclodio,rural,017097,1484,1998-07-19,1998-07-24,6,33.3,32.6,1998
Maclodio,rural,017097,1484,1998-08-08,1998-08-16,9,35.2,33.3,1998
Maclodio,rural,017097,1484,2000-06-19,2000-06-21,3,30.2,30.0,2000
Maclodio,rural,017097,1484,2000-08-18,2000-08-20,3,31.8,31.5,2000
Maclodio,rural,017097,1484,2000-08-22,2000-08-24,3,32.8,31.8,2000
Maclodio,rural,017097,1484,2001-06-23,2001-06-26,4,31.9,31.0,2001
Maclodio,rural,017097,1484,2001-07-31,2001-08-02,3,33.1,32.7,2001
Maclodio,rural,017097,1484,2001-08-14,2001-08-16,3,32.5,32.0,2001
Maclodio,rural,017097,1484,2001-08-24,2001-08-28,5,33.5,32.5,2001
Maclodio,rural,017097,1484,2002-06-15,2002-06-23,9,32.5,31.0,2002
Maclodio,rural,017097,1484,2003-06-04,2003-06-15,12,35.3,32.2,2003
Maclodio,rural,017097,1484,2003-06-19,2003-06-26,8,33.8,32.2,2003
Maclodio,rural,017097,1484,2003-07-17,2003-07-22,6,33.9,32.9,2003
Maclodio,rural,017097,1484,2003-08-01,2003-08-16,16,37.1,34.6,2003
Maclodio,rural,017097,1484,2003-08-18,2003-08-23,6,32.7,31.8,2003
Maclodio,rural,017097,1484,2004-06-08,2004-06-10,3,31.8,31.0,2004
Maclodio,rural,017097,1484,2005-05-27,2005-05-29,3,29.8,29.4,2005
Maclodio,rural,017097,1484,2005-06-20,2005-06-23,4,33.2,31.9,2005
Maclodio,rural,017097,1484,2005-06-25,2005-06-28,4,33.3,32.5,2005
Maclodio,rural,017097,1484,2005-07-27,2005-07-29,3,33.3,32.8,2005
Maclodio,rural,017097,1484,2006-06-16,2006-06-27,12,32.8,31.2,2006
Maclodio,rural,017097,1484,2006-07-18,2006-07-27,10,35.5,33.8,2006
Maclodio,rural,017097,1484,2007-05-20,2007-05-24,5,31.1,29.8,2007
Maclodio,rural,017097,1484,2007-07-14,2007-07-20,7,33.9,33.1,2007
Maclodio,rural,017097,1484,2008-06-24,2008-06-26,3,31.5,31.2,2008
Maclodio,rural,017097,1484,2009-05-22,2009-05-25,4,31.8,30.3,2009
Maclodio,rural,017097,1484,2009-06-13,2009-06-15,3,30.6,30.5,2009
Maclodio,rural,017097,1484,2009-08-16,2009-08-20,5,33.8,33.3,2009
Maclodio,rural,017097,1484,2010-07-14,2010-07-16,3,32.8,32.6,2010
Maclodio,rural,017097,1484,2011-05-22,2011-05-25,4,29.1,28.8,2011
Maclodio,rural,017097,1484,2011-08-18,2011-08-25,8,33.7,32.7,2011
Maclodio,rural,017097,1484,2012-06-17,2012-06-19,3,30.5,30.2,2012
Maclodio,rural,017097,1484,2012-08-17,2012-08-24,8,35.0,33.5,2012
Maclodio,rural,017097,1484,2013-07-24,2013-07-27,4,34.7,33.0,2013
Maclodio,rural,017097,1484,2013-08-01,2013-08-06,6,34.8,34.2,2013
Maclodio,rural,017097,1484,2014-06-06,2014-06-12,7,34.1,32.5,2014
Maclodio,rural,017097,1484,2015-06-02,2015-06-07,6,31.2,29.9,2015
Maclodio,rural,017097,1484,2015-07-01,2015-07-06,6,33.2,32.3,2015
Maclodio,rural,017097,1484,2015-07-13,2015-07-22,10,35.2,33.9,2015
Maclodio,rural,017097,1484,2015-08-04,2015-08-08,5,35.0,34.0,2015
Maclodio,rural,017097,1484,2017-05-27,2017-06-02,7,31.4,30.8,2017
Maclodio,rural,017097,1484,2017-06-09,2017-06-13,5,31.1,30.3,2017
Maclodio,rural,017097,1484,2017-06-15,2017-06-23,9,35.0,32.3,2017
Maclodio,rural,017097,1484,2017-07-05,2017-07-08,4,32.5,32.1,2017
Maclodio,rural,017097,1484,2017-07-31,2017-08-04,5,36.2,34.8,2017
Maclodio,rural,017097,1484,2017-08-25,2017-08-30,6,33.8,31.7,2017
Maclodio,rural,017097,1484,2018-07-28,2018-08-08,12,34.4,33.3,2018
Maclodio,rural,017097,1484,2018-08-19,2018-08-23,5,33.0,32.3,2018
Maclodio,rural,017097,1484,2019-06-23,2019-07-01,9,34.5,32.3,2019
Maclodio,rural,017097,1484,2019-07-20,2019-07-25,6,34.6,33.4,2019
Maclodio,rural,017097,1484,2020-07-28,2020-07-31,4,34.2,33.2,2020
Maclodio,rural,017097,1484,2020-08-07,2020-08-10,4,32.6,32.2,2020
Maclodio,rural,017097,1484,2020-08-19,2020-08-22,4,32.9,32.1,2020
Maclodio,rural,017097,1484,2021-06-11,2021-06-13,3,32.3,30.8,2021
Maclodio,rural,017097,1484,2021-06-16,2021-06-23,8,32.4,30.9,2021
Maclodio,rural,017097,1484,2021-06-26,2021-06-28,3,33.2,31.8,2021
Maclodio,rural,017097,1484,2021-08-10,2021-08-15,6,34.0,33.3,2021
Maclodio,rural,017097,1484,2022-05-11,2022-05-16,6,31.2,29.2,2022
Maclodio,rural,017097,1484,2022-05-18,2022-05-23,6,32.0,30.4,2022
Maclodio,rural,017097,1484,2022-06-01,2022-06-05,5,32.4,30.7,2022
Maclodio,rural,017097,1484,2022-06-09,2022-06-20,12,34.8,32.8,2022
Maclodio,rural,017097,1484,2022-06-28,2022-07-07,10,36.2,32.5,2022
Maclodio,rural,017097,1484,2022-07-09,2022-07-25,17,37.7,34.9,2022
Maclodio,rural,017097,1484,2022-07-30,2022-08-05,7,37.1,34.7,2022
Maclodio,rural,017097,1484,2022-08-07,2022-08-10,4,32.8,32.4,2022
Maclodio,rural,017097,1484,2022-08-20,2022-08-25,6,32.8,31.6,2022
Maclodio,rural,017097,1484,2023-06-17,2023-06-26,10,34.2,32.1,2023
Maclodio,rural,017097,1484,2023-07-07,2023-07-11,5,35.6,33.7,2023
Maclodio,rural,017097,1484,2023-07-14,2023-07-19,6,35.8,33.1,2023
Maclodio,rural,017097,1484,2023-08-11,2023-08-25,15,37.8,35.1,2023
Maclodio,rural,017097,1484,2023-09-09,2023-09-11,3,30.8,30.6,2023
Maclodio,rural,017097,1484,2024-07-16,2024-07-18,3,32.2,32.0,2024
Maclodio,rural,017097,1484,2024-07-26,2024-07-31,6,34.4,33.2,2024
Maclodio,rural,017097,1484,2024-08-07,2024-08-16,10,35.5,33.9,2024
Maclodio,rural,017097,1484,2024-08-20,2024-08-25,6,33.3,31.7,2024
Maclodio,rural,017097,1484,2024-08-27,2024-09-03,8,34.5,32.7,2024
Maclodio,rural,017097,1484,2025-06-10,2025-06-14,5,32.4,31.0,2025
Maclodio,rural,017097,1484,2025-06-22,2025-07-03,12,34.4,32.7,2025
Maclodio,rural,017097,1484,2025-08-08,2025-08-16,9,34.7,33.6,2025
Prato,large,100005,195736,1983-07-25,1983-07-27,3,38.8,37.9,1983
Prato,large,100005,195736,1987-09-15,1987-09-17,3,31.9,31.4,1987
Prato,large,100005,195736,1992-08-06,1992-08-08,3,35.4,35.2,1992
Prato,large,100005,195736,1994-08-04,1994-08-06,3,35.1,34.9,1994
Prato,large,100005,195736,1996-06-08,1996-06-12,5,32.7,31.4,1996
Prato,large,100005,195736,1998-06-03,1998-06-05,3,32.6,31.8,1998
Prato,large,100005,195736,1998-08-08,1998-08-12,5,36.8,35.7,1998
Prato,large,100005,195736,2000-08-20,2000-08-22,3,34.7,34.5,2000
Prato,large,100005,195736,2002-06-16,2002-06-23,8,34.8,33.3,2002
Prato,large,100005,195736,2003-05-04,2003-05-06,3,29.7,29.4,2003
Prato,large,100005,195736,2003-06-05,2003-06-15,11,35.0,32.4,2003
Prato,large,100005,195736,2003-06-19,2003-06-21,3,31.9,31.7,2003
Prato,large,100005,195736,2003-06-23,2003-06-25,3,32.6,32.2,2003
Prato,large,100005,195736,2003-07-19,2003-07-21,3,34.8,34.6,2003
Prato,large,100005,195736,2003-08-03,2003-08-06,4,37.6,36.5,2003
Prato,large,100005,195736,2003-08-08,2003-08-12,5,36.1,35.5,2003
Prato,large,100005,195736,2005-05-26,2005-05-28,3,30.5,29.4,2005
Prato,large,100005,195736,2005-06-26,2005-06-28,3,33.4,33.1,2005
Prato,large,100005,195736,2006-06-19,2006-06-30,12,34.2,32.9,2006
Prato,large,100005,195736,2006-07-19,2006-07-23,5,36.0,35.5,2006
Prato,large,100005,195736,2007-05-21,2007-05-24,4,29.8,29.7,2007
Prato,large,100005,195736,2009-05-22,2009-05-25,4,32.1,30.5,2009
Prato,large,100005,195736,2009-08-17,2009-08-20,4,36.2,35.5,2009
Prato,large,100005,195736,2011-05-23,2011-05-25,3,29.7,29.2,2011
Prato,large,100005,195736,2011-07-10,2011-07-12,3,34.9,34.3,2011
Prato,large,100005,195736,2011-08-19,2011-08-25,7,37.5,35.7,2011
Prato,large,100005,195736,2011-10-02,2011-10-04,3,28.6,28.5,2011
Prato,large,100005,195736,2012-06-16,2012-06-19,4,33.1,32.6,2012
Prato,large,100005,195736,2012-08-17,2012-08-21,5,36.3,35.4,2012
Prato,large,100005,195736,2013-06-17,2013-06-19,3,32.9,31.9,2013
Prato,large,100005,195736,2013-08-04,2013-08-07,4,35.7,35.3,2013
Prato,large,100005,195736,2014-06-06,2014-06-12,7,33.2,32.2,2014
Prato,large,100005,195736,2015-06-03,2015-06-07,5,31.1,30.4,2015
Prato,large,100005,195736,2015-06-30,2015-07-06,7,34.6,33.3,2015
Prato,large,100005,195736,2015-07-14,2015-07-22,9,36.0,34.6,2015
Prato,large,100005,195736,2017-06-09,2017-06-13,5,32.9,31.7,2017
Prato,large,100005,195736,2017-06-18,2017-06-21,4,32.4,31.7,2017
Prato,large,100005,195736,2017-07-30,2017-08-05,7,38.5,37.4,2017
Prato,large,100005,195736,2017-08-26,2017-08-29,4,34.1,33.8,2017
Prato,large,100005,195736,2018-06-29,2018-07-01,3,33.5,33.1,2018
Prato,large,100005,195736,2018-07-29,2018-07-31,3,37.2,36.6,2018
Prato,large,100005,195736,2018-09-08,2018-09-11,4,33.9,33.0,2018
Prato,large,100005,195736,2018-09-18,2018-09-22,5,32.0,30.7,2018
Prato,large,100005,195736,2019-06-23,2019-07-05,13,37.8,34.8,2019
Prato,large,100005,195736,2019-07-21,2019-07-25,5,38.2,36.9,2019
Prato,large,100005,195736,2019-09-12,2019-09-15,4,31.4,31.2,2019
Prato,large,100005,195736,2020-07-29,2020-08-01,4,35.8,35.3,2020
Prato,large,100005,195736,2020-08-08,2020-08-11,4,35.7,35.0,2020
Prato,large,100005,195736,2020-09-11,2020-09-16,6,32.6,31.5,2020
Prato,large,100005,195736,2021-08-09,2021-08-14,6,38.2,36.9,2021
Prato,large,100005,195736,2022-05-17,2022-05-19,3,28.9,28.6,2022
Prato,large,100005,195736,2022-05-24,2022-05-27,4,31.9,30.3,2022
Prato,large,100005,195736,2022-05-31,2022-06-05,6,33.2,31.5,2022
Prato,large,100005,195736,2022-06-11,2022-06-27,17,38.5,33.1,2022
Prato,large,100005,195736,2022-06-29,2022-07-06,8,37.1,35.2,2022
Prato,large,100005,195736,2022-07-12,2022-07-28,17,37.9,36.2,2022
Prato,large,100005,195736,2022-07-30,2022-08-05,7,39.2,37.0,2022
Prato,large,100005,195736,2023-06-19,2023-06-21,3,36.1,33.8,2023
Prato,large,100005,195736,2023-06-24,2023-06-26,3,34.4,33.0,2023
Prato,large,100005,195736,2023-07-07,2023-07-11,5,36.6,35.7,2023
Prato,large,100005,195736,2023-07-13,2023-07-19,7,35.9,35.1,2023
Prato,large,100005,195736,2023-08-11,2023-08-14,4,36.9,35.8,2023
Prato,large,100005,195736,2023-08-16,2023-08-26,11,38.9,36.4,2023
Prato,large,100005,195736,2023-09-07,2023-09-10,4,32.5,32.0,2023
Prato,large,100005,195736,2023-09-28,2023-10-01,4,30.8,29.8,2023
Prato,large,100005,195736,2024-07-16,2024-07-18,3,36.5,35.5,2024
Prato,large,100005,195736,2024-07-22,2024-07-31,10,36.9,35.4,2024
Prato,large,100005,195736,2024-08-03,2024-08-13,11,38.8,36.5,2024
Prato,large,100005,195736,2024-08-27,2024-08-31,5,37.0,35.6,2024
Prato,large,100005,195736,2025-06-11,2025-06-14,4,33.8,33.0,2025
Prato,large,100005,195736,2025-06-18,2025-07-04,17,37.7,34.1,2025
Prato,large,100005,195736,2025-08-07,2025-08-16,10,39.1,36.8,2025
Campi Bisenzio,medium,048006,47462,1983-07-25,1983-07-27,3,38.6,37.7,1983
Campi Bisenzio,medium,048006,47462,1992-08-06,1992-08-08,3,35.1,35.0,1992
Campi Bisenzio,medium,048006,47462,1994-07-01,1994-07-03,3,32.6,32.5,1994
Campi Bisenzio,medium,048006,47462,1994-08-04,1994-08-06,3,35.2,34.9,1994
Campi Bisenzio,medium,048006,47462,1996-06-09,1996-06-12,4,32.7,31.5,1996
Campi Bisenzio,medium,048006,47462,1998-06-02,1998-06-05,4,32.7,31.3,1998
Campi Bisenzio,medium,048006,47462,1998-08-09,1998-08-12,4,36.6,35.6,1998
Campi Bisenzio,medium,048006,47462,2000-08-20,2000-08-22,3,35.1,34.8,2000
Campi Bisenzio,medium,048006,47462,2002-06-16,2002-06-23,8,34.8,33.2,2002
Campi Bisenzio,medium,048006,47462,2003-05-04,2003-05-06,3,29.9,29.5,2003
Campi Bisenzio,medium,048006,47462,2003-06-05,2003-06-15,11,34.9,32.4,2003
Campi Bisenzio,medium,048006,47462,2003-06-19,2003-06-25,7,32.7,32.1,2003
Campi Bisenzio,medium,048006,47462,2003-07-18,2003-07-21,4,34.9,34.6,2003
Campi Bisenzio,medium,048006,47462,2003-08-03,2003-08-06,4,37.8,36.7,2003
Campi Bisenzio,medium,048006,47462,2003-08-08,2003-08-12,5,36.3,35.6,2003
Campi Bisenzio,medium,048006,47462,2005-05-26,2005-05-28,3,30.5,29.3,2005
Campi Bisenzio,medium,048006,47462,2005-06-26,2005-06-28,3,33.2,32.9,2005
Campi Bisenzio,medium,048006,47462,2006-06-19,2006-06-30,12,34.4,33.0,2006
Campi Bisenzio,medium,048006,47462,2006-07-19,2006-07-23,5,35.9,35.5,2006
Campi Bisenzio,medium,048006,47462,2007-05-21,2007-05-24,4,29.8,29.7,2007
Campi Bisenzio,medium,048006,47462,2009-05-20,2009-05-25,6,32.0,29.9,2009
Campi Bisenzio,medium,048006,47462,2009-08-17,2009-08-20,4,36.5,35.7,2009
Campi Bisenzio,medium,048006,47462,2011-05-23,2011-05-25,3,30.0,29.4,2011
Campi Bisenzio,medium,048006,47462,2011-07-10,2011-07-12,3,35.3,34.6,2011
Campi Bisenzio,medium,048006,47462,2011-08-19,2011-08-25,7,37.6,35.7,2011
Campi Bisenzio,medium,048006,47462,2012-06-16,2012-06-19,4,33.0,32.5,2012
Campi Bisenzio,medium,048006,47462,2012-08-17,2012-08-21,5,36.3,35.4,2012
Campi Bisenzio,medium,048006,47462,2013-06-17,2013-06-19,3,33.1,32.0,2013
Campi Bisenzio,medium,048006,47462,2013-08-04,2013-08-07,4,35.8,35.2,2013
Campi Bisenzio,medium,048006,47462,2014-06-06,2014-06-12,7,33.5,32.5,2014
Campi Bisenzio,medium,048006,47462,2015-06-03,2015-06-07,5,31.3,30.6,2015
Campi Bisenzio,medium,048006,47462,2015-06-30,2015-07-06,7,34.8,33.6,2015
Campi Bisenzio,medium,048006,47462,2015-07-14,2015-07-18,5,34.6,34.3,2015
Campi Bisenzio,medium,048006,47462,2015-07-20,2015-07-23,4,35.9,34.9,2015
Campi Bisenzio,medium,048006,47462,2015-08-05,2015-08-07,3,35.6,35.1,2015
Campi Bisenzio,medium,048006,47462,2017-06-10,2017-06-13,4,32.2,32.1,2017
Campi Bisenzio,medium,048006,47462,2017-06-18,2017-06-21,4,32.8,31.8,2017
Campi Bisenzio,medium,048006,47462,2017-07-30,2017-08-05,7,38.6,37.5,2017
Campi Bisenzio,medium,048006,47462,2018-06-29,2018-07-01,3,33.5,33.1,2018
Campi Bisenzio,medium,048006,47462,2018-07-29,2018-07-31,3,36.7,36.1,2018
Campi Bisenzio,medium,048006,47462,2018-08-04,2018-08-06,3,36.3,35.7,2018
Campi Bisenzio,medium,048006,47462,2018-09-09,2018-09-11,3,33.6,33.0,2018
Campi Bisenzio,medium,048006,47462,2018-09-20,2018-09-22,3,31.4,30.9,2018
Campi Bisenzio,medium,048006,47462,2019-06-23,2019-07-05,13,37.9,34.8,2019
Campi Bisenzio,medium,048006,47462,2019-07-21,2019-07-25,5,38.3,36.9,2019
Campi Bisenzio,medium,048006,47462,2020-07-29,2020-08-01,4,36.1,35.6,2020
Campi Bisenzio,medium,048006,47462,2020-08-08,2020-08-12,5,35.9,35.2,2020
Campi Bisenzio,medium,048006,47462,2020-09-12,2020-09-16,5,32.6,31.5,2020
Campi Bisenzio,medium,048006,47462,2021-08-09,2021-08-15,7,38.6,36.7,2021
Campi Bisenzio,medium,048006,47462,2022-05-17,2022-05-19,3,28.9,28.6,2022
Campi Bisenzio,medium,048006,47462,2022-05-24,2022-05-27,4,31.9,30.4,2022
Campi Bisenzio,medium,048006,47462,2022-05-31,2022-06-05,6,33.3,31.4,2022
Campi Bisenzio,medium,048006,47462,2022-06-11,2022-06-23,13,33.6,32.4,2022
Campi Bisenzio,medium,048006,47462,2022-06-25,2022-06-27,3,38.1,35.5,2022
Campi Bisenzio,medium,048006,47462,2022-06-29,2022-07-06,8,36.8,34.9,2022
Campi Bisenzio,medium,048006,47462,2022-07-12,2022-07-25,14,37.7,36.2,2022
Campi Bisenzio,medium,048006,47462,2022-08-02,2022-08-05,4,38.6,37.3,2022
Campi Bisenzio,medium,048006,47462,2023-06-19,2023-06-21,3,35.5,33.6,2023
Campi Bisenzio,medium,048006,47462,2023-07-07,2023-07-11,5,36.8,35.7,2023
Campi Bisenzio,medium,048006,47462,2023-07-13,2023-07-19,7,36.2,35.5,2023
Campi Bisenzio,medium,048006,47462,2023-08-11,2023-08-14,4,36.2,35.5,2023
Campi Bisenzio,medium,048006,47462,2023-08-16,2023-08-26,11,38.9,36.2,2023
Campi Bisenzio,medium,048006,47462,2023-09-29,2023-10-01,3,31.0,30.3,2023
Campi Bisenzio,medium,048006,47462,2023-10-04,2023-10-07,4,28.7,28.4,2023
Campi Bisenzio,medium,048006,47462,2024-06-17,2024-06-20,4,34.6,32.7,2024
Campi Bisenzio,medium,048006,47462,2024-07-16,2024-07-20,5,36.8,35.6,2024
Campi Bisenzio,medium,048006,47462,2024-07-22,2024-08-01,11,36.6,35.6,2024
Campi Bisenzio,medium,048006,47462,2024-08-03,2024-08-13,11,39.4,36.8,2024
Campi Bisenzio,medium,048006,47462,2024-08-27,2024-08-31,5,36.4,35.3,2024
Campi Bisenzio,medium,048006,47462,2025-05-29,2025-06-02,5,30.6,30.0,2025
Campi Bisenzio,medium,048006,47462,2025-06-08,2025-06-15,8,35.8,33.7,2025
Campi Bisenzio,medium,048006,47462,2025-06-18,2025-07-04,17,39.1,35.2,2025
Campi Bisenzio,medium,048006,47462,2025-08-07,2025-08-15,9,38.3,37.0,2025
Calenzano,small,048005,18084,1983-07-25,1983-07-27,3,39.6,38.7,1983
Calenzano,small,048005,18084,1987-09-15,1987-09-17,3,32.4,31.9,1987
Calenzano,small,048005,18084,1992-08-06,1992-08-08,3,36.1,35.9,1992
Calenzano,small,048005,18084,1994-08-04,1994-08-06,3,35.7,35.5,1994
Calenzano,small,048005,18084,1996-06-08,1996-06-12,5,33.2,31.9,1996
Calenzano,small,048005,18084,1998-06-03,1998-06-05,3,33.0,32.3,1998
Calenzano,small,048005,18084,1998-08-09,1998-08-12,4,37.5,36.6,1998
Calenzano,small,048005,18084,2000-08-20,2000-08-22,3,35.4,35.1,2000
Calenzano,small,048005,18084,2002-06-16,2002-06-23,8,35.4,33.8,2002
Calenzano,small,048005,18084,2003-05-04,2003-05-07,4,30.3,29.5,2003
Calenzano,small,048005,18084,2003-06-06,2003-06-15,10,35.7,33.4,2003
Calenzano,small,048005,18084,2003-06-19,2003-06-21,3,32.2,32.0,2003
Calenzano,small,048005,18084,2003-06-23,2003-06-25,3,33.1,32.6,2003
Calenzano,small,048005,18084,2003-07-19,2003-07-21,3,35.4,35.2,2003
Calenzano,small,048005,18084,2003-08-03,2003-08-06,4,37.8,36.7,2003
Calenzano,small,048005,18084,2003-08-08,2003-08-12,5,36.4,35.9,2003
Calenzano,small,048005,18084,2005-05-26,2005-05-28,3,31.0,29.9,2005
Calenzano,small,048005,18084,2005-06-26,2005-06-28,3,34.1,33.8,2005
Calenzano,small,048005,18084,2006-06-19,2006-06-30,12,34.9,33.5,2006
Calenzano,small,048005,18084,2006-07-19,2006-07-22,4,36.7,36.3,2006
Calenzano,small,048005,18084,2007-05-21,2007-05-24,4,30.2,30.0,2007
Calenzano,small,048005,18084,2009-05-22,2009-05-25,4,32.7,31.1,2009
Calenzano,small,048005,18084,2009-08-17,2009-08-20,4,36.7,36.1,2009
Calenzano,small,048005,18084,2011-05-23,2011-05-25,3,30.0,29.4,2011
Calenzano,small,048005,18084,2011-07-10,2011-07-12,3,35.3,34.8,2011
Calenzano,small,048005,18084,2011-08-19,2011-08-25,7,38.0,36.3,2011
Calenzano,small,048005,18084,2012-06-16,2012-06-19,4,33.7,33.3,2012
Calenzano,small,048005,18084,2012-06-29,2012-07-01,3,35.0,33.7,2012
Calenzano,small,048005,18084,2012-08-18,2012-08-21,4,36.8,36.1,2012
Calenzano,small,048005,18084,2013-06-17,2013-06-19,3,33.4,32.5,2013
Calenzano,small,048005,18084,2013-08-04,2013-08-07,4,36.5,36.0,2013
Calenzano,small,048005,18084,2014-06-06,2014-06-12,7,33.6,32.6,2014
Calenzano,small,048005,18084,2015-06-03,2015-06-07,5,31.5,30.7,2015
Calenzano,small,048005,18084,2015-06-30,2015-07-06,7,35.1,33.9,2015
Calenzano,small,048005,18084,2015-07-14,2015-07-22,9,36.8,35.3,2015
Calenzano,small,048005,18084,2017-06-10,2017-06-13,4,32.1,32.0,2017
Calenzano,small,048005,18084,2017-07-30,2017-08-05,7,38.5,37.4,2017
Calenzano,small,048005,18084,2018-07-29,2018-07-31,3,36.6,36.0,2018
Calenzano,small,048005,18084,2018-09-09,2018-09-11,3,33.5,32.9,2018
Calenzano,small,048005,18084,2018-09-20,2018-09-22,3,31.3,30.8,2018
Calenzano,small,048005,18084,2019-06-23,2019-07-04,12,37.8,34.8,2019
Calenzano,small,048005,18084,2019-07-21,2019-07-25,5,38.2,36.7,2019
Calenzano,small,048005,18084,2020-09-12,2020-09-15,4,32.5,31.5,2020
Calenzano,small,048005,18084,2021-08-10,2021-08-14,5,38.5,37.3,2021
Calenzano,small,048005,18084,2022-05-17,2022-05-19,3,28.8,28.4,2022
Calenzano,small,048005,18084,2022-05-24,2022-05-27,4,31.8,30.3,2022
Calenzano,small,048005,18084,2022-06-01,2022-06-04,4,33.2,32.2,2022
Calenzano,small,048005,18084,2022-06-11,2022-06-20,10,33.5,32.5,2022
Calenzano,small,048005,18084,2022-06-29,2022-07-06,8,36.7,34.8,2022
Calenzano,small,048005,18084,2022-07-13,2022-07-25,13,37.6,36.3,2022
Calenzano,small,048005,18084,2022-08-02,2022-08-05,4,38.5,37.2,2022
Calenzano,small,048005,18084,2023-07-07,2023-07-11,5,36.7,35.6,2023
Calenzano,small,048005,18084,2023-07-13,2023-07-19,7,36.1,35.4,2023
Calenzano,small,048005,18084,2023-08-17,2023-08-25,9,38.8,36.5,2023
Calenzano,small,048005,18084,2023-09-29,2023-10-01,3,30.9,30.2,2023
Calenzano,small,048005,18084,2023-10-04,2023-10-07,4,28.6,28.3,2023
Calenzano,small,048005,18084,2024-06-17,2024-06-19,3,34.5,33.1,2024
Calenzano,small,048005,18084,2024-07-16,2024-07-18,3,36.7,36.0,2024
Calenzano,small,048005,18084,2024-07-25,2024-07-31,7,36.5,35.8,2024
Calenzano,small,048005,18084,2024-08-06,2024-08-13,8,39.3,37.2,2024
Calenzano,small,048005,18084,2024-08-27,2024-08-31,5,36.3,35.2,2024
Calenzano,small,048005,18084,2025-06-08,2025-06-15,8,35.7,33.6,2025
Calenzano,small,048005,18084,2025-06-18,2025-07-04,17,39.0,35.1,2025
Calenzano,small,048005,18084,2025-08-07,2025-08-15,9,38.2,36.9,2025
Cantagallo,rural,100001,3100,1983-07-24,1983-07-30,7,37.0,34.1,1983
Cantagallo,rural,100001,3100,1987-09-15,1987-09-18,4,30.0,29.3,1987
Cantagallo,rural,100001,3100,1992-08-06,1992-08-08,3,33.0,32.8,1992
Cantagallo,rural,100001,3100,1994-08-04,1994-08-06,3,32.8,32.5,1994
Cantagallo,rural,100001,3100,1996-06-08,1996-06-12,5,30.2,29.2,1996
Cantagallo,rural,100001,3100,1998-06-03,1998-06-05,3,30.2,29.4,1998
Cantagallo,rural,100001,3100,1998-08-08,1998-08-12,5,34.5,33.6,1998
Cantagallo,rural,100001,3100,2000-08-20,2000-08-22,3,32.6,32.4,2000
Cantagallo,rural,100001,3100,2002-06-16,2002-06-23,8,32.6,31.1,2002
Cantagallo,rural,100001,3100,2003-06-07,2003-06-15,9,32.5,30.6,2003
Cantagallo,rural,100001,3100,2003-06-19,2003-06-25,7,30.7,29.5,2003
Cantagallo,rural,100001,3100,2003-08-03,2003-08-06,4,34.7,33.6,2003
Cantagallo,rural,100001,3100,2003-08-08,2003-08-12,5,33.3,33.0,2003
Cantagallo,rural,100001,3100,2005-06-25,2005-06-28,4,31.4,30.7,2005
Cantagallo,rural,100001,3100,2006-06-19,2006-06-29,11,32.4,30.9,2006
Cantagallo,rural,100001,3100,2006-07-19,2006-07-22,4,33.6,33.2,2006
Cantagallo,rural,100001,3100,2009-05-23,2009-05-25,3,30.4,29.6,2009
Cantagallo,rural,100001,3100,2009-08-18,2009-08-20,3,33.1,32.8,2009
Cantagallo,rural,100001,3100,2011-08-19,2011-08-25,7,34.9,33.4,2011
Cantagallo,rural,100001,3100,2012-06-16,2012-06-19,4,30.9,30.4,2012
Cantagallo,rural,100001,3100,2012-06-29,2012-07-01,3,32.4,31.1,2012
Cantagallo,rural,100001,3100,2012-08-18,2012-08-22,5,33.7,32.9,2012
Cantagallo,rural,100001,3100,2013-06-16,2013-06-19,4,30.5,29.5,2013
Cantagallo,rural,100001,3100,2013-08-01,2013-08-07,7,34.1,33.3,2013
Cantagallo,rural,100001,3100,2014-06-07,2014-06-12,6,30.5,29.8,2014
Cantagallo,rural,100001,3100,2015-07-01,2015-07-06,6,32.2,31.2,2015
Cantagallo,rural,100001,3100,2015-07-14,2015-07-22,9,33.8,32.5,2015
Cantagallo,rural,100001,3100,2017-07-30,2017-08-04,6,34.5,33.9,2017
Cantagallo,rural,100001,3100,2019-06-24,2019-07-02,9,34.4,31.6,2019
Cantagallo,rural,100001,3100,2019-07-22,2019-07-24,3,34.6,34.1,2019
Cantagallo,rural,100001,3100,2021-08-10,2021-08-14,5,34.4,33.4,2021
Cantagallo,rural,100001,3100,2022-06-14,2022-06-18,5,30.1,29.3,2022
Cantagallo,rural,100001,3100,2022-06-30,2022-07-04,5,33.7,32.0,2022
Cantagallo,rural,100001,3100,2022-07-18,2022-07-22,5,33.8,33.1,2022
Cantagallo,rural,100001,3100,2022-08-03,2022-08-05,3,34.9,34.4,2022
Cantagallo,rural,100001,3100,2023-07-08,2023-07-11,4,32.2,31.8,2023
Cantagallo,rural,100001,3100,2023-08-21,2023-08-24,4,35.3,33.7,2023
Cantagallo,rural,100001,3100,2024-08-08,2024-08-13,6,35.2,33.9,2024
Cantagallo,rural,100001,3100,2024-08-29,2024-08-31,3,31.3,30.9,2024
Cantagallo,rural,100001,3100,2025-06-11,2025-06-14,4,31.5,30.4,2025
Cantagallo,rural,100001,3100,2025-06-24,2025-07-03,10,34.3,31.6,2025
Cantagallo,rural,100001,3100,2025-08-08,2025-08-13,6,34.8,33.7,2025
Taranto,large,073027,188098,1982-06-23,1982-06-26,4,34.6,34.1,1982
Taranto,large,073027,188098,1987-07-22,1987-07-25,4,38.0,35.7,1987
Taranto,large,073027,188098,1987-09-13,1987-09-20,8,32.9,31.8,1987
Taranto,large,073027,188098,1988-07-05,1988-07-07,3,36.2,35.4,1988
Taranto,large,073027,188098,1993-08-25,1993-08-27,3,34.4,34.0,1993
Taranto,large,073027,188098,1998-06-29,1998-07-01,3,36.0,34.5,1998
Taranto,large,073027,188098,1999-08-08,1999-08-10,3,36.3,35.4,1999
Taranto,large,073027,188098,2000-06-04,2000-06-06,3,30.6,30.2,2000
Taranto,large,073027,188098,2000-07-02,2000-07-04,3,37.0,34.9,2000
Taranto,large,073027,188098,2000-08-20,2000-08-24,5,36.1,35.0,2000
Taranto,large,073027,188098,2003-06-11,2003-06-14,4,32.8,32.3,2003
Taranto,large,073027,188098,2003-06-23,2003-06-25,3,33.4,33.2,2003
Taranto,large,073027,188098,2005-07-28,2005-07-30,3,35.3,35.1,2005
Taranto,large,073027,188098,2006-06-26,2006-06-29,4,34.6,34.0,2006
Taranto,large,073027,188098,2007-07-19,2007-07-23,5,37.0,35.5,2007
Taranto,large,073027,188098,2009-05-22,2009-05-26,5,30.2,29.3,2009
Taranto,large,073027,188098,2011-09-01,2011-09-03,3,32.5,32.2,2011
Taranto,large,073027,188098,2011-09-14,2011-09-16,3,31.7,31.4,2011
Taranto,large,073027,188098,2012-07-08,2012-07-11,4,36.2,35.2,2012
Taranto,large,073027,188098,2012-08-21,2012-08-25,5,34.5,34.3,2012
Taranto,large,073027,188098,2012-09-27,2012-09-29,3,31.0,30.5,2012
Taranto,large,073027,188098,2013-06-18,2013-06-21,4,34.5,33.5,2013
Taranto,large,073027,188098,2015-07-16,2015-07-21,6,36.5,35.2,2015
Taranto,large,073027,188098,2015-08-30,2015-09-04,6,33.0,32.8,2015
Taranto,large,073027,188098,2015-09-16,2015-09-18,3,34.2,33.4,2015
Taranto,large,073027,188098,2017-07-10,2017-07-14,5,37.3,35.4,2017
Taranto,large,073027,188098,2017-07-30,2017-08-04,6,38.5,36.6,2017
Taranto,large,073027,188098,2017-08-08,2017-08-10,3,35.7,35.5,2017
Taranto,large,073027,188098,2018-05-25,2018-05-27,3,28.5,28.5,2018
Taranto,large,073027,188098,2018-07-29,2018-07-31,3,35.8,35.5,2018
Taranto,large,073027,188098,2019-06-07,2019-06-10,4,35.0,32.8,2019
Taranto,large,073027,188098,2019-06-13,2019-06-15,3,34.5,34.0,2019
Taranto,large,073027,188098,2019-06-25,2019-06-27,3,36.2,34.6,2019
Taranto,large,073027,188098,2019-07-01,2019-07-03,3,37.2,35.2,2019
Taranto,large,073027,188098,2019-07-05,2019-07-08,4,35.1,34.3,2019
Taranto,large,073027,188098,2019-08-09,2019-08-13,5,37.4,35.9,2019
Taranto,large,073027,188098,2020-09-07,2020-09-18,12,34.1,32.8,2020
Taranto,large,073027,188098,2021-06-18,2021-06-21,4,34.0,33.6,2021
Taranto,large,073027,188098,2021-06-23,2021-06-25,3,38.6,36.8,2021
Taranto,large,073027,188098,2021-06-27,2021-06-30,4,36.3,34.5,2021
Taranto,large,073027,188098,2021-07-04,2021-07-09,6,37.0,34.9,2021
Taranto,large,073027,188098,2021-07-27,2021-08-02,7,38.4,37.3,2021
Taranto,large,073027,188098,2021-08-08,2021-08-14,7,39.2,37.4,2021
Taranto,large,073027,188098,2022-05-31,2022-06-07,8,36.2,33.3,2022
Taranto,large,073027,188098,2022-06-22,2022-06-24,3,36.4,35.5,2022
Taranto,large,073027,188098,2022-07-01,2022-07-06,6,37.7,35.8,2022
Taranto,large,073027,188098,2022-07-21,2022-07-25,5,36.0,35.3,2022
Taranto,large,073027,188098,2022-08-01,2022-08-03,3,36.0,35.2,2022
Taranto,large,073027,188098,2023-07-05,2023-07-09,5,36.4,35.1,2023
Taranto,large,073027,188098,2023-07-12,2023-07-24,13,41.5,37.5,2023
Taranto,large,073027,188098,2023-08-16,2023-08-26,11,38.7,36.2,2023
Taranto,large,073027,188098,2023-09-06,2023-09-10,5,33.4,32.7,2023
Taranto,large,073027,188098,2023-09-18,2023-09-21,4,32.0,31.4,2023
Taranto,large,073027,188098,2023-10-06,2023-10-10,5,31.4,29.7,2023
Taranto,large,073027,188098,2024-06-05,2024-06-10,6,34.3,32.9,2024
Taranto,large,073027,188098,2024-06-16,2024-06-22,7,40.7,35.5,2024
Taranto,large,073027,188098,2024-06-27,2024-06-30,4,36.2,35.0,2024
Taranto,large,073027,188098,2024-07-07,2024-07-26,20,41.8,37.3,2024
Taranto,large,073027,188098,2024-07-28,2024-07-30,3,38.7,36.9,2024
Taranto,large,073027,188098,2024-08-02,2024-08-16,15,38.4,36.3,2024
Taranto,large,073027,188098,2024-08-22,2024-09-01,11,36.4,34.8,2024
Taranto,large,073027,188098,2025-06-05,2025-06-14,10,36.5,33.8,2025
Taranto,large,073027,188098,2025-06-18,2025-06-21,4,34.0,33.7,2025
Taranto,large,073027,188098,2025-06-24,2025-07-06,13,38.2,36.1,2025
Taranto,large,073027,188098,2025-07-20,2025-07-25,6,38.4,36.5,2025
Taranto,large,073027,188098,2025-08-07,2025-08-12,6,36.4,36.0,2025
Taranto,large,073027,188098,2025-09-04,2025-09-06,3,34.1,33.1,2025
Massafra,medium,073015,31960,1982-06-23,1982-06-26,4,39.2,38.7,1982
Massafra,medium,073015,31960,1987-07-22,1987-07-24,3,41.7,39.9,1987
Massafra,medium,073015,31960,1987-09-14,1987-09-19,6,34.8,34.0,1987
Massafra,medium,073015,31960,1988-07-04,1988-07-07,4,41.5,39.8,1988
Massafra,medium,073015,31960,1997-05-17,1997-05-20,4,31.8,30.7,1997
Massafra,medium,073015,31960,1998-06-29,1998-07-01,3,39.9,38.4,1998
Massafra,medium,073015,31960,1999-05-31,1999-06-04,5,33.9,32.5,1999
Massafra,medium,073015,31960,1999-08-08,1999-08-10,3,39.7,39.0,1999
Massafra,medium,073015,31960,2000-07-02,2000-07-04,3,41.0,38.8,2000
Massafra,medium,073015,31960,2000-08-20,2000-08-23,4,40.3,38.9,2000
Massafra,medium,073015,31960,2003-05-04,2003-05-09,6,30.5,29.3,2003
Massafra,medium,073015,31960,2003-06-11,2003-06-14,4,35.7,35.3,2003
Massafra,medium,073015,31960,2003-06-23,2003-06-25,3,36.5,36.3,2003
Massafra,medium,073015,31960,2006-06-18,2006-06-21,4,36.6,36.2,2006
Massafra,medium,073015,31960,2006-06-26,2006-06-28,3,38.7,38.4,2006
Massafra,medium,073015,31960,2007-07-18,2007-07-23,6,41.5,39.6,2007
Massafra,medium,073015,31960,2009-05-21,2009-05-26,6,33.5,32.2,2009
Massafra,medium,073015,31960,2011-08-23,2011-08-25,3,37.7,37.2,2011
Massafra,medium,073015,31960,2011-09-01,2011-09-03,3,35.3,34.7,2011
Massafra,medium,073015,31960,2011-09-14,2011-09-16,3,33.9,33.6,2011
Massafra,medium,073015,31960,2012-06-18,2012-06-20,3,37.7,36.8,2012
Massafra,medium,073015,31960,2012-07-08,2012-07-11,4,40.3,38.8,2012
Massafra,medium,073015,31960,2012-08-05,2012-08-07,3,40.5,39.0,2012
Massafra,medium,073015,31960,2012-08-21,2012-08-25,5,37.2,36.9,2012
Massafra,medium,073015,31960,2012-09-26,2012-09-29,4,33.7,32.8,2012
Massafra,medium,073015,31960,2013-06-18,2013-06-21,4,38.3,37.2,2013
Massafra,medium,073015,31960,2013-08-05,2013-08-07,3,38.5,38.1,2013
Massafra,medium,073015,31960,2015-07-17,2015-07-20,4,38.8,38.4,2015
Massafra,medium,073015,31960,2015-08-31,2015-09-03,4,35.4,35.1,2015
Massafra,medium,073015,31960,2015-09-16,2015-09-18,3,37.8,36.4,2015
Massafra,medium,073015,31960,2017-08-01,2017-08-06,6,41.5,39.8,2017
Massafra,medium,073015,31960,2019-06-07,2019-06-09,3,34.8,33.9,2019
Massafra,medium,073015,31960,2019-06-13,2019-06-15,3,37.5,35.8,2019
Massafra,medium,073015,31960,2019-08-09,2019-08-12,4,39.7,38.6,2019
Massafra,medium,073015,31960,2021-06-19,2021-06-21,3,37.8,37.1,2021
Massafra,medium,073015,31960,2021-06-23,2021-06-25,3,41.2,39.4,2021
Massafra,medium,073015,31960,2021-07-27,2021-07-29,3,40.9,40.1,2021
Massafra,medium,073015,31960,2022-05-19,2022-05-21,3,31.3,30.7,2022
Massafra,medium,073015,31960,2022-05-31,2022-06-06,7,38.6,35.9,2022
Massafra,medium,073015,31960,2022-07-01,2022-07-04,4,40.0,38.5,2022
Massafra,medium,073015,31960,2022-07-22,2022-07-24,3,39.4,39.0,2022
Massafra,medium,073015,31960,2023-07-15,2023-07-21,7,41.8,40.3,2023
Massafra,medium,073015,31960,2023-08-22,2023-08-24,3,37.4,37.3,2023
Massafra,medium,073015,31960,2023-10-08,2023-10-10,3,31.6,30.9,2023
Massafra,medium,073015,31960,2024-06-17,2024-06-21,5,39.2,37.9,2024
Massafra,medium,073015,31960,2024-07-13,2024-07-18,6,40.0,39.1,2024
Massafra,medium,073015,31960,2024-08-13,2024-08-15,3,40.0,39.1,2024
Massafra,medium,073015,31960,2025-06-05,2025-06-14,10,35.8,34.4,2025
Massafra,medium,073015,31960,2025-06-24,2025-06-26,3,38.7,37.9,2025
Massafra,medium,073015,31960,2025-06-30,2025-07-04,5,39.1,37.9,2025
San Giorgio Ionico,small,073024,14231,1982-06-23,1982-06-26,4,35.9,35.3,1982
San Giorgio Ionico,small,073024,14231,1987-07-22,1987-07-25,4,38.6,36.7,1987
San Giorgio Ionico,small,073024,14231,1987-09-14,1987-09-20,7,32.6,32.0,1987
San Giorgio Ionico,small,073024,14231,1988-07-04,1988-07-07,4,37.9,36.2,1988
San Giorgio Ionico,small,073024,14231,1993-08-25,1993-08-27,3,35.1,34.6,1993
San Giorgio Ionico,small,073024,14231,1998-06-28,1998-07-02,5,36.4,34.7,1998
San Giorgio Ionico,small,073024,14231,2000-07-02,2000-07-04,3,37.3,35.8,2000
San Giorgio Ionico,small,073024,14231,2000-08-20,2000-08-23,4,37.1,36.0,2000
San Giorgio Ionico,small,073024,14231,2002-06-22,2002-06-24,3,35.0,34.1,2002
San Giorgio Ionico,small,073024,14231,2003-06-10,2003-06-14,5,33.4,32.7,2003
San Giorgio Ionico,small,073024,14231,2003-06-23,2003-06-25,3,34.1,33.8,2003
San Giorgio Ionico,small,073024,14231,2003-08-16,2003-08-18,3,36.8,35.9,2003
San Giorgio Ionico,small,073024,14231,2006-06-26,2006-06-29,4,35.8,34.7,2006
San Giorgio Ionico,small,073024,14231,2007-07-18,2007-07-23,6,38.3,36.4,2007
San Giorgio Ionico,small,073024,14231,2009-05-21,2009-05-26,6,30.8,29.6,2009
San Giorgio Ionico,small,073024,14231,2011-08-23,2011-08-25,3,34.9,34.7,2011
San Giorgio Ionico,small,073024,14231,2011-09-01,2011-09-03,3,32.9,32.7,2011
San Giorgio Ionico,small,073024,14231,2011-09-13,2011-09-17,5,32.1,31.7,2011
San Giorgio Ionico,small,073024,14231,2012-06-18,2012-06-20,3,34.2,33.6,2012
San Giorgio Ionico,small,073024,14231,2012-07-08,2012-07-11,4,36.7,36.0,2012
San Giorgio Ionico,small,073024,14231,2012-08-21,2012-08-25,5,35.5,35.1,2012
San Giorgio Ionico,small,073024,14231,2012-09-27,2012-09-29,3,31.6,31.2,2012
San Giorgio Ionico,small,073024,14231,2013-06-18,2013-06-21,4,35.4,34.4,2013
San Giorgio Ionico,small,073024,14231,2015-07-15,2015-07-21,7,36.6,35.8,2015
San Giorgio Ionico,small,073024,14231,2015-08-30,2015-09-04,6,33.6,33.4,2015
San Giorgio Ionico,small,073024,14231,2015-09-16,2015-09-18,3,34.6,33.9,2015
San Giorgio Ionico,small,073024,14231,2017-06-12,2017-06-14,3,34.0,33.0,2017
San Giorgio Ionico,small,073024,14231,2017-06-22,2017-06-25,4,34.3,33.8,2017
San Giorgio Ionico,small,073024,14231,2017-07-05,2017-07-13,9,37.8,36.6,2017
San Giorgio Ionico,small,073024,14231,2017-07-21,2017-07-23,3,37.3,36.2,2017
San Giorgio Ionico,small,073024,14231,2017-07-30,2017-08-10,12,40.9,38.6,2017
San Giorgio Ionico,small,073024,14231,2017-08-24,2017-08-27,4,36.2,35.4,2017
San Giorgio Ionico,small,073024,14231,2018-05-25,2018-05-28,4,30.4,29.8,2018
San Giorgio Ionico,small,073024,14231,2018-05-31,2018-06-02,3,30.4,30.2,2018
San Giorgio Ionico,small,073024,14231,2018-07-29,2018-07-31,3,35.8,35.7,2018
San Giorgio Ionico,small,073024,14231,2019-06-07,2019-06-10,4,35.0,34.1,2019
San Giorgio Ionico,small,073024,14231,2019-06-13,2019-06-15,3,36.4,35.3,2019
San Giorgio Ionico,small,073024,14231,2019-06-20,2019-06-22,3,34.9,34.0,2019
San Giorgio Ionico,small,073024,14231,2019-06-30,2019-07-08,9,38.1,36.3,2019
San Giorgio Ionico,small,073024,14231,2019-08-09,2019-08-13,5,39.5,37.7,2019
San Giorgio Ionico,small,073024,14231,2019-08-24,2019-08-29,6,34.8,34.3,2019
San Giorgio Ionico,small,073024,14231,2020-05-15,2020-05-17,3,31.4,30.4,2020
San Giorgio Ionico,small,073024,14231,2020-06-29,2020-07-03,5,35.5,35.0,2020
San Giorgio Ionico,small,073024,14231,2020-07-27,2020-08-01,6,37.1,36.8,2020
San Giorgio Ionico,small,073024,14231,2020-09-07,2020-09-17,11,34.2,32.8,2020
San Giorgio Ionico,small,073024,14231,2021-06-18,2021-06-30,13,41.0,37.2,2021
San Giorgio Ionico,small,073024,14231,2021-07-05,2021-07-10,6,39.2,36.8,2021
San Giorgio Ionico,small,073024,14231,2021-07-26,2021-08-05,11,40.6,38.0,2021
San Giorgio Ionico,small,073024,14231,2021-08-08,2021-08-16,9,40.8,37.7,2021
San Giorgio Ionico,small,073024,14231,2022-05-15,2022-05-17,3,29.2,28.9,2022
San Giorgio Ionico,small,073024,14231,2022-05-19,2022-05-23,5,30.6,29.9,2022
San Giorgio Ionico,small,073024,14231,2022-05-30,2022-06-07,9,38.0,34.3,2022
San Giorgio Ionico,small,073024,14231,2022-06-20,2022-06-28,9,39.0,36.2,2022
San Giorgio Ionico,small,073024,14231,2022-06-30,2022-07-06,7,38.6,36.6,2022
San Giorgio Ionico,small,073024,14231,2022-07-15,2022-07-17,3,38.0,36.7,2022
San Giorgio Ionico,small,073024,14231,2022-07-19,2022-07-29,11,39.0,37.0,2022
San Giorgio Ionico,small,073024,14231,2022-08-02,2022-08-06,5,38.0,36.9,2022
San Giorgio Ionico,small,073024,14231,2022-08-16,2022-08-18,3,35.6,34.9,2022
San Giorgio Ionico,small,073024,14231,2023-06-20,2023-06-23,4,36.4,34.4,2023
San Giorgio Ionico,small,073024,14231,2023-07-08,2023-07-24,17,42.1,38.7,2023
San Giorgio Ionico,small,073024,14231,2023-08-17,2023-08-27,11,38.2,36.0,2023
San Giorgio Ionico,small,073024,14231,2023-09-16,2023-09-21,6,33.0,32.7,2023
San Giorgio Ionico,small,073024,14231,2023-10-08,2023-10-12,5,31.8,30.1,2023
San Giorgio Ionico,small,073024,14231,2024-04-12,2024-04-14,3,30.0,29.0,2024
San Giorgio Ionico,small,073024,14231,2024-05-16,2024-05-18,3,29.0,28.5,2024
San Giorgio Ionico,small,073024,14231,2024-06-05,2024-06-12,8,35.8,33.5,2024
San Giorgio Ionico,small,073024,14231,2024-06-16,2024-06-23,8,40.2,37.3,2024
San Giorgio Ionico,small,073024,14231,2024-06-27,2024-06-30,4,36.8,35.5,2024
San Giorgio Ionico,small,073024,14231,2024-07-06,2024-07-20,15,40.8,38.6,2024
San Giorgio Ionico,small,073024,14231,2024-07-22,2024-07-24,3,36.6,36.0,2024
San Giorgio Ionico,small,073024,14231,2024-07-26,2024-07-29,4,37.4,36.3,2024
San Giorgio Ionico,small,073024,14231,2024-08-04,2024-08-16,13,39.8,37.4,2024
San Giorgio Ionico,small,073024,14231,2024-08-22,2024-08-26,5,35.8,35.2,2024
San Giorgio Ionico,small,073024,14231,2024-08-28,2024-09-02,6,34.7,33.7,2024
San Giorgio Ionico,small,073024,14231,2024-09-05,2024-09-07,3,32.8,32.7,2024
San Giorgio Ionico,small,073024,14231,2025-05-01,2025-05-03,3,29.5,29.2,2025
San Giorgio Ionico,small,073024,14231,2025-06-04,2025-06-16,13,37.2,34.8,2025
San Giorgio Ionico,small,073024,14231,2025-06-23,2025-07-06,14,39.6,37.2,2025
San Giorgio Ionico,small,073024,14231,2025-07-13,2025-07-16,4,37.0,36.0,2025
San Giorgio Ionico,small,073024,14231,2025-07-18,2025-07-25,8,42.4,38.7,2025
San Giorgio Ionico,small,073024,14231,2025-08-08,2025-08-13,6,39.0,38.2,2025
San Giorgio Ionico,small,073024,14231,2025-09-04,2025-09-06,3,34.0,33.8,2025
San Giorgio Ionico,small,073024,14231,2025-09-12,2025-09-16,5,32.4,31.8,2025
Fragagnano,rural,073006,4950,1982-06-23,1982-06-26,4,33.4,32.9,1982
Fragagnano,rural,073006,4950,1987-07-20,1987-07-25,6,36.3,34.5,1987
Fragagnano,rural,073006,4950,1987-09-13,1987-09-18,6,31.7,31.1,1987
Fragagnano,rural,073006,4950,1988-07-04,1988-07-07,4,35.6,34.6,1988
Fragagnano,rural,073006,4950,1998-06-29,1998-07-02,4,33.9,33.0,1998
Fragagnano,rural,073006,4950,1998-07-24,1998-07-26,3,34.7,34.0,1998
Fragagnano,rural,073006,4950,1999-08-08,1999-08-10,3,35.8,34.7,1999
Fragagnano,rural,073006,4950,1999-08-18,1999-08-20,3,34.0,33.7,1999
Fragagnano,rural,073006,4950,2000-07-02,2000-07-04,3,34.7,33.7,2000
Fragagnano,rural,073006,4950,2000-08-19,2000-08-24,6,35.4,34.3,2000
Fragagnano,rural,073006,4950,2002-06-22,2002-06-24,3,33.5,32.9,2002
Fragagnano,rural,073006,4950,2003-06-06,2003-06-16,11,32.4,30.9,2003
Fragagnano,rural,073006,4950,2003-06-24,2003-06-26,3,32.9,32.5,2003
Fragagnano,rural,073006,4950,2003-08-16,2003-08-19,4,35.8,34.4,2003
Fragagnano,rural,073006,4950,2006-06-26,2006-06-29,4,34.3,33.4,2006
Fragagnano,rural,073006,4950,2007-07-19,2007-07-23,5,36.2,35.1,2007
Fragagnano,rural,073006,4950,2008-06-23,2008-06-26,4,33.0,32.4,2008
Fragagnano,rural,073006,4950,2009-05-22,2009-05-25,4,29.5,28.8,2009
Fragagnano,rural,073006,4950,2011-08-19,2011-08-25,7,33.8,33.3,2011
Fragagnano,rural,073006,4950,2011-09-11,2011-09-17,7,31.1,30.7,2011
Fragagnano,rural,073006,4950,2012-06-17,2012-06-23,7,32.4,31.9,2012
Fragagnano,rural,073006,4950,2012-07-08,2012-07-11,4,34.7,34.4,2012
Fragagnano,rural,073006,4950,2012-08-21,2012-08-25,5,34.0,33.7,2012
Fragagnano,rural,073006,4950,2013-06-18,2013-06-21,4,34.0,33.2,2013
Fragagnano,rural,073006,4950,2013-08-04,2013-08-07,4,34.5,34.2,2013
Fragagnano,rural,073006,4950,2015-07-15,2015-07-21,7,36.0,34.8,2015
Fragagnano,rural,073006,4950,2015-08-30,2015-09-04,6,32.3,31.9,2015
Fragagnano,rural,073006,4950,2015-09-16,2015-09-18,3,32.7,31.6,2015
Fragagnano,rural,073006,4950,2017-06-12,2017-06-14,3,33.0,31.8,2017
Fragagnano,rural,073006,4950,2017-06-22,2017-06-25,4,33.8,33.3,2017
Fragagnano,rural,073006,4950,2017-06-27,2017-06-30,4,33.0,32.7,2017
Fragagnano,rural,073006,4950,2017-07-04,2017-07-13,10,36.4,35.0,2017
Fragagnano,rural,073006,4950,2017-07-30,2017-08-10,12,38.8,36.9,2017
Fragagnano,rural,073006,4950,2017-08-14,2017-08-17,4,34.4,33.9,2017
Fragagnano,rural,073006,4950,2017-08-24,2017-08-28,5,35.3,33.9,2017
Fragagnano,rural,073006,4950,2018-05-25,2018-05-28,4,29.4,29.1,2018
Fragagnano,rural,073006,4950,2018-05-31,2018-06-03,4,29.6,29.2,2018
Fragagnano,rural,073006,4950,2018-07-18,2018-07-21,4,34.8,34.4,2018
Fragagnano,rural,073006,4950,2018-07-29,2018-07-31,3,35.2,34.9,2018
Fragagnano,rural,073006,4950,2019-06-07,2019-06-10,4,34.9,33.5,2019
Fragagnano,rural,073006,4950,2019-06-13,2019-06-15,3,35.4,34.2,2019
Fragagnano,rural,073006,4950,2019-06-20,2019-06-22,3,33.6,32.8,2019
Fragagnano,rural,073006,4950,2019-06-25,2019-06-27,3,36.0,34.1,2019
Fragagnano,rural,073006,4950,2019-06-29,2019-07-08,10,36.4,34.5,2019
Fragagnano,rural,073006,4950,2019-08-08,2019-08-13,6,37.8,36.1,2019
Fragagnano,rural,073006,4950,2019-08-22,2019-08-29,8,34.3,33.5,2019
Fragagnano,rural,073006,4950,2020-06-27,2020-07-03,7,34.9,33.7,2020
Fragagnano,rural,073006,4950,2020-07-20,2020-07-22,3,35.6,34.9,2020
Fragagnano,rural,073006,4950,2020-07-26,2020-08-01,7,36.6,35.8,2020
Fragagnano,rural,073006,4950,2020-08-11,2020-08-14,4,34.0,33.7,2020
Fragagnano,rural,073006,4950,2020-08-25,2020-08-27,3,32.9,32.8,2020
Fragagnano,rural,073006,4950,2020-09-07,2020-09-19,13,33.6,32.2,2020
Fragagnano,rural,073006,4950,2021-06-18,2021-07-02,15,39.1,35.3,2021
Fragagnano,rural,073006,4950,2021-07-04,2021-07-14,11,37.4,34.7,2021
Fragagnano,rural,073006,4950,2021-07-26,2021-08-05,11,39.8,37.2,2021
Fragagnano,rural,073006,4950,2021-08-08,2021-08-16,9,39.5,36.8,2021
Fragagnano,rural,073006,4950,2021-08-21,2021-08-23,3,34.6,33.9,2021
Fragagnano,rural,073006,4950,2022-05-19,2022-05-22,4,29.5,29.1,2022
Fragagnano,rural,073006,4950,2022-05-30,2022-06-07,9,36.6,33.3,2022
Fragagnano,rural,073006,4950,2022-06-12,2022-06-16,5,32.2,31.4,2022
Fragagnano,rural,073006,4950,2022-06-20,2022-07-06,17,37.5,35.2,2022
Fragagnano,rural,073006,4950,2022-07-14,2022-07-30,17,37.6,35.6,2022
Fragagnano,rural,073006,4950,2022-08-01,2022-08-08,8,37.6,35.7,2022
Fragagnano,rural,073006,4950,2022-08-16,2022-08-18,3,35.0,34.5,2022
Fragagnano,rural,073006,4950,2022-09-08,2022-09-10,3,31.2,31.1,2022
Fragagnano,rural,073006,4950,2023-06-19,2023-06-23,5,35.0,33.0,2023
Fragagnano,rural,073006,4950,2023-07-03,2023-07-24,22,42.2,37.2,2023
Fragagnano,rural,073006,4950,2023-07-29,2023-07-31,3,34.8,34.6,2023
Fragagnano,rural,073006,4950,2023-08-14,2023-08-27,14,37.9,35.6,2023
Fragagnano,rural,073006,4950,2023-09-06,2023-09-21,16,33.0,31.9,2023
Fragagnano,rural,073006,4950,2023-10-08,2023-10-12,5,31.4,29.8,2023
Fragagnano,rural,073006,4950,2024-06-05,2024-06-12,8,35.0,32.6,2024
Fragagnano,rural,073006,4950,2024-06-16,2024-07-01,16,39.6,35.5,2024
Fragagnano,rural,073006,4950,2024-07-06,2024-08-17,43,41.0,37.3,2024
Fragagnano,rural,073006,4950,2024-08-21,2024-09-03,14,36.1,34.4,2024
Fragagnano,rural,073006,4950,2024-09-05,2024-09-07,3,33.2,32.8,2024
Fragagnano,rural,073006,4950,2025-05-01,2025-05-03,3,29.4,28.9,2025
Fragagnano,rural,073006,4950,2025-06-04,2025-07-07,34,39.1,35.4,2025
Fragagnano,rural,073006,4950,2025-07-13,2025-07-25,13,42.2,37.1,2025
Fragagnano,rural,073006,4950,2025-08-07,2025-08-14,8,38.7,36.9,2025
Fragagnano,rural,073006,4950,2025-09-04,2025-09-08,5,34.0,32.6,2025
Fragagnano,rural,073006,4950,2025-09-11,2025-09-16,6,31.8,31.4,2025
Fragagnano,rural,073006,4950,2025-09-18,2025-09-20,3,31.9,30.8,2025
Modena,large,036023,184153,1983-07-18,1983-07-20,3,37.1,36.0,1983
Modena,large,036023,184153,1983-07-25,1983-07-28,4,39.2,38.1,1983
Modena,large,036023,184153,1987-09-12,1987-09-14,3,31.4,31.4,1987
Modena,large,036023,184153,1987-09-16,1987-09-19,4,32.4,31.8,1987
Modena,large,036023,184153,1991-07-04,1991-07-06,3,34.0,33.9,1991
Modena,large,036023,184153,1992-08-06,1992-08-08,3,35.6,35.4,1992
Modena,large,036023,184153,1992-08-25,1992-08-28,4,34.2,33.9,1992
Modena,large,036023,184153,1996-06-06,1996-06-12,7,33.2,31.9,1996
Modena,large,036023,184153,1998-06-25,1998-06-27,3,33.5,33.1,1998
Modena,large,036023,184153,1998-08-09,1998-08-12,4,36.4,36.0,1998
Modena,large,036023,184153,1999-05-29,1999-06-02,5,33.0,31.3,1999
Modena,large,036023,184153,2000-06-02,2000-06-04,3,31.4,31.0,2000
Modena,large,036023,184153,2000-08-18,2000-08-22,5,35.4,34.9,2000
Modena,large,036023,184153,2001-05-27,2001-05-29,3,31.3,30.7,2001
Modena,large,036023,184153,2002-06-13,2002-06-23,11,36.2,34.1,2002
Modena,large,036023,184153,2003-05-05,2003-05-07,3,30.1,29.3,2003
Modena,large,036023,184153,2003-06-04,2003-06-14,11,34.9,32.8,2003
Modena,large,036023,184153,2003-06-22,2003-06-25,4,35.8,34.6,2003
Modena,large,036023,184153,2003-08-03,2003-08-06,4,37.1,36.0,2003
Modena,large,036023,184153,2003-08-08,2003-08-13,6,37.5,36.5,2003
Modena,large,036023,184153,2004-06-08,2004-06-10,3,33.6,32.5,2004
Modena,large,036023,184153,2005-05-27,2005-05-29,3,31.5,31.1,2005
Modena,large,036023,184153,2005-06-21,2005-06-28,8,35.2,33.9,2005
Modena,large,036023,184153,2006-06-16,2006-06-21,6,35.4,33.4,2006
Modena,large,036023,184153,2006-06-24,2006-06-27,4,36.1,35.0,2006
Modena,large,036023,184153,2007-05-20,2007-05-24,5,31.5,30.2,2007
Modena,large,036023,184153,2007-07-15,2007-07-20,6,37.0,36.3,2007
Modena,large,036023,184153,2009-05-20,2009-05-25,6,33.9,31.9,2009
Modena,large,036023,184153,2009-06-13,2009-06-15,3,32.9,32.6,2009
Modena,large,036023,184153,2009-08-17,2009-08-20,4,35.5,35.1,2009
Modena,large,036023,184153,2011-08-18,2011-08-25,8,36.6,35.9,2011
Modena,large,036023,184153,2012-06-16,2012-06-21,6,35.6,33.9,2012
Modena,large,036023,184153,2012-06-28,2012-07-01,4,36.5,35.4,2012
Modena,large,036023,184153,2012-08-18,2012-08-24,7,37.6,36.2,2012
Modena,large,036023,184153,2013-08-01,2013-08-06,6,37.9,37.3,2013
Modena,large,036023,184153,2014-06-07,2014-06-11,5,33.7,32.9,2014
Modena,large,036023,184153,2015-07-02,2015-07-07,6,35.3,34.3,2015
Modena,large,036023,184153,2015-07-15,2015-07-22,8,36.7,35.9,2015
Modena,large,036023,184153,2017-05-27,2017-06-02,7,32.9,31.8,2017
Modena,large,036023,184153,2017-06-09,2017-06-13,5,35.6,33.3,2017
Modena,large,036023,184153,2017-06-18,2017-06-23,6,36.9,35.5,2017
Modena,large,036023,184153,2017-07-04,2017-07-09,6,37.4,36.0,2017
Modena,large,036023,184153,2017-07-30,2017-08-05,7,41.4,39.0,2017
Modena,large,036023,184153,2017-08-23,2017-08-27,5,37.0,34.6,2017
Modena,large,036023,184153,2018-07-29,2018-07-31,3,36.8,36.1,2018
Modena,large,036023,184153,2018-08-19,2018-08-22,4,35.0,34.5,2018
Modena,large,036023,184153,2019-06-23,2019-07-01,9,38.9,35.9,2019
Modena,large,036023,184153,2019-07-04,2019-07-06,3,35.6,35.0,2019
Modena,large,036023,184153,2019-07-22,2019-07-25,4,36.5,36.1,2019
Modena,large,036023,184153,2019-08-09,2019-08-11,3,36.4,36.1,2019
Modena,large,036023,184153,2020-06-21,2020-06-23,3,34.2,33.5,2020
Modena,large,036023,184153,2020-06-26,2020-06-28,3,34.4,34.1,2020
Modena,large,036023,184153,2020-07-29,2020-07-31,3,37.4,36.3,2020
Modena,large,036023,184153,2021-06-17,2021-06-23,7,35.8,33.9,2021
Modena,large,036023,184153,2021-06-26,2021-06-28,3,35.4,35.1,2021
Modena,large,036023,184153,2021-07-05,2021-07-07,3,37.8,36.1,2021
Modena,large,036023,184153,2021-08-10,2021-08-15,6,37.7,36.6,2021
Modena,large,036023,184153,2021-09-12,2021-09-14,3,31.5,31.4,2021
Modena,large,036023,184153,2022-05-10,2022-05-16,7,30.2,28.9,2022
Modena,large,036023,184153,2022-05-19,2022-05-22,4,31.5,30.8,2022
Modena,large,036023,184153,2022-06-03,2022-06-05,3,32.6,31.4,2022
Modena,large,036023,184153,2022-06-14,2022-06-26,13,37.0,34.2,2022
Modena,large,036023,184153,2022-07-01,2022-07-04,4,36.7,35.3,2022
Modena,large,036023,184153,2022-07-13,2022-07-15,3,37.8,36.1,2022
Modena,large,036023,184153,2022-07-18,2022-07-25,8,38.8,37.2,2022
Modena,large,036023,184153,2022-08-03,2022-08-05,3,38.0,37.5,2022
Modena,large,036023,184153,2023-07-09,2023-07-11,3,36.4,35.6,2023
Modena,large,036023,184153,2023-07-15,2023-07-18,4,37.1,36.6,2023
Modena,large,036023,184153,2023-08-18,2023-08-25,8,38.0,36.1,2023
Modena,large,036023,184153,2023-10-07,2023-10-09,3,31.4,29.9,2023
Modena,large,036023,184153,2024-08-10,2024-08-12,3,35.2,35.1,2024
Modena,large,036023,184153,2024-08-28,2024-08-31,4,34.0,33.6,2024
Modena,large,036023,184153,2025-05-29,2025-06-03,6,32.6,31.2,2025
Modena,large,036023,184153,2025-06-05,2025-06-07,3,33.4,32.4,2025
Modena,large,036023,184153,2025-06-10,2025-06-14,5,36.2,34.6,2025
Modena,large,036023,184153,2025-06-22,2025-07-03,12,36.8,35.7,2025
Modena,large,036023,184153,2025-08-07,2025-08-16,10,38.5,36.6,2025
Formigine,medium,036015,34467,1983-07-18,1983-07-20,3,36.7,35.7,1983
Formigine,medium,036015,34467,1983-07-25,1983-07-28,4,39.0,37.8,1983
Formigine,medium,036015,34467,1987-09-12,1987-09-14,3,31.2,31.1,1987
Formigine,medium,036015,34467,1987-09-16,1987-09-18,3,32.1,31.9,1987
Formigine,medium,036015,34467,1991-07-04,1991-07-06,3,33.8,33.6,1991
Formigine,medium,036015,34467,1992-08-06,1992-08-08,3,35.1,35.0,1992
Formigine,medium,036015,34467,1992-08-25,1992-08-28,4,33.8,33.4,1992
Formigine,medium,036015,34467,1996-06-06,1996-06-12,7,32.9,31.6,1996
Formigine,medium,036015,34467,1998-06-25,1998-06-27,3,33.0,32.6,1998
Formigine,medium,036015,34467,1998-08-08,1998-08-12,5,36.0,35.5,1998
Formigine,medium,036015,34467,1999-05-29,1999-06-02,5,32.6,30.9,1999
Formigine,medium,036015,34467,2000-06-02,2000-06-04,3,30.9,30.5,2000
Formigine,medium,036015,34467,2000-08-18,2000-08-22,5,34.9,34.5,2000
Formigine,medium,036015,34467,2001-05-27,2001-05-29,3,31.1,30.4,2001
Formigine,medium,036015,34467,2002-06-13,2002-06-23,11,35.7,33.6,2002
Formigine,medium,036015,34467,2003-06-04,2003-06-14,11,34.6,32.5,2003
Formigine,medium,036015,34467,2003-06-22,2003-06-25,4,35.4,34.2,2003
Formigine,medium,036015,34467,2003-08-08,2003-08-13,6,37.2,36.2,2003
Formigine,medium,036015,34467,2004-06-08,2004-06-10,3,33.3,32.1,2004
Formigine,medium,036015,34467,2005-05-27,2005-05-29,3,31.1,30.6,2005
Formigine,medium,036015,34467,2005-06-21,2005-06-28,8,34.9,33.5,2005
Formigine,medium,036015,34467,2005-07-27,2005-07-29,3,37.0,35.7,2005
Formigine,medium,036015,34467,2006-06-16,2006-06-21,6,35.1,33.1,2006
Formigine,medium,036015,34467,2006-06-23,2006-06-27,5,35.7,34.0,2006
Formigine,medium,036015,34467,2007-05-20,2007-05-24,5,31.2,29.8,2007
Formigine,medium,036015,34467,2007-07-15,2007-07-20,6,36.6,35.9,2007
Formigine,medium,036015,34467,2009-05-20,2009-05-25,6,33.7,31.5,2009
Formigine,medium,036015,34467,2009-06-13,2009-06-15,3,32.5,32.2,2009
Formigine,medium,036015,34467,2009-08-17,2009-08-20,4,35.2,34.7,2009
Formigine,medium,036015,34467,2011-08-18,2011-08-25,8,36.2,35.5,2011
Formigine,medium,036015,34467,2012-06-16,2012-06-21,6,35.1,33.4,2012
Formigine,medium,036015,34467,2012-06-28,2012-07-01,4,36.0,34.9,2012
Formigine,medium,036015,34467,2012-08-17,2012-08-24,8,37.3,35.6,2012
Formigine,medium,036015,34467,2013-08-02,2013-08-06,5,37.4,37.2,2013
Formigine,medium,036015,34467,2014-06-07,2014-06-11,5,33.2,32.5,2014
Formigine,medium,036015,34467,2015-07-02,2015-07-07,6,34.9,33.8,2015
Formigine,medium,036015,34467,2015-07-15,2015-07-22,8,36.0,35.4,2015
Formigine,medium,036015,34467,2017-05-27,2017-06-02,7,31.8,31.1,2017
Formigine,medium,036015,34467,2017-06-09,2017-06-13,5,35.0,33.0,2017
Formigine,medium,036015,34467,2017-06-19,2017-06-23,5,37.0,35.7,2017
Formigine,medium,036015,34467,2017-07-04,2017-07-09,6,37.2,35.6,2017
Formigine,medium,036015,34467,2017-07-30,2017-08-04,6,41.0,39.3,2017
Formigine,medium,036015,34467,2019-06-23,2019-06-27,5,37.7,34.9,2019
Formigine,medium,036015,34467,2019-06-29,2019-07-01,3,35.2,34.3,2019
Formigine,medium,036015,34467,2020-07-29,2020-07-31,3,36.2,35.5,2020
Formigine,medium,036015,34467,2020-08-19,2020-08-21,3,36.7,35.2,2020
Formigine,medium,036015,34467,2021-06-17,2021-06-23,7,34.0,32.9,2021
Formigine,medium,036015,34467,2021-06-26,2021-06-28,3,34.4,33.9,2021
Formigine,medium,036015,34467,2021-07-05,2021-07-07,3,36.8,35.0,2021
Formigine,medium,036015,34467,2021-08-10,2021-08-15,6,38.0,36.5,2021
Formigine,medium,036015,34467,2022-05-19,2022-05-22,4,31.1,30.5,2022
Formigine,medium,036015,34467,2022-06-14,2022-06-21,8,36.2,33.4,2022
Formigine,medium,036015,34467,2022-06-23,2022-06-26,4,35.6,33.6,2022
Formigine,medium,036015,34467,2022-06-30,2022-07-04,5,36.3,34.7,2022
Formigine,medium,036015,34467,2022-07-18,2022-07-24,7,38.6,36.5,2022
Formigine,medium,036015,34467,2022-08-03,2022-08-05,3,37.5,36.8,2022
Formigine,medium,036015,34467,2023-07-15,2023-07-18,4,36.0,35.5,2023
Formigine,medium,036015,34467,2023-08-19,2023-08-25,7,37.2,36.0,2023
Formigine,medium,036015,34467,2024-08-29,2024-08-31,3,32.8,32.8,2024
Formigine,medium,036015,34467,2025-05-30,2025-06-02,4,31.7,30.9,2025
Formigine,medium,036015,34467,2025-06-10,2025-06-14,5,34.9,33.4,2025
Formigine,medium,036015,34467,2025-06-22,2025-07-03,12,36.0,34.6,2025
Formigine,medium,036015,34467,2025-08-08,2025-08-16,9,36.6,35.5,2025
Campogalliano,small,036003,8504,1983-07-25,1983-07-28,4,38.6,37.6,1983
Campogalliano,small,036003,8504,1987-09-12,1987-09-14,3,31.3,31.2,1987
Campogalliano,small,036003,8504,1987-09-16,1987-09-18,3,32.3,32.1,1987
Campogalliano,small,036003,8504,1991-07-04,1991-07-07,4,34.0,33.8,1991
Campogalliano,small,036003,8504,1992-08-06,1992-08-08,3,35.5,35.4,1992
Campogalliano,small,036003,8504,1992-08-18,1992-08-20,3,34.6,34.2,1992
Campogalliano,small,036003,8504,1992-08-25,1992-08-28,4,33.9,33.6,1992
Campogalliano,small,036003,8504,1994-07-02,1994-07-04,3,34.4,33.8,1994
Campogalliano,small,036003,8504,1996-06-06,1996-06-12,7,33.5,32.1,1996
Campogalliano,small,036003,8504,1998-06-02,1998-06-05,4,32.8,31.2,1998
Campogalliano,small,036003,8504,1998-06-25,1998-06-27,3,33.6,33.1,1998
Campogalliano,small,036003,8504,1998-08-08,1998-08-13,6,36.6,35.8,1998
Campogalliano,small,036003,8504,1999-05-29,1999-06-02,5,33.0,31.4,1999
Campogalliano,small,036003,8504,1999-07-02,1999-07-04,3,34.5,34.0,1999
Campogalliano,small,036003,8504,2000-06-02,2000-06-04,3,31.2,30.7,2000
Campogalliano,small,036003,8504,2000-08-18,2000-08-22,5,34.7,34.4,2000
Campogalliano,small,036003,8504,2001-05-27,2001-05-29,3,31.1,30.5,2001
Campogalliano,small,036003,8504,2002-06-13,2002-06-23,11,36.2,34.1,2002
Campogalliano,small,036003,8504,2003-05-05,2003-05-07,3,29.8,29.1,2003
Campogalliano,small,036003,8504,2003-06-04,2003-06-14,11,34.9,32.8,2003
Campogalliano,small,036003,8504,2003-06-22,2003-06-25,4,35.5,34.3,2003
Campogalliano,small,036003,8504,2003-08-03,2003-08-06,4,37.2,36.0,2003
Campogalliano,small,036003,8504,2003-08-08,2003-08-13,6,37.4,36.4,2003
Campogalliano,small,036003,8504,2004-06-08,2004-06-10,3,33.5,32.4,2004
Campogalliano,small,036003,8504,2005-05-27,2005-05-29,3,31.4,30.9,2005
Campogalliano,small,036003,8504,2005-06-21,2005-06-28,8,35.0,33.8,2005
Campogalliano,small,036003,8504,2005-07-27,2005-07-29,3,37.0,35.9,2005
Campogalliano,small,036003,8504,2006-06-16,2006-06-21,6,35.2,33.1,2006
Campogalliano,small,036003,8504,2006-06-23,2006-06-27,5,35.5,34.1,2006
Campogalliano,small,036003,8504,2006-07-19,2006-07-21,3,35.7,35.3,2006
Campogalliano,small,036003,8504,2007-05-20,2007-05-24,5,31.6,30.2,2007
Campogalliano,small,036003,8504,2007-07-15,2007-07-20,6,36.5,35.9,2007
Campogalliano,small,036003,8504,2009-05-20,2009-05-25,6,33.6,31.6,2009
Campogalliano,small,036003,8504,2009-06-13,2009-06-15,3,32.7,32.5,2009
Campogalliano,small,036003,8504,2009-08-17,2009-08-20,4,35.5,35.1,2009
Campogalliano,small,036003,8504,2011-08-18,2011-08-25,8,36.4,35.8,2011
Campogalliano,small,036003,8504,2012-06-16,2012-06-21,6,35.5,33.9,2012
Campogalliano,small,036003,8504,2012-06-27,2012-07-01,5,36.5,34.9,2012
Campogalliano,small,036003,8504,2012-08-17,2012-08-24,8,37.4,35.9,2012
Campogalliano,small,036003,8504,2013-08-02,2013-08-06,5,37.1,36.9,2013
Campogalliano,small,036003,8504,2014-06-07,2014-06-11,5,33.8,32.9,2014
Campogalliano,small,036003,8504,2015-06-03,2015-06-05,3,30.8,30.3,2015
Campogalliano,small,036003,8504,2015-07-02,2015-07-07,6,34.9,34.1,2015
Campogalliano,small,036003,8504,2015-07-16,2015-07-22,7,36.4,35.8,2015
Campogalliano,small,036003,8504,2017-05-27,2017-06-02,7,32.6,31.9,2017
Campogalliano,small,036003,8504,2017-06-09,2017-06-13,5,35.4,33.3,2017
Campogalliano,small,036003,8504,2017-06-18,2017-06-23,6,37.2,35.6,2017
Campogalliano,small,036003,8504,2017-07-04,2017-07-09,6,37.6,35.9,2017
Campogalliano,small,036003,8504,2017-07-30,2017-08-05,7,41.3,39.1,2017
Campogalliano,small,036003,8504,2017-08-16,2017-08-18,3,36.2,34.9,2017
Campogalliano,small,036003,8504,2017-08-23,2017-08-27,5,36.5,34.4,2017
Campogalliano,small,036003,8504,2019-06-23,2019-07-01,9,38.3,35.2,2019
Campogalliano,small,036003,8504,2019-07-04,2019-07-06,3,35.3,34.6,2019
Campogalliano,small,036003,8504,2019-07-23,2019-07-25,3,35.4,35.3,2019
Campogalliano,small,036003,8504,2019-08-09,2019-08-11,3,35.8,35.5,2019
Campogalliano,small,036003,8504,2020-06-21,2020-06-23,3,33.6,33.2,2020
Campogalliano,small,036003,8504,2020-06-26,2020-07-01,6,34.6,33.9,2020
Campogalliano,small,036003,8504,2020-07-29,2020-07-31,3,37.0,36.1,2020
Campogalliano,small,036003,8504,2021-06-18,2021-06-23,6,34.7,33.5,2021
Campogalliano,small,036003,8504,2021-06-26,2021-06-28,3,35.0,34.5,2021
Campogalliano,small,036003,8504,2021-07-05,2021-07-07,3,37.2,35.5,2021
Campogalliano,small,036003,8504,2021-08-10,2021-08-15,6,38.2,36.6,2021
Campogalliano,small,036003,8504,2021-09-12,2021-09-14,3,31.4,31.2,2021
Campogalliano,small,036003,8504,2022-05-13,2022-05-16,4,29.6,29.0,2022
Campogalliano,small,036003,8504,2022-05-19,2022-05-22,4,31.0,30.8,2022
Campogalliano,small,036003,8504,2022-06-14,2022-06-20,7,36.7,34.0,2022
Campogalliano,small,036003,8504,2022-06-23,2022-06-26,4,37.0,34.6,2022
Campogalliano,small,036003,8504,2022-06-30,2022-07-04,5,37.0,35.1,2022
Campogalliano,small,036003,8504,2022-07-13,2022-07-15,3,37.6,36.1,2022
Campogalliano,small,036003,8504,2022-07-18,2022-07-25,8,38.6,37.0,2022
Campogalliano,small,036003,8504,2022-08-03,2022-08-05,3,37.8,37.2,2022
Campogalliano,small,036003,8504,2023-07-09,2023-07-11,3,36.0,35.4,2023
Campogalliano,small,036003,8504,2023-07-15,2023-07-18,4,37.0,36.5,2023
Campogalliano,small,036003,8504,2023-08-18,2023-08-25,8,37.4,36.1,2023
Campogalliano,small,036003,8504,2024-08-10,2024-08-12,3,35.0,35.0,2024
Campogalliano,small,036003,8504,2024-08-28,2024-08-31,4,33.8,33.4,2024
Campogalliano,small,036003,8504,2025-05-31,2025-06-02,3,31.7,31.1,2025
Campogalliano,small,036003,8504,2025-06-10,2025-06-14,5,35.1,33.6,2025
Campogalliano,small,036003,8504,2025-06-22,2025-07-03,12,36.2,34.9,2025
Campogalliano,small,036003,8504,2025-08-08,2025-08-16,9,37.4,36.1,2025
Guiglia,rural,036017,4096,1983-07-18,1983-07-20,3,34.2,33.5,1983
Guiglia,rural,036017,4096,1983-07-22,1983-07-28,7,37.2,35.1,1983
Guiglia,rural,036017,4096,1987-09-13,1987-09-18,6,30.4,29.8,1987
Guiglia,rural,036017,4096,1992-08-25,1992-08-27,3,31.8,31.6,1992
Guiglia,rural,036017,4096,1996-06-07,1996-06-12,6,30.4,29.6,1996
Guiglia,rural,036017,4096,1998-06-02,1998-06-05,4,30.7,29.2,1998
Guiglia,rural,036017,4096,1998-08-09,1998-08-12,4,33.8,33.5,1998
Guiglia,rural,036017,4096,1999-05-30,1999-06-01,3,30.0,29.1,1999
Guiglia,rural,036017,4096,2000-06-02,2000-06-04,3,28.5,28.3,2000
Guiglia,rural,036017,4096,2000-08-18,2000-08-22,5,33.2,32.5,2000
Guiglia,rural,036017,4096,2002-06-14,2002-06-23,10,33.4,31.6,2002
Guiglia,rural,036017,4096,2003-06-07,2003-06-14,8,32.3,31.1,2003
Guiglia,rural,036017,4096,2003-06-19,2003-06-25,7,32.9,31.1,2003
Guiglia,rural,036017,4096,2003-08-08,2003-08-13,6,35.0,34.1,2003
Guiglia,rural,036017,4096,2004-06-08,2004-06-10,3,30.8,29.6,2004
Guiglia,rural,036017,4096,2005-06-21,2005-06-28,8,32.4,31.2,2005
Guiglia,rural,036017,4096,2005-07-27,2005-07-29,3,35.4,33.9,2005
Guiglia,rural,036017,4096,2006-06-16,2006-06-21,6,33.0,30.8,2006
Guiglia,rural,036017,4096,2006-06-23,2006-06-27,5,33.9,32.2,2006
Guiglia,rural,036017,4096,2006-07-19,2006-07-22,4,33.9,33.2,2006
Guiglia,rural,036017,4096,2006-09-04,2006-09-06,3,30.5,30.1,2006
Guiglia,rural,036017,4096,2007-07-14,2007-07-19,6,34.9,33.6,2007
Guiglia,rural,036017,4096,2008-06-22,2008-06-25,4,31.2,30.5,2008
Guiglia,rural,036017,4096,2009-05-22,2009-05-25,4,32.1,30.7,2009
Guiglia,rural,036017,4096,2009-06-13,2009-06-15,3,29.7,29.6,2009
Guiglia,rural,036017,4096,2011-08-18,2011-08-25,8,34.4,33.5,2011
Guiglia,rural,036017,4096,2012-06-16,2012-06-21,6,32.7,31.3,2012
Guiglia,rural,036017,4096,2012-06-27,2012-07-01,5,33.9,32.1,2012
Guiglia,rural,036017,4096,2012-08-18,2012-08-24,7,34.3,33.0,2012
Guiglia,rural,036017,4096,2013-06-16,2013-06-19,4,31.2,30.8,2013
Guiglia,rural,036017,4096,2013-08-01,2013-08-07,7,35.6,34.6,2013
Guiglia,rural,036017,4096,2014-06-07,2014-06-11,5,30.6,30.0,2014
Guiglia,rural,036017,4096,2015-07-02,2015-07-06,5,33.0,32.0,2015
Guiglia,rural,036017,4096,2015-07-14,2015-07-22,9,34.5,33.3,2015
Guiglia,rural,036017,4096,2017-05-27,2017-06-02,7,30.0,29.4,2017
Guiglia,rural,036017,4096,2017-06-09,2017-06-13,5,32.1,31.3,2017
Guiglia,rural,036017,4096,2017-06-18,2017-06-24,7,35.0,32.7,2017
Guiglia,rural,036017,4096,2017-07-04,2017-07-10,7,35.0,33.4,2017
Guiglia,rural,036017,4096,2017-07-18,2017-07-20,3,33.8,33.3,2017
Guiglia,rural,036017,4096,2017-07-30,2017-08-05,7,39.2,36.6,2017
Guiglia,rural,036017,4096,2017-08-25,2017-08-27,3,34.8,32.9,2017
Guiglia,rural,036017,4096,2019-06-23,2019-07-01,9,36.1,32.5,2019
Guiglia,rural,036017,4096,2019-07-23,2019-07-25,3,33.6,33.5,2019
Guiglia,rural,036017,4096,2019-08-09,2019-08-11,3,34.5,33.9,2019
Guiglia,rural,036017,4096,2021-06-17,2021-06-21,5,32.2,31.3,2021
Guiglia,rural,036017,4096,2021-06-26,2021-06-28,3,31.7,31.4,2021
Guiglia,rural,036017,4096,2021-07-05,2021-07-07,3,35.0,33.2,2021
Guiglia,rural,036017,4096,2021-08-10,2021-08-15,6,35.6,34.5,2021
Guiglia,rural,036017,4096,2022-05-19,2022-05-22,4,30.2,29.0,2022
Guiglia,rural,036017,4096,2022-06-14,2022-06-26,13,34.8,31.8,2022
Guiglia,rural,036017,4096,2022-06-29,2022-07-04,6,34.6,33.0,2022
Guiglia,rural,036017,4096,2022-07-13,2022-07-15,3,35.8,33.9,2022
Guiglia,rural,036017,4096,2022-07-18,2022-07-25,8,36.0,34.5,2022
Guiglia,rural,036017,4096,2022-08-03,2022-08-05,3,35.4,35.0,2022
Guiglia,rural,036017,4096,2023-07-09,2023-07-11,3,33.2,33.0,2023
Guiglia,rural,036017,4096,2023-07-15,2023-07-18,4,34.4,33.7,2023
Guiglia,rural,036017,4096,2023-08-20,2023-08-25,6,34.9,33.8,2023
Guiglia,rural,036017,4096,2024-08-11,2024-08-13,3,33.6,33.2,2024
Guiglia,rural,036017,4096,2024-08-29,2024-08-31,3,30.6,30.5,2024
Guiglia,rural,036017,4096,2025-05-30,2025-06-03,5,30.3,29.4,2025
Guiglia,rural,036017,4096,2025-06-10,2025-06-14,5,34.0,32.3,2025
Guiglia,rural,036017,4096,2025-06-18,2025-07-03,16,35.4,32.7,2025
Guiglia,rural,036017,4096,2025-08-08,2025-08-16,9,34.8,33.7,2025
Reggio Calabria,large,080063,170951,1982-06-22,1982-06-25,4,37.7,36.0,1982
Reggio Calabria,large,080063,170951,1987-06-11,1987-06-14,4,33.0,31.8,1987
Reggio Calabria,large,080063,170951,1987-07-23,1987-07-25,3,38.2,37.2,1987
Reggio Calabria,large,080063,170951,1987-08-09,1987-08-11,3,34.6,34.0,1987
Reggio Calabria,large,080063,170951,1987-09-24,1987-09-27,4,34.7,32.8,1987
Reggio Calabria,large,080063,170951,1993-08-24,1993-08-26,3,35.4,34.8,1993
Reggio Calabria,large,080063,170951,1994-05-21,1994-05-23,3,34.6,32.2,1994
Reggio Calabria,large,080063,170951,1994-08-13,1994-08-17,5,35.3,34.4,1994
Reggio Calabria,large,080063,170951,1997-06-11,1997-06-13,3,31.1,30.7,1997
Reggio Calabria,large,080063,170951,1997-06-16,1997-06-18,3,34.8,33.5,1997
Reggio Calabria,large,080063,170951,1998-06-02,1998-06-05,4,31.5,31.2,1998
Reggio Calabria,large,080063,170951,1998-06-28,1998-07-02,5,38.8,36.0,1998
Reggio Calabria,large,080063,170951,1999-06-01,1999-06-03,3,32.9,31.8,1999
Reggio Calabria,large,080063,170951,1999-08-06,1999-08-10,5,38.5,36.1,1999
Reggio Calabria,large,080063,170951,2001-05-16,2001-05-18,3,29.5,28.7,2001
Reggio Calabria,large,080063,170951,2003-06-27,2003-06-30,4,32.9,32.8,2003
Reggio Calabria,large,080063,170951,2006-05-21,2006-05-23,3,32.6,31.9,2006
Reggio Calabria,large,080063,170951,2006-06-18,2006-06-22,5,33.1,32.1,2006
Reggio Calabria,large,080063,170951,2006-06-25,2006-06-28,4,34.5,33.5,2006
Reggio Calabria,large,080063,170951,2006-08-18,2006-08-20,3,36.2,34.5,2006
Reggio Calabria,large,080063,170951,2007-06-21,2007-06-25,5,39.7,35.3,2007
Reggio Calabria,large,080063,170951,2007-08-21,2007-08-25,5,35.2,34.1,2007
Reggio Calabria,large,080063,170951,2007-08-28,2007-08-30,3,36.3,34.0,2007
Reggio Calabria,large,080063,170951,2008-09-04,2008-09-07,4,34.4,33.0,2008
Reggio Calabria,large,080063,170951,2008-09-10,2008-09-12,3,31.6,31.2,2008
Reggio Calabria,large,080063,170951,2011-09-01,2011-09-03,3,32.9,32.3,2011
Reggio Calabria,large,080063,170951,2012-08-04,2012-08-06,3,36.2,35.2,2012
Reggio Calabria,large,080063,170951,2012-09-25,2012-09-30,6,32.7,31.1,2012
Reggio Calabria,large,080063,170951,2015-09-15,2015-09-17,3,32.5,31.6,2015
Reggio Calabria,large,080063,170951,2017-07-09,2017-07-11,3,37.8,36.3,2017
Reggio Calabria,large,080063,170951,2017-08-03,2017-08-06,4,36.4,35.4,2017
Reggio Calabria,large,080063,170951,2019-06-07,2019-06-11,5,34.7,33.3,2019
Reggio Calabria,large,080063,170951,2019-06-20,2019-06-22,3,35.2,33.7,2019
Reggio Calabria,large,080063,170951,2019-07-06,2019-07-09,4,36.8,35.5,2019
Reggio Calabria,large,080063,170951,2021-06-19,2021-06-25,7,38.2,34.8,2021
Reggio Calabria,large,080063,170951,2021-07-26,2021-07-31,6,38.9,36.4,2021
Reggio Calabria,large,080063,170951,2021-08-08,2021-08-13,6,39.3,36.4,2021
Reggio Calabria,large,080063,170951,2021-09-16,2021-09-18,3,32.6,32.3,2021
Reggio Calabria,large,080063,170951,2022-05-29,2022-06-07,10,35.2,32.3,2022
Reggio Calabria,large,080063,170951,2022-06-21,2022-06-27,7,39.2,35.2,2022
Reggio Calabria,large,080063,170951,2022-06-29,2022-07-01,3,35.6,34.3,2022
Reggio Calabria,large,080063,170951,2022-07-04,2022-07-06,3,36.0,35.1,2022
Reggio Calabria,large,080063,170951,2023-07-11,2023-07-24,14,43.2,38.2,2023
Reggio Calabria,large,080063,170951,2023-08-24,2023-08-26,3,36.6,34.4,2023
Reggio Calabria,large,080063,170951,2023-09-14,2023-09-21,8,33.8,32.2,2023
Reggio Calabria,large,080063,170951,2024-06-17,2024-06-20,4,36.6,35.0,2024
Reggio Calabria,large,080063,170951,2024-07-29,2024-08-02,5,39.6,36.1,2024
Reggio Calabria,large,080063,170951,2024-08-05,2024-08-16,12,36.2,34.7,2024
Reggio Calabria,large,080063,170951,2024-08-31,2024-09-02,3,32.8,32.3,2024
Reggio Calabria,large,080063,170951,2024-09-04,2024-09-07,4,35.5,33.4,2024
Reggio Calabria,large,080063,170951,2025-06-05,2025-06-07,3,36.6,33.1,2025
Reggio Calabria,large,080063,170951,2025-06-09,2025-06-16,8,32.7,31.3,2025
Reggio Calabria,large,080063,170951,2025-06-24,2025-06-26,3,33.0,32.6,2025
Reggio Calabria,large,080063,170951,2025-06-28,2025-07-07,10,35.7,34.3,2025
Reggio Calabria,large,080063,170951,2025-07-19,2025-07-21,3,36.6,35.8,2025
Reggio Calabria,large,080063,170951,2025-08-11,2025-08-13,3,34.7,34.3,2025
San Roberto,rural,080077,1518,1982-06-22,1982-06-25,4,34.8,33.6,1982
San Roberto,rural,080077,1518,1987-06-11,1987-06-14,4,31.7,29.7,1987
San Roberto,rural,080077,1518,1987-07-23,1987-07-25,3,35.5,34.3,1987
San Roberto,rural,080077,1518,1987-08-09,1987-08-11,3,32.4,32.0,1987
San Roberto,rural,080077,1518,1987-09-25,1987-09-27,3,30.9,29.8,1987
San Roberto,rural,080077,1518,1988-07-04,1988-07-07,4,34.5,33.9,1988
San Roberto,rural,080077,1518,1988-08-29,1988-09-01,4,33.3,31.2,1988
San Roberto,rural,080077,1518,1993-08-24,1993-08-26,3,33.2,32.4,1993
San Roberto,rural,080077,1518,1994-08-13,1994-08-15,3,32.5,32.2,1994
San Roberto,rural,080077,1518,1997-06-16,1997-06-18,3,32.6,31.1,1997
San Roberto,rural,080077,1518,1998-06-29,1998-07-02,4,36.8,34.6,1998
San Roberto,rural,080077,1518,1999-08-07,1999-08-10,4,35.4,34.3,1999
San Roberto,rural,080077,1518,1999-08-18,1999-08-20,3,32.7,31.9,1999
San Roberto,rural,080077,1518,2003-08-28,2003-08-30,3,32.9,31.2,2003
San Roberto,rural,080077,1518,2006-05-21,2006-05-23,3,30.3,29.5,2006
San Roberto,rural,080077,1518,2006-08-17,2006-08-20,4,33.8,31.8,2006
San Roberto,rural,080077,1518,2007-06-21,2007-06-25,5,36.1,33.3,2007
San Roberto,rural,080077,1518,2007-08-21,2007-08-25,5,32.5,31.5,2007
San Roberto,rural,080077,1518,2007-08-28,2007-08-30,3,32.9,31.0,2007
San Roberto,rural,080077,1518,2008-09-04,2008-09-07,4,30.4,29.8,2008
San Roberto,rural,080077,1518,2010-06-10,2010-06-12,3,30.0,29.2,2010
San Roberto,rural,080077,1518,2012-09-27,2012-09-29,3,28.5,28.3,2012
San Roberto,rural,080077,1518,2017-08-07,2017-08-09,3,32.7,32.2,2017
San Roberto,rural,080077,1518,2020-05-13,2020-05-16,4,30.7,30.0,2020
San Roberto,rural,080077,1518,2021-06-20,2021-06-25,6,34.8,32.7,2021
San Roberto,rural,080077,1518,2021-06-27,2021-06-29,3,34.2,33.8,2021
San Roberto,rural,080077,1518,2021-08-07,2021-08-10,4,35.8,34.2,2021
San Roberto,rural,080077,1518,2022-05-24,2022-05-26,3,29.8,29.2,2022
San Roberto,rural,080077,1518,2022-06-02,2022-06-04,3,29.2,28.8,2022
San Roberto,rural,080077,1518,2022-06-25,2022-06-27,3,33.2,32.4,2022
San Roberto,rural,080077,1518,2023-07-19,2023-07-24,6,38.8,35.6,2023
San Roberto,rural,080077,1518,2023-09-19,2023-09-21,3,29.3,28.9,2023
San Roberto,rural,080077,1518,2024-06-18,2024-06-20,3,30.8,30.5,2024
Reggio Emilia,large,035033,169545,1983-07-18,1983-07-20,3,36.5,35.5,1983
Reggio Emilia,large,035033,169545,1983-07-25,1983-07-28,4,38.6,37.7,1983
Reggio Emilia,large,035033,169545,1987-09-12,1987-09-18,7,32.3,31.6,1987
Reggio Emilia,large,035033,169545,1991-07-04,1991-07-07,4,33.9,33.7,1991
Reggio Emilia,large,035033,169545,1992-08-06,1992-08-08,3,35.4,35.3,1992
Reggio Emilia,large,035033,169545,1992-08-18,1992-08-20,3,34.5,34.1,1992
Reggio Emilia,large,035033,169545,1992-08-25,1992-08-28,4,33.8,33.5,1992
Reggio Emilia,large,035033,169545,1994-07-02,1994-07-04,3,34.4,33.8,1994
Reggio Emilia,large,035033,169545,1996-06-06,1996-06-12,7,33.4,32.0,1996
Reggio Emilia,large,035033,169545,1998-06-02,1998-06-05,4,32.8,31.1,1998
Reggio Emilia,large,035033,169545,1998-06-25,1998-06-28,4,33.4,33.0,1998
Reggio Emilia,large,035033,169545,1998-08-08,1998-08-14,7,36.6,35.6,1998
Reggio Emilia,large,035033,169545,1999-05-29,1999-06-02,5,32.8,31.2,1999
Reggio Emilia,large,035033,169545,1999-07-02,1999-07-04,3,34.4,34.0,1999
Reggio Emilia,large,035033,169545,2000-08-18,2000-08-22,5,34.5,34.1,2000
Reggio Emilia,large,035033,169545,2001-05-27,2001-05-29,3,30.9,30.3,2001
Reggio Emilia,large,035033,169545,2002-06-13,2002-06-23,11,35.9,33.9,2002
Reggio Emilia,large,035033,169545,2003-06-04,2003-06-15,12,34.6,32.5,2003
Reggio Emilia,large,035033,169545,2003-06-22,2003-06-25,4,35.5,34.2,2003
Reggio Emilia,large,035033,169545,2003-08-03,2003-08-06,4,37.1,35.9,2003
Reggio Emilia,large,035033,169545,2003-08-08,2003-08-13,6,37.6,36.4,2003
Reggio Emilia,large,035033,169545,2004-06-08,2004-06-10,3,33.4,32.2,2004
Reggio Emilia,large,035033,169545,2005-05-27,2005-05-29,3,30.9,30.5,2005
Reggio Emilia,large,035033,169545,2005-06-21,2005-06-28,8,34.9,33.6,2005
Reggio Emilia,large,035033,169545,2005-07-27,2005-07-29,3,36.8,35.8,2005
Reggio Emilia,large,035033,169545,2006-06-16,2006-06-21,6,35.1,33.0,2006
Reggio Emilia,large,035033,169545,2006-06-23,2006-06-27,5,35.2,33.7,2006
Reggio Emilia,large,035033,169545,2007-05-20,2007-05-24,5,31.4,30.0,2007
Reggio Emilia,large,035033,169545,2007-07-15,2007-07-20,6,36.4,35.8,2007
Reggio Emilia,large,035033,169545,2009-05-20,2009-05-25,6,33.3,31.3,2009
Reggio Emilia,large,035033,169545,2009-06-13,2009-06-15,3,32.2,32.1,2009
Reggio Emilia,large,035033,169545,2009-08-17,2009-08-20,4,35.4,34.9,2009
Reggio Emilia,large,035033,169545,2011-08-18,2011-08-25,8,36.2,35.6,2011
Reggio Emilia,large,035033,169545,2012-06-16,2012-06-21,6,35.1,33.6,2012
Reggio Emilia,large,035033,169545,2012-06-27,2012-07-01,5,36.2,34.6,2012
Reggio Emilia,large,035033,169545,2012-08-17,2012-08-24,8,37.3,35.8,2012
Reggio Emilia,large,035033,169545,2013-08-02,2013-08-06,5,36.7,36.5,2013
Reggio Emilia,large,035033,169545,2014-06-07,2014-06-11,5,33.3,32.5,2014
Reggio Emilia,large,035033,169545,2015-06-03,2015-06-05,3,30.7,30.1,2015
Reggio Emilia,large,035033,169545,2015-07-02,2015-07-04,3,33.6,33.4,2015
Reggio Emilia,large,035033,169545,2015-07-15,2015-07-22,8,35.7,35.2,2015
Reggio Emilia,large,035033,169545,2017-05-27,2017-06-02,7,32.3,31.5,2017
Reggio Emilia,large,035033,169545,2017-06-09,2017-06-13,5,35.2,32.9,2017
Reggio Emilia,large,035033,169545,2017-06-18,2017-06-23,6,36.8,35.2,2017
Reggio Emilia,large,035033,169545,2017-07-04,2017-07-09,6,37.2,35.4,2017
Reggio Emilia,large,035033,169545,2017-07-30,2017-08-05,7,40.8,38.6,2017
Reggio Emilia,large,035033,169545,2017-08-23,2017-08-27,5,36.0,34.1,2017
Reggio Emilia,large,035033,169545,2019-06-23,2019-06-27,5,37.8,35.0,2019
Reggio Emilia,large,035033,169545,2019-06-29,2019-07-01,3,35.4,34.4,2019
Reggio Emilia,large,035033,169545,2020-06-21,2020-06-23,3,33.0,32.6,2020
Reggio Emilia,large,035033,169545,2020-06-26,2020-07-01,6,34.0,33.3,2020
Reggio Emilia,large,035033,169545,2020-08-19,2020-08-21,3,36.9,35.6,2020
Reggio Emilia,large,035033,169545,2021-06-18,2021-06-21,4,33.6,33.1,2021
Reggio Emilia,large,035033,169545,2021-06-26,2021-06-28,3,34.1,33.7,2021
Reggio Emilia,large,035033,169545,2021-07-05,2021-07-07,3,36.6,35.2,2021
Reggio Emilia,large,035033,169545,2021-08-10,2021-08-15,6,37.8,36.3,2021
Reggio Emilia,large,035033,169545,2022-05-19,2022-05-22,4,31.8,30.6,2022
Reggio Emilia,large,035033,169545,2022-06-15,2022-06-20,6,36.2,33.7,2022
Reggio Emilia,large,035033,169545,2022-06-23,2022-06-26,4,36.8,34.0,2022
Reggio Emilia,large,035033,169545,2022-06-30,2022-07-04,5,36.6,34.7,2022
Reggio Emilia,large,035033,169545,2022-07-13,2022-07-15,3,37.4,35.9,2022
Reggio Emilia,large,035033,169545,2022-07-18,2022-07-24,7,38.8,36.9,2022
Reggio Emilia,large,035033,169545,2022-08-03,2022-08-05,3,37.6,36.8,2022
Reggio Emilia,large,035033,169545,2023-07-15,2023-07-17,3,36.6,35.9,2023
Reggio Emilia,large,035033,169545,2023-08-19,2023-08-25,7,36.6,35.8,2023
Reggio Emilia,large,035033,169545,2024-08-29,2024-08-31,3,33.1,32.9,2024
Reggio Emilia,large,035033,169545,2025-05-30,2025-06-01,3,31.8,31.1,2025
Reggio Emilia,large,035033,169545,2025-06-10,2025-06-14,5,34.8,33.7,2025
Reggio Emilia,large,035033,169545,2025-06-22,2025-06-30,9,36.1,34.7,2025
Reggio Emilia,large,035033,169545,2025-08-08,2025-08-16,9,36.5,35.6,2025
Scandiano,medium,035040,25686,1983-07-18,1983-07-20,3,36.6,35.6,1983
Scandiano,medium,035040,25686,1983-07-25,1983-07-28,4,39.0,37.9,1983
Scandiano,medium,035040,25686,1987-09-12,1987-09-14,3,31.3,31.1,1987
Scandiano,medium,035040,25686,1987-09-16,1987-09-18,3,32.0,31.8,1987
Scandiano,medium,035040,25686,1991-07-04,1991-07-06,3,33.8,33.6,1991
Scandiano,medium,035040,25686,1992-08-06,1992-08-08,3,34.8,34.7,1992
Scandiano,medium,035040,25686,1992-08-25,1992-08-28,4,33.6,33.1,1992
Scandiano,medium,035040,25686,1996-06-06,1996-06-12,7,32.8,31.5,1996
Scandiano,medium,035040,25686,1998-06-02,1998-06-05,4,32.2,30.5,1998
Scandiano,medium,035040,25686,1998-06-25,1998-06-27,3,32.7,32.4,1998
Scandiano,medium,035040,25686,1998-08-08,1998-08-12,5,35.9,35.5,1998
Scandiano,medium,035040,25686,1999-05-30,1999-06-02,4,32.2,30.9,1999
Scandiano,medium,035040,25686,2000-06-02,2000-06-04,3,30.6,30.2,2000
Scandiano,medium,035040,25686,2000-08-18,2000-08-22,5,34.8,34.2,2000
Scandiano,medium,035040,25686,2001-05-27,2001-05-29,3,30.9,30.1,2001
Scandiano,medium,035040,25686,2002-06-14,2002-06-23,10,35.4,33.6,2002
Scandiano,medium,035040,25686,2003-06-04,2003-06-15,12,34.3,32.2,2003
Scandiano,medium,035040,25686,2003-06-22,2003-06-25,4,35.3,34.1,2003
Scandiano,medium,035040,25686,2003-08-08,2003-08-13,6,37.1,36.0,2003
Scandiano,medium,035040,25686,2004-06-08,2004-06-10,3,33.2,32.0,2004
Scandiano,medium,035040,25686,2005-05-27,2005-05-29,3,30.7,30.3,2005
Scandiano,medium,035040,25686,2005-06-21,2005-06-28,8,34.8,33.3,2005
Scandiano,medium,035040,25686,2005-07-27,2005-07-29,3,36.8,35.6,2005
Scandiano,medium,035040,25686,2006-06-16,2006-06-21,6,35.1,33.0,2006
Scandiano,medium,035040,25686,2006-06-23,2006-06-27,5,35.6,33.8,2006
Scandiano,medium,035040,25686,2006-09-03,2006-09-05,3,31.9,31.6,2006
Scandiano,medium,035040,25686,2007-05-21,2007-05-24,4,30.9,29.9,2007
Scandiano,medium,035040,25686,2007-07-15,2007-07-20,6,36.4,35.6,2007
Scandiano,medium,035040,25686,2009-05-20,2009-05-25,6,33.6,31.4,2009
Scandiano,medium,035040,25686,2009-06-13,2009-06-15,3,32.3,32.0,2009
Scandiano,medium,035040,25686,2009-08-17,2009-08-20,4,35.1,34.5,2009
Scandiano,medium,035040,25686,2011-08-18,2011-08-25,8,36.1,35.4,2011
Scandiano,medium,035040,25686,2012-06-16,2012-06-21,6,34.7,33.1,2012
Scandiano,medium,035040,25686,2012-06-28,2012-07-01,4,35.7,34.5,2012
Scandiano,medium,035040,25686,2012-08-17,2012-08-24,8,37.0,35.4,2012
Scandiano,medium,035040,25686,2013-08-02,2013-08-06,5,37.2,36.9,2013
Scandiano,medium,035040,25686,2014-06-07,2014-06-11,5,33.0,32.3,2014
Scandiano,medium,035040,25686,2015-07-02,2015-07-06,5,34.8,33.7,2015
Scandiano,medium,035040,25686,2015-07-15,2015-07-22,8,35.7,35.2,2015
Scandiano,medium,035040,25686,2017-05-27,2017-06-02,7,31.6,30.7,2017
Scandiano,medium,035040,25686,2017-06-09,2017-06-13,5,34.8,32.4,2017
Scandiano,medium,035040,25686,2017-06-19,2017-06-23,5,36.1,35.0,2017
Scandiano,medium,035040,25686,2017-07-05,2017-07-08,4,36.4,35.4,2017
Scandiano,medium,035040,25686,2017-07-31,2017-08-04,5,39.9,38.9,2017
Scandiano,medium,035040,25686,2019-06-24,2019-06-27,4,37.2,34.6,2019
Scandiano,medium,035040,25686,2019-06-29,2019-07-01,3,34.4,33.6,2019
Scandiano,medium,035040,25686,2020-08-19,2020-08-21,3,36.1,34.7,2020
Scandiano,medium,035040,25686,2021-06-18,2021-06-21,4,33.0,32.7,2021
Scandiano,medium,035040,25686,2021-06-26,2021-06-28,3,33.2,32.8,2021
Scandiano,medium,035040,25686,2021-08-10,2021-08-15,6,37.4,35.7,2021
Scandiano,medium,035040,25686,2022-05-19,2022-05-22,4,31.4,30.1,2022
Scandiano,medium,035040,25686,2022-06-18,2022-06-21,4,35.3,33.5,2022
Scandiano,medium,035040,25686,2022-06-30,2022-07-04,5,35.7,33.9,2022
Scandiano,medium,035040,25686,2022-07-19,2022-07-25,7,38.1,35.9,2022
Scandiano,medium,035040,25686,2023-07-15,2023-07-17,3,36.2,35.2,2023
Scandiano,medium,035040,25686,2023-08-20,2023-08-25,6,35.7,34.9,2023
Scandiano,medium,035040,25686,2025-06-10,2025-06-14,5,34.2,32.9,2025
Scandiano,medium,035040,25686,2025-06-22,2025-06-30,9,35.6,33.8,2025
Scandiano,medium,035040,25686,2025-08-12,2025-08-15,4,35.4,34.9,2025
Cadelbosco di Sopra,small,035008,10613,1983-07-25,1983-07-28,4,38.9,38.1,1983
Cadelbosco di Sopra,small,035008,10613,1987-09-12,1987-09-14,3,31.9,31.8,1987
Cadelbosco di Sopra,small,035008,10613,1987-09-16,1987-09-18,3,33.0,32.8,1987
Cadelbosco di Sopra,small,035008,10613,1990-05-15,1990-05-17,3,29.5,28.9,1990
Cadelbosco di Sopra,small,035008,10613,1991-07-04,1991-07-07,4,34.8,34.6,1991
Cadelbosco di Sopra,small,035008,10613,1992-05-13,1992-05-16,4,30.6,29.3,1992
Cadelbosco di Sopra,small,035008,10613,1992-08-06,1992-08-08,3,36.7,36.6,1992
Cadelbosco di Sopra,small,035008,10613,1992-08-18,1992-08-20,3,35.7,35.3,1992
Cadelbosco di Sopra,small,035008,10613,1992-08-25,1992-08-28,4,34.8,34.5,1992
Cadelbosco di Sopra,small,035008,10613,1993-06-06,1993-06-08,3,31.4,31.3,1993
Cadelbosco di Sopra,small,035008,10613,1994-07-02,1994-07-04,3,35.3,34.6,1994
Cadelbosco di Sopra,small,035008,10613,1996-06-06,1996-06-12,7,34.6,33.1,1996
Cadelbosco di Sopra,small,035008,10613,1998-05-10,1998-05-13,4,30.5,29.3,1998
Cadelbosco di Sopra,small,035008,10613,1998-06-02,1998-06-05,4,34.0,32.2,1998
Cadelbosco di Sopra,small,035008,10613,1998-06-25,1998-07-01,7,36.9,34.6,1998
Cadelbosco di Sopra,small,035008,10613,1998-07-20,1998-07-23,4,37.2,36.4,1998
Cadelbosco di Sopra,small,035008,10613,1998-08-08,1998-08-14,7,37.9,36.7,1998
Cadelbosco di Sopra,small,035008,10613,1999-05-29,1999-06-02,5,34.2,32.6,1999
Cadelbosco di Sopra,small,035008,10613,1999-07-02,1999-07-04,3,36.0,35.3,1999
Cadelbosco di Sopra,small,035008,10613,2000-08-18,2000-08-21,4,35.0,34.8,2000
Cadelbosco di Sopra,small,035008,10613,2001-05-27,2001-05-29,3,31.5,30.9,2001
Cadelbosco di Sopra,small,035008,10613,2002-06-13,2002-06-23,11,37.3,35.1,2002
Cadelbosco di Sopra,small,035008,10613,2003-05-05,2003-05-08,4,29.9,29.1,2003
Cadelbosco di Sopra,small,035008,10613,2003-06-04,2003-06-15,12,35.7,33.5,2003
Cadelbosco di Sopra,small,035008,10613,2003-06-22,2003-06-25,4,36.4,35.1,2003
Cadelbosco di Sopra,small,035008,10613,2003-08-03,2003-08-06,4,38.2,37.0,2003
Cadelbosco di Sopra,small,035008,10613,2003-08-08,2003-08-13,6,38.6,37.4,2003
Cadelbosco di Sopra,small,035008,10613,2004-06-08,2004-06-10,3,34.1,33.0,2004
Cadelbosco di Sopra,small,035008,10613,2005-05-27,2005-05-29,3,31.8,31.4,2005
Cadelbosco di Sopra,small,035008,10613,2005-06-21,2005-06-28,8,35.8,34.6,2005
Cadelbosco di Sopra,small,035008,10613,2005-07-27,2005-07-29,3,37.6,36.7,2005
Cadelbosco di Sopra,small,035008,10613,2006-06-16,2006-06-21,6,35.7,33.6,2006
Cadelbosco di Sopra,small,035008,10613,2006-06-23,2006-06-27,5,35.5,34.3,2006
Cadelbosco di Sopra,small,035008,10613,2007-05-20,2007-05-24,5,32.5,31.0,2007
Cadelbosco di Sopra,small,035008,10613,2007-07-15,2007-07-20,6,37.1,36.5,2007
Cadelbosco di Sopra,small,035008,10613,2009-05-20,2009-05-25,6,33.5,31.6,2009
Cadelbosco di Sopra,small,035008,10613,2009-06-13,2009-06-15,3,32.9,32.8,2009
Cadelbosco di Sopra,small,035008,10613,2009-08-17,2009-08-20,4,36.3,35.9,2009
Cadelbosco di Sopra,small,035008,10613,2011-08-18,2011-08-25,8,37.1,36.4,2011
Cadelbosco di Sopra,small,035008,10613,2012-06-16,2012-06-21,6,36.4,34.7,2012
Cadelbosco di Sopra,small,035008,10613,2012-06-27,2012-07-01,5,37.5,35.8,2012
Cadelbosco di Sopra,small,035008,10613,2012-08-17,2012-08-24,8,38.2,36.8,2012
Cadelbosco di Sopra,small,035008,10613,2013-08-02,2013-08-06,5,37.2,36.9,2013
Cadelbosco di Sopra,small,035008,10613,2014-06-07,2014-06-11,5,34.4,33.5,2014
Cadelbosco di Sopra,small,035008,10613,2015-06-03,2015-06-05,3,31.5,31.0,2015
Cadelbosco di Sopra,small,035008,10613,2015-07-16,2015-07-22,7,36.4,36.0,2015
Cadelbosco di Sopra,small,035008,10613,2017-05-27,2017-06-02,7,32.4,31.8,2017
Cadelbosco di Sopra,small,035008,10613,2017-06-09,2017-06-13,5,36.2,33.2,2017
Cadelbosco di Sopra,small,035008,10613,2017-06-19,2017-06-23,5,37.0,36.0,2017
Cadelbosco di Sopra,small,035008,10613,2017-07-05,2017-07-08,4,37.4,36.4,2017
Cadelbosco di Sopra,small,035008,10613,2017-07-31,2017-08-04,5,41.0,39.9,2017
Cadelbosco di Sopra,small,035008,10613,2019-06-24,2019-06-27,4,38.1,36.0,2019
Cadelbosco di Sopra,small,035008,10613,2019-06-29,2019-07-01,3,35.8,35.1,2019
Cadelbosco di Sopra,small,035008,10613,2021-08-11,2021-08-15,5,37.6,36.5,2021
Cadelbosco di Sopra,small,035008,10613,2022-05-19,2022-05-22,4,32.2,31.0,2022
Cadelbosco di Sopra,small,035008,10613,2022-06-15,2022-06-20,6,36.4,34.2,2022
Cadelbosco di Sopra,small,035008,10613,2022-06-24,2022-06-26,3,37.6,35.3,2022
Cadelbosco di Sopra,small,035008,10613,2022-06-30,2022-07-03,4,36.3,35.2,2022
Cadelbosco di Sopra,small,035008,10613,2022-07-13,2022-07-15,3,38.0,36.4,2022
Cadelbosco di Sopra,small,035008,10613,2022-07-18,2022-07-24,7,39.2,37.6,2022
Cadelbosco di Sopra,small,035008,10613,2022-08-03,2022-08-05,3,37.9,37.0,2022
Cadelbosco di Sopra,small,035008,10613,2023-07-15,2023-07-17,3,37.6,37.2,2023
Cadelbosco di Sopra,small,035008,10613,2023-08-19,2023-08-25,7,37.3,36.3,2023
Cadelbosco di Sopra,small,035008,10613,2024-08-29,2024-08-31,3,33.8,33.6,2024
Cadelbosco di Sopra,small,035008,10613,2025-06-10,2025-06-14,5,34.7,33.4,2025
Cadelbosco di Sopra,small,035008,10613,2025-06-27,2025-06-29,3,35.6,35.0,2025
Cadelbosco di Sopra,small,035008,10613,2025-08-12,2025-08-15,4,36.3,35.9,2025
Viano,rural,035044,3393,1983-07-18,1983-07-20,3,35.2,34.8,1983
Viano,rural,035044,3393,1983-07-22,1983-07-28,7,38.4,36.2,1983
Viano,rural,035044,3393,1987-09-12,1987-09-18,7,31.5,30.7,1987
Viano,rural,035044,3393,1991-07-04,1991-07-06,3,33.2,32.9,1991
Viano,rural,035044,3393,1992-08-25,1992-08-27,3,32.7,32.6,1992
Viano,rural,035044,3393,1996-06-06,1996-06-12,7,32.2,31.0,1996
Viano,rural,035044,3393,1998-06-03,1998-06-05,3,31.7,30.4,1998
Viano,rural,035044,3393,1998-08-08,1998-08-12,5,35.1,34.7,1998
Viano,rural,035044,3393,1999-05-30,1999-06-01,3,31.2,30.4,1999
Viano,rural,035044,3393,2000-08-18,2000-08-22,5,34.0,33.4,2000
Viano,rural,035044,3393,2001-05-27,2001-05-29,3,30.4,29.6,2001
Viano,rural,035044,3393,2002-06-14,2002-06-23,10,34.5,32.8,2002
Viano,rural,035044,3393,2003-06-07,2003-06-15,9,33.5,32.2,2003
Viano,rural,035044,3393,2003-06-22,2003-06-25,4,34.1,32.9,2003
Viano,rural,035044,3393,2003-08-08,2003-08-13,6,36.3,35.0,2003
Viano,rural,035044,3393,2004-06-08,2004-06-10,3,32.6,31.2,2004
Viano,rural,035044,3393,2005-05-27,2005-05-29,3,30.0,29.6,2005
Viano,rural,035044,3393,2005-06-22,2005-06-28,7,33.8,32.7,2005
Viano,rural,035044,3393,2005-07-27,2005-07-29,3,36.1,34.8,2005
Viano,rural,035044,3393,2006-06-16,2006-06-21,6,34.3,32.3,2006
Viano,rural,035044,3393,2006-06-23,2006-06-27,5,34.9,33.2,2006
Viano,rural,035044,3393,2007-05-21,2007-05-24,4,30.1,29.2,2007
Viano,rural,035044,3393,2007-07-15,2007-07-19,5,35.7,35.0,2007
Viano,rural,035044,3393,2008-06-22,2008-06-25,4,32.2,31.7,2008
Viano,rural,035044,3393,2009-05-20,2009-05-25,6,33.4,31.1,2009
Viano,rural,035044,3393,2009-06-13,2009-06-15,3,31.4,31.0,2009
Viano,rural,035044,3393,2011-08-18,2011-08-25,8,35.1,34.5,2011
Viano,rural,035044,3393,2012-06-16,2012-06-21,6,33.5,32.2,2012
Viano,rural,035044,3393,2012-06-28,2012-06-30,3,34.8,34.0,2012
Viano,rural,035044,3393,2012-08-18,2012-08-24,7,35.9,34.5,2012
Viano,rural,035044,3393,2013-06-16,2013-06-19,4,32.2,31.5,2013
Viano,rural,035044,3393,2013-08-02,2013-08-06,5,36.3,35.9,2013
Viano,rural,035044,3393,2014-06-07,2014-06-11,5,32.2,31.5,2014
Viano,rural,035044,3393,2015-07-14,2015-07-22,9,34.9,34.3,2015
Viano,rural,035044,3393,2017-05-27,2017-05-31,5,30.4,29.9,2017
Viano,rural,035044,3393,2017-06-09,2017-06-13,5,34.0,31.6,2017
Viano,rural,035044,3393,2017-06-19,2017-06-23,5,35.0,34.1,2017
Viano,rural,035044,3393,2017-07-05,2017-07-07,3,35.0,34.6,2017
Viano,rural,035044,3393,2017-07-31,2017-08-04,5,38.2,37.2,2017
Viano,rural,035044,3393,2019-06-24,2019-06-27,4,36.6,33.8,2019
Viano,rural,035044,3393,2019-06-29,2019-07-01,3,33.3,32.9,2019
Viano,rural,035044,3393,2021-06-18,2021-06-21,4,32.3,31.6,2021
Viano,rural,035044,3393,2021-08-10,2021-08-15,6,37.0,35.0,2021
Viano,rural,035044,3393,2022-05-19,2022-05-22,4,30.6,29.4,2022
Viano,rural,035044,3393,2022-06-18,2022-06-22,5,34.1,32.4,2022
Viano,rural,035044,3393,2022-06-30,2022-07-04,5,34.9,33.1,2022
Viano,rural,035044,3393,2022-07-19,2022-07-24,6,37.4,35.3,2022
Viano,rural,035044,3393,2023-07-15,2023-07-18,4,36.4,34.9,2023
Viano,rural,035044,3393,2023-08-21,2023-08-25,5,35.2,34.6,2023
Viano,rural,035044,3393,2025-05-30,2025-06-03,5,30.8,29.7,2025
Viano,rural,035044,3393,2025-06-10,2025-06-14,5,34.2,32.8,2025
Viano,rural,035044,3393,2025-06-22,2025-07-03,12,35.6,33.7,2025
Viano,rural,035044,3393,2025-08-12,2025-08-15,4,34.7,34.2,2025
Perugia,large,054039,161748,1983-07-24,1983-07-28,5,37.2,35.7,1983
Perugia,large,054039,161748,1985-09-21,1985-09-23,3,29.5,29.1,1985
Perugia,large,054039,161748,1987-09-15,1987-09-18,4,30.9,30.5,1987
Perugia,large,054039,161748,1994-07-02,1994-07-04,3,32.8,32.3,1994
Perugia,large,054039,161748,1996-06-10,1996-06-12,3,30.4,30.0,1996
Perugia,large,054039,161748,1998-06-02,1998-06-05,4,30.9,29.8,1998
Perugia,large,054039,161748,1998-08-09,1998-08-12,4,35.1,34.1,1998
Perugia,large,054039,161748,2000-08-17,2000-08-25,9,34.4,33.4,2000
Perugia,large,054039,161748,2002-06-14,2002-06-23,10,33.6,31.5,2002
Perugia,large,054039,161748,2003-06-08,2003-06-15,8,32.9,31.5,2003
Perugia,large,054039,161748,2003-06-22,2003-06-26,5,32.5,31.8,2003
Perugia,large,054039,161748,2003-07-20,2003-07-22,3,34.8,34.1,2003
Perugia,large,054039,161748,2003-08-09,2003-08-17,9,35.5,34.6,2003
Perugia,large,054039,161748,2005-06-26,2005-06-28,3,32.8,32.6,2005
Perugia,large,054039,161748,2005-07-26,2005-07-29,4,37.1,35.1,2005
Perugia,large,054039,161748,2006-06-16,2006-06-29,14,35.0,32.1,2006
Perugia,large,054039,161748,2006-07-19,2006-07-22,4,34.5,34.1,2006
Perugia,large,054039,161748,2007-06-18,2007-06-21,4,32.2,31.2,2007
Perugia,large,054039,161748,2007-07-14,2007-07-20,7,35.6,34.4,2007
Perugia,large,054039,161748,2007-08-26,2007-08-29,4,33.0,32.6,2007
Perugia,large,054039,161748,2008-06-24,2008-06-26,3,32.0,31.6,2008
Perugia,large,054039,161748,2008-09-09,2008-09-11,3,33.3,32.2,2008
Perugia,large,054039,161748,2009-05-21,2009-05-25,5,30.9,29.5,2009
Perugia,large,054039,161748,2011-08-19,2011-08-25,7,34.1,33.7,2011
Perugia,large,054039,161748,2011-09-12,2011-09-15,4,30.2,30.0,2011
Perugia,large,054039,161748,2012-06-15,2012-06-24,10,33.9,31.7,2012
Perugia,large,054039,161748,2012-06-27,2012-07-01,5,35.0,33.3,2012
Perugia,large,054039,161748,2012-07-07,2012-07-09,3,32.7,32.7,2012
Perugia,large,054039,161748,2012-08-18,2012-08-24,7,35.2,34.1,2012
Perugia,large,054039,161748,2013-08-04,2013-08-07,4,34.9,34.6,2013
Perugia,large,054039,161748,2014-06-07,2014-06-12,6,31.3,30.0,2014
Perugia,large,054039,161748,2015-07-02,2015-07-06,5,33.4,32.7,2015
Perugia,large,054039,161748,2015-07-15,2015-07-22,8,34.5,33.8,2015
Perugia,large,054039,161748,2017-06-02,2017-06-04,3,28.3,28.2,2017
Perugia,large,054039,161748,2017-06-11,2017-06-15,5,31.4,30.8,2017
Perugia,large,054039,161748,2017-06-19,2017-06-24,6,32.5,31.4,2017
Perugia,large,054039,161748,2017-07-05,2017-07-08,4,35.3,33.6,2017
Perugia,large,054039,161748,2017-07-30,2017-08-09,11,38.5,36.2,2017
Perugia,large,054039,161748,2017-08-25,2017-08-27,3,34.8,34.1,2017
Perugia,large,054039,161748,2019-06-07,2019-06-11,5,31.2,30.0,2019
Perugia,large,054039,161748,2019-06-24,2019-07-06,13,35.9,32.8,2019
Perugia,large,054039,161748,2019-07-23,2019-07-25,3,35.3,34.7,2019
Perugia,large,054039,161748,2019-08-09,2019-08-12,4,36.2,35.0,2019
Perugia,large,054039,161748,2020-07-27,2020-08-01,6,35.6,34.7,2020
Perugia,large,054039,161748,2020-08-20,2020-08-22,3,34.9,34.2,2020
Perugia,large,054039,161748,2021-06-18,2021-06-23,6,33.6,32.4,2021
Perugia,large,054039,161748,2021-06-26,2021-06-28,3,34.4,33.1,2021
Perugia,large,054039,161748,2021-07-05,2021-07-07,3,34.8,34.1,2021
Perugia,large,054039,161748,2021-08-09,2021-08-15,7,35.7,34.6,2021
Perugia,large,054039,161748,2022-05-24,2022-05-27,4,30.3,29.2,2022
Perugia,large,054039,161748,2022-05-31,2022-06-05,6,31.7,30.7,2022
Perugia,large,054039,161748,2022-06-12,2022-06-16,5,31.5,30.6,2022
Perugia,large,054039,161748,2022-06-19,2022-06-21,3,31.8,31.5,2022
Perugia,large,054039,161748,2022-06-25,2022-06-27,3,37.3,35.2,2022
Perugia,large,054039,161748,2022-06-29,2022-07-05,7,35.9,33.8,2022
Perugia,large,054039,161748,2022-07-13,2022-07-17,5,35.1,33.6,2022
Perugia,large,054039,161748,2022-07-19,2022-07-25,7,36.6,34.9,2022
Perugia,large,054039,161748,2023-07-09,2023-07-11,3,34.4,33.7,2023
Perugia,large,054039,161748,2023-07-15,2023-07-19,5,36.6,35.3,2023
Perugia,large,054039,161748,2023-07-21,2023-07-23,3,36.3,34.4,2023
Perugia,large,054039,161748,2023-08-20,2023-08-26,7,35.9,34.4,2023
Perugia,large,054039,161748,2024-06-18,2024-06-20,3,33.5,32.9,2024
Perugia,large,054039,161748,2024-07-09,2024-07-18,10,35.1,33.8,2024
Perugia,large,054039,161748,2024-07-26,2024-07-28,3,34.7,34.0,2024
Perugia,large,054039,161748,2024-07-30,2024-08-01,3,35.6,34.9,2024
Perugia,large,054039,161748,2024-08-08,2024-08-14,7,36.1,34.9,2024
Perugia,large,054039,161748,2024-08-23,2024-08-25,3,33.2,32.8,2024
Perugia,large,054039,161748,2024-08-28,2024-08-31,4,32.6,32.3,2024
Perugia,large,054039,161748,2025-06-06,2025-06-08,3,29.5,29.1,2025
Perugia,large,054039,161748,2025-06-10,2025-06-15,6,32.2,31.1,2025
Perugia,large,054039,161748,2025-06-22,2025-07-04,13,34.2,32.4,2025
Perugia,large,054039,161748,2025-08-08,2025-08-12,5,34.9,34.2,2025
Corciano,medium,054015,21535,1983-07-24,1983-07-28,5,37.9,36.4,1983
Corciano,medium,054015,21535,1985-09-21,1985-09-23,3,30.1,29.7,1985
Corciano,medium,054015,21535,1987-09-15,1987-09-18,4,31.6,31.2,1987
Corciano,medium,054015,21535,1994-07-02,1994-07-04,3,33.5,33.0,1994
Corciano,medium,054015,21535,1996-06-10,1996-06-12,3,31.0,30.6,1996
Corciano,medium,054015,21535,1998-06-02,1998-06-05,4,31.4,30.4,1998
Corciano,medium,054015,21535,1998-08-09,1998-08-12,4,35.7,34.7,1998
Corciano,medium,054015,21535,2000-08-17,2000-08-25,9,35.2,34.1,2000
Corciano,medium,054015,21535,2002-06-14,2002-06-23,10,34.1,32.1,2002
Corciano,medium,054015,21535,2003-05-04,2003-05-07,4,29.5,28.7,2003
Corciano,medium,054015,21535,2003-06-08,2003-06-15,8,33.6,32.2,2003
Corciano,medium,054015,21535,2003-06-20,2003-06-26,7,33.3,32.1,2003
Corciano,medium,054015,21535,2003-07-20,2003-07-22,3,35.5,34.9,2003
Corciano,medium,054015,21535,2003-08-09,2003-08-17,9,36.2,35.4,2003
Corciano,medium,054015,21535,2005-06-24,2005-06-28,5,33.6,32.5,2005
Corciano,medium,054015,21535,2005-07-26,2005-07-29,4,37.6,35.7,2005
Corciano,medium,054015,21535,2006-06-16,2006-06-29,14,35.7,32.8,2006
Corciano,medium,054015,21535,2006-07-19,2006-07-22,4,35.1,34.7,2006
Corciano,medium,054015,21535,2007-05-21,2007-05-24,4,29.5,28.8,2007
Corciano,medium,054015,21535,2007-06-18,2007-06-21,4,32.8,31.8,2007
Corciano,medium,054015,21535,2007-07-14,2007-07-20,7,36.1,35.0,2007
Corciano,medium,054015,21535,2007-08-26,2007-08-29,4,33.5,33.1,2007
Corciano,medium,054015,21535,2008-06-24,2008-06-26,3,32.7,32.2,2008
Corciano,medium,054015,21535,2008-09-04,2008-09-06,3,33.8,32.1,2008
Corciano,medium,054015,21535,2008-09-09,2008-09-11,3,34.0,32.8,2008
Corciano,medium,054015,21535,2009-05-21,2009-05-25,5,31.7,30.3,2009
Corciano,medium,054015,21535,2009-08-18,2009-08-20,3,33.5,33.4,2009
Corciano,medium,054015,21535,2011-08-19,2011-08-25,7,34.7,34.4,2011
Corciano,medium,054015,21535,2012-06-15,2012-06-24,10,34.6,32.3,2012
Corciano,medium,054015,21535,2012-06-27,2012-07-01,5,35.6,33.9,2012
Corciano,medium,054015,21535,2012-07-07,2012-07-09,3,33.4,33.3,2012
Corciano,medium,054015,21535,2012-08-18,2012-08-24,7,35.9,34.7,2012
Corciano,medium,054015,21535,2013-08-02,2013-08-07,6,35.6,35.1,2013
Corciano,medium,054015,21535,2014-06-07,2014-06-12,6,32.1,30.8,2014
Corciano,medium,054015,21535,2015-07-02,2015-07-07,6,33.9,33.1,2015
Corciano,medium,054015,21535,2015-07-15,2015-07-22,8,35.0,34.4,2015
Corciano,medium,054015,21535,2017-05-28,2017-05-30,3,28.9,28.7,2017
Corciano,medium,054015,21535,2017-06-01,2017-06-04,4,29.4,29.1,2017
Corciano,medium,054015,21535,2017-06-09,2017-06-15,7,32.5,31.3,2017
Corciano,medium,054015,21535,2017-06-19,2017-06-26,8,33.6,32.4,2017
Corciano,medium,054015,21535,2017-07-04,2017-07-08,5,36.4,34.2,2017
Corciano,medium,054015,21535,2017-07-10,2017-07-12,3,34.3,34.1,2017
Corciano,medium,054015,21535,2017-07-30,2017-08-09,11,39.6,37.3,2017
Corciano,medium,054015,21535,2017-08-16,2017-08-18,3,35.0,34.2,2017
Corciano,medium,054015,21535,2017-08-24,2017-08-27,4,35.8,34.7,2017
Corciano,medium,054015,21535,2019-06-07,2019-06-11,5,32.3,31.1,2019
Corciano,medium,054015,21535,2019-06-24,2019-07-06,13,37.0,33.9,2019
Corciano,medium,054015,21535,2019-07-21,2019-07-25,5,36.4,35.1,2019
Corciano,medium,054015,21535,2019-08-08,2019-08-12,5,37.3,35.8,2019
Corciano,medium,054015,21535,2019-08-18,2019-08-20,3,35.0,34.5,2019
Corciano,medium,054015,21535,2020-07-27,2020-08-01,6,36.7,35.8,2020
Corciano,medium,054015,21535,2020-08-09,2020-08-12,4,34.7,34.4,2020
Corciano,medium,054015,21535,2020-08-19,2020-08-22,4,36.0,34.9,2020
Corciano,medium,054015,21535,2020-08-26,2020-08-28,3,34.3,33.5,2020
Corciano,medium,054015,21535,2020-09-11,2020-09-14,4,31.6,30.9,2020
Corciano,medium,054015,21535,2021-06-12,2021-06-23,12,34.6,32.2,2021
Corciano,medium,054015,21535,2021-06-25,2021-06-28,4,35.4,33.5,2021
Corciano,medium,054015,21535,2021-07-05,2021-07-07,3,35.9,35.1,2021
Corciano,medium,054015,21535,2021-08-08,2021-08-15,8,36.8,35.5,2021
Corciano,medium,054015,21535,2022-05-21,2022-05-27,7,31.4,29.7,2022
Corciano,medium,054015,21535,2022-05-31,2022-06-06,7,32.8,31.4,2022
Corciano,medium,054015,21535,2022-06-12,2022-06-16,5,32.6,31.6,2022
Corciano,medium,054015,21535,2022-06-19,2022-06-23,5,32.9,32.3,2022
Corciano,medium,054015,21535,2022-06-25,2022-06-27,3,38.4,36.2,2022
Corciano,medium,054015,21535,2022-06-29,2022-07-05,7,37.0,34.9,2022
Corciano,medium,054015,21535,2022-07-13,2022-07-25,13,37.6,35.3,2022
Corciano,medium,054015,21535,2022-08-03,2022-08-05,3,36.8,35.3,2022
Corciano,medium,054015,21535,2023-07-09,2023-07-11,3,35.4,34.8,2023
Corciano,medium,054015,21535,2023-07-14,2023-07-19,6,37.6,35.9,2023
Corciano,medium,054015,21535,2023-07-21,2023-07-23,3,37.4,35.5,2023
Corciano,medium,054015,21535,2023-08-20,2023-08-26,7,37.0,35.5,2023
Corciano,medium,054015,21535,2024-06-17,2024-06-20,4,34.6,33.3,2024
Corciano,medium,054015,21535,2024-07-09,2024-07-18,10,36.2,34.9,2024
Corciano,medium,054015,21535,2024-07-26,2024-08-01,7,36.6,35.3,2024
Corciano,medium,054015,21535,2024-08-06,2024-08-14,9,37.2,35.7,2024
Corciano,medium,054015,21535,2024-08-23,2024-08-25,3,34.2,33.9,2024
Corciano,medium,054015,21535,2024-08-28,2024-08-31,4,33.7,33.4,2024
Corciano,medium,054015,21535,2025-06-06,2025-06-15,10,33.3,31.3,2025
Corciano,medium,054015,21535,2025-06-22,2025-07-04,13,35.3,33.5,2025
Corciano,medium,054015,21535,2025-08-08,2025-08-14,7,36.0,34.9,2025
Torgiano,small,054053,6583,1983-07-24,1983-07-28,5,38.7,37.3,1983
Torgiano,small,054053,6583,1987-09-15,1987-09-18,4,32.5,32.2,1987
Torgiano,small,054053,6583,1994-07-02,1994-07-04,3,34.6,34.1,1994
Torgiano,small,054053,6583,1996-06-10,1996-06-12,3,32.0,31.6,1996
Torgiano,small,054053,6583,1998-06-02,1998-06-05,4,32.4,31.4,1998
Torgiano,small,054053,6583,1998-08-09,1998-08-11,3,36.7,36.0,1998
Torgiano,small,054053,6583,2000-08-17,2000-08-25,9,36.1,35.1,2000
Torgiano,small,054053,6583,2002-06-14,2002-06-23,10,35.4,33.6,2002
Torgiano,small,054053,6583,2003-05-04,2003-05-07,4,30.7,29.8,2003
Torgiano,small,054053,6583,2003-06-08,2003-06-15,8,34.5,33.1,2003
Torgiano,small,054053,6583,2003-06-21,2003-06-26,6,34.2,33.2,2003
Torgiano,small,054053,6583,2003-07-20,2003-07-22,3,36.4,35.8,2003
Torgiano,small,054053,6583,2003-08-09,2003-08-17,9,37.4,36.3,2003
Torgiano,small,054053,6583,2005-06-26,2005-06-28,3,34.5,34.3,2005
Torgiano,small,054053,6583,2005-07-26,2005-07-29,4,38.7,36.7,2005
Torgiano,small,054053,6583,2006-06-16,2006-06-28,13,36.6,33.9,2006
Torgiano,small,054053,6583,2006-07-19,2006-07-22,4,36.2,35.7,2006
Torgiano,small,054053,6583,2007-05-21,2007-05-24,4,30.7,30.0,2007
Torgiano,small,054053,6583,2007-07-14,2007-07-20,7,37.3,36.1,2007
Torgiano,small,054053,6583,2007-08-24,2007-08-29,6,34.8,34.5,2007
Torgiano,small,054053,6583,2008-06-23,2008-06-26,4,33.9,33.3,2008
Torgiano,small,054053,6583,2008-09-09,2008-09-11,3,35.4,34.1,2008
Torgiano,small,054053,6583,2009-05-20,2009-05-25,6,32.7,30.9,2009
Torgiano,small,054053,6583,2009-08-18,2009-08-20,3,34.6,34.5,2009
Torgiano,small,054053,6583,2010-07-14,2010-07-16,3,36.7,35.7,2010
Torgiano,small,054053,6583,2011-08-19,2011-08-25,7,35.6,35.3,2011
Torgiano,small,054053,6583,2011-09-13,2011-09-15,3,31.7,31.6,2011
Torgiano,small,054053,6583,2012-06-15,2012-06-24,10,36.0,33.9,2012
Torgiano,small,054053,6583,2012-06-26,2012-07-01,6,37.0,34.9,2012
Torgiano,small,054053,6583,2012-07-07,2012-07-09,3,34.8,34.7,2012
Torgiano,small,054053,6583,2012-08-18,2012-08-24,7,37.1,36.0,2012
Torgiano,small,054053,6583,2013-08-04,2013-08-07,4,36.6,36.3,2013
Torgiano,small,054053,6583,2014-06-07,2014-06-12,6,33.0,31.7,2014
Torgiano,small,054053,6583,2015-07-02,2015-07-06,5,35.1,34.5,2015
Torgiano,small,054053,6583,2015-07-15,2015-07-22,8,36.2,35.6,2015
Torgiano,small,054053,6583,2017-05-27,2017-06-06,11,32.8,31.0,2017
Torgiano,small,054053,6583,2017-06-08,2017-06-16,9,35.4,33.2,2017
Torgiano,small,054053,6583,2017-06-19,2017-06-26,8,36.8,34.7,2017
Torgiano,small,054053,6583,2017-07-04,2017-07-12,9,37.8,36.2,2017
Torgiano,small,054053,6583,2017-07-19,2017-07-22,4,36.8,35.9,2017
Torgiano,small,054053,6583,2017-07-29,2017-08-09,12,42.4,39.2,2017
Torgiano,small,054053,6583,2017-08-16,2017-08-18,3,36.9,36.0,2017
Torgiano,small,054053,6583,2017-08-23,2017-08-27,5,37.6,36.3,2017
Torgiano,small,054053,6583,2019-06-07,2019-06-15,9,37.8,33.6,2019
Torgiano,small,054053,6583,2019-06-17,2019-06-20,4,34.0,33.2,2019
Torgiano,small,054053,6583,2019-06-23,2019-07-08,16,38.6,35.7,2019
Torgiano,small,054053,6583,2019-07-21,2019-07-25,5,38.0,36.6,2019
Torgiano,small,054053,6583,2019-08-08,2019-08-12,5,38.4,36.9,2019
Torgiano,small,054053,6583,2019-08-18,2019-08-21,4,37.1,36.2,2019
Torgiano,small,054053,6583,2020-06-27,2020-07-02,6,34.4,33.6,2020
Torgiano,small,054053,6583,2020-07-27,2020-08-01,6,39.1,37.7,2020
Torgiano,small,054053,6583,2020-08-10,2020-08-12,3,36.4,35.8,2020
Torgiano,small,054053,6583,2020-08-19,2020-08-22,4,36.9,36.0,2020
Torgiano,small,054053,6583,2020-08-25,2020-08-28,4,35.2,34.7,2020
Torgiano,small,054053,6583,2020-09-08,2020-09-14,7,33.0,32.4,2020
Torgiano,small,054053,6583,2021-06-12,2021-06-23,12,36.1,33.5,2021
Torgiano,small,054053,6583,2021-06-25,2021-06-28,4,36.4,34.4,2021
Torgiano,small,054053,6583,2021-07-05,2021-07-07,3,37.8,36.8,2021
Torgiano,small,054053,6583,2021-07-26,2021-07-30,5,37.2,36.1,2021
Torgiano,small,054053,6583,2021-08-08,2021-08-15,8,39.0,37.4,2021
Torgiano,small,054053,6583,2022-05-18,2022-05-27,10,33.4,31.1,2022
Torgiano,small,054053,6583,2022-05-30,2022-06-06,8,35.0,32.8,2022
Torgiano,small,054053,6583,2022-06-12,2022-06-16,5,34.4,33.3,2022
Torgiano,small,054053,6583,2022-06-19,2022-06-27,9,40.0,35.3,2022
Torgiano,small,054053,6583,2022-06-29,2022-07-06,8,38.6,36.2,2022
Torgiano,small,054053,6583,2022-07-13,2022-07-25,13,38.8,37.0,2022
Torgiano,small,054053,6583,2022-08-03,2022-08-06,4,37.4,36.6,2022
Torgiano,small,054053,6583,2023-07-09,2023-07-11,3,36.6,35.9,2023
Torgiano,small,054053,6583,2023-07-13,2023-07-23,11,39.0,36.9,2023
Torgiano,small,054053,6583,2023-08-20,2023-08-26,7,37.2,36.4,2023
Torgiano,small,054053,6583,2024-06-17,2024-06-20,4,36.6,35.7,2024
Torgiano,small,054053,6583,2024-06-27,2024-06-29,3,36.6,34.6,2024
Torgiano,small,054053,6583,2024-07-08,2024-07-20,13,38.6,36.7,2024
Torgiano,small,054053,6583,2024-07-25,2024-08-01,8,39.5,37.6,2024
Torgiano,small,054053,6583,2024-08-04,2024-08-14,11,39.1,37.2,2024
Torgiano,small,054053,6583,2024-08-21,2024-08-25,5,36.5,35.7,2024
Torgiano,small,054053,6583,2024-08-27,2024-08-31,5,35.8,35.1,2024
Torgiano,small,054053,6583,2025-06-05,2025-06-15,11,35.2,32.8,2025
Torgiano,small,054053,6583,2025-06-18,2025-06-20,3,34.2,33.6,2025
Torgiano,small,054053,6583,2025-06-22,2025-07-05,14,36.6,35.1,2025
Torgiano,small,054053,6583,2025-08-08,2025-08-14,7,37.6,36.6,2025
Valfabbrica,rural,054057,3205,1983-07-24,1983-07-28,5,38.2,36.8,1983
Valfabbrica,rural,054057,3205,1987-09-14,1987-09-18,5,32.4,31.9,1987
Valfabbrica,rural,054057,3205,1994-07-02,1994-07-04,3,33.8,33.2,1994
Valfabbrica,rural,054057,3205,1996-06-08,1996-06-12,5,31.4,30.8,1996
Valfabbrica,rural,054057,3205,1998-06-02,1998-06-05,4,32.4,31.4,1998
Valfabbrica,rural,054057,3205,1998-07-19,1998-07-23,5,35.5,35.0,1998
Valfabbrica,rural,054057,3205,1998-08-09,1998-08-12,4,36.1,35.1,1998
Valfabbrica,rural,054057,3205,2000-08-17,2000-08-25,9,35.9,34.7,2000
Valfabbrica,rural,054057,3205,2002-06-14,2002-06-23,10,34.5,32.4,2002
Valfabbrica,rural,054057,3205,2003-05-04,2003-05-07,4,30.1,29.1,2003
Valfabbrica,rural,054057,3205,2003-06-08,2003-06-14,7,33.5,32.2,2003
Valfabbrica,rural,054057,3205,2003-06-22,2003-06-25,4,33.1,32.5,2003
Valfabbrica,rural,054057,3205,2003-07-20,2003-07-22,3,36.2,35.4,2003
Valfabbrica,rural,054057,3205,2003-08-09,2003-08-17,9,36.3,35.4,2003
Valfabbrica,rural,054057,3205,2005-06-26,2005-06-28,3,34.0,33.6,2005
Valfabbrica,rural,054057,3205,2005-07-27,2005-07-29,3,38.5,36.9,2005
Valfabbrica,rural,054057,3205,2006-06-17,2006-06-28,12,36.5,33.7,2006
Valfabbrica,rural,054057,3205,2006-07-20,2006-07-22,3,35.8,35.3,2006
Valfabbrica,rural,054057,3205,2007-05-21,2007-05-24,4,28.9,28.6,2007
Valfabbrica,rural,054057,3205,2007-07-14,2007-07-20,7,37.0,35.7,2007
Valfabbrica,rural,054057,3205,2007-08-27,2007-08-29,3,34.1,33.9,2007
Valfabbrica,rural,054057,3205,2008-05-25,2008-05-27,3,31.5,30.1,2008
Valfabbrica,rural,054057,3205,2008-06-24,2008-06-26,3,33.1,32.9,2008
Valfabbrica,rural,054057,3205,2008-09-09,2008-09-11,3,34.8,33.4,2008
Valfabbrica,rural,054057,3205,2009-05-20,2009-05-25,6,32.2,30.1,2009
Valfabbrica,rural,054057,3205,2010-07-14,2010-07-16,3,35.8,35.0,2010
Valfabbrica,rural,054057,3205,2011-07-10,2011-07-12,3,36.5,35.0,2011
Valfabbrica,rural,054057,3205,2011-08-19,2011-08-25,7,35.5,35.0,2011
Valfabbrica,rural,054057,3205,2011-09-12,2011-09-15,4,31.8,31.6,2011
Valfabbrica,rural,054057,3205,2012-06-16,2012-06-23,8,35.1,33.1,2012
Valfabbrica,rural,054057,3205,2012-06-27,2012-07-01,5,36.1,34.5,2012
Valfabbrica,rural,054057,3205,2012-08-19,2012-08-23,5,36.4,35.7,2012
Valfabbrica,rural,054057,3205,2013-08-04,2013-08-07,4,36.1,35.8,2013
Valfabbrica,rural,054057,3205,2014-06-08,2014-06-11,4,31.9,31.0,2014
Valfabbrica,rural,054057,3205,2015-07-02,2015-07-06,5,35.1,33.9,2015
Valfabbrica,rural,054057,3205,2015-07-15,2015-07-22,8,35.7,35.2,2015
Valfabbrica,rural,054057,3205,2017-06-02,2017-06-04,3,30.1,29.6,2017
Valfabbrica,rural,054057,3205,2017-06-11,2017-06-15,5,32.6,31.9,2017
Valfabbrica,rural,054057,3205,2017-06-19,2017-06-23,5,33.7,32.8,2017
Valfabbrica,rural,054057,3205,2017-07-05,2017-07-08,4,35.6,34.3,2017
Valfabbrica,rural,054057,3205,2017-07-10,2017-07-12,3,35.0,34.4,2017
Valfabbrica,rural,054057,3205,2017-07-30,2017-08-05,7,39.7,38.6,2017
Valfabbrica,rural,054057,3205,2017-08-07,2017-08-09,3,37.1,36.5,2017
Valfabbrica,rural,054057,3205,2017-08-25,2017-08-27,3,35.2,34.8,2017
Valfabbrica,rural,054057,3205,2019-06-07,2019-06-10,4,33.0,31.5,2019
Valfabbrica,rural,054057,3205,2019-06-25,2019-06-27,3,37.2,35.3,2019
Valfabbrica,rural,054057,3205,2019-06-29,2019-07-06,8,35.2,34.1,2019
Valfabbrica,rural,054057,3205,2019-07-23,2019-07-25,3,37.3,36.1,2019
Valfabbrica,rural,054057,3205,2019-08-09,2019-08-11,3,37.1,36.5,2019
Valfabbrica,rural,054057,3205,2019-08-18,2019-08-20,3,35.8,35.2,2019
Valfabbrica,rural,054057,3205,2020-07-28,2020-08-01,5,36.9,36.3,2020
Valfabbrica,rural,054057,3205,2020-08-10,2020-08-12,3,34.7,34.6,2020
Valfabbrica,rural,054057,3205,2020-08-20,2020-08-22,3,35.6,35.0,2020
Valfabbrica,rural,054057,3205,2021-06-18,2021-06-23,6,34.7,33.5,2021
Valfabbrica,rural,054057,3205,2021-06-26,2021-06-28,3,34.9,34.3,2021
Valfabbrica,rural,054057,3205,2021-07-05,2021-07-07,3,37.0,35.8,2021
Valfabbrica,rural,054057,3205,2021-08-09,2021-08-14,6,36.7,36.4,2021
Valfabbrica,rural,054057,3205,2022-05-21,2022-05-27,7,33.2,29.9,2022
Valfabbrica,rural,054057,3205,2022-06-01,2022-06-06,6,32.4,31.0,2022
Valfabbrica,rural,054057,3205,2022-06-19,2022-06-21,3,33.3,32.6,2022
Valfabbrica,rural,054057,3205,2022-06-25,2022-06-27,3,38.0,36.2,2022
Valfabbrica,rural,054057,3205,2022-06-29,2022-07-05,7,35.9,34.4,2022
Valfabbrica,rural,054057,3205,2022-07-13,2022-07-16,4,35.6,35.2,2022
Valfabbrica,rural,054057,3205,2022-07-19,2022-07-24,6,37.1,36.1,2022
Valfabbrica,rural,054057,3205,2023-07-15,2023-07-19,5,37.2,36.0,2023
Valfabbrica,rural,054057,3205,2023-08-21,2023-08-26,6,37.1,35.8,2023
Valfabbrica,rural,054057,3205,2024-06-17,2024-06-20,4,35.8,33.7,2024
Valfabbrica,rural,054057,3205,2024-07-14,2024-07-18,5,36.4,35.5,2024
Valfabbrica,rural,054057,3205,2024-07-30,2024-08-01,3,36.5,36.1,2024
Valfabbrica,rural,054057,3205,2024-08-08,2024-08-14,7,37.8,36.4,2024
Valfabbrica,rural,054057,3205,2024-08-22,2024-08-25,4,35.2,34.8,2024
Valfabbrica,rural,054057,3205,2024-08-28,2024-08-31,4,33.8,33.6,2024
Valfabbrica,rural,054057,3205,2025-06-06,2025-06-15,10,33.8,31.5,2025
Valfabbrica,rural,054057,3205,2025-06-23,2025-07-04,12,35.3,34.1,2025
Valfabbrica,rural,054057,3205,2025-08-08,2025-08-13,6,36.8,35.6,2025
Ravenna,large,039014,155751,1983-07-25,1983-07-28,4,37.5,36.3,1983
Ravenna,large,039014,155751,1987-09-12,1987-09-14,3,31.0,30.8,1987
Ravenna,large,039014,155751,1987-09-16,1987-09-20,5,32.1,31.3,1987
Ravenna,large,039014,155751,1992-08-26,1992-08-28,3,34.0,33.4,1992
Ravenna,large,039014,155751,1993-05-25,1993-05-27,3,30.2,29.4,1993
Ravenna,large,039014,155751,1993-08-20,1993-08-24,5,35.0,33.7,1993
Ravenna,large,039014,155751,1996-06-07,1996-06-11,5,31.9,31.4,1996
Ravenna,large,039014,155751,1998-06-04,1998-06-06,3,30.8,29.9,1998
Ravenna,large,039014,155751,1998-06-26,1998-07-01,6,35.0,33.6,1998
Ravenna,large,039014,155751,1999-05-29,1999-06-02,5,32.4,30.7,1999
Ravenna,large,039014,155751,1999-06-05,1999-06-07,3,30.9,30.3,1999
Ravenna,large,039014,155751,1999-08-07,1999-08-09,3,35.5,35.3,1999
Ravenna,large,039014,155751,2000-06-03,2000-06-05,3,30.6,30.1,2000
Ravenna,large,039014,155751,2000-06-19,2000-06-21,3,32.7,32.3,2000
Ravenna,large,039014,155751,2000-08-16,2000-08-22,7,35.8,34.7,2000
Ravenna,large,039014,155751,2001-05-27,2001-05-30,4,30.5,29.9,2001
Ravenna,large,039014,155751,2001-08-01,2001-08-03,3,35.9,35.1,2001
Ravenna,large,039014,155751,2002-06-14,2002-06-23,10,35.0,32.8,2002
Ravenna,large,039014,155751,2003-06-05,2003-06-14,10,34.0,32.1,2003
Ravenna,large,039014,155751,2003-06-22,2003-06-25,4,34.7,34.1,2003
Ravenna,large,039014,155751,2003-07-20,2003-07-22,3,35.1,34.8,2003
Ravenna,large,039014,155751,2003-08-08,2003-08-13,6,35.9,35.2,2003
Ravenna,large,039014,155751,2003-08-27,2003-08-29,3,34.1,33.3,2003
Ravenna,large,039014,155751,2005-05-27,2005-05-29,3,31.1,30.0,2005
Ravenna,large,039014,155751,2005-06-21,2005-06-28,8,34.9,32.9,2005
Ravenna,large,039014,155751,2006-06-17,2006-06-21,5,33.1,32.2,2006
Ravenna,large,039014,155751,2006-06-24,2006-06-27,4,33.9,33.2,2006
Ravenna,large,039014,155751,2007-05-21,2007-05-25,5,29.9,29.4,2007
Ravenna,large,039014,155751,2007-07-15,2007-07-22,8,36.2,35.2,2007
Ravenna,large,039014,155751,2008-06-22,2008-06-26,5,32.6,32.4,2008
Ravenna,large,039014,155751,2008-09-04,2008-09-06,3,33.1,32.2,2008
Ravenna,large,039014,155751,2009-05-20,2009-05-25,6,33.6,31.3,2009
Ravenna,large,039014,155751,2009-08-17,2009-08-20,4,34.3,33.7,2009
Ravenna,large,039014,155751,2011-08-18,2011-08-25,8,35.6,34.7,2011
Ravenna,large,039014,155751,2012-06-17,2012-06-21,5,35.0,33.2,2012
Ravenna,large,039014,155751,2012-06-28,2012-07-02,5,35.9,34.7,2012
Ravenna,large,039014,155751,2012-08-02,2012-08-05,4,35.5,34.8,2012
Ravenna,large,039014,155751,2012-08-19,2012-08-24,6,36.2,35.0,2012
Ravenna,large,039014,155751,2013-08-02,2013-08-07,6,36.1,35.2,2013
Ravenna,large,039014,155751,2014-06-07,2014-06-12,6,31.9,30.9,2014
Ravenna,large,039014,155751,2015-07-05,2015-07-07,3,35.2,34.4,2015
Ravenna,large,039014,155751,2015-07-16,2015-07-22,7,36.1,35.1,2015
Ravenna,large,039014,155751,2017-06-22,2017-06-24,3,34.6,33.3,2017
Ravenna,large,039014,155751,2023-08-22,2023-08-25,4,35.2,33.9,2023
Ravenna,large,039014,155751,2024-07-09,2024-07-11,3,34.9,34.3,2024
Ravenna,large,039014,155751,2024-08-28,2024-08-31,4,32.4,32.1,2024
Lugo,medium,039012,32015,1983-07-25,1983-07-28,4,40.5,38.8,1983
Lugo,medium,039012,32015,1987-09-12,1987-09-14,3,32.9,32.7,1987
Lugo,medium,039012,32015,1987-09-16,1987-09-19,4,34.0,33.3,1987
Lugo,medium,039012,32015,1992-08-18,1992-08-20,3,36.5,35.6,1992
Lugo,medium,039012,32015,1992-08-25,1992-08-28,4,35.4,35.0,1992
Lugo,medium,039012,32015,1993-05-24,1993-05-26,3,32.3,30.6,1993
Lugo,medium,039012,32015,1996-06-07,1996-06-11,5,33.7,33.3,1996
Lugo,medium,039012,32015,1998-06-02,1998-06-05,4,33.2,31.7,1998
Lugo,medium,039012,32015,1998-06-25,1998-06-30,6,36.7,35.0,1998
Lugo,medium,039012,32015,1998-08-09,1998-08-12,4,36.5,36.1,1998
Lugo,medium,039012,32015,1999-05-29,1999-06-02,5,34.2,32.2,1999
Lugo,medium,039012,32015,1999-06-05,1999-06-07,3,31.7,31.3,1999
Lugo,medium,039012,32015,2000-06-02,2000-06-05,4,32.6,31.8,2000
Lugo,medium,039012,32015,2000-06-19,2000-06-21,3,33.2,33.1,2000
Lugo,medium,039012,32015,2000-07-01,2000-07-03,3,36.8,35.9,2000
Lugo,medium,039012,32015,2000-08-16,2000-08-22,7,38.1,36.8,2000
Lugo,medium,039012,32015,2001-05-27,2001-05-29,3,31.2,30.7,2001
Lugo,medium,039012,32015,2002-06-13,2002-06-23,11,37.0,34.4,2002
Lugo,medium,039012,32015,2003-05-06,2003-05-08,3,31.4,29.7,2003
Lugo,medium,039012,32015,2003-06-05,2003-06-14,10,35.7,33.7,2003
Lugo,medium,039012,32015,2003-06-22,2003-06-25,4,36.3,35.3,2003
Lugo,medium,039012,32015,2003-07-20,2003-07-22,3,37.7,37.0,2003
Lugo,medium,039012,32015,2003-08-08,2003-08-13,6,37.7,36.8,2003
Lugo,medium,039012,32015,2005-05-27,2005-05-29,3,33.5,32.3,2005
Lugo,medium,039012,32015,2005-06-21,2005-06-29,9,36.7,34.9,2005
Lugo,medium,039012,32015,2006-06-16,2006-06-22,7,36.0,34.3,2006
Lugo,medium,039012,32015,2006-06-24,2006-06-27,4,37.0,35.7,2006
Lugo,medium,039012,32015,2007-05-20,2007-05-25,6,32.2,31.0,2007
Lugo,medium,039012,32015,2007-07-15,2007-07-20,6,38.3,37.8,2007
Lugo,medium,039012,32015,2008-06-22,2008-06-26,5,34.0,33.6,2008
Lugo,medium,039012,32015,2008-09-09,2008-09-11,3,33.8,32.8,2008
Lugo,medium,039012,32015,2009-05-20,2009-05-25,6,35.9,33.4,2009
Lugo,medium,039012,32015,2009-06-13,2009-06-15,3,34.0,33.3,2009
Lugo,medium,039012,32015,2009-08-18,2009-08-20,3,36.3,35.5,2009
Lugo,medium,039012,32015,2011-08-18,2011-08-25,8,37.9,37.0,2011
Lugo,medium,039012,32015,2012-06-16,2012-06-21,6,37.7,35.1,2012
Lugo,medium,039012,32015,2012-06-27,2012-07-01,5,38.4,36.7,2012
Lugo,medium,039012,32015,2012-07-07,2012-07-10,4,35.9,35.5,2012
Lugo,medium,039012,32015,2012-08-02,2012-08-05,4,36.8,36.5,2012
Lugo,medium,039012,32015,2012-08-19,2012-08-24,6,38.7,37.0,2012
Lugo,medium,039012,32015,2013-06-17,2013-06-19,3,34.6,33.6,2013
Lugo,medium,039012,32015,2013-08-02,2013-08-07,6,38.5,37.8,2013
Lugo,medium,039012,32015,2014-06-07,2014-06-11,5,33.9,32.8,2014
Lugo,medium,039012,32015,2015-07-05,2015-07-07,3,36.3,35.8,2015
Lugo,medium,039012,32015,2015-07-16,2015-07-22,7,37.4,36.8,2015
Lugo,medium,039012,32015,2017-06-11,2017-06-13,3,32.8,32.6,2017
Lugo,medium,039012,32015,2017-06-19,2017-06-23,5,35.6,34.5,2017
Lugo,medium,039012,32015,2017-07-05,2017-07-10,6,36.8,35.5,2017
Lugo,medium,039012,32015,2017-08-01,2017-08-05,5,41.0,39.0,2017
Lugo,medium,039012,32015,2019-06-24,2019-06-27,4,38.8,35.2,2019
Lugo,medium,039012,32015,2019-06-29,2019-07-01,3,35.6,34.7,2019
Lugo,medium,039012,32015,2019-07-04,2019-07-06,3,36.0,35.0,2019
Lugo,medium,039012,32015,2021-06-17,2021-06-23,7,35.7,34.7,2021
Lugo,medium,039012,32015,2021-08-12,2021-08-15,4,37.4,37.0,2021
Lugo,medium,039012,32015,2022-05-14,2022-05-16,3,29.8,28.9,2022
Lugo,medium,039012,32015,2022-05-19,2022-05-23,5,31.1,30.1,2022
Lugo,medium,039012,32015,2023-06-19,2023-06-21,3,33.8,33.2,2023
Lugo,medium,039012,32015,2023-07-09,2023-07-11,3,36.8,35.6,2023
Lugo,medium,039012,32015,2023-08-20,2023-08-26,7,37.4,36.3,2023
Lugo,medium,039012,32015,2024-06-06,2024-06-08,3,31.5,31.1,2024
Lugo,medium,039012,32015,2024-06-17,2024-06-20,4,37.3,35.4,2024
Lugo,medium,039012,32015,2024-07-09,2024-07-13,5,37.0,36.2,2024
Lugo,medium,039012,32015,2024-08-11,2024-08-13,3,35.7,35.5,2024
Lugo,medium,039012,32015,2024-08-29,2024-08-31,3,34.0,33.6,2024
Lugo,medium,039012,32015,2025-06-01,2025-06-03,3,30.7,30.6,2025
Lugo,medium,039012,32015,2025-06-12,2025-06-14,3,34.2,33.2,2025
Lugo,medium,039012,32015,2025-06-22,2025-06-25,4,36.0,34.0,2025
Russi,small,039016,12190,1983-07-25,1983-07-28,4,40.4,38.5,1983
Russi,small,039016,12190,1987-09-12,1987-09-14,3,32.9,32.7,1987
Russi,small,039016,12190,1987-09-16,1987-09-19,4,34.0,33.3,1987
Russi,small,039016,12190,1992-08-18,1992-08-20,3,36.4,35.5,1992
Russi,small,039016,12190,1992-08-25,1992-08-28,4,35.3,34.9,1992
Russi,small,039016,12190,1993-05-24,1993-05-26,3,32.4,30.8,1993
Russi,small,039016,12190,1996-06-07,1996-06-11,5,33.6,33.2,1996
Russi,small,039016,12190,1998-06-02,1998-06-06,5,32.9,31.3,1998
Russi,small,039016,12190,1998-06-25,1998-06-30,6,36.6,34.9,1998
Russi,small,039016,12190,1998-08-10,1998-08-12,3,36.2,35.9,1998
Russi,small,039016,12190,1999-05-29,1999-06-02,5,34.4,32.3,1999
Russi,small,039016,12190,1999-06-05,1999-06-07,3,31.9,31.5,1999
Russi,small,039016,12190,2000-06-02,2000-06-05,4,32.6,31.8,2000
Russi,small,039016,12190,2000-06-19,2000-06-21,3,33.7,33.5,2000
Russi,small,039016,12190,2000-07-01,2000-07-03,3,37.3,36.4,2000
Russi,small,039016,12190,2000-08-16,2000-08-22,7,38.2,36.8,2000
Russi,small,039016,12190,2001-05-27,2001-05-29,3,31.4,30.9,2001
Russi,small,039016,12190,2002-06-13,2002-06-23,11,37.1,34.3,2002
Russi,small,039016,12190,2003-05-06,2003-05-08,3,31.5,29.5,2003
Russi,small,039016,12190,2003-06-05,2003-06-14,10,35.6,33.5,2003
Russi,small,039016,12190,2003-06-22,2003-06-25,4,36.3,35.3,2003
Russi,small,039016,12190,2003-07-20,2003-07-22,3,37.6,36.9,2003
Russi,small,039016,12190,2003-08-08,2003-08-13,6,37.5,36.6,2003
Russi,small,039016,12190,2005-05-27,2005-05-29,3,33.7,32.2,2005
Russi,small,039016,12190,2005-06-21,2005-06-29,9,36.8,34.8,2005
Russi,small,039016,12190,2006-06-16,2006-06-22,7,35.8,34.2,2006
Russi,small,039016,12190,2006-06-24,2006-06-27,4,36.6,35.5,2006
Russi,small,039016,12190,2007-05-20,2007-05-25,6,32.3,31.0,2007
Russi,small,039016,12190,2007-07-15,2007-07-20,6,38.3,37.8,2007
Russi,small,039016,12190,2008-06-22,2008-06-26,5,34.0,33.7,2008
Russi,small,039016,12190,2008-09-09,2008-09-11,3,33.2,32.6,2008
Russi,small,039016,12190,2009-05-20,2009-05-25,6,36.0,33.5,2009
Russi,small,039016,12190,2009-08-18,2009-08-20,3,36.1,35.3,2009
Russi,small,039016,12190,2011-08-18,2011-08-25,8,37.8,36.8,2011
Russi,small,039016,12190,2012-06-16,2012-06-21,6,37.8,35.0,2012
Russi,small,039016,12190,2012-06-27,2012-07-01,5,38.4,36.7,2012
Russi,small,039016,12190,2012-07-07,2012-07-10,4,36.1,35.5,2012
Russi,small,039016,12190,2012-08-02,2012-08-05,4,36.7,36.5,2012
Russi,small,039016,12190,2012-08-19,2012-08-24,6,38.6,36.9,2012
Russi,small,039016,12190,2013-06-17,2013-06-19,3,34.7,33.6,2013
Russi,small,039016,12190,2013-08-02,2013-08-07,6,38.3,37.6,2013
Russi,small,039016,12190,2014-06-07,2014-06-12,6,33.8,32.6,2014
Russi,small,039016,12190,2015-07-05,2015-07-07,3,36.3,35.9,2015
Russi,small,039016,12190,2015-07-16,2015-07-22,7,37.5,36.8,2015
Russi,small,039016,12190,2017-06-11,2017-06-13,3,32.5,32.3,2017
Russi,small,039016,12190,2017-06-19,2017-06-24,6,35.8,34.4,2017
Russi,small,039016,12190,2017-07-05,2017-07-07,3,37.2,36.0,2017
Russi,small,039016,12190,2017-08-01,2017-08-05,5,41.2,39.1,2017
Russi,small,039016,12190,2021-06-18,2021-06-23,6,35.4,34.7,2021
Russi,small,039016,12190,2021-08-12,2021-08-15,4,37.2,36.4,2021
Russi,small,039016,12190,2022-05-14,2022-05-16,3,30.6,28.9,2022
Russi,small,039016,12190,2022-07-02,2022-07-04,3,36.0,35.4,2022
Russi,small,039016,12190,2023-08-20,2023-08-26,7,37.4,35.9,2023
Russi,small,039016,12190,2024-06-06,2024-06-08,3,31.6,31.4,2024
Russi,small,039016,12190,2024-06-17,2024-06-20,4,37.6,34.9,2024
Russi,small,039016,12190,2024-07-09,2024-07-13,5,38.8,37.0,2024
Russi,small,039016,12190,2024-08-11,2024-08-13,3,35.6,35.4,2024
Russi,small,039016,12190,2024-08-29,2024-08-31,3,34.1,33.8,2024
Russi,small,039016,12190,2025-06-01,2025-06-03,3,31.7,31.2,2025
Russi,small,039016,12190,2025-06-12,2025-06-14,3,34.4,33.2,2025
Russi,small,039016,12190,2025-06-22,2025-06-25,4,36.0,34.1,2025
Sant'Agata sul Santerno,rural,039017,2893,1983-07-25,1983-07-28,4,40.5,38.8,1983
Sant'Agata sul Santerno,rural,039017,2893,1987-09-12,1987-09-14,3,32.9,32.7,1987
Sant'Agata sul Santerno,rural,039017,2893,1987-09-16,1987-09-19,4,34.0,33.3,1987
Sant'Agata sul Santerno,rural,039017,2893,1992-08-18,1992-08-20,3,36.6,35.6,1992
Sant'Agata sul Santerno,rural,039017,2893,1992-08-25,1992-08-28,4,35.5,35.0,1992
Sant'Agata sul Santerno,rural,039017,2893,1993-05-24,1993-05-26,3,32.3,30.7,1993
Sant'Agata sul Santerno,rural,039017,2893,1996-06-07,1996-06-11,5,33.8,33.3,1996
Sant'Agata sul Santerno,rural,039017,2893,1998-06-02,1998-06-05,4,33.2,31.7,1998
Sant'Agata sul Santerno,rural,039017,2893,1998-06-25,1998-06-30,6,36.8,35.0,1998
Sant'Agata sul Santerno,rural,039017,2893,1998-08-09,1998-08-12,4,36.5,36.1,1998
Sant'Agata sul Santerno,rural,039017,2893,1999-05-29,1999-06-02,5,34.3,32.2,1999
Sant'Agata sul Santerno,rural,039017,2893,1999-06-05,1999-06-07,3,31.7,31.4,1999
Sant'Agata sul Santerno,rural,039017,2893,2000-06-02,2000-06-05,4,32.6,31.8,2000
Sant'Agata sul Santerno,rural,039017,2893,2000-06-19,2000-06-21,3,33.3,33.2,2000
Sant'Agata sul Santerno,rural,039017,2893,2000-07-01,2000-07-03,3,36.9,35.9,2000
Sant'Agata sul Santerno,rural,039017,2893,2000-08-16,2000-08-22,7,38.1,36.8,2000
Sant'Agata sul Santerno,rural,039017,2893,2001-05-27,2001-05-29,3,31.2,30.7,2001
Sant'Agata sul Santerno,rural,039017,2893,2002-06-13,2002-06-23,11,37.0,34.4,2002
Sant'Agata sul Santerno,rural,039017,2893,2003-05-06,2003-05-08,3,31.5,29.7,2003
Sant'Agata sul Santerno,rural,039017,2893,2003-06-05,2003-06-14,10,35.8,33.7,2003
Sant'Agata sul Santerno,rural,039017,2893,2003-06-22,2003-06-25,4,36.3,35.3,2003
Sant'Agata sul Santerno,rural,039017,2893,2003-07-20,2003-07-22,3,37.7,37.1,2003
Sant'Agata sul Santerno,rural,039017,2893,2003-08-08,2003-08-13,6,37.7,36.8,2003
Sant'Agata sul Santerno,rural,039017,2893,2005-05-27,2005-05-29,3,33.6,32.3,2005
Sant'Agata sul Santerno,rural,039017,2893,2005-06-21,2005-06-29,9,36.7,34.9,2005
Sant'Agata sul Santerno,rural,039017,2893,2006-06-16,2006-06-22,7,36.1,34.3,2006
Sant'Agata sul Santerno,rural,039017,2893,2006-06-24,2006-06-27,4,37.0,35.7,2006
Sant'Agata sul Santerno,rural,039017,2893,2007-05-20,2007-05-25,6,32.3,31.0,2007
Sant'Agata sul Santerno,rural,039017,2893,2007-07-15,2007-07-20,6,38.4,37.8,2007
Sant'Agata sul Santerno,rural,039017,2893,2008-06-22,2008-06-26,5,34.0,33.7,2008
Sant'Agata sul Santerno,rural,039017,2893,2008-09-09,2008-09-11,3,33.8,32.8,2008
Sant'Agata sul Santerno,rural,039017,2893,2009-05-20,2009-05-25,6,35.9,33.4,2009
Sant'Agata sul Santerno,rural,039017,2893,2009-06-13,2009-06-15,3,34.0,33.4,2009
Sant'Agata sul Santerno,rural,039017,2893,2009-08-18,2009-08-20,3,36.3,35.5,2009
Sant'Agata sul Santerno,rural,039017,2893,2011-08-18,2011-08-25,8,37.9,37.0,2011
Sant'Agata sul Santerno,rural,039017,2893,2012-06-16,2012-06-21,6,37.7,35.1,2012
Sant'Agata sul Santerno,rural,039017,2893,2012-06-27,2012-07-01,5,38.4,36.7,2012
Sant'Agata sul Santerno,rural,039017,2893,2012-07-07,2012-07-10,4,36.0,35.5,2012
Sant'Agata sul Santerno,rural,039017,2893,2012-08-02,2012-08-05,4,36.8,36.5,2012
Sant'Agata sul Santerno,rural,039017,2893,2012-08-19,2012-08-24,6,38.7,37.0,2012
Sant'Agata sul Santerno,rural,039017,2893,2013-06-17,2013-06-19,3,34.7,33.7,2013
Sant'Agata sul Santerno,rural,039017,2893,2013-08-02,2013-08-07,6,38.6,37.8,2013
Sant'Agata sul Santerno,rural,039017,2893,2014-06-07,2014-06-11,5,33.9,32.8,2014
Sant'Agata sul Santerno,rural,039017,2893,2015-07-05,2015-07-07,3,36.4,35.8,2015
Sant'Agata sul Santerno,rural,039017,2893,2015-07-16,2015-07-22,7,37.4,36.9,2015
Sant'Agata sul Santerno,rural,039017,2893,2017-06-11,2017-06-13,3,32.8,32.6,2017
Sant'Agata sul Santerno,rural,039017,2893,2017-06-19,2017-06-23,5,35.6,34.5,2017
Sant'Agata sul Santerno,rural,039017,2893,2017-07-05,2017-07-10,6,36.8,35.5,2017
Sant'Agata sul Santerno,rural,039017,2893,2017-08-01,2017-08-05,5,41.0,39.0,2017
Sant'Agata sul Santerno,rural,039017,2893,2019-06-24,2019-06-27,4,38.8,35.2,2019
Sant'Agata sul Santerno,rural,039017,2893,2019-06-29,2019-07-01,3,35.6,34.7,2019
Sant'Agata sul Santerno,rural,039017,2893,2019-07-04,2019-07-06,3,36.0,35.0,2019
Sant'Agata sul Santerno,rural,039017,2893,2021-06-17,2021-06-23,7,35.7,34.7,2021
Sant'Agata sul Santerno,rural,039017,2893,2021-08-12,2021-08-15,4,37.4,37.0,2021
Sant'Agata sul Santerno,rural,039017,2893,2022-05-14,2022-05-16,3,29.8,28.9,2022
Sant'Agata sul Santerno,rural,039017,2893,2022-05-19,2022-05-23,5,31.1,30.1,2022
Sant'Agata sul Santerno,rural,039017,2893,2023-06-19,2023-06-21,3,33.8,33.2,2023
Sant'Agata sul Santerno,rural,039017,2893,2023-07-09,2023-07-11,3,36.8,35.6,2023
Sant'Agata sul Santerno,rural,039017,2893,2023-08-20,2023-08-26,7,37.4,36.3,2023
Sant'Agata sul Santerno,rural,039017,2893,2024-06-06,2024-06-08,3,31.5,31.1,2024
Sant'Agata sul Santerno,rural,039017,2893,2024-06-17,2024-06-20,4,37.3,35.4,2024
Sant'Agata sul Santerno,rural,039017,2893,2024-07-09,2024-07-13,5,37.0,36.2,2024
Sant'Agata sul Santerno,rural,039017,2893,2024-08-11,2024-08-13,3,35.7,35.5,2024
Sant'Agata sul Santerno,rural,039017,2893,2024-08-29,2024-08-31,3,34.0,33.6,2024
Sant'Agata sul Santerno,rural,039017,2893,2025-06-01,2025-06-03,3,30.7,30.6,2025
Sant'Agata sul Santerno,rural,039017,2893,2025-06-12,2025-06-14,3,34.2,33.2,2025
Sant'Agata sul Santerno,rural,039017,2893,2025-06-22,2025-06-25,4,36.0,34.0,2025
Livorno,large,049009,152914,1983-07-25,1983-07-27,3,33.2,32.6,1983
Livorno,large,049009,152914,1987-07-03,1987-07-05,3,29.8,29.6,1987
Livorno,large,049009,152914,1988-08-16,1988-08-18,3,31.4,30.9,1988
Livorno,large,049009,152914,1992-08-04,1992-08-08,5,31.8,31.4,1992
Livorno,large,049009,152914,2001-07-30,2001-08-01,3,31.5,31.4,2001
Livorno,large,049009,152914,2002-06-17,2002-06-24,8,30.9,29.5,2002
Livorno,large,049009,152914,2003-06-10,2003-06-16,7,29.9,29.1,2003
Livorno,large,049009,152914,2003-06-18,2003-06-26,9,30.1,29.3,2003
Livorno,large,049009,152914,2003-07-18,2003-07-21,4,31.5,30.9,2003
Livorno,large,049009,152914,2003-08-01,2003-08-12,12,34.6,32.6,2003
Livorno,large,049009,152914,2003-08-15,2003-08-20,6,31.7,31.2,2003
Livorno,large,049009,152914,2005-06-24,2005-06-28,5,29.9,29.4,2005
Livorno,large,049009,152914,2006-06-30,2006-07-04,5,30.2,29.7,2006
Livorno,large,049009,152914,2006-07-09,2006-07-15,7,31.9,31.1,2006
Livorno,large,049009,152914,2006-07-17,2006-07-27,11,32.9,31.3,2006
Livorno,large,049009,152914,2009-08-18,2009-08-20,3,33.1,32.5,2009
Livorno,large,049009,152914,2011-08-20,2011-08-25,6,33.4,31.7,2011
Livorno,large,049009,152914,2012-06-17,2012-06-19,3,29.3,28.9,2012
Livorno,large,049009,152914,2012-06-29,2012-07-01,3,30.3,29.6,2012
Livorno,large,049009,152914,2012-08-17,2012-08-23,7,33.3,31.6,2012
Livorno,large,049009,152914,2014-06-07,2014-06-12,6,30.1,29.0,2014
Livorno,large,049009,152914,2015-06-04,2015-06-07,4,29.1,28.7,2015
Livorno,large,049009,152914,2015-06-29,2015-07-10,12,32.3,30.5,2015
Livorno,large,049009,152914,2015-07-13,2015-07-23,11,32.0,31.3,2015
Livorno,large,049009,152914,2015-08-05,2015-08-08,4,33.1,32.4,2015
Livorno,large,049009,152914,2016-09-08,2016-09-12,5,28.8,28.7,2016
Livorno,large,049009,152914,2017-06-15,2017-06-18,4,31.4,30.4,2017
Livorno,large,049009,152914,2017-06-25,2017-06-27,3,30.2,29.8,2017
Livorno,large,049009,152914,2017-07-30,2017-08-04,6,33.3,32.4,2017
Livorno,large,049009,152914,2018-06-17,2018-06-19,3,30.1,29.6,2018
Livorno,large,049009,152914,2018-07-30,2018-08-05,7,33.7,33.0,2018
Livorno,large,049009,152914,2018-08-17,2018-08-22,6,33.3,32.4,2018
Livorno,large,049009,152914,2019-06-23,2019-07-05,13,35.9,32.0,2019
Livorno,large,049009,152914,2019-07-22,2019-07-25,4,34.1,33.0,2019
Livorno,large,049009,152914,2019-08-29,2019-08-31,3,30.9,30.6,2019
Livorno,large,049009,152914,2019-09-12,2019-09-14,3,29.8,29.3,2019
Livorno,large,049009,152914,2020-08-06,2020-08-09,4,32.5,32.0,2020
Livorno,large,049009,152914,2020-09-10,2020-09-17,8,30.4,29.5,2020
Livorno,large,049009,152914,2021-08-10,2021-08-18,9,35.7,32.3,2021
Livorno,large,049009,152914,2022-06-02,2022-06-04,3,28.8,28.5,2022
Livorno,large,049009,152914,2022-06-09,2022-06-11,3,30.0,29.8,2022
Livorno,large,049009,152914,2022-06-16,2022-06-18,3,33.0,31.2,2022
Livorno,large,049009,152914,2022-06-25,2022-06-27,3,33.1,32.1,2022
Livorno,large,049009,152914,2022-07-05,2022-07-09,5,33.2,31.4,2022
Livorno,large,049009,152914,2022-07-15,2022-07-21,7,36.1,33.6,2022
Livorno,large,049009,152914,2022-07-25,2022-07-27,3,32.5,31.5,2022
Livorno,large,049009,152914,2022-07-30,2022-08-10,12,35.5,33.0,2022
Livorno,large,049009,152914,2023-06-19,2023-06-21,3,31.3,30.3,2023
Livorno,large,049009,152914,2023-06-23,2023-06-25,3,30.6,29.9,2023
Livorno,large,049009,152914,2023-07-06,2023-07-11,6,32.2,31.5,2023
Livorno,large,049009,152914,2023-07-16,2023-07-21,6,32.1,31.0,2023
Livorno,large,049009,152914,2023-08-16,2023-08-25,10,35.1,33.0,2023
Livorno,large,049009,152914,2023-09-06,2023-09-09,4,29.6,29.1,2023
Livorno,large,049009,152914,2024-06-17,2024-06-19,3,30.8,29.3,2024
Livorno,large,049009,152914,2024-07-20,2024-08-04,16,34.4,32.1,2024
Livorno,large,049009,152914,2024-08-08,2024-08-15,8,35.7,33.4,2024
Livorno,large,049009,152914,2024-08-25,2024-09-03,10,35.6,32.1,2024
Livorno,large,049009,152914,2025-06-11,2025-06-15,5,29.4,28.9,2025
Livorno,large,049009,152914,2025-06-17,2025-06-21,5,31.5,30.6,2025
Livorno,large,049009,152914,2025-06-23,2025-07-04,12,34.4,31.9,2025
Livorno,large,049009,152914,2025-08-05,2025-08-17,13,35.3,33.0,2025
Pisa,medium,050026,88737,1983-07-25,1983-07-27,3,34.2,33.5,1983
Pisa,medium,050026,88737,1992-08-04,1992-08-08,5,32.4,32.0,1992
Pisa,medium,050026,88737,1998-06-03,1998-06-05,3,31.5,30.0,1998
Pisa,medium,050026,88737,2001-07-30,2001-08-01,3,32.7,32.3,2001
Pisa,medium,050026,88737,2002-06-17,2002-06-24,8,32.6,30.8,2002
Pisa,medium,050026,88737,2003-06-06,2003-06-16,11,30.9,29.3,2003
Pisa,medium,050026,88737,2003-06-18,2003-06-25,8,30.5,29.9,2003
Pisa,medium,050026,88737,2003-07-18,2003-07-21,4,32.6,32.1,2003
Pisa,medium,050026,88737,2003-08-01,2003-08-12,12,36.1,33.8,2003
Pisa,medium,050026,88737,2003-08-15,2003-08-20,6,32.8,32.1,2003
Pisa,medium,050026,88737,2005-06-25,2005-06-28,4,30.2,29.9,2005
Pisa,medium,050026,88737,2006-07-09,2006-07-15,7,32.8,32.0,2006
Pisa,medium,050026,88737,2006-07-17,2006-07-27,11,33.9,32.1,2006
Pisa,medium,050026,88737,2009-08-18,2009-08-20,3,34.5,33.7,2009
Pisa,medium,050026,88737,2011-05-23,2011-05-25,3,28.9,28.4,2011
Pisa,medium,050026,88737,2011-08-20,2011-08-25,6,34.9,33.0,2011
Pisa,medium,050026,88737,2012-06-17,2012-06-19,3,30.4,30.1,2012
Pisa,medium,050026,88737,2012-08-16,2012-08-21,6,34.5,32.9,2012
Pisa,medium,050026,88737,2014-06-07,2014-06-12,6,31.6,30.2,2014
Pisa,medium,050026,88737,2015-06-04,2015-06-07,4,30.3,29.8,2015
Pisa,medium,050026,88737,2015-06-30,2015-07-06,7,32.8,31.3,2015
Pisa,medium,050026,88737,2015-07-13,2015-07-23,11,32.7,31.9,2015
Pisa,medium,050026,88737,2015-08-04,2015-08-08,5,34.5,33.4,2015
Pisa,medium,050026,88737,2016-09-08,2016-09-12,5,29.9,29.6,2016
Pisa,medium,050026,88737,2017-06-10,2017-06-12,3,31.8,30.4,2017
Pisa,medium,050026,88737,2017-06-14,2017-06-19,6,32.0,30.4,2017
Pisa,medium,050026,88737,2017-06-25,2017-06-27,3,31.0,30.7,2017
Pisa,medium,050026,88737,2017-07-05,2017-07-08,4,32.2,31.5,2017
Pisa,medium,050026,88737,2017-07-30,2017-08-07,9,36.2,34.4,2017
Pisa,medium,050026,88737,2017-08-26,2017-08-29,4,35.0,32.8,2017
Pisa,medium,050026,88737,2018-06-17,2018-06-19,3,31.0,30.4,2018
Pisa,medium,050026,88737,2018-07-29,2018-08-06,9,35.6,34.2,2018
Pisa,medium,050026,88737,2018-08-17,2018-08-22,6,34.8,33.8,2018
Pisa,medium,050026,88737,2018-09-08,2018-09-11,4,31.5,30.5,2018
Pisa,medium,050026,88737,2018-09-18,2018-09-23,6,30.8,29.3,2018
Pisa,medium,050026,88737,2019-06-23,2019-07-05,13,36.2,33.5,2019
Pisa,medium,050026,88737,2019-07-22,2019-07-25,4,36.7,35.4,2019
Pisa,medium,050026,88737,2019-08-25,2019-08-31,7,32.4,32.0,2019
Pisa,medium,050026,88737,2019-09-12,2019-09-15,4,31.4,30.2,2019
Pisa,medium,050026,88737,2020-06-21,2020-06-23,3,30.4,29.9,2020
Pisa,medium,050026,88737,2020-07-29,2020-08-01,4,32.4,32.2,2020
Pisa,medium,050026,88737,2020-08-06,2020-08-12,7,35.0,33.4,2020
Pisa,medium,050026,88737,2020-08-20,2020-08-23,4,33.0,31.9,2020
Pisa,medium,050026,88737,2020-09-07,2020-09-18,12,32.5,30.8,2020
Pisa,medium,050026,88737,2021-06-08,2021-06-11,4,29.2,28.8,2021
Pisa,medium,050026,88737,2021-06-14,2021-06-17,4,30.8,29.8,2021
Pisa,medium,050026,88737,2021-07-17,2021-07-19,3,32.1,32.0,2021
Pisa,medium,050026,88737,2021-07-23,2021-07-26,4,32.9,32.0,2021
Pisa,medium,050026,88737,2021-08-10,2021-08-20,11,38.8,34.7,2021
Pisa,medium,050026,88737,2021-09-04,2021-09-13,10,31.5,30.4,2021
Pisa,medium,050026,88737,2022-05-25,2022-05-28,4,33.2,31.4,2022
Pisa,medium,050026,88737,2022-05-31,2022-06-04,5,32.4,30.3,2022
Pisa,medium,050026,88737,2022-06-09,2022-06-27,19,37.6,32.5,2022
Pisa,medium,050026,88737,2022-06-29,2022-08-12,45,38.4,34.2,2022
Pisa,medium,050026,88737,2022-08-14,2022-08-17,4,34.0,32.9,2022
Pisa,medium,050026,88737,2022-08-19,2022-08-23,5,33.2,32.4,2022
Pisa,medium,050026,88737,2022-09-04,2022-09-08,5,31.9,30.9,2022
Pisa,medium,050026,88737,2022-09-13,2022-09-15,3,29.6,29.2,2022
Pisa,medium,050026,88737,2023-06-17,2023-06-21,5,34.8,31.3,2023
Pisa,medium,050026,88737,2023-06-23,2023-06-28,6,32.1,31.5,2023
Pisa,medium,050026,88737,2023-07-06,2023-07-11,6,35.0,33.4,2023
Pisa,medium,050026,88737,2023-07-13,2023-07-21,9,33.9,32.3,2023
Pisa,medium,050026,88737,2023-08-10,2023-08-26,17,38.6,34.9,2023
Pisa,medium,050026,88737,2023-09-05,2023-09-10,6,32.2,31.0,2023
Pisa,medium,050026,88737,2023-09-14,2023-09-17,4,29.7,28.9,2023
Pisa,medium,050026,88737,2024-06-17,2024-06-20,4,31.6,30.7,2024
Pisa,medium,050026,88737,2024-07-16,2024-07-18,3,32.4,31.9,2024
Pisa,medium,050026,88737,2024-07-20,2024-08-15,27,38.0,33.9,2024
Pisa,medium,050026,88737,2024-08-25,2024-09-03,10,36.2,33.3,2024
Pisa,medium,050026,88737,2025-06-11,2025-06-15,5,32.0,31.0,2025
Pisa,medium,050026,88737,2025-06-17,2025-07-04,18,37.4,33.4,2025
Pisa,medium,050026,88737,2025-07-15,2025-07-17,3,32.3,31.8,2025
Pisa,medium,050026,88737,2025-08-05,2025-08-17,13,37.4,34.9,2025
Pisa,medium,050026,88737,2025-09-16,2025-09-20,5,31.0,29.3,2025
Collesalvetti,small,049008,16281,1983-07-25,1983-07-27,3,35.8,35.0,1983
Collesalvetti,small,049008,16281,1987-07-03,1987-07-05,3,31.8,31.4,1987
Collesalvetti,small,049008,16281,1992-08-05,1992-08-07,3,33.4,33.2,1992
Collesalvetti,small,049008,16281,1994-06-29,1994-07-01,3,31.4,31.1,1994
Collesalvetti,small,049008,16281,1998-06-02,1998-06-05,4,32.2,30.2,1998
Collesalvetti,small,049008,16281,2001-07-30,2001-08-01,3,33.6,33.3,2001
Collesalvetti,small,049008,16281,2002-06-17,2002-06-24,8,33.5,31.7,2002
Collesalvetti,small,049008,16281,2003-06-03,2003-06-15,13,31.9,29.9,2003
Collesalvetti,small,049008,16281,2003-06-21,2003-06-25,5,31.3,30.9,2003
Collesalvetti,small,049008,16281,2003-07-18,2003-07-21,4,33.9,33.3,2003
Collesalvetti,small,049008,16281,2003-08-01,2003-08-12,12,37.4,34.8,2003
Collesalvetti,small,049008,16281,2003-08-15,2003-08-20,6,33.9,33.0,2003
Collesalvetti,small,049008,16281,2005-06-26,2005-06-28,3,31.4,31.1,2005
Collesalvetti,small,049008,16281,2006-07-09,2006-07-15,7,33.7,32.9,2006
Collesalvetti,small,049008,16281,2006-07-17,2006-07-27,11,34.6,33.0,2006
Collesalvetti,small,049008,16281,2007-05-22,2007-05-24,3,29.8,29.2,2007
Collesalvetti,small,049008,16281,2009-05-23,2009-05-25,3,30.2,29.3,2009
Collesalvetti,small,049008,16281,2009-08-18,2009-08-20,3,35.6,34.7,2009
Collesalvetti,small,049008,16281,2011-05-22,2011-05-25,4,29.9,29.2,2011
Collesalvetti,small,049008,16281,2011-08-20,2011-08-25,6,36.1,34.0,2011
Collesalvetti,small,049008,16281,2012-06-17,2012-06-19,3,31.4,31.2,2012
Collesalvetti,small,049008,16281,2012-08-16,2012-08-21,6,35.9,34.1,2012
Collesalvetti,small,049008,16281,2014-06-07,2014-06-12,6,32.8,31.3,2014
Collesalvetti,small,049008,16281,2015-06-03,2015-06-07,5,31.3,30.2,2015
Collesalvetti,small,049008,16281,2015-06-30,2015-07-06,7,33.8,32.3,2015
Collesalvetti,small,049008,16281,2015-07-13,2015-07-23,11,33.6,32.8,2015
Collesalvetti,small,049008,16281,2015-08-04,2015-08-07,4,35.7,34.8,2015
Collesalvetti,small,049008,16281,2017-06-10,2017-06-12,3,32.2,30.7,2017
Collesalvetti,small,049008,16281,2017-06-15,2017-06-18,4,32.6,31.3,2017
Collesalvetti,small,049008,16281,2017-07-30,2017-08-04,6,36.4,35.0,2017
Collesalvetti,small,049008,16281,2018-07-29,2018-08-05,8,35.9,34.6,2018
Collesalvetti,small,049008,16281,2018-08-18,2018-08-22,5,35.1,34.3,2018
Collesalvetti,small,049008,16281,2018-09-18,2018-09-23,6,30.6,29.3,2018
Collesalvetti,small,049008,16281,2019-06-23,2019-07-04,12,36.3,33.8,2019
Collesalvetti,small,049008,16281,2019-07-22,2019-07-25,4,36.8,35.4,2019
Collesalvetti,small,049008,16281,2019-08-29,2019-08-31,3,32.4,32.2,2019
Collesalvetti,small,049008,16281,2019-09-12,2019-09-14,3,31.6,31.1,2019
Collesalvetti,small,049008,16281,2020-07-29,2020-07-31,3,32.7,32.6,2020
Collesalvetti,small,049008,16281,2020-08-06,2020-08-09,4,35.6,34.6,2020
Collesalvetti,small,049008,16281,2020-09-10,2020-09-18,9,32.6,31.1,2020
Collesalvetti,small,049008,16281,2021-07-17,2021-07-19,3,32.4,32.2,2021
Collesalvetti,small,049008,16281,2021-08-10,2021-08-17,8,38.6,35.6,2021
Collesalvetti,small,049008,16281,2022-05-25,2022-05-28,4,34.4,31.6,2022
Collesalvetti,small,049008,16281,2022-06-01,2022-06-04,4,32.8,31.0,2022
Collesalvetti,small,049008,16281,2022-06-09,2022-06-23,15,35.8,31.9,2022
Collesalvetti,small,049008,16281,2022-06-25,2022-06-27,3,36.8,34.9,2022
Collesalvetti,small,049008,16281,2022-06-29,2022-07-08,10,35.6,33.3,2022
Collesalvetti,small,049008,16281,2022-07-15,2022-07-28,14,38.4,34.8,2022
Collesalvetti,small,049008,16281,2022-07-30,2022-08-10,12,37.3,35.1,2022
Collesalvetti,small,049008,16281,2022-08-21,2022-08-23,3,33.1,32.9,2022
Collesalvetti,small,049008,16281,2022-09-04,2022-09-07,4,31.8,31.3,2022
Collesalvetti,small,049008,16281,2023-06-19,2023-06-21,3,33.8,32.3,2023
Collesalvetti,small,049008,16281,2023-06-23,2023-06-25,3,31.8,31.6,2023
Collesalvetti,small,049008,16281,2023-07-06,2023-07-11,6,35.0,33.3,2023
Collesalvetti,small,049008,16281,2023-07-15,2023-07-19,5,33.6,32.7,2023
Collesalvetti,small,049008,16281,2023-08-10,2023-08-14,5,34.2,33.4,2023
Collesalvetti,small,049008,16281,2023-08-16,2023-08-25,10,39.0,35.9,2023
Collesalvetti,small,049008,16281,2023-09-06,2023-09-10,5,32.6,31.4,2023
Collesalvetti,small,049008,16281,2024-06-17,2024-06-19,3,31.2,31.0,2024
Collesalvetti,small,049008,16281,2024-07-20,2024-07-30,11,35.8,33.7,2024
Collesalvetti,small,049008,16281,2024-08-08,2024-08-13,6,37.6,35.8,2024
Collesalvetti,small,049008,16281,2024-08-25,2024-08-31,7,36.5,34.4,2024
Collesalvetti,small,049008,16281,2025-06-11,2025-06-15,5,32.1,31.1,2025
Collesalvetti,small,049008,16281,2025-06-17,2025-06-21,5,32.7,32.4,2025
Collesalvetti,small,049008,16281,2025-06-23,2025-07-04,12,37.8,34.3,2025
Collesalvetti,small,049008,16281,2025-08-07,2025-08-17,11,38.2,35.9,2025
Collesalvetti,small,049008,16281,2025-09-17,2025-09-19,3,31.0,30.0,2025
Fauglia,rural,050014,3649,1983-07-25,1983-07-27,3,35.3,34.5,1983
Fauglia,rural,050014,3649,1987-07-03,1987-07-05,3,31.3,30.9,1987
Fauglia,rural,050014,3649,1992-08-05,1992-08-07,3,32.9,32.7,1992
Fauglia,rural,050014,3649,1994-06-29,1994-07-01,3,30.9,30.6,1994
Fauglia,rural,050014,3649,1998-06-03,1998-06-05,3,31.7,30.3,1998
Fauglia,rural,050014,3649,2001-07-30,2001-08-01,3,33.1,32.8,2001
Fauglia,rural,050014,3649,2002-06-17,2002-06-24,8,33.0,31.2,2002
Fauglia,rural,050014,3649,2003-06-05,2003-06-15,11,31.4,29.7,2003
Fauglia,rural,050014,3649,2003-06-21,2003-06-25,5,30.8,30.4,2003
Fauglia,rural,050014,3649,2003-07-18,2003-07-21,4,33.4,32.8,2003
Fauglia,rural,050014,3649,2003-08-01,2003-08-12,12,36.9,34.3,2003
Fauglia,rural,050014,3649,2003-08-15,2003-08-20,6,33.4,32.5,2003
Fauglia,rural,050014,3649,2005-06-26,2005-06-28,3,30.9,30.6,2005
Fauglia,rural,050014,3649,2006-07-09,2006-07-15,7,33.2,32.4,2006
Fauglia,rural,050014,3649,2006-07-17,2006-07-27,11,34.1,32.5,2006
Fauglia,rural,050014,3649,2007-05-22,2007-05-24,3,29.3,28.7,2007
Fauglia,rural,050014,3649,2009-05-23,2009-05-25,3,29.7,28.8,2009
Fauglia,rural,050014,3649,2009-08-18,2009-08-20,3,35.1,34.2,2009
Fauglia,rural,050014,3649,2011-05-22,2011-05-25,4,29.4,28.7,2011
Fauglia,rural,050014,3649,2011-08-20,2011-08-25,6,35.6,33.5,2011
Fauglia,rural,050014,3649,2012-06-17,2012-06-19,3,30.9,30.7,2012
Fauglia,rural,050014,3649,2012-08-16,2012-08-21,6,35.4,33.6,2012
Fauglia,rural,050014,3649,2014-06-07,2014-06-12,6,32.3,30.8,2014
Fauglia,rural,050014,3649,2015-06-04,2015-06-07,4,30.8,30.2,2015
Fauglia,rural,050014,3649,2015-06-30,2015-07-06,7,33.3,31.8,2015
Fauglia,rural,050014,3649,2015-07-13,2015-07-23,11,33.1,32.3,2015
Fauglia,rural,050014,3649,2015-08-04,2015-08-07,4,35.2,34.3,2015
Fauglia,rural,050014,3649,2017-05-26,2017-05-28,3,30.5,29.6,2017
Fauglia,rural,050014,3649,2017-06-10,2017-06-16,7,32.4,30.7,2017
Fauglia,rural,050014,3649,2017-06-24,2017-06-26,3,31.8,31.2,2017
Fauglia,rural,050014,3649,2017-07-04,2017-07-08,5,32.6,32.0,2017
Fauglia,rural,050014,3649,2017-07-30,2017-08-04,6,36.4,35.4,2017
Fauglia,rural,050014,3649,2017-08-16,2017-08-18,3,35.2,34.1,2017
Fauglia,rural,050014,3649,2018-07-29,2018-08-06,9,36.0,34.2,2018
Fauglia,rural,050014,3649,2018-08-17,2018-08-22,6,34.5,33.5,2018
Fauglia,rural,050014,3649,2018-09-09,2018-09-11,3,31.4,31.0,2018
Fauglia,rural,050014,3649,2018-09-18,2018-09-22,5,30.2,29.3,2018
Fauglia,rural,050014,3649,2019-06-23,2019-07-05,13,36.6,34.3,2019
Fauglia,rural,050014,3649,2019-07-21,2019-07-25,5,36.9,35.1,2019
Fauglia,rural,050014,3649,2019-08-29,2019-08-31,3,32.8,32.2,2019
Fauglia,rural,050014,3649,2019-09-11,2019-09-15,5,32.3,30.9,2019
Fauglia,rural,050014,3649,2020-06-21,2020-06-23,3,30.8,30.3,2020
Fauglia,rural,050014,3649,2020-07-26,2020-08-01,7,34.4,33.1,2020
Fauglia,rural,050014,3649,2020-08-06,2020-08-13,8,36.2,34.0,2020
Fauglia,rural,050014,3649,2020-08-19,2020-08-23,5,33.8,32.5,2020
Fauglia,rural,050014,3649,2020-09-10,2020-09-18,9,32.4,30.7,2020
Fauglia,rural,050014,3649,2021-06-14,2021-06-17,4,30.8,30.1,2021
Fauglia,rural,050014,3649,2021-07-05,2021-07-07,3,31.9,31.6,2021
Fauglia,rural,050014,3649,2021-07-23,2021-07-26,4,33.0,32.6,2021
Fauglia,rural,050014,3649,2021-07-28,2021-07-30,3,32.9,32.6,2021
Fauglia,rural,050014,3649,2021-08-08,2021-08-18,11,38.6,35.1,2021
Fauglia,rural,050014,3649,2021-09-04,2021-09-07,4,31.3,30.9,2021
Fauglia,rural,050014,3649,2021-09-09,2021-09-12,4,31.8,30.6,2021
Fauglia,rural,050014,3649,2022-05-24,2022-05-28,5,34.4,31.3,2022
Fauglia,rural,050014,3649,2022-05-30,2022-06-05,7,33.8,30.6,2022
Fauglia,rural,050014,3649,2022-06-10,2022-06-27,18,38.0,33.0,2022
Fauglia,rural,050014,3649,2022-06-29,2022-07-28,30,38.8,34.2,2022
Fauglia,rural,050014,3649,2022-07-30,2022-08-11,13,38.2,34.7,2022
Fauglia,rural,050014,3649,2022-08-14,2022-08-17,4,32.8,32.4,2022
Fauglia,rural,050014,3649,2022-08-21,2022-08-26,6,33.3,32.5,2022
Fauglia,rural,050014,3649,2022-09-04,2022-09-07,4,31.8,31.1,2022
Fauglia,rural,050014,3649,2023-06-19,2023-06-21,3,34.8,32.7,2023
Fauglia,rural,050014,3649,2023-06-23,2023-06-28,6,32.4,31.8,2023
Fauglia,rural,050014,3649,2023-07-06,2023-07-11,6,35.0,33.6,2023
Fauglia,rural,050014,3649,2023-07-13,2023-07-23,11,35.3,33.0,2023
Fauglia,rural,050014,3649,2023-08-10,2023-08-26,17,39.4,35.0,2023
Fauglia,rural,050014,3649,2023-09-06,2023-09-10,5,32.6,31.6,2023
Fauglia,rural,050014,3649,2023-09-29,2023-10-01,3,30.2,29.5,2023
Fauglia,rural,050014,3649,2024-06-17,2024-06-19,3,32.0,31.3,2024
Fauglia,rural,050014,3649,2024-07-13,2024-08-13,32,38.0,34.1,2024
Fauglia,rural,050014,3649,2024-08-25,2024-09-03,10,36.4,33.9,2024
Fauglia,rural,050014,3649,2025-06-11,2025-06-15,5,32.8,31.7,2025
Fauglia,rural,050014,3649,2025-06-17,2025-07-04,18,37.6,34.1,2025
Fauglia,rural,050014,3649,2025-08-05,2025-08-17,13,38.2,35.4,2025
Fauglia,rural,050014,3649,2025-09-17,2025-09-19,3,30.0,29.2,2025
