city,country,population,latitude,longitude,year,mean_uvi,max_uvi,region
London,GB,8961989,51.50853,-0.12574,2000,3.2887816429138184,7.811999797821045,Northern Europe
Berlin,DE,3426354,52.52437,13.41053,2000,3.212874174118042,8.069000244140625,Western Europe
Madrid,ES,3255944,40.4165,-3.70256,2000,5.444470405578613,10.312999725341797,Southern Europe
Kyiv,UA,2952301,50.45466,30.5238,2000,3.5419397354125977,8.432999610900879,Eastern Europe
Rome,IT,2318895,41.89193,12.51133,2000,5.003847122192383,10.229000091552734,Southern Europe
Paris,FR,2138551,48.85341,2.3488,2000,3.736628293991089,8.555000305175781,Western Europe
Hamburg,DE,1973896,53.55073,9.99302,2000,3.0475847721099854,7.585999965667725,Western Europe
Bucharest,RO,1877155,44.43225,26.10626,2000,4.530978202819824,9.954999923706055,Eastern Europe
Minsk,BY,1742124,53.90019,27.56653,2000,3.093409776687622,7.635000228881836,Eastern Europe
Budapest,HU,1741041,47.49835,19.04045,2000,4.003505229949951,9.3100004196167,Eastern Europe
Warsaw,PL,1702139,52.22977,21.01178,2000,3.3257102966308594,7.849999904632568,Eastern Europe
Vienna,AT,1691468,48.20849,16.37208,2000,3.9567513465881348,9.144000053405762,Western Europe
Barcelona,ES,1686208,41.38879,2.15899,2000,5.103024482727051,10.131999969482422,Southern Europe
Stockholm,SE,1515017,59.32938,18.06871,2000,2.310899019241333,6.370999813079834,Northern Europe
Munich,DE,1505005,48.13743,11.57549,2000,4.026090145111084,8.928999900817871,Western Europe
Kharkiv,UA,1421125,49.98177,36.25475,2000,3.6145412921905518,8.032999992370605,Eastern Europe
Milan,IT,1371498,45.46427,9.18951,2000,4.374969959259033,9.25100040435791,Southern Europe
Belgrade,RS,1273651,44.80401,20.46513,2000,4.450483322143555,10.001999855041504,Southern Europe
Prague,CZ,1165581,50.08804,14.42076,2000,3.6570985317230225,8.265999794006348,Eastern Europe
Birmingham,GB,1157603,52.48142,-1.89983,2000,3.1793060302734375,7.76200008392334,Northern Europe
Copenhagen,DK,1153615,55.67594,12.56553,2000,2.7717976570129395,7.215000152587891,Northern Europe
Sofia,BG,1152556,42.69751,23.32415,2000,5.094942569732666,10.847000122070312,Eastern Europe
Oslo,NO,1082575,59.91273,10.74609,2000,2.2568113803863525,6.031000137329102,Northern Europe
Köln,DE,1024621,50.93333,6.95,2000,3.430795192718506,7.952000141143799,Western Europe
Dublin,IE,1024027,53.33306,-6.24889,2000,3.0283117294311523,7.432000160217285,Northern Europe
Brussels,BE,1019022,50.85045,4.34878,2000,3.4227514266967773,8.211999893188477,Western Europe
Odesa,UA,1010537,46.48572,30.74383,2000,4.151622772216797,9.574000358581543,Eastern Europe
Pest,HU,1001748,47.5,19.08333,2000,3.9738988876342773,9.253000259399414,Eastern Europe
Dnipro,UA,968502,48.46664,35.04066,2000,3.846529960632324,8.336000442504883,Eastern Europe
Naples,IT,909048,40.85216,14.26811,2000,5.219401836395264,10.579000473022461,Southern Europe
Donetsk,UA,901645,48.023,37.80224,2000,3.9078221321105957,8.687000274658203,Eastern Europe
Marseille,FR,877215,43.29695,5.38107,2000,4.745300769805908,9.543000221252441,Western Europe
Rotterdam,NL,868135,51.9225,4.47917,2000,3.2649588584899902,8.069000244140625,Western Europe
Turin,IT,847287,45.07049,7.68682,2000,4.668628692626953,9.420000076293945,Southern Europe
Valencia,ES,824340,39.47391,-0.37966,2000,5.488868713378906,10.343999862670898,Southern Europe
Kraków,PL,816614,50.06143,19.93658,2000,3.6479318141937256,8.38599967956543,Eastern Europe
Riga,LV,742572,56.946,24.10589,2000,2.666712999343872,6.892000198364258,Northern Europe
Amsterdam,NL,741636,52.37403,4.88969,2000,3.190431594848633,7.86899995803833,Western Europe
Lviv,UA,717273,49.83826,24.02324,2000,3.6732540130615234,8.376999855041504,Eastern Europe
Zaporizhzhya,UA,710052,47.85167,35.11714,2000,3.9140517711639404,8.718999862670898,Eastern Europe
Sarajevo,BA,696731,43.84864,18.35644,2000,4.878076553344727,10.569999694824219,Southern Europe
Zaragoza,ES,686986,41.65606,-0.87734,2000,5.125997066497803,9.977999687194824,Southern Europe
Sevilla,ES,686741,37.38283,-5.97317,2000,5.828912258148193,10.574999809265137,Southern Europe
Wrocław,PL,672545,51.10286,17.03006,2000,3.444136381149292,8.20300006866455,Eastern Europe
Athens,GR,664046,37.98376,23.72784,2000,5.780109405517578,11.317000389099121,Southern Europe
Zagreb,HR,663592,45.81444,15.97798,2000,4.2853169441223145,9.444000244140625,Southern Europe
Helsinki,FI,658864,60.16952,24.93545,2000,2.233246088027954,6.093999862670898,Northern Europe
Frankfurt am Main,DE,650000,50.11552,8.68417,2000,3.576183319091797,8.211999893188477,Western Europe
Palermo,IT,648260,38.1166,13.3636,2000,5.796578884124756,11.553999900817871,Southern Europe
Łódź,PL,639890,51.77058,19.47395,2000,3.3422350883483887,8.04800033569336,Eastern Europe
Chisinau,MD,635994,47.00902,28.85938,2000,4.066772937774658,9.218999862670898,Eastern Europe
Glasgow,GB,626410,55.86515,-4.25763,2000,2.69331693649292,6.824999809265137,Northern Europe
Düsseldorf,DE,618685,51.22319,6.77927,2000,3.3957948684692383,7.919000148773193,Western Europe
Stuttgart,DE,612663,48.78232,9.17702,2000,3.813183069229126,8.37399959564209,Western Europe
Gothenburg,SE,608462,57.70716,11.96679,2000,2.5217647552490234,6.74399995803833,Northern Europe
Kryvyy Rih,UA,603904,47.90572,33.39404,2000,3.9256391525268555,8.982999801635742,Eastern Europe
Essen,DE,593085,51.45657,7.01228,2000,3.372202157974243,7.910999774932861,Western Europe
Málaga,ES,592346,36.72016,-4.42034,2000,6.009036064147949,10.805999755859375,Southern Europe
Dortmund,DE,588462,51.51494,7.466,2000,3.3210408687591553,7.829999923706055,Western Europe
Genoa,IT,580097,44.40478,8.94439,2000,4.546231746673584,9.479999542236328,Southern Europe
Manchester,GB,568996,53.48095,-2.23743,2000,3.042844295501709,7.526000022888184,Northern Europe
Dresden,DE,564904,51.05089,13.73832,2000,3.4694206714630127,8.196000099182129,Western Europe
Sheffield,GB,556500,53.38297,-1.4659,2000,3.0334126949310303,7.489999771118164,Northern Europe
Sevastopol,UA,547820,44.60795,33.52134,2000,4.475016117095947,9.732999801635742,Eastern Europe
Bremen,DE,546501,53.07582,8.80717,2000,3.109431743621826,7.663000106811523,Western Europe
Vilnius,LT,542366,54.68916,25.2798,2000,2.9770216941833496,7.502999782562256,Northern Europe
Leeds,GB,536280,53.79648,-1.54785,2000,2.9672210216522217,7.379000186920166,Northern Europe
Poznań,PL,536151,52.40692,16.92993,2000,3.2507951259613037,7.932000160217285,Eastern Europe
Antwerp,BE,529247,51.22047,4.40026,2000,3.3891501426696777,8.244999885559082,Western Europe
Lyon,FR,520774,45.74906,4.84789,2000,4.376986026763916,9.14900016784668,Western Europe
Lisbon,PT,517802,38.72509,-9.1498,2000,5.577273368835449,10.524999618530273,Southern Europe
Nuremberg,DE,515543,49.45421,11.07752,2000,3.775470018386841,8.36400032043457,Western Europe
Hannover,DE,515140,52.37052,9.73322,2000,3.2353005409240723,7.807000160217285,Western Europe
Edinburgh,GB,514990,55.95206,-3.19648,2000,2.7171640396118164,6.97599983215332,Northern Europe
Toulouse,FR,511684,43.60426,1.44367,2000,4.691431522369385,9.444999694824219,Western Europe
Buda,HU,510108,47.5,19.03333,2000,3.9738988876342773,9.253000259399414,Eastern Europe
Leipzig,DE,504971,51.33962,12.37129,2000,3.4222352504730225,8.22599983215332,Western Europe
Duisburg,DE,504358,51.43247,6.76516,2000,3.358049154281616,7.9070000648498535,Western Europe
Homyel',BY,501193,52.4345,30.9754,2000,3.2721941471099854,7.828000068664551,Eastern Europe
London,GB,8961989,51.50853,-0.12574,2001,3.182476758956909,7.867000102996826,Northern Europe
Berlin,DE,3426354,52.52437,13.41053,2001,3.0716984272003174,7.232999801635742,Western Europe
Madrid,ES,3255944,40.4165,-3.70256,2001,5.3584113121032715,10.359999656677246,Southern Europe
Kyiv,UA,2952301,50.45466,30.5238,2001,3.4459259510040283,7.959000110626221,Eastern Europe
Rome,IT,2318895,41.89193,12.51133,2001,4.881931304931641,9.968000411987305,Southern Europe
Paris,FR,2138551,48.85341,2.3488,2001,3.609257698059082,8.506999969482422,Western Europe
Hamburg,DE,1973896,53.55073,9.99302,2001,2.924210786819458,7.151000022888184,Western Europe
Bucharest,RO,1877155,44.43225,26.10626,2001,4.425318241119385,9.300999641418457,Eastern Europe
Minsk,BY,1742124,53.90019,27.56653,2001,3.007802724838257,7.36899995803833,Eastern Europe
Budapest,HU,1741041,47.49835,19.04045,2001,3.8475563526153564,8.357999801635742,Eastern Europe
Warsaw,PL,1702139,52.22977,21.01178,2001,3.1837289333343506,7.086999893188477,Eastern Europe
Vienna,AT,1691468,48.20849,16.37208,2001,3.794931650161743,8.48799991607666,Western Europe
Barcelona,ES,1686208,41.38879,2.15899,2001,4.974819183349609,9.881999969482422,Southern Europe
Stockholm,SE,1515017,59.32938,18.06871,2001,2.2227561473846436,6.073999881744385,Northern Europe
Munich,DE,1505005,48.13743,11.57549,2001,3.8664302825927734,8.932000160217285,Western Europe
Kharkiv,UA,1421125,49.98177,36.25475,2001,3.540334463119507,8.031000137329102,Eastern Europe
Milan,IT,1371498,45.46427,9.18951,2001,4.223320960998535,9.295000076293945,Southern Europe
Belgrade,RS,1273651,44.80401,20.46513,2001,4.292925834655762,9.366999626159668,Southern Europe
Prague,CZ,1165581,50.08804,14.42076,2001,3.5111451148986816,8.145000457763672,Eastern Europe
Birmingham,GB,1157603,52.48142,-1.89983,2001,3.0946271419525146,7.480999946594238,Northern Europe
Copenhagen,DK,1153615,55.67594,12.56553,2001,2.652087688446045,6.61899995803833,Northern Europe
Sofia,BG,1152556,42.69751,23.32415,2001,4.977816581726074,10.210000038146973,Eastern Europe
Oslo,NO,1082575,59.91273,10.74609,2001,2.1620302200317383,6.188000202178955,Northern Europe
Köln,DE,1024621,50.93333,6.95,2001,3.2998220920562744,8.001999855041504,Western Europe
Dublin,IE,1024027,53.33306,-6.24889,2001,2.977260112762451,7.6519999504089355,Northern Europe
Brussels,BE,1019022,50.85045,4.34878,2001,3.2871508598327637,7.816999912261963,Western Europe
Odesa,UA,1010537,46.48572,30.74383,2001,4.051698684692383,9.01099967956543,Eastern Europe
Pest,HU,1001748,47.5,19.08333,2001,3.8193373680114746,8.23900032043457,Eastern Europe
Dnipro,UA,968502,48.46664,35.04066,2001,3.764348030090332,8.496000289916992,Eastern Europe
Naples,IT,909048,40.85216,14.26811,2001,5.122019290924072,10.279999732971191,Southern Europe
Donetsk,UA,901645,48.023,37.80224,2001,3.842290163040161,8.553000450134277,Eastern Europe
Marseille,FR,877215,43.29695,5.38107,2001,4.592181205749512,9.871999740600586,Western Europe
Rotterdam,NL,868135,51.9225,4.47917,2001,3.143008232116699,7.485000133514404,Western Europe
Turin,IT,847287,45.07049,7.68682,2001,4.508296012878418,9.616000175476074,Southern Europe
Valencia,ES,824340,39.47391,-0.37966,2001,5.397589206695557,10.295999526977539,Southern Europe
Kraków,PL,816614,50.06143,19.93658,2001,3.5079479217529297,7.636000156402588,Eastern Europe
Riga,LV,742572,56.946,24.10589,2001,2.574972629547119,6.3520002365112305,Northern Europe
Amsterdam,NL,741636,52.37403,4.88969,2001,3.07454514503479,7.335000038146973,Western Europe
Lviv,UA,717273,49.83826,24.02324,2001,3.5394792556762695,7.821000099182129,Eastern Europe
Zaporizhzhya,UA,710052,47.85167,35.11714,2001,3.8335838317871094,8.609000205993652,Eastern Europe
Sarajevo,BA,696731,43.84864,18.35644,2001,4.709449291229248,9.8100004196167,Southern Europe
Zaragoza,ES,686986,41.65606,-0.87734,2001,5.006380558013916,10.053000450134277,Southern Europe
Sevilla,ES,686741,37.38283,-5.97317,2001,5.805159568786621,10.576000213623047,Southern Europe
Wrocław,PL,672545,51.10286,17.03006,2001,3.299849510192871,7.5279998779296875,Eastern Europe
Athens,GR,664046,37.98376,23.72784,2001,5.713871002197266,11.092000007629395,Southern Europe
Zagreb,HR,663592,45.81444,15.97798,2001,4.1304545402526855,9.157999992370605,Southern Europe
Helsinki,FI,658864,60.16952,24.93545,2001,2.173046588897705,6.051000118255615,Northern Europe
Frankfurt am Main,DE,650000,50.11552,8.68417,2001,3.433016538619995,8.26200008392334,Western Europe
Palermo,IT,648260,38.1166,13.3636,2001,5.74086332321167,10.753000259399414,Southern Europe
Łódź,PL,639890,51.77058,19.47395,2001,3.2025370597839355,7.302000045776367,Eastern Europe
Chisinau,MD,635994,47.00902,28.85938,2001,3.962961435317993,8.729999542236328,Eastern Europe
Glasgow,GB,626410,55.86515,-4.25763,2001,2.646449327468872,7.031000137329102,Northern Europe
Düsseldorf,DE,618685,51.22319,6.77927,2001,3.2657480239868164,7.951000213623047,Western Europe
Stuttgart,DE,612663,48.78232,9.17702,2001,3.6626739501953125,8.666999816894531,Western Europe
Gothenburg,SE,608462,57.70716,11.96679,2001,2.413062810897827,6.439000129699707,Northern Europe
Kryvyy Rih,UA,603904,47.90572,33.39404,2001,3.847139835357666,8.6850004196167,Eastern Europe
Essen,DE,593085,51.45657,7.01228,2001,3.2421586513519287,7.927999973297119,Western Europe
Málaga,ES,592346,36.72016,-4.42034,2001,6.002054691314697,10.907999992370605,Southern Europe
Dortmund,DE,588462,51.51494,7.466,2001,3.1908905506134033,7.822999954223633,Western Europe
Genoa,IT,580097,44.40478,8.94439,2001,4.400764465332031,9.517999649047852,Southern Europe
Manchester,GB,568996,53.48095,-2.23743,2001,2.9668822288513184,7.331999778747559,Northern Europe
Dresden,DE,564904,51.05089,13.73832,2001,3.3294193744659424,7.7769999504089355,Western Europe
Sheffield,GB,556500,53.38297,-1.4659,2001,2.9538166522979736,7.323999881744385,Northern Europe
Sevastopol,UA,547820,44.60795,33.52134,2001,4.415421962738037,9.371999740600586,Eastern Europe
Bremen,DE,546501,53.07582,8.80717,2001,2.9918737411499023,7.321000099182129,Western Europe
Vilnius,LT,542366,54.68916,25.2798,2001,2.8741562366485596,7.01800012588501,Northern Europe
Leeds,GB,536280,53.79648,-1.54785,2001,2.8907835483551025,7.228000164031982,Northern Europe
Poznań,PL,536151,52.40692,16.92993,2001,3.1109535694122314,7.269000053405762,Eastern Europe
Antwerp,BE,529247,51.22047,4.40026,2001,3.255892753601074,7.751999855041504,Western Europe
Lyon,FR,520774,45.74906,4.84789,2001,4.210073947906494,9.39900016784668,Western Europe
Lisbon,PT,517802,38.72509,-9.1498,2001,5.531706809997559,10.133999824523926,Southern Europe
Nuremberg,DE,515543,49.45421,11.07752,2001,3.6235532760620117,8.553000450134277,Western Europe
Hannover,DE,515140,52.37052,9.73322,2001,3.1047754287719727,7.567999839782715,Western Europe
Edinburgh,GB,514990,55.95206,-3.19648,2001,2.6586930751800537,7.001999855041504,Northern Europe
Toulouse,FR,511684,43.60426,1.44367,2001,4.546128749847412,9.520999908447266,Western Europe
Buda,HU,510108,47.5,19.03333,2001,3.8193373680114746,8.23900032043457,Eastern Europe
Leipzig,DE,504971,51.33962,12.37129,2001,3.2808494567871094,7.813000202178955,Western Europe
Duisburg,DE,504358,51.43247,6.76516,2001,3.229306936264038,7.889999866485596,Western Europe
Homyel',BY,501193,52.4345,30.9754,2001,3.19710111618042,7.425000190734863,Eastern Europe
London,GB,8961989,51.50853,-0.12574,2002,3.2516956329345703,7.910999774932861,Northern Europe
Berlin,DE,3426354,52.52437,13.41053,2002,3.177673816680908,7.547999858856201,Western Europe
Madrid,ES,3255944,40.4165,-3.70256,2002,5.3029069900512695,11.0,Southern Europe
Kyiv,UA,2952301,50.45466,30.5238,2002,3.4876465797424316,8.005999565124512,Eastern Europe
Rome,IT,2318895,41.89193,12.51133,2002,4.808909893035889,9.60099983215332,Southern Europe
Paris,FR,2138551,48.85341,2.3488,2002,3.6575891971588135,8.430999755859375,Western Europe
Hamburg,DE,1973896,53.55073,9.99302,2002,3.0296711921691895,7.328000068664551,Western Europe
Bucharest,RO,1877155,44.43225,26.10626,2002,4.399890422821045,9.32699966430664,Eastern Europe
Minsk,BY,1742124,53.90019,27.56653,2002,3.071871280670166,7.498000144958496,Eastern Europe
Budapest,HU,1741041,47.49835,19.04045,2002,3.909944772720337,8.75,Eastern Europe
Warsaw,PL,1702139,52.22977,21.01178,2002,3.273479700088501,8.034000396728516,Eastern Europe
Vienna,AT,1691468,48.20849,16.37208,2002,3.8674299716949463,8.850000381469727,Western Europe
Barcelona,ES,1686208,41.38879,2.15899,2002,4.953638553619385,10.071000099182129,Southern Europe
Stockholm,SE,1515017,59.32938,18.06871,2002,2.337238311767578,6.415999889373779,Northern Europe
Munich,DE,1505005,48.13743,11.57549,2002,3.9238412380218506,9.04699993133545,Western Europe
Kharkiv,UA,1421125,49.98177,36.25475,2002,3.5510575771331787,8.267999649047852,Eastern Europe
Milan,IT,1371498,45.46427,9.18951,2002,4.230923652648926,9.395000457763672,Southern Europe
Belgrade,RS,1273651,44.80401,20.46513,2002,4.319027423858643,9.031999588012695,Southern Europe
Prague,CZ,1165581,50.08804,14.42076,2002,3.5992164611816406,8.343000411987305,Eastern Europe
Birmingham,GB,1157603,52.48142,-1.89983,2002,3.156550645828247,7.8429999351501465,Northern Europe
Copenhagen,DK,1153615,55.67594,12.56553,2002,2.7526001930236816,7.093999862670898,Northern Europe
Sofia,BG,1152556,42.69751,23.32415,2002,4.939142227172852,10.053000450134277,Eastern Europe
Oslo,NO,1082575,59.91273,10.74609,2002,2.2804439067840576,6.372000217437744,Northern Europe
Köln,DE,1024621,50.93333,6.95,2002,3.3867862224578857,8.09000015258789,Western Europe
Dublin,IE,1024027,53.33306,-6.24889,2002,3.0057590007781982,7.658999919891357,Northern Europe
Brussels,BE,1019022,50.85045,4.34878,2002,3.374767303466797,8.00100040435791,Western Europe
Odesa,UA,1010537,46.48572,30.74383,2002,4.050027370452881,9.005999565124512,Eastern Europe
Pest,HU,1001748,47.5,19.08333,2002,3.8850960731506348,8.756999969482422,Eastern Europe
Dnipro,UA,968502,48.46664,35.04066,2002,3.770594835281372,8.755999565124512,Eastern Europe
Naples,IT,909048,40.85216,14.26811,2002,5.019679546356201,10.057000160217285,Southern Europe
Donetsk,UA,901645,48.023,37.80224,2002,3.8412604331970215,8.758999824523926,Eastern Europe
Marseille,FR,877215,43.29695,5.38107,2002,4.59599494934082,9.678000450134277,Western Europe
Rotterdam,NL,868135,51.9225,4.47917,2002,3.2383508682250977,7.7179999351501465,Western Europe
Turin,IT,847287,45.07049,7.68682,2002,4.529687404632568,9.727999687194824,Southern Europe
Valencia,ES,824340,39.47391,-0.37966,2002,5.343449115753174,10.527000427246094,Southern Europe
Kraków,PL,816614,50.06143,19.93658,2002,3.5910933017730713,8.649999618530273,Eastern Europe
Riga,LV,742572,56.946,24.10589,2002,2.674457550048828,6.78000020980835,Northern Europe
Amsterdam,NL,741636,52.37403,4.88969,2002,3.171254873275757,7.59499979019165,Western Europe
Lviv,UA,717273,49.83826,24.02324,2002,3.606714963912964,8.336999893188477,Eastern Europe
Zaporizhzhya,UA,710052,47.85167,35.11714,2002,3.833956241607666,8.82699966430664,Eastern Europe
Sarajevo,BA,696731,43.84864,18.35644,2002,4.718695640563965,9.831999778747559,Southern Europe
Zaragoza,ES,686986,41.65606,-0.87734,2002,4.977046489715576,10.217000007629395,Southern Europe
Sevilla,ES,686741,37.38283,-5.97317,2002,5.749832630157471,10.890000343322754,Southern Europe
Wrocław,PL,672545,51.10286,17.03006,2002,3.392103910446167,8.01099967956543,Eastern Europe
Athens,GR,664046,37.98376,23.72784,2002,5.614846229553223,10.723999977111816,Southern Europe
Zagreb,HR,663592,45.81444,15.97798,2002,4.154961585998535,9.142000198364258,Southern Europe
Helsinki,FI,658864,60.16952,24.93545,2002,2.2685863971710205,6.303999900817871,Northern Europe
Frankfurt am Main,DE,650000,50.11552,8.68417,2002,3.5176684856414795,8.319999694824219,Western Europe
Palermo,IT,648260,38.1166,13.3636,2002,5.637433052062988,10.805000305175781,Southern Europe
Łódź,PL,639890,51.77058,19.47395,2002,3.2935233116149902,8.006999969482422,Eastern Europe
Chisinau,MD,635994,47.00902,28.85938,2002,3.983553647994995,8.812000274658203,Eastern Europe
Glasgow,GB,626410,55.86515,-4.25763,2002,2.6937835216522217,7.261000156402588,Northern Europe
Düsseldorf,DE,618685,51.22319,6.77927,2002,3.3540024757385254,8.027999877929688,Western Europe
Stuttgart,DE,612663,48.78232,9.17702,2002,3.735046625137329,8.609000205993652,Western Europe
Gothenburg,SE,608462,57.70716,11.96679,2002,2.526073932647705,6.901000022888184,Northern Europe
Kryvyy Rih,UA,603904,47.90572,33.39404,2002,3.8532135486602783,8.835000038146973,Eastern Europe
Essen,DE,593085,51.45657,7.01228,2002,3.3311285972595215,7.984000205993652,Western Europe
Málaga,ES,592346,36.72016,-4.42034,2002,5.963465690612793,10.918999671936035,Southern Europe
Dortmund,DE,588462,51.51494,7.466,2002,3.2801780700683594,7.877999782562256,Western Europe
Genoa,IT,580097,44.40478,8.94439,2002,4.3836164474487305,9.534000396728516,Southern Europe
Manchester,GB,568996,53.48095,-2.23743,2002,3.033254623413086,7.670000076293945,Northern Europe
Dresden,DE,564904,51.05089,13.73832,2002,3.428671360015869,8.031000137329102,Western Europe
Sheffield,GB,556500,53.38297,-1.4659,2002,3.020827531814575,7.620999813079834,Northern Europe
Sevastopol,UA,547820,44.60795,33.52134,2002,4.3608222007751465,9.52400016784668,Eastern Europe
Bremen,DE,546501,53.07582,8.80717,2002,3.0917370319366455,7.427000045776367,Western Europe
Vilnius,LT,542366,54.68916,25.2798,2002,2.958876609802246,7.335999965667725,Northern Europe
Leeds,GB,536280,53.79648,-1.54785,2002,2.959758996963501,7.584000110626221,Northern Europe
Poznań,PL,536151,52.40692,16.92993,2002,3.2092244625091553,7.626999855041504,Eastern Europe
Antwerp,BE,529247,51.22047,4.40026,2002,3.3457179069519043,7.9720001220703125,Western Europe
Lyon,FR,520774,45.74906,4.84789,2002,4.243282318115234,9.425000190734863,Western Europe
Lisbon,PT,517802,38.72509,-9.1498,2002,5.494131565093994,10.75100040435791,Southern Europe
Nuremberg,DE,515543,49.45421,11.07752,2002,3.696200132369995,8.460000038146973,Western Europe
Hannover,DE,515140,52.37052,9.73322,2002,3.2036080360412598,7.644000053405762,Western Europe
Edinburgh,GB,514990,55.95206,-3.19648,2002,2.717611074447632,7.296000003814697,Northern Europe
Toulouse,FR,511684,43.60426,1.44367,2002,4.5521016120910645,9.607000350952148,Western Europe
Buda,HU,510108,47.5,19.03333,2002,3.8850960731506348,8.756999969482422,Eastern Europe
Leipzig,DE,504971,51.33962,12.37129,2002,3.3776025772094727,7.886000156402588,Western Europe
Duisburg,DE,504358,51.43247,6.76516,2002,3.318460464477539,7.966000080108643,Western Europe
Homyel',BY,501193,52.4345,30.9754,2002,3.235819101333618,7.535999774932861,Eastern Europe
London,GB,8961989,51.50853,-0.12574,2003,3.2795865535736084,7.564000129699707,Northern Europe
Berlin,DE,3426354,52.52437,13.41053,2003,3.128413677215576,7.578000068664551,Western Europe
Madrid,ES,3255944,40.4165,-3.70256,2003,5.2993669509887695,10.062999725341797,Southern Europe
Kyiv,UA,2952301,50.45466,30.5238,2003,3.38590407371521,7.482999801635742,Eastern Europe
Rome,IT,2318895,41.89193,12.51133,2003,4.794569969177246,9.788000106811523,Southern Europe
Paris,FR,2138551,48.85341,2.3488,2003,3.702969789505005,8.387999534606934,Western Europe
Hamburg,DE,1973896,53.55073,9.99302,2003,3.0103588104248047,7.091000080108643,Western Europe
Bucharest,RO,1877155,44.43225,26.10626,2003,4.3084492683410645,8.675999641418457,Eastern Europe
Minsk,BY,1742124,53.90019,27.56653,2003,2.96044659614563,6.764999866485596,Eastern Europe
Budapest,HU,1741041,47.49835,19.04045,2003,3.8634517192840576,8.484000205993652,Eastern Europe
Warsaw,PL,1702139,52.22977,21.01178,2003,3.196312427520752,7.564000129699707,Eastern Europe
Vienna,AT,1691468,48.20849,16.37208,2003,3.835545301437378,8.461999893188477,Western Europe
Barcelona,ES,1686208,41.38879,2.15899,2003,4.96010160446167,9.95300006866455,Southern Europe
Stockholm,SE,1515017,59.32938,18.06871,2003,2.2283122539520264,5.486000061035156,Northern Europe
Munich,DE,1505005,48.13743,11.57549,2003,3.9073617458343506,8.607999801635742,Western Europe
Kharkiv,UA,1421125,49.98177,36.25475,2003,3.4456546306610107,7.620999813079834,Eastern Europe
Milan,IT,1371498,45.46427,9.18951,2003,4.245065689086914,8.9350004196167,Southern Europe
Belgrade,RS,1273651,44.80401,20.46513,2003,4.2541399002075195,8.845999717712402,Southern Europe
Prague,CZ,1165581,50.08804,14.42076,2003,3.559013843536377,8.02299976348877,Eastern Europe
Birmingham,GB,1157603,52.48142,-1.89983,2003,3.1720001697540283,7.539999961853027,Northern Europe
Copenhagen,DK,1153615,55.67594,12.56553,2003,2.702528715133667,6.65500020980835,Northern Europe
Sofia,BG,1152556,42.69751,23.32415,2003,4.826328754425049,9.49899959564209,Eastern Europe
Oslo,NO,1082575,59.91273,10.74609,2003,2.1876957416534424,5.960000038146973,Northern Europe
Köln,DE,1024621,50.93333,6.95,2003,3.417485237121582,7.901000022888184,Western Europe
Dublin,IE,1024027,53.33306,-6.24889,2003,3.0116164684295654,7.568999767303467,Northern Europe
Brussels,BE,1019022,50.85045,4.34878,2003,3.42130970954895,7.966000080108643,Western Europe
Odesa,UA,1010537,46.48572,30.74383,2003,3.9308600425720215,8.175999641418457,Eastern Europe
Pest,HU,1001748,47.5,19.08333,2003,3.838928699493408,8.449000358581543,Eastern Europe
Dnipro,UA,968502,48.46664,35.04066,2003,3.6552984714508057,7.932000160217285,Eastern Europe
Naples,IT,909048,40.85216,14.26811,2003,4.99088191986084,10.020999908447266,Southern Europe
Donetsk,UA,901645,48.023,37.80224,2003,3.710581064224243,7.908999919891357,Eastern Europe
Marseille,FR,877215,43.29695,5.38107,2003,4.6009674072265625,9.263999938964844,Western Europe
Rotterdam,NL,868135,51.9225,4.47917,2003,3.2781617641448975,7.559000015258789,Western Europe
Turin,IT,847287,45.07049,7.68682,2003,4.530550479888916,9.180000305175781,Southern Europe
Valencia,ES,824340,39.47391,-0.37966,2003,5.333567142486572,10.28600025177002,Southern Europe
Kraków,PL,816614,50.06143,19.93658,2003,3.532057285308838,8.114999771118164,Eastern Europe
Riga,LV,742572,56.946,24.10589,2003,2.5500247478485107,5.982999801635742,Northern Europe
Amsterdam,NL,741636,52.37403,4.88969,2003,3.2028932571411133,7.36299991607666,Western Europe
Lviv,UA,717273,49.83826,24.02324,2003,3.5268194675445557,7.961999893188477,Eastern Europe
Zaporizhzhya,UA,710052,47.85167,35.11714,2003,3.7175698280334473,8.008999824523926,Eastern Europe
Sarajevo,BA,696731,43.84864,18.35644,2003,4.642939567565918,9.458000183105469,Southern Europe
Zaragoza,ES,686986,41.65606,-0.87734,2003,4.988630294799805,9.717000007629395,Southern Europe
Sevilla,ES,686741,37.38283,-5.97317,2003,5.719465732574463,10.741000175476074,Southern Europe
Wrocław,PL,672545,51.10286,17.03006,2003,3.341468572616577,7.827000141143799,Eastern Europe
Athens,GR,664046,37.98376,23.72784,2003,5.495438098907471,11.467000007629395,Southern Europe
Zagreb,HR,663592,45.81444,15.97798,2003,4.124262809753418,8.77299976348877,Southern Europe
Helsinki,FI,658864,60.16952,24.93545,2003,2.1489782333374023,5.465000152587891,Northern Europe
Frankfurt am Main,DE,650000,50.11552,8.68417,2003,3.529101610183716,7.974999904632568,Western Europe
Palermo,IT,648260,38.1166,13.3636,2003,5.556608200073242,11.406000137329102,Southern Europe
Łódź,PL,639890,51.77058,19.47395,2003,3.2208409309387207,7.627999782562256,Eastern Europe
Chisinau,MD,635994,47.00902,28.85938,2003,3.8689372539520264,8.052000045776367,Eastern Europe
Glasgow,GB,626410,55.86515,-4.25763,2003,2.6775152683258057,6.8460001945495605,Northern Europe
Düsseldorf,DE,618685,51.22319,6.77927,2003,3.3863203525543213,7.8429999351501465,Western Europe
Stuttgart,DE,612663,48.78232,9.17702,2003,3.7409262657165527,8.220999717712402,Western Europe
Gothenburg,SE,608462,57.70716,11.96679,2003,2.4515645503997803,6.3480000495910645,Northern Europe
Kryvyy Rih,UA,603904,47.90572,33.39404,2003,3.729728937149048,7.85099983215332,Eastern Europe
Essen,DE,593085,51.45657,7.01228,2003,3.362881898880005,7.758999824523926,Western Europe
Málaga,ES,592346,36.72016,-4.42034,2003,5.914183616638184,10.85200023651123,Southern Europe
Dortmund,DE,588462,51.51494,7.466,2003,3.3109121322631836,7.638000011444092,Western Europe
Genoa,IT,580097,44.40478,8.94439,2003,4.397153377532959,9.074000358581543,Southern Europe
Manchester,GB,568996,53.48095,-2.23743,2003,3.041076898574829,7.389999866485596,Northern Europe
Dresden,DE,564904,51.05089,13.73832,2003,3.386493444442749,7.860000133514404,Western Europe
Sheffield,GB,556500,53.38297,-1.4659,2003,3.032465934753418,7.317999839782715,Northern Europe
Sevastopol,UA,547820,44.60795,33.52134,2003,4.232227325439453,8.824000358581543,Eastern Europe
Bremen,DE,546501,53.07582,8.80717,2003,3.0847890377044678,7.230999946594238,Western Europe
Vilnius,LT,542366,54.68916,25.2798,2003,2.8388686180114746,6.7129998207092285,Northern Europe
Leeds,GB,536280,53.79648,-1.54785,2003,2.9667561054229736,7.236999988555908,Northern Europe
Poznań,PL,536151,52.40692,16.92993,2003,3.14233136177063,7.558000087738037,Eastern Europe
Antwerp,BE,529247,51.22047,4.40026,2003,3.39182186126709,7.914000034332275,Western Europe
Lyon,FR,520774,45.74906,4.84789,2003,4.252326011657715,8.798999786376953,Western Europe
Lisbon,PT,517802,38.72509,-9.1498,2003,5.47946310043335,9.98799991607666,Southern Europe
Nuremberg,DE,515543,49.45421,11.07752,2003,3.6904356479644775,8.180999755859375,Western Europe
Hannover,DE,515140,52.37052,9.73322,2003,3.1992766857147217,7.5279998779296875,Western Europe
Edinburgh,GB,514990,55.95206,-3.19648,2003,2.6976518630981445,6.785999774932861,Northern Europe
Toulouse,FR,511684,43.60426,1.44367,2003,4.567745208740234,9.241000175476074,Western Europe
Buda,HU,510108,47.5,19.03333,2003,3.838928699493408,8.449000358581543,Eastern Europe
Leipzig,DE,504971,51.33962,12.37129,2003,3.3481478691101074,7.794000148773193,Western Europe
Duisburg,DE,504358,51.43247,6.76516,2003,3.351219415664673,7.756999969482422,Western Europe
Homyel',BY,501193,52.4345,30.9754,2003,3.1338682174682617,7.11899995803833,Eastern Europe
London,GB,8961989,51.50853,-0.12574,2004,3.2511773109436035,7.64300012588501,Northern Europe
Berlin,DE,3426354,52.52437,13.41053,2004,3.1000683307647705,7.139999866485596,Western Europe
Madrid,ES,3255944,40.4165,-3.70256,2004,5.282024383544922,10.288999557495117,Southern Europe
Kyiv,UA,2952301,50.45466,30.5238,2004,3.4332594871520996,7.920000076293945,Eastern Europe
Rome,IT,2318895,41.89193,12.51133,2004,4.790060043334961,9.86299991607666,Southern Europe
Paris,FR,2138551,48.85341,2.3488,2004,3.6583878993988037,8.404999732971191,Western Europe
Hamburg,DE,1973896,53.55073,9.99302,2004,2.9648170471191406,7.126999855041504,Western Europe
Bucharest,RO,1877155,44.43225,26.10626,2004,4.377152919769287,9.451000213623047,Eastern Europe
Minsk,BY,1742124,53.90019,27.56653,2004,2.977339029312134,6.953999996185303,Eastern Europe
Budapest,HU,1741041,47.49835,19.04045,2004,3.859997034072876,8.954999923706055,Eastern Europe
Warsaw,PL,1702139,52.22977,21.01178,2004,3.184150457382202,7.327000141143799,Eastern Europe
Vienna,AT,1691468,48.20849,16.37208,2004,3.8069534301757812,8.67199993133545,Western Europe
Barcelona,ES,1686208,41.38879,2.15899,2004,4.921794891357422,9.918000221252441,Southern Europe
Stockholm,SE,1515017,59.32938,18.06871,2004,2.2222323417663574,5.638999938964844,Northern Europe
Munich,DE,1505005,48.13743,11.57549,2004,3.8609778881073,9.126999855041504,Western Europe
Kharkiv,UA,1421125,49.98177,36.25475,2004,3.516737699508667,7.934000015258789,Eastern Europe
Milan,IT,1371498,45.46427,9.18951,2004,4.199765205383301,9.185999870300293,Southern Europe
Belgrade,RS,1273651,44.80401,20.46513,2004,4.274819850921631,9.315999984741211,Southern Europe
Prague,CZ,1165581,50.08804,14.42076,2004,3.521489143371582,8.043000221252441,Eastern Europe
Birmingham,GB,1157603,52.48142,-1.89983,2004,3.1569864749908447,7.570000171661377,Northern Europe
Copenhagen,DK,1153615,55.67594,12.56553,2004,2.6793360710144043,6.4629998207092285,Northern Europe
Sofia,BG,1152556,42.69751,23.32415,2004,4.900511264801025,10.309000015258789,Eastern Europe
Oslo,NO,1082575,59.91273,10.74609,2004,2.18971586227417,5.552999973297119,Northern Europe
Köln,DE,1024621,50.93333,6.95,2004,3.350792407989502,7.934999942779541,Western Europe
Dublin,IE,1024027,53.33306,-6.24889,2004,3.025855302810669,7.59499979019165,Northern Europe
Brussels,BE,1019022,50.85045,4.34878,2004,3.356243133544922,8.029999732971191,Western Europe
Odesa,UA,1010537,46.48572,30.74383,2004,4.007437229156494,9.253000259399414,Eastern Europe
Pest,HU,1001748,47.5,19.08333,2004,3.8338143825531006,8.946000099182129,Eastern Europe
Dnipro,UA,968502,48.46664,35.04066,2004,3.730696439743042,8.875,Eastern Europe
Naples,IT,909048,40.85216,14.26811,2004,5.001650333404541,10.21399974822998,Southern Europe
Donetsk,UA,901645,48.023,37.80224,2004,3.7971065044403076,8.940999984741211,Eastern Europe
Marseille,FR,877215,43.29695,5.38107,2004,4.549448013305664,9.57699966430664,Western Europe
Rotterdam,NL,868135,51.9225,4.47917,2004,3.2145655155181885,7.734000205993652,Western Europe
Turin,IT,847287,45.07049,7.68682,2004,4.480901718139648,9.456999778747559,Southern Europe
Valencia,ES,824340,39.47391,-0.37966,2004,5.3041911125183105,10.057000160217285,Southern Europe
Kraków,PL,816614,50.06143,19.93658,2004,3.5186476707458496,8.312000274658203,Eastern Europe
Riga,LV,742572,56.946,24.10589,2004,2.5496528148651123,6.296999931335449,Northern Europe
Amsterdam,NL,741636,52.37403,4.88969,2004,3.1432104110717773,7.540999889373779,Western Europe
Lviv,UA,717273,49.83826,24.02324,2004,3.536092758178711,8.465999603271484,Eastern Europe
Zaporizhzhya,UA,710052,47.85167,35.11714,2004,3.794981002807617,9.005000114440918,Eastern Europe
Sarajevo,BA,696731,43.84864,18.35644,2004,4.6648688316345215,9.930000305175781,Southern Europe
Zaragoza,ES,686986,41.65606,-0.87734,2004,4.948521614074707,9.954999923706055,Southern Europe
Sevilla,ES,686741,37.38283,-5.97317,2004,5.687010288238525,10.442000389099121,Southern Europe
Wrocław,PL,672545,51.10286,17.03006,2004,3.3076748847961426,7.507999897003174,Eastern Europe
Athens,GR,664046,37.98376,23.72784,2004,5.6288275718688965,10.843999862670898,Southern Europe
Zagreb,HR,663592,45.81444,15.97798,2004,4.116893291473389,9.085000038146973,Southern Europe
Helsinki,FI,658864,60.16952,24.93545,2004,2.143819808959961,5.5920000076293945,Northern Europe
Frankfurt am Main,DE,650000,50.11552,8.68417,2004,3.468305826187134,8.142999649047852,Western Europe
Palermo,IT,648260,38.1166,13.3636,2004,5.610412120819092,11.008999824523926,Southern Europe
Łódź,PL,639890,51.77058,19.47395,2004,3.2014453411102295,7.339000225067139,Eastern Europe
Chisinau,MD,635994,47.00902,28.85938,2004,3.930934190750122,9.017999649047852,Eastern Europe
Glasgow,GB,626410,55.86515,-4.25763,2004,2.6840245723724365,6.973999977111816,Northern Europe
Düsseldorf,DE,618685,51.22319,6.77927,2004,3.3175435066223145,7.882999897003174,Western Europe
Stuttgart,DE,612663,48.78232,9.17702,2004,3.6931965351104736,8.645999908447266,Western Europe
Gothenburg,SE,608462,57.70716,11.96679,2004,2.440065622329712,6.038000106811523,Northern Europe
Kryvyy Rih,UA,603904,47.90572,33.39404,2004,3.806983470916748,9.086999893188477,Eastern Europe
Essen,DE,593085,51.45657,7.01228,2004,3.292880058288574,7.833000183105469,Western Europe
Málaga,ES,592346,36.72016,-4.42034,2004,5.8673577308654785,10.581000328063965,Southern Europe
Dortmund,DE,588462,51.51494,7.466,2004,3.2410521507263184,7.749000072479248,Western Europe
Genoa,IT,580097,44.40478,8.94439,2004,4.353030204772949,9.373000144958496,Southern Europe
Manchester,GB,568996,53.48095,-2.23743,2004,3.028076410293579,7.317999839782715,Northern Europe
Dresden,DE,564904,51.05089,13.73832,2004,3.3480875492095947,7.603000164031982,Western Europe
Sheffield,GB,556500,53.38297,-1.4659,2004,3.0135631561279297,7.3460001945495605,Northern Europe
Sevastopol,UA,547820,44.60795,33.52134,2004,4.322079658508301,9.164999961853027,Eastern Europe
Bremen,DE,546501,53.07582,8.80717,2004,3.033008337020874,7.298999786376953,Western Europe
Vilnius,LT,542366,54.68916,25.2798,2004,2.854431390762329,6.698999881744385,Northern Europe
Leeds,GB,536280,53.79648,-1.54785,2004,2.9490272998809814,7.406000137329102,Northern Europe
Poznań,PL,536151,52.40692,16.92993,2004,3.1178746223449707,7.2220001220703125,Eastern Europe
Antwerp,BE,529247,51.22047,4.40026,2004,3.3260791301727295,8.001999855041504,Western Europe
Lyon,FR,520774,45.74906,4.84789,2004,4.211910247802734,9.196000099182129,Western Europe
Lisbon,PT,517802,38.72509,-9.1498,2004,5.486508369445801,10.380999565124512,Southern Europe
Nuremberg,DE,515543,49.45421,11.07752,2004,3.638404369354248,8.430999755859375,Western Europe
Hannover,DE,515140,52.37052,9.73322,2004,3.1423332691192627,7.460999965667725,Western Europe
Edinburgh,GB,514990,55.95206,-3.19648,2004,2.6979727745056152,7.195000171661377,Northern Europe
Toulouse,FR,511684,43.60426,1.44367,2004,4.541008472442627,9.550000190734863,Western Europe
Buda,HU,510108,47.5,19.03333,2004,3.8338143825531006,8.946000099182129,Eastern Europe
Leipzig,DE,504971,51.33962,12.37129,2004,3.3034398555755615,7.604000091552734,Western Europe
Duisburg,DE,504358,51.43247,6.76516,2004,3.28166127204895,7.827000141143799,Western Europe
Homyel',BY,501193,52.4345,30.9754,2004,3.171592950820923,7.28000020980835,Eastern Europe
London,GB,8961989,51.50853,-0.12574,2005,3.3470630645751953,8.038000106811523,Northern Europe
Berlin,DE,3426354,52.52437,13.41053,2005,3.188967227935791,7.678999900817871,Western Europe
Madrid,ES,3255944,40.4165,-3.70256,2005,5.360630035400391,10.557999610900879,Southern Europe
Kyiv,UA,2952301,50.45466,30.5238,2005,3.5475807189941406,7.873000144958496,Eastern Europe
Rome,IT,2318895,41.89193,12.51133,2005,4.823084831237793,9.866999626159668,Southern Europe
Paris,FR,2138551,48.85341,2.3488,2005,3.7485668659210205,8.61400032043457,Western Europe
Hamburg,DE,1973896,53.55073,9.99302,2005,3.0564465522766113,7.513999938964844,Western Europe
Bucharest,RO,1877155,44.43225,26.10626,2005,4.404526233673096,8.996999740600586,Eastern Europe
Minsk,BY,1742124,53.90019,27.56653,2005,3.085205316543579,7.159999847412109,Eastern Europe
Budapest,HU,1741041,47.49835,19.04045,2005,3.9076192378997803,8.359999656677246,Eastern Europe
Warsaw,PL,1702139,52.22977,21.01178,2005,3.268150568008423,7.576000213623047,Eastern Europe
Vienna,AT,1691468,48.20849,16.37208,2005,3.867000102996826,8.595999717712402,Western Europe
Barcelona,ES,1686208,41.38879,2.15899,2005,4.9805097579956055,10.133000373840332,Southern Europe
Stockholm,SE,1515017,59.32938,18.06871,2005,2.286306858062744,5.982999801635742,Northern Europe
Munich,DE,1505005,48.13743,11.57549,2005,3.9289534091949463,8.696999549865723,Western Europe
Kharkiv,UA,1421125,49.98177,36.25475,2005,3.639052391052246,7.914000034332275,Eastern Europe
Milan,IT,1371498,45.46427,9.18951,2005,4.261295795440674,9.571999549865723,Southern Europe
Belgrade,RS,1273651,44.80401,20.46513,2005,4.30796480178833,8.902000427246094,Southern Europe
Prague,CZ,1165581,50.08804,14.42076,2005,3.595649242401123,8.432999610900879,Eastern Europe
Birmingham,GB,1157603,52.48142,-1.89983,2005,3.2515809535980225,7.942999839782715,Northern Europe
Copenhagen,DK,1153615,55.67594,12.56553,2005,2.763723134994507,7.052999973297119,Northern Europe
Sofia,BG,1152556,42.69751,23.32415,2005,4.932766914367676,9.642000198364258,Eastern Europe
Oslo,NO,1082575,59.91273,10.74609,2005,2.2478575706481934,6.373000144958496,Northern Europe
Köln,DE,1024621,50.93333,6.95,2005,3.436161518096924,8.279000282287598,Western Europe
Dublin,IE,1024027,53.33306,-6.24889,2005,3.116441011428833,7.808000087738037,Northern Europe
Brussels,BE,1019022,50.85045,4.34878,2005,3.4509425163269043,8.253999710083008,Western Europe
Odesa,UA,1010537,46.48572,30.74383,2005,4.08935022354126,8.52400016784668,Eastern Europe
Pest,HU,1001748,47.5,19.08333,2005,3.8824329376220703,8.333999633789062,Eastern Europe
Dnipro,UA,968502,48.46664,35.04066,2005,3.8398685455322266,8.008000373840332,Eastern Europe
Naples,IT,909048,40.85216,14.26811,2005,5.034175395965576,10.003999710083008,Southern Europe
Donetsk,UA,901645,48.023,37.80224,2005,3.920257568359375,8.27400016784668,Eastern Europe
Marseille,FR,877215,43.29695,5.38107,2005,4.624898433685303,9.729999542236328,Western Europe
Rotterdam,NL,868135,51.9225,4.47917,2005,3.3080027103424072,8.152000427246094,Western Europe
Turin,IT,847287,45.07049,7.68682,2005,4.55983829498291,9.984000205993652,Southern Europe
Valencia,ES,824340,39.47391,-0.37966,2005,5.372496128082275,10.581000328063965,Southern Europe
Kraków,PL,816614,50.06143,19.93658,2005,3.5932602882385254,8.052000045776367,Eastern Europe
Riga,LV,742572,56.946,24.10589,2005,2.6541149616241455,6.46999979019165,Northern Europe
Amsterdam,NL,741636,52.37403,4.88969,2005,3.2304847240448,7.968999862670898,Western Europe
Lviv,UA,717273,49.83826,24.02324,2005,3.619652032852173,8.16100025177002,Eastern Europe
Zaporizhzhya,UA,710052,47.85167,35.11714,2005,3.8996164798736572,8.140999794006348,Eastern Europe
Sarajevo,BA,696731,43.84864,18.35644,2005,4.697309494018555,9.458999633789062,Southern Europe
Zaragoza,ES,686986,41.65606,-0.87734,2005,5.015134334564209,10.114999771118164,Southern Europe
Sevilla,ES,686741,37.38283,-5.97317,2005,5.782573223114014,10.770999908447266,Southern Europe
Wrocław,PL,672545,51.10286,17.03006,2005,3.3980629444122314,7.933000087738037,Eastern Europe
Athens,GR,664046,37.98376,23.72784,2005,5.63751220703125,10.994000434875488,Southern Europe
Zagreb,HR,663592,45.81444,15.97798,2005,4.161489963531494,9.267000198364258,Southern Europe
Helsinki,FI,658864,60.16952,24.93545,2005,2.2210628986358643,5.830999851226807,Northern Europe
Frankfurt am Main,DE,650000,50.11552,8.68417,2005,3.5512986183166504,8.215999603271484,Western Europe
Palermo,IT,648260,38.1166,13.3636,2005,5.649759292602539,10.914999961853027,Southern Europe
Łódź,PL,639890,51.77058,19.47395,2005,3.2925617694854736,7.638000011444092,Eastern Europe
Chisinau,MD,635994,47.00902,28.85938,2005,4.006019115447998,8.307000160217285,Eastern Europe
Glasgow,GB,626410,55.86515,-4.25763,2005,2.760413885116577,7.245999813079834,Northern Europe
Düsseldorf,DE,618685,51.22319,6.77927,2005,3.404057502746582,8.253000259399414,Western Europe
Stuttgart,DE,612663,48.78232,9.17702,2005,3.756654739379883,8.59000015258789,Western Europe
Gothenburg,SE,608462,57.70716,11.96679,2005,2.518131732940674,6.736999988555908,Northern Europe
Kryvyy Rih,UA,603904,47.90572,33.39404,2005,3.911534547805786,8.079000473022461,Eastern Europe
Essen,DE,593085,51.45657,7.01228,2005,3.3808741569519043,8.206999778747559,Western Europe
Málaga,ES,592346,36.72016,-4.42034,2005,5.976997375488281,11.22700023651123,Southern Europe
Dortmund,DE,588462,51.51494,7.466,2005,3.3298192024230957,8.107999801635742,Western Europe
Genoa,IT,580097,44.40478,8.94439,2005,4.416073799133301,9.753000259399414,Southern Europe
Manchester,GB,568996,53.48095,-2.23743,2005,3.115813732147217,7.828999996185303,Northern Europe
Dresden,DE,564904,51.05089,13.73832,2005,3.4309728145599365,8.027000427246094,Western Europe
Sheffield,GB,556500,53.38297,-1.4659,2005,3.101158857345581,7.781000137329102,Northern Europe
Sevastopol,UA,547820,44.60795,33.52134,2005,4.428572654724121,9.418000221252441,Eastern Europe
Bremen,DE,546501,53.07582,8.80717,2005,3.126068592071533,7.7729997634887695,Western Europe
Vilnius,LT,542366,54.68916,25.2798,2005,2.9513370990753174,6.994999885559082,Northern Europe
Leeds,GB,536280,53.79648,-1.54785,2005,3.033287763595581,7.690999984741211,Northern Europe
Poznań,PL,536151,52.40692,16.92993,2005,3.211068630218506,7.603000164031982,Eastern Europe
Antwerp,BE,529247,51.22047,4.40026,2005,3.421915054321289,8.28499984741211,Western Europe
Lyon,FR,520774,45.74906,4.84789,2005,4.289248943328857,9.605999946594238,Western Europe
Lisbon,PT,517802,38.72509,-9.1498,2005,5.542463302612305,10.35099983215332,Southern Europe
Nuremberg,DE,515543,49.45421,11.07752,2005,3.7096221446990967,8.420000076293945,Western Europe
Hannover,DE,515140,52.37052,9.73322,2005,3.2336411476135254,7.828000068664551,Western Europe
Edinburgh,GB,514990,55.95206,-3.19648,2005,2.778923273086548,7.510000228881836,Northern Europe
Toulouse,FR,511684,43.60426,1.44367,2005,4.613643646240234,9.66100025177002,Western Europe
Buda,HU,510108,47.5,19.03333,2005,3.8824329376220703,8.333999633789062,Eastern Europe
Leipzig,DE,504971,51.33962,12.37129,2005,3.38893985748291,8.010000228881836,Western Europe
Duisburg,DE,504358,51.43247,6.76516,2005,3.369410753250122,8.189000129699707,Western Europe
Homyel',BY,501193,52.4345,30.9754,2005,3.2827422618865967,7.309000015258789,Eastern Europe
London,GB,8961989,51.50853,-0.12574,2006,3.2588107585906982,7.695000171661377,Northern Europe
Berlin,DE,3426354,52.52437,13.41053,2006,3.1089067459106445,7.494999885559082,Western Europe
Madrid,ES,3255944,40.4165,-3.70256,2006,5.369742393493652,10.442000389099121,Southern Europe
Kyiv,UA,2952301,50.45466,30.5238,2006,3.4530413150787354,8.25100040435791,Eastern Europe
Rome,IT,2318895,41.89193,12.51133,2006,4.8090739250183105,9.880999565124512,Southern Europe
Paris,FR,2138551,48.85341,2.3488,2006,3.6940550804138184,8.116000175476074,Western Europe
Hamburg,DE,1973896,53.55073,9.99302,2006,2.9739863872528076,7.294000148773193,Western Europe
Bucharest,RO,1877155,44.43225,26.10626,2006,4.382008075714111,9.243000030517578,Eastern Europe
Minsk,BY,1742124,53.90019,27.56653,2006,2.9905314445495605,7.543000221252441,Eastern Europe
Budapest,HU,1741041,47.49835,19.04045,2006,3.8787944316864014,8.461000442504883,Eastern Europe
Warsaw,PL,1702139,52.22977,21.01178,2006,3.2085394859313965,7.666999816894531,Eastern Europe
Vienna,AT,1691468,48.20849,16.37208,2006,3.827169895172119,8.329000473022461,Western Europe
Barcelona,ES,1686208,41.38879,2.15899,2006,5.0067315101623535,9.496000289916992,Southern Europe
Stockholm,SE,1515017,59.32938,18.06871,2006,2.249361515045166,5.993000030517578,Northern Europe
Munich,DE,1505005,48.13743,11.57549,2006,3.894345283508301,8.564000129699707,Western Europe
Kharkiv,UA,1421125,49.98177,36.25475,2006,3.5532493591308594,8.579000473022461,Eastern Europe
Milan,IT,1371498,45.46427,9.18951,2006,4.233457565307617,8.753000259399414,Southern Europe
Belgrade,RS,1273651,44.80401,20.46513,2006,4.279980659484863,9.116000175476074,Southern Europe
Prague,CZ,1165581,50.08804,14.42076,2006,3.5446550846099854,8.083999633789062,Eastern Europe
Birmingham,GB,1157603,52.48142,-1.89983,2006,3.162931442260742,7.561999797821045,Northern Europe
Copenhagen,DK,1153615,55.67594,12.56553,2006,2.693720579147339,6.864999771118164,Northern Europe
Sofia,BG,1152556,42.69751,23.32415,2006,4.885347843170166,9.927000045776367,Eastern Europe
Oslo,NO,1082575,59.91273,10.74609,2006,2.2001123428344727,5.927999973297119,Northern Europe
Köln,DE,1024621,50.93333,6.95,2006,3.3642659187316895,7.808000087738037,Western Europe
Dublin,IE,1024027,53.33306,-6.24889,2006,3.0337369441986084,7.25,Northern Europe
Brussels,BE,1019022,50.85045,4.34878,2006,3.372396945953369,7.75,Western Europe
Odesa,UA,1010537,46.48572,30.74383,2006,4.04386043548584,8.82699966430664,Eastern Europe
Pest,HU,1001748,47.5,19.08333,2006,3.8526904582977295,8.463000297546387,Eastern Europe
Dnipro,UA,968502,48.46664,35.04066,2006,3.7786245346069336,8.979000091552734,Eastern Europe
Naples,IT,909048,40.85216,14.26811,2006,4.996824741363525,10.003000259399414,Southern Europe
Donetsk,UA,901645,48.023,37.80224,2006,3.8713369369506836,9.022000312805176,Eastern Europe
Marseille,FR,877215,43.29695,5.38107,2006,4.607334136962891,9.503000259399414,Western Europe
Rotterdam,NL,868135,51.9225,4.47917,2006,3.2221288681030273,7.624000072479248,Western Europe
Turin,IT,847287,45.07049,7.68682,2006,4.519251823425293,9.11400032043457,Southern Europe
Valencia,ES,824340,39.47391,-0.37966,2006,5.381561756134033,9.831999778747559,Southern Europe
Kraków,PL,816614,50.06143,19.93658,2006,3.5389561653137207,8.204999923706055,Eastern Europe
Riga,LV,742572,56.946,24.10589,2006,2.575608015060425,6.46999979019165,Northern Europe
Amsterdam,NL,741636,52.37403,4.88969,2006,3.1476218700408936,7.433000087738037,Western Europe
Lviv,UA,717273,49.83826,24.02324,2006,3.5522303581237793,8.218999862670898,Eastern Europe
Zaporizhzhya,UA,710052,47.85167,35.11714,2006,3.850717782974243,9.062000274658203,Eastern Europe
Sarajevo,BA,696731,43.84864,18.35644,2006,4.667537212371826,9.769000053405762,Southern Europe
Zaragoza,ES,686986,41.65606,-0.87734,2006,5.040977954864502,9.61299991607666,Southern Europe
Sevilla,ES,686741,37.38283,-5.97317,2006,5.745163917541504,10.744000434875488,Southern Europe
Wrocław,PL,672545,51.10286,17.03006,2006,3.34415602684021,7.738999843597412,Eastern Europe
Athens,GR,664046,37.98376,23.72784,2006,5.559786319732666,10.482000350952148,Southern Europe
Zagreb,HR,663592,45.81444,15.97798,2006,4.120682239532471,8.736000061035156,Southern Europe
Helsinki,FI,658864,60.16952,24.93545,2006,2.1700329780578613,5.877999782562256,Northern Europe
Frankfurt am Main,DE,650000,50.11552,8.68417,2006,3.494819164276123,7.956999778747559,Western Europe
Palermo,IT,648260,38.1166,13.3636,2006,5.612728595733643,10.654000282287598,Southern Europe
Łódź,PL,639890,51.77058,19.47395,2006,3.231175422668457,7.664999961853027,Eastern Europe
Chisinau,MD,635994,47.00902,28.85938,2006,3.9474904537200928,8.708000183105469,Eastern Europe
Glasgow,GB,626410,55.86515,-4.25763,2006,2.691200017929077,6.8379998207092285,Northern Europe
Düsseldorf,DE,618685,51.22319,6.77927,2006,3.3299179077148438,7.781000137329102,Western Europe
Stuttgart,DE,612663,48.78232,9.17702,2006,3.716304302215576,8.293000221252441,Western Europe
Gothenburg,SE,608462,57.70716,11.96679,2006,2.4611260890960693,6.376999855041504,Northern Europe
Kryvyy Rih,UA,603904,47.90572,33.39404,2006,3.8464436531066895,8.730999946594238,Eastern Europe
Essen,DE,593085,51.45657,7.01228,2006,3.3049590587615967,7.764999866485596,Western Europe
Málaga,ES,592346,36.72016,-4.42034,2006,5.937282085418701,10.819000244140625,Southern Europe
Dortmund,DE,588462,51.51494,7.466,2006,3.2534902095794678,7.677000045776367,Western Europe
Genoa,IT,580097,44.40478,8.94439,2006,4.39485502243042,9.074000358581543,Southern Europe
Manchester,GB,568996,53.48095,-2.23743,2006,3.0314574241638184,7.21999979019165,Northern Europe
Dresden,DE,564904,51.05089,13.73832,2006,3.36401629447937,7.6539998054504395,Western Europe
Sheffield,GB,556500,53.38297,-1.4659,2006,3.0178463459014893,7.2220001220703125,Northern Europe
Sevastopol,UA,547820,44.60795,33.52134,2006,4.399931907653809,9.46500015258789,Eastern Europe
Bremen,DE,546501,53.07582,8.80717,2006,3.0420188903808594,7.442999839782715,Western Europe
Vilnius,LT,542366,54.68916,25.2798,2006,2.871342658996582,7.138000011444092,Northern Europe
Leeds,GB,536280,53.79648,-1.54785,2006,2.9530110359191895,7.065000057220459,Northern Europe
Poznań,PL,536151,52.40692,16.92993,2006,3.1468000411987305,7.401000022888184,Eastern Europe
Antwerp,BE,529247,51.22047,4.40026,2006,3.3398056030273438,7.749000072479248,Western Europe
Lyon,FR,520774,45.74906,4.84789,2006,4.244739532470703,8.753000259399414,Western Europe
Lisbon,PT,517802,38.72509,-9.1498,2006,5.541679382324219,10.555000305175781,Southern Europe
Nuremberg,DE,515543,49.45421,11.07752,2006,3.6636574268341064,8.119999885559082,Western Europe
Hannover,DE,515140,52.37052,9.73322,2006,3.1516385078430176,7.584000110626221,Western Europe
Edinburgh,GB,514990,55.95206,-3.19648,2006,2.703186273574829,7.080999851226807,Northern Europe
Toulouse,FR,511684,43.60426,1.44367,2006,4.607608318328857,9.343999862670898,Western Europe
Buda,HU,510108,47.5,19.03333,2006,3.8526904582977295,8.463000297546387,Eastern Europe
Leipzig,DE,504971,51.33962,12.37129,2006,3.318770170211792,7.683000087738037,Western Europe
Duisburg,DE,504358,51.43247,6.76516,2006,3.2936630249023438,7.734000205993652,Western Europe
Homyel',BY,501193,52.4345,30.9754,2006,3.1862685680389404,7.750999927520752,Eastern Europe
London,GB,8961989,51.50853,-0.12574,2007,3.2930710315704346,7.256999969482422,Northern Europe
Berlin,DE,3426354,52.52437,13.41053,2007,3.184199810028076,7.611999988555908,Western Europe
Madrid,ES,3255944,40.4165,-3.70256,2007,5.249255180358887,10.208999633789062,Southern Europe
Kyiv,UA,2952301,50.45466,30.5238,2007,3.5251779556274414,8.324000358581543,Eastern Europe
Rome,IT,2318895,41.89193,12.51133,2007,4.853295803070068,10.47599983215332,Southern Europe
Paris,FR,2138551,48.85341,2.3488,2007,3.6991562843322754,8.586000442504883,Western Europe
Hamburg,DE,1973896,53.55073,9.99302,2007,3.049375295639038,7.2729997634887695,Western Europe
Bucharest,RO,1877155,44.43225,26.10626,2007,4.450224876403809,9.600000381469727,Eastern Europe
Minsk,BY,1742124,53.90019,27.56653,2007,3.0788822174072266,7.5229997634887695,Eastern Europe
Budapest,HU,1741041,47.49835,19.04045,2007,3.930802822113037,9.081000328063965,Eastern Europe
Warsaw,PL,1702139,52.22977,21.01178,2007,3.2760136127471924,8.008000373840332,Eastern Europe
Vienna,AT,1691468,48.20849,16.37208,2007,3.8805863857269287,9.015000343322754,Western Europe
Barcelona,ES,1686208,41.38879,2.15899,2007,4.930427074432373,10.029999732971191,Southern Europe
Stockholm,SE,1515017,59.32938,18.06871,2007,2.3248190879821777,6.261000156402588,Northern Europe
Munich,DE,1505005,48.13743,11.57549,2007,3.9388163089752197,9.142000198364258,Western Europe
Kharkiv,UA,1421125,49.98177,36.25475,2007,3.6110026836395264,8.312999725341797,Eastern Europe
Milan,IT,1371498,45.46427,9.18951,2007,4.2582244873046875,9.319999694824219,Southern Europe
Belgrade,RS,1273651,44.80401,20.46513,2007,4.351284980773926,9.61400032043457,Southern Europe
Prague,CZ,1165581,50.08804,14.42076,2007,3.6037096977233887,8.414999961853027,Eastern Europe
Birmingham,GB,1157603,52.48142,-1.89983,2007,3.197279691696167,7.068999767303467,Northern Europe
Copenhagen,DK,1153615,55.67594,12.56553,2007,2.774857521057129,6.809999942779541,Northern Europe
Sofia,BG,1152556,42.69751,23.32415,2007,4.965840816497803,10.88599967956543,Eastern Europe
Oslo,NO,1082575,59.91273,10.74609,2007,2.2699644565582275,6.020999908447266,Northern Europe
Köln,DE,1024621,50.93333,6.95,2007,3.435296058654785,7.927000045776367,Western Europe
Dublin,IE,1024027,53.33306,-6.24889,2007,3.0502192974090576,7.126999855041504,Northern Europe
Brussels,BE,1019022,50.85045,4.34878,2007,3.4237070083618164,7.882999897003174,Western Europe
Odesa,UA,1010537,46.48572,30.74383,2007,4.08789587020874,9.217000007629395,Eastern Europe
Pest,HU,1001748,47.5,19.08333,2007,3.9039506912231445,9.04699993133545,Eastern Europe
Dnipro,UA,968502,48.46664,35.04066,2007,3.8277149200439453,8.715999603271484,Eastern Europe
Naples,IT,909048,40.85216,14.26811,2007,5.056413650512695,10.725000381469727,Southern Europe
Donetsk,UA,901645,48.023,37.80224,2007,3.908233165740967,9.175999641418457,Eastern Europe
Marseille,FR,877215,43.29695,5.38107,2007,4.581887722015381,9.656000137329102,Western Europe
Rotterdam,NL,868135,51.9225,4.47917,2007,3.2866084575653076,7.645999908447266,Western Europe
Turin,IT,847287,45.07049,7.68682,2007,4.529846668243408,9.470999717712402,Southern Europe
Valencia,ES,824340,39.47391,-0.37966,2007,5.2950849533081055,10.241999626159668,Southern Europe
Kraków,PL,816614,50.06143,19.93658,2007,3.6020078659057617,8.538999557495117,Eastern Europe
Riga,LV,742572,56.946,24.10589,2007,2.6618494987487793,6.701000213623047,Northern Europe
Amsterdam,NL,741636,52.37403,4.88969,2007,3.2168519496917725,7.510000228881836,Western Europe
Lviv,UA,717273,49.83826,24.02324,2007,3.631082057952881,8.508000373840332,Eastern Europe
Zaporizhzhya,UA,710052,47.85167,35.11714,2007,3.8950164318084717,8.947999954223633,Eastern Europe
Sarajevo,BA,696731,43.84864,18.35644,2007,4.734432697296143,10.434000015258789,Southern Europe
Zaragoza,ES,686986,41.65606,-0.87734,2007,4.949490547180176,9.862000465393066,Southern Europe
Sevilla,ES,686741,37.38283,-5.97317,2007,5.633263111114502,10.468000411987305,Southern Europe
Wrocław,PL,672545,51.10286,17.03006,2007,3.3919479846954346,8.114999771118164,Eastern Europe
Athens,GR,664046,37.98376,23.72784,2007,5.619117736816406,11.104999542236328,Southern Europe
Zagreb,HR,663592,45.81444,15.97798,2007,4.18847131729126,9.477999687194824,Southern Europe
Helsinki,FI,658864,60.16952,24.93545,2007,2.237602710723877,6.053999900817871,Northern Europe
Frankfurt am Main,DE,650000,50.11552,8.68417,2007,3.5557589530944824,8.515000343322754,Western Europe
Palermo,IT,648260,38.1166,13.3636,2007,5.650887489318848,11.182000160217285,Southern Europe
Łódź,PL,639890,51.77058,19.47395,2007,3.291452407836914,8.008000373840332,Eastern Europe
Chisinau,MD,635994,47.00902,28.85938,2007,4.0044050216674805,9.192000389099121,Eastern Europe
Glasgow,GB,626410,55.86515,-4.25763,2007,2.71712589263916,6.922999858856201,Northern Europe
Düsseldorf,DE,618685,51.22319,6.77927,2007,3.404024600982666,7.84499979019165,Western Europe
Stuttgart,DE,612663,48.78232,9.17702,2007,3.756312131881714,8.795000076293945,Western Europe
Gothenburg,SE,608462,57.70716,11.96679,2007,2.5387396812438965,6.572999954223633,Northern Europe
Kryvyy Rih,UA,603904,47.90572,33.39404,2007,3.8983561992645264,8.934000015258789,Eastern Europe
Essen,DE,593085,51.45657,7.01228,2007,3.382328987121582,7.828999996185303,Western Europe
Málaga,ES,592346,36.72016,-4.42034,2007,5.822356700897217,10.791000366210938,Southern Europe
Dortmund,DE,588462,51.51494,7.466,2007,3.3319945335388184,7.738999843597412,Western Europe
Genoa,IT,580097,44.40478,8.94439,2007,4.412257671356201,9.593000411987305,Southern Europe
Manchester,GB,568996,53.48095,-2.23743,2007,3.0657835006713867,6.947999954223633,Northern Europe
Dresden,DE,564904,51.05089,13.73832,2007,3.428931713104248,8.154999732971191,Western Europe
Sheffield,GB,556500,53.38297,-1.4659,2007,3.0564656257629395,7.011000156402588,Northern Europe
Sevastopol,UA,547820,44.60795,33.52134,2007,4.440964221954346,9.746000289916992,Eastern Europe
Bremen,DE,546501,53.07582,8.80717,2007,3.1165945529937744,7.306000232696533,Western Europe
Vilnius,LT,542366,54.68916,25.2798,2007,2.9619204998016357,7.328000068664551,Northern Europe
Leeds,GB,536280,53.79648,-1.54785,2007,2.9894299507141113,7.006999969482422,Northern Europe
Poznań,PL,536151,52.40692,16.92993,2007,3.204775094985962,7.755000114440918,Eastern Europe
Antwerp,BE,529247,51.22047,4.40026,2007,3.395301103591919,7.8480000495910645,Western Europe
Lyon,FR,520774,45.74906,4.84789,2007,4.2440409660339355,9.121000289916992,Western Europe
Lisbon,PT,517802,38.72509,-9.1498,2007,5.435495853424072,10.218999862670898,Southern Europe
Nuremberg,DE,515543,49.45421,11.07752,2007,3.7146737575531006,8.845999717712402,Western Europe
Hannover,DE,515140,52.37052,9.73322,2007,3.2293012142181396,7.513999938964844,Western Europe
Edinburgh,GB,514990,55.95206,-3.19648,2007,2.732402801513672,7.086999893188477,Northern Europe
Toulouse,FR,511684,43.60426,1.44367,2007,4.549567222595215,9.404999732971191,Western Europe
Buda,HU,510108,47.5,19.03333,2007,3.9039506912231445,9.04699993133545,Eastern Europe
Leipzig,DE,504971,51.33962,12.37129,2007,3.390018939971924,7.980999946594238,Western Europe
Duisburg,DE,504358,51.43247,6.76516,2007,3.3692028522491455,7.798999786376953,Western Europe
Homyel',BY,501193,52.4345,30.9754,2007,3.26166033744812,7.953999996185303,Eastern Europe
London,GB,8961989,51.50853,-0.12574,2008,3.269508123397827,7.896999835968018,Northern Europe
Berlin,DE,3426354,52.52437,13.41053,2008,3.1723031997680664,7.710000038146973,Western Europe
Madrid,ES,3255944,40.4165,-3.70256,2008,5.329131126403809,11.107999801635742,Southern Europe
Kyiv,UA,2952301,50.45466,30.5238,2008,3.565620183944702,8.25,Eastern Europe
Rome,IT,2318895,41.89193,12.51133,2008,4.921945571899414,10.324000358581543,Southern Europe
Paris,FR,2138551,48.85341,2.3488,2008,3.729994535446167,8.925999641418457,Western Europe
Hamburg,DE,1973896,53.55073,9.99302,2008,3.0311286449432373,7.5,Western Europe
Bucharest,RO,1877155,44.43225,26.10626,2008,4.529018878936768,9.520999908447266,Eastern Europe
Minsk,BY,1742124,53.90019,27.56653,2008,3.085871458053589,7.309999942779541,Eastern Europe
Budapest,HU,1741041,47.49835,19.04045,2008,3.980513334274292,9.201000213623047,Eastern Europe
Warsaw,PL,1702139,52.22977,21.01178,2008,3.288423538208008,7.755000114440918,Eastern Europe
Vienna,AT,1691468,48.20849,16.37208,2008,3.922899007797241,9.175000190734863,Western Europe
Barcelona,ES,1686208,41.38879,2.15899,2008,4.999309062957764,10.581999778747559,Southern Europe
Stockholm,SE,1515017,59.32938,18.06871,2008,2.2661256790161133,6.007999897003174,Northern Europe
Munich,DE,1505005,48.13743,11.57549,2008,3.9804041385650635,9.317000389099121,Western Europe
Kharkiv,UA,1421125,49.98177,36.25475,2008,3.6587815284729004,8.576000213623047,Eastern Europe
Milan,IT,1371498,45.46427,9.18951,2008,4.335049152374268,9.472000122070312,Southern Europe
Belgrade,RS,1273651,44.80401,20.46513,2008,4.412313938140869,9.510000228881836,Southern Europe
Prague,CZ,1165581,50.08804,14.42076,2008,3.6219289302825928,8.432000160217285,Eastern Europe
Birmingham,GB,1157603,52.48142,-1.89983,2008,3.1655080318450928,7.64300012588501,Northern Europe
Copenhagen,DK,1153615,55.67594,12.56553,2008,2.7251338958740234,6.857999801635742,Northern Europe
Sofia,BG,1152556,42.69751,23.32415,2008,5.070904731750488,10.406000137329102,Eastern Europe
Oslo,NO,1082575,59.91273,10.74609,2008,2.2159998416900635,6.078999996185303,Northern Europe
Köln,DE,1024621,50.93333,6.95,2008,3.426161050796509,8.196000099182129,Western Europe
Dublin,IE,1024027,53.33306,-6.24889,2008,3.023235321044922,7.4120001792907715,Northern Europe
Brussels,BE,1019022,50.85045,4.34878,2008,3.4257075786590576,8.28499984741211,Western Europe
Odesa,UA,1010537,46.48572,30.74383,2008,4.1497297286987305,9.057999610900879,Eastern Europe
Pest,HU,1001748,47.5,19.08333,2008,3.952923536300659,9.140999794006348,Eastern Europe
Dnipro,UA,968502,48.46664,35.04066,2008,3.867248773574829,8.807999610900879,Eastern Europe
Naples,IT,909048,40.85216,14.26811,2008,5.155948162078857,10.52299976348877,Southern Europe
Donetsk,UA,901645,48.023,37.80224,2008,3.9621615409851074,8.833999633789062,Eastern Europe
Marseille,FR,877215,43.29695,5.38107,2008,4.675368785858154,9.781000137329102,Western Europe
Rotterdam,NL,868135,51.9225,4.47917,2008,3.273207664489746,8.017000198364258,Western Europe
Turin,IT,847287,45.07049,7.68682,2008,4.633781433105469,9.758999824523926,Southern Europe
Valencia,ES,824340,39.47391,-0.37966,2008,5.371366024017334,11.050999641418457,Southern Europe
Kraków,PL,816614,50.06143,19.93658,2008,3.630868673324585,8.538000106811523,Eastern Europe
Riga,LV,742572,56.946,24.10589,2008,2.632554531097412,6.321000099182129,Northern Europe
Amsterdam,NL,741636,52.37403,4.88969,2008,3.1942079067230225,7.813000202178955,Western Europe
Lviv,UA,717273,49.83826,24.02324,2008,3.665609121322632,8.461999893188477,Eastern Europe
Zaporizhzhya,UA,710052,47.85167,35.11714,2008,3.9349756240844727,8.805999755859375,Eastern Europe
Sarajevo,BA,696731,43.84864,18.35644,2008,4.822969913482666,10.21500015258789,Southern Europe
Zaragoza,ES,686986,41.65606,-0.87734,2008,5.012235164642334,10.760000228881836,Southern Europe
Sevilla,ES,686741,37.38283,-5.97317,2008,5.760128498077393,11.152000427246094,Southern Europe
Wrocław,PL,672545,51.10286,17.03006,2008,3.4051201343536377,8.015999794006348,Eastern Europe
Athens,GR,664046,37.98376,23.72784,2008,5.780849933624268,11.053000450134277,Southern Europe
Zagreb,HR,663592,45.81444,15.97798,2008,4.239212989807129,9.571000099182129,Southern Europe
Helsinki,FI,658864,60.16952,24.93545,2008,2.200685739517212,5.704999923706055,Northern Europe
Frankfurt am Main,DE,650000,50.11552,8.68417,2008,3.5574750900268555,8.418999671936035,Western Europe
Palermo,IT,648260,38.1166,13.3636,2008,5.760824680328369,10.907999992370605,Southern Europe
Łódź,PL,639890,51.77058,19.47395,2008,3.297748565673828,7.830999851226807,Eastern Europe
Chisinau,MD,635994,47.00902,28.85938,2008,4.076786994934082,8.954000473022461,Eastern Europe
Glasgow,GB,626410,55.86515,-4.25763,2008,2.7012622356414795,7.066999912261963,Northern Europe
Düsseldorf,DE,618685,51.22319,6.77927,2008,3.39097261428833,8.12399959564209,Western Europe
Stuttgart,DE,612663,48.78232,9.17702,2008,3.7844972610473633,8.984999656677246,Western Europe
Gothenburg,SE,608462,57.70716,11.96679,2008,2.479942560195923,6.519999980926514,Northern Europe
Kryvyy Rih,UA,603904,47.90572,33.39404,2008,3.947166681289673,8.822999954223633,Eastern Europe
Essen,DE,593085,51.45657,7.01228,2008,3.3659234046936035,8.02400016784668,Western Europe
Málaga,ES,592346,36.72016,-4.42034,2008,5.958570957183838,11.694999694824219,Southern Europe
Dortmund,DE,588462,51.51494,7.466,2008,3.3137786388397217,7.876999855041504,Western Europe
Genoa,IT,580097,44.40478,8.94439,2008,4.4936909675598145,9.784000396728516,Southern Europe
Manchester,GB,568996,53.48095,-2.23743,2008,3.0355870723724365,7.541999816894531,Northern Europe
Dresden,DE,564904,51.05089,13.73832,2008,3.4352681636810303,8.100000381469727,Western Europe
Sheffield,GB,556500,53.38297,-1.4659,2008,3.0244860649108887,7.553999900817871,Northern Europe
Sevastopol,UA,547820,44.60795,33.52134,2008,4.490606784820557,9.65999984741211,Eastern Europe
Bremen,DE,546501,53.07582,8.80717,2008,3.1017706394195557,7.6479997634887695,Western Europe
Vilnius,LT,542366,54.68916,25.2798,2008,2.9461309909820557,7.0229997634887695,Northern Europe
Leeds,GB,536280,53.79648,-1.54785,2008,2.9594290256500244,7.446000099182129,Northern Europe
Poznań,PL,536151,52.40692,16.92993,2008,3.1966612339019775,7.730000019073486,Eastern Europe
Antwerp,BE,529247,51.22047,4.40026,2008,3.3937346935272217,8.26099967956543,Western Europe
Lyon,FR,520774,45.74906,4.84789,2008,4.329816818237305,9.647000312805176,Western Europe
Lisbon,PT,517802,38.72509,-9.1498,2008,5.5326361656188965,10.850000381469727,Southern Europe
Nuremberg,DE,515543,49.45421,11.07752,2008,3.7369537353515625,8.831999778747559,Western Europe
Hannover,DE,515140,52.37052,9.73322,2008,3.2219972610473633,7.843999862670898,Western Europe
Edinburgh,GB,514990,55.95206,-3.19648,2008,2.7189724445343018,6.986999988555908,Northern Europe
Toulouse,FR,511684,43.60426,1.44367,2008,4.633732318878174,9.909000396728516,Western Europe
Buda,HU,510108,47.5,19.03333,2008,3.952923536300659,9.140999794006348,Eastern Europe
Leipzig,DE,504971,51.33962,12.37129,2008,3.387106418609619,7.980000019073486,Western Europe
Duisburg,DE,504358,51.43247,6.76516,2008,3.353529691696167,8.029000282287598,Western Europe
Homyel',BY,501193,52.4345,30.9754,2008,3.287505626678467,7.729000091552734,Eastern Europe
London,GB,8961989,51.50853,-0.12574,2009,3.305887460708618,8.324999809265137,Northern Europe
Berlin,DE,3426354,52.52437,13.41053,2009,3.1822054386138916,7.702000141143799,Western Europe
Madrid,ES,3255944,40.4165,-3.70256,2009,5.346586227416992,10.291000366210938,Southern Europe
Kyiv,UA,2952301,50.45466,30.5238,2009,3.5073509216308594,8.170999526977539,Eastern Europe
Rome,IT,2318895,41.89193,12.51133,2009,4.811605930328369,9.838000297546387,Southern Europe
Paris,FR,2138551,48.85341,2.3488,2009,3.748424768447876,8.538999557495117,Western Europe
Hamburg,DE,1973896,53.55073,9.99302,2009,3.038484811782837,7.4679999351501465,Western Europe
Bucharest,RO,1877155,44.43225,26.10626,2009,4.370312690734863,8.95300006866455,Eastern Europe
Minsk,BY,1742124,53.90019,27.56653,2009,3.0764408111572266,7.618000030517578,Eastern Europe
Budapest,HU,1741041,47.49835,19.04045,2009,3.9256763458251953,8.831999778747559,Eastern Europe
Warsaw,PL,1702139,52.22977,21.01178,2009,3.2832324504852295,7.910999774932861,Eastern Europe
Vienna,AT,1691468,48.20849,16.37208,2009,3.894742250442505,8.654999732971191,Western Europe
Barcelona,ES,1686208,41.38879,2.15899,2009,4.991673946380615,9.781000137329102,Southern Europe
Stockholm,SE,1515017,59.32938,18.06871,2009,2.2947726249694824,6.130000114440918,Northern Europe
Munich,DE,1505005,48.13743,11.57549,2009,3.9637012481689453,8.854999542236328,Western Europe
Kharkiv,UA,1421125,49.98177,36.25475,2009,3.5502381324768066,8.192000389099121,Eastern Europe
Milan,IT,1371498,45.46427,9.18951,2009,4.27771520614624,9.041000366210938,Southern Europe
Belgrade,RS,1273651,44.80401,20.46513,2009,4.305635452270508,9.175999641418457,Southern Europe
Prague,CZ,1165581,50.08804,14.42076,2009,3.622230291366577,8.234999656677246,Eastern Europe
Birmingham,GB,1157603,52.48142,-1.89983,2009,3.198197364807129,8.312000274658203,Northern Europe
Copenhagen,DK,1153615,55.67594,12.56553,2009,2.754249334335327,7.103000164031982,Northern Europe
Sofia,BG,1152556,42.69751,23.32415,2009,4.886301517486572,9.888999938964844,Eastern Europe
Oslo,NO,1082575,59.91273,10.74609,2009,2.2442355155944824,6.499000072479248,Northern Europe
Köln,DE,1024621,50.93333,6.95,2009,3.4332218170166016,7.966000080108643,Western Europe
Dublin,IE,1024027,53.33306,-6.24889,2009,3.0255203247070312,7.7220001220703125,Northern Europe
Brussels,BE,1019022,50.85045,4.34878,2009,3.435361623764038,8.173999786376953,Western Europe
Odesa,UA,1010537,46.48572,30.74383,2009,4.033969879150391,8.682000160217285,Eastern Europe
Pest,HU,1001748,47.5,19.08333,2009,3.9020299911499023,8.840999603271484,Eastern Europe
Dnipro,UA,968502,48.46664,35.04066,2009,3.7451834678649902,8.288999557495117,Eastern Europe
Naples,IT,909048,40.85216,14.26811,2009,4.981454849243164,10.036999702453613,Southern Europe
Donetsk,UA,901645,48.023,37.80224,2009,3.804244041442871,8.53600025177002,Eastern Europe
Marseille,FR,877215,43.29695,5.38107,2009,4.630326271057129,9.42199993133545,Western Europe
Rotterdam,NL,868135,51.9225,4.47917,2009,3.283616542816162,7.9770002365112305,Western Europe
Turin,IT,847287,45.07049,7.68682,2009,4.566737174987793,9.437000274658203,Southern Europe
Valencia,ES,824340,39.47391,-0.37966,2009,5.362356185913086,10.220000267028809,Southern Europe
Kraków,PL,816614,50.06143,19.93658,2009,3.608881950378418,8.288000106811523,Eastern Europe
Riga,LV,742572,56.946,24.10589,2009,2.63970685005188,6.514999866485596,Northern Europe
Amsterdam,NL,741636,52.37403,4.88969,2009,3.204789161682129,7.688000202178955,Western Europe
Lviv,UA,717273,49.83826,24.02324,2009,3.6302573680877686,8.241999626159668,Eastern Europe
Zaporizhzhya,UA,710052,47.85167,35.11714,2009,3.8046822547912598,8.406000137329102,Eastern Europe
Sarajevo,BA,696731,43.84864,18.35644,2009,4.697525978088379,9.916000366210938,Southern Europe
Zaragoza,ES,686986,41.65606,-0.87734,2009,5.043282508850098,9.994999885559082,Southern Europe
Sevilla,ES,686741,37.38283,-5.97317,2009,5.754172325134277,10.713000297546387,Southern Europe
Wrocław,PL,672545,51.10286,17.03006,2009,3.4101014137268066,7.788000106811523,Eastern Europe
Athens,GR,664046,37.98376,23.72784,2009,5.504317760467529,10.329000473022461,Southern Europe
Zagreb,HR,663592,45.81444,15.97798,2009,4.195005416870117,9.336999893188477,Southern Europe
Helsinki,FI,658864,60.16952,24.93545,2009,2.210862874984741,6.061999797821045,Northern Europe
Frankfurt am Main,DE,650000,50.11552,8.68417,2009,3.558641195297241,8.053999900817871,Western Europe
Palermo,IT,648260,38.1166,13.3636,2009,5.528388977050781,10.543000221252441,Southern Europe
Łódź,PL,639890,51.77058,19.47395,2009,3.3033835887908936,7.916999816894531,Eastern Europe
Chisinau,MD,635994,47.00902,28.85938,2009,3.9780051708221436,8.61400032043457,Eastern Europe
Glasgow,GB,626410,55.86515,-4.25763,2009,2.6992027759552,7.2769999504089355,Northern Europe
Düsseldorf,DE,618685,51.22319,6.77927,2009,3.398087739944458,7.90500020980835,Western Europe
Stuttgart,DE,612663,48.78232,9.17702,2009,3.776249408721924,8.46500015258789,Western Europe
Gothenburg,SE,608462,57.70716,11.96679,2009,2.5038299560546875,6.749000072479248,Northern Europe
Kryvyy Rih,UA,603904,47.90572,33.39404,2009,3.8323616981506348,8.289999961853027,Eastern Europe
Essen,DE,593085,51.45657,7.01228,2009,3.3712522983551025,7.804999828338623,Western Europe
Málaga,ES,592346,36.72016,-4.42034,2009,5.925334453582764,10.763999938964844,Southern Europe
Dortmund,DE,588462,51.51494,7.466,2009,3.317416191101074,7.64300012588501,Western Europe
Genoa,IT,580097,44.40478,8.94439,2009,4.430032730102539,9.194999694824219,Southern Europe
Manchester,GB,568996,53.48095,-2.23743,2009,3.0502052307128906,8.08899974822998,Northern Europe
Dresden,DE,564904,51.05089,13.73832,2009,3.4413371086120605,7.86899995803833,Western Europe
Sheffield,GB,556500,53.38297,-1.4659,2009,3.0406081676483154,8.079000473022461,Northern Europe
Sevastopol,UA,547820,44.60795,33.52134,2009,4.310441017150879,9.12600040435791,Eastern Europe
Bremen,DE,546501,53.07582,8.80717,2009,3.1069865226745605,7.644000053405762,Western Europe
Vilnius,LT,542366,54.68916,25.2798,2009,2.9498960971832275,7.464000225067139,Northern Europe
Leeds,GB,536280,53.79648,-1.54785,2009,2.96931529045105,7.941999912261963,Northern Europe
Poznań,PL,536151,52.40692,16.92993,2009,3.220764636993408,7.651000022888184,Eastern Europe
Antwerp,BE,529247,51.22047,4.40026,2009,3.402920722961426,8.163000106811523,Western Europe
Lyon,FR,520774,45.74906,4.84789,2009,4.302145004272461,9.107000350952148,Western Europe
Lisbon,PT,517802,38.72509,-9.1498,2009,5.558537006378174,10.475000381469727,Southern Europe
Nuremberg,DE,515543,49.45421,11.07752,2009,3.732914924621582,8.230999946594238,Western Europe
Hannover,DE,515140,52.37052,9.73322,2009,3.2226548194885254,7.703000068664551,Western Europe
Edinburgh,GB,514990,55.95206,-3.19648,2009,2.7158658504486084,7.276000022888184,Northern Europe
Toulouse,FR,511684,43.60426,1.44367,2009,4.634334087371826,9.541000366210938,Western Europe
Buda,HU,510108,47.5,19.03333,2009,3.9020299911499023,8.840999603271484,Eastern Europe
Leipzig,DE,504971,51.33962,12.37129,2009,3.3915340900421143,7.927999973297119,Western Europe
Duisburg,DE,504358,51.43247,6.76516,2009,3.3593783378601074,7.808000087738037,Western Europe
Homyel',BY,501193,52.4345,30.9754,2009,3.256213903427124,8.015000343322754,Eastern Europe
London,GB,8961989,51.50853,-0.12574,2010,3.126890182495117,7.263000011444092,Northern Europe
Berlin,DE,3426354,52.52437,13.41053,2010,3.0163426399230957,7.284999847412109,Western Europe
Madrid,ES,3255944,40.4165,-3.70256,2010,5.067920684814453,9.645000457763672,Southern Europe
Kyiv,UA,2952301,50.45466,30.5238,2010,3.4328436851501465,7.73799991607666,Eastern Europe
Rome,IT,2318895,41.89193,12.51133,2010,4.619260311126709,9.302000045776367,Southern Europe
Paris,FR,2138551,48.85341,2.3488,2010,3.5199508666992188,7.76800012588501,Western Europe
Hamburg,DE,1973896,53.55073,9.99302,2010,2.8761260509490967,7.25600004196167,Western Europe
Bucharest,RO,1877155,44.43225,26.10626,2010,4.300649642944336,8.982000350952148,Eastern Europe
Minsk,BY,1742124,53.90019,27.56653,2010,2.98224139213562,6.908999919891357,Eastern Europe
Budapest,HU,1741041,47.49835,19.04045,2010,3.7663917541503906,8.185999870300293,Eastern Europe
Warsaw,PL,1702139,52.22977,21.01178,2010,3.144200086593628,7.283999919891357,Eastern Europe
Vienna,AT,1691468,48.20849,16.37208,2010,3.7070796489715576,8.104999542236328,Western Europe
Barcelona,ES,1686208,41.38879,2.15899,2010,4.734011173248291,9.385000228881836,Southern Europe
Stockholm,SE,1515017,59.32938,18.06871,2010,2.207712411880493,5.855999946594238,Northern Europe
Munich,DE,1505005,48.13743,11.57549,2010,3.7419755458831787,8.269000053405762,Western Europe
Kharkiv,UA,1421125,49.98177,36.25475,2010,3.537285327911377,7.836999893188477,Eastern Europe
Milan,IT,1371498,45.46427,9.18951,2010,4.035600185394287,8.357000350952148,Southern Europe
Belgrade,RS,1273651,44.80401,20.46513,2010,4.180213928222656,8.835000038146973,Southern Europe
Prague,CZ,1165581,50.08804,14.42076,2010,3.4367012977600098,7.89300012588501,Eastern Europe
Birmingham,GB,1157603,52.48142,-1.89983,2010,3.04648494720459,7.23199987411499,Northern Europe
Copenhagen,DK,1153615,55.67594,12.56553,2010,2.6177780628204346,6.552000045776367,Northern Europe
Sofia,BG,1152556,42.69751,23.32415,2010,4.805487632751465,9.925000190734863,Eastern Europe
Oslo,NO,1082575,59.91273,10.74609,2010,2.136021852493286,5.908999919891357,Northern Europe
Köln,DE,1024621,50.93333,6.95,2010,3.2325289249420166,7.869999885559082,Western Europe
Dublin,IE,1024027,53.33306,-6.24889,2010,2.91886305809021,7.114999771118164,Northern Europe
Brussels,BE,1019022,50.85045,4.34878,2010,3.239128828048706,7.460999965667725,Western Europe
Odesa,UA,1010537,46.48572,30.74383,2010,3.979586124420166,8.666000366210938,Eastern Europe
Pest,HU,1001748,47.5,19.08333,2010,3.7409560680389404,8.151000022888184,Eastern Europe
Dnipro,UA,968502,48.46664,35.04066,2010,3.7310962677001953,7.968999862670898,Eastern Europe
Naples,IT,909048,40.85216,14.26811,2010,4.8365864753723145,9.541999816894531,Southern Europe
Donetsk,UA,901645,48.023,37.80224,2010,3.80678653717041,8.282999992370605,Eastern Europe
Marseille,FR,877215,43.29695,5.38107,2010,4.3647942543029785,8.85099983215332,Western Europe
Rotterdam,NL,868135,51.9225,4.47917,2010,3.1007614135742188,7.389999866485596,Western Europe
Turin,IT,847287,45.07049,7.68682,2010,4.298610687255859,8.527999877929688,Southern Europe
Valencia,ES,824340,39.47391,-0.37966,2010,5.121649265289307,9.741999626159668,Southern Europe
Kraków,PL,816614,50.06143,19.93658,2010,3.4643781185150146,7.605999946594238,Eastern Europe
Riga,LV,742572,56.946,24.10589,2010,2.559723138809204,6.380000114440918,Northern Europe
Amsterdam,NL,741636,52.37403,4.88969,2010,3.028709650039673,7.242000102996826,Western Europe
Lviv,UA,717273,49.83826,24.02324,2010,3.5070767402648926,7.745999813079834,Eastern Europe
Zaporizhzhya,UA,710052,47.85167,35.11714,2010,3.7909207344055176,8.07800006866455,Eastern Europe
Sarajevo,BA,696731,43.84864,18.35644,2010,4.544057846069336,9.404000282287598,Southern Europe
Zaragoza,ES,686986,41.65606,-0.87734,2010,4.742465972900391,9.347000122070312,Southern Europe
Sevilla,ES,686741,37.38283,-5.97317,2010,5.533629894256592,10.222000122070312,Southern Europe
Wrocław,PL,672545,51.10286,17.03006,2010,3.255674123764038,7.559000015258789,Eastern Europe
Athens,GR,664046,37.98376,23.72784,2010,5.476449489593506,10.47700023651123,Southern Europe
Zagreb,HR,663592,45.81444,15.97798,2010,3.9930903911590576,8.458000183105469,Southern Europe
Helsinki,FI,658864,60.16952,24.93545,2010,2.1683123111724854,5.9120001792907715,Northern Europe
Frankfurt am Main,DE,650000,50.11552,8.68417,2010,3.348778009414673,7.765999794006348,Western Europe
Palermo,IT,648260,38.1166,13.3636,2010,5.437739849090576,10.246000289916992,Southern Europe
Łódź,PL,639890,51.77058,19.47395,2010,3.1651453971862793,7.3460001945495605,Eastern Europe
Chisinau,MD,635994,47.00902,28.85938,2010,3.8944382667541504,8.468999862670898,Eastern Europe
Glasgow,GB,626410,55.86515,-4.25763,2010,2.5746328830718994,6.691999912261963,Northern Europe
Düsseldorf,DE,618685,51.22319,6.77927,2010,3.201476812362671,7.816999912261963,Western Europe
Stuttgart,DE,612663,48.78232,9.17702,2010,3.5596632957458496,8.005999565124512,Western Europe
Gothenburg,SE,608462,57.70716,11.96679,2010,2.388805627822876,6.242000102996826,Northern Europe
Kryvyy Rih,UA,603904,47.90572,33.39404,2010,3.7968382835388184,8.27299976348877,Eastern Europe
Essen,DE,593085,51.45657,7.01228,2010,3.178197145462036,7.828999996185303,Western Europe
Málaga,ES,592346,36.72016,-4.42034,2010,5.726632595062256,10.234999656677246,Southern Europe
Dortmund,DE,588462,51.51494,7.466,2010,3.128627300262451,7.714000225067139,Western Europe
Genoa,IT,580097,44.40478,8.94439,2010,4.17478084564209,8.592000007629395,Southern Europe
Manchester,GB,568996,53.48095,-2.23743,2010,2.9186878204345703,7.144999980926514,Northern Europe
Dresden,DE,564904,51.05089,13.73832,2010,3.2639782428741455,7.7170000076293945,Western Europe
Sheffield,GB,556500,53.38297,-1.4659,2010,2.9015862941741943,7.11299991607666,Northern Europe
Sevastopol,UA,547820,44.60795,33.52134,2010,4.307240962982178,9.369000434875488,Eastern Europe
Bremen,DE,546501,53.07582,8.80717,2010,2.9332821369171143,7.209000110626221,Western Europe
Vilnius,LT,542366,54.68916,25.2798,2010,2.85294771194458,6.794000148773193,Northern Europe
Leeds,GB,536280,53.79648,-1.54785,2010,2.8367040157318115,7.046999931335449,Northern Europe
Poznań,PL,536151,52.40692,16.92993,2010,3.0642411708831787,7.309000015258789,Eastern Europe
Antwerp,BE,529247,51.22047,4.40026,2010,3.2101943492889404,7.427000045776367,Western Europe
Lyon,FR,520774,45.74906,4.84789,2010,4.047107219696045,8.782999992370605,Western Europe
Lisbon,PT,517802,38.72509,-9.1498,2010,5.286548137664795,9.894000053405762,Southern Europe
Nuremberg,DE,515543,49.45421,11.07752,2010,3.525761842727661,7.992000102996826,Western Europe
Hannover,DE,515140,52.37052,9.73322,2010,3.0411834716796875,7.427000045776367,Western Europe
Edinburgh,GB,514990,55.95206,-3.19648,2010,2.5903561115264893,6.770999908447266,Northern Europe
Toulouse,FR,511684,43.60426,1.44367,2010,4.348728656768799,9.11299991607666,Western Europe
Buda,HU,510108,47.5,19.03333,2010,3.7409560680389404,8.151000022888184,Eastern Europe
Leipzig,DE,504971,51.33962,12.37129,2010,3.2154879570007324,7.513000011444092,Western Europe
Duisburg,DE,504358,51.43247,6.76516,2010,3.1679258346557617,7.789999961853027,Western Europe
Homyel',BY,501193,52.4345,30.9754,2010,3.173388957977295,7.146999835968018,Eastern Europe
London,GB,8961989,51.50853,-0.12574,2011,3.330314874649048,8.034000396728516,Northern Europe
Berlin,DE,3426354,52.52437,13.41053,2011,3.2839536666870117,7.620999813079834,Western Europe
Madrid,ES,3255944,40.4165,-3.70256,2011,5.494846343994141,10.92199993133545,Southern Europe
Kyiv,UA,2952301,50.45466,30.5238,2011,3.677271604537964,8.574999809265137,Eastern Europe
Rome,IT,2318895,41.89193,12.51133,2011,5.049090385437012,10.545000076293945,Southern Europe
Paris,FR,2138551,48.85341,2.3488,2011,3.799326181411743,8.539999961853027,Western Europe
Hamburg,DE,1973896,53.55073,9.99302,2011,3.1198108196258545,7.578000068664551,Western Europe
Bucharest,RO,1877155,44.43225,26.10626,2011,4.630649566650391,10.062999725341797,Eastern Europe
Minsk,BY,1742124,53.90019,27.56653,2011,3.2105536460876465,7.761000156402588,Eastern Europe
Budapest,HU,1741041,47.49835,19.04045,2011,4.112632751464844,8.98799991607666,Eastern Europe
Warsaw,PL,1702139,52.22977,21.01178,2011,3.404860019683838,7.86899995803833,Eastern Europe
Vienna,AT,1691468,48.20849,16.37208,2011,4.045755863189697,8.630999565124512,Western Europe
Barcelona,ES,1686208,41.38879,2.15899,2011,5.169690132141113,10.244000434875488,Southern Europe
Stockholm,SE,1515017,59.32938,18.06871,2011,2.348912239074707,6.63100004196167,Northern Europe
Munich,DE,1505005,48.13743,11.57549,2011,4.096076965332031,8.947999954223633,Western Europe
Kharkiv,UA,1421125,49.98177,36.25475,2011,3.7444138526916504,8.690999984741211,Eastern Europe
Milan,IT,1371498,45.46427,9.18951,2011,4.442630290985107,9.194999694824219,Southern Europe
Belgrade,RS,1273651,44.80401,20.46513,2011,4.541638374328613,9.717000007629395,Southern Europe
Prague,CZ,1165581,50.08804,14.42076,2011,3.748953104019165,8.256999969482422,Eastern Europe
Birmingham,GB,1157603,52.48142,-1.89983,2011,3.220909833908081,7.802999973297119,Northern Europe
Copenhagen,DK,1153615,55.67594,12.56553,2011,2.8224194049835205,7.281000137329102,Northern Europe
Sofia,BG,1152556,42.69751,23.32415,2011,5.169345378875732,11.0,Eastern Europe
Oslo,NO,1082575,59.91273,10.74609,2011,2.296257257461548,6.535999774932861,Northern Europe
Köln,DE,1024621,50.93333,6.95,2011,3.499953508377075,7.960999965667725,Western Europe
Dublin,IE,1024027,53.33306,-6.24889,2011,3.0514822006225586,7.5279998779296875,Northern Europe
Brussels,BE,1019022,50.85045,4.34878,2011,3.479980707168579,8.050000190734863,Western Europe
Odesa,UA,1010537,46.48572,30.74383,2011,4.271610736846924,9.866999626159668,Eastern Europe
Pest,HU,1001748,47.5,19.08333,2011,4.085512638092041,8.965999603271484,Eastern Europe
Dnipro,UA,968502,48.46664,35.04066,2011,3.981125831604004,9.031999588012695,Eastern Europe
Naples,IT,909048,40.85216,14.26811,2011,5.250394821166992,11.005000114440918,Southern Europe
Donetsk,UA,901645,48.023,37.80224,2011,4.045041084289551,9.052000045776367,Eastern Europe
Marseille,FR,877215,43.29695,5.38107,2011,4.807019233703613,9.836000442504883,Western Europe
Rotterdam,NL,868135,51.9225,4.47917,2011,3.329164505004883,7.797999858856201,Western Europe
Turin,IT,847287,45.07049,7.68682,2011,4.7491865158081055,9.501999855041504,Southern Europe
Valencia,ES,824340,39.47391,-0.37966,2011,5.534323692321777,10.723999977111816,Southern Europe
Kraków,PL,816614,50.06143,19.93658,2011,3.769887685775757,8.40999984741211,Eastern Europe
Riga,LV,742572,56.946,24.10589,2011,2.738717794418335,6.6620001792907715,Northern Europe
Amsterdam,NL,741636,52.37403,4.88969,2011,3.2555532455444336,7.623000144958496,Western Europe
Lviv,UA,717273,49.83826,24.02324,2011,3.7922794818878174,8.541000366210938,Eastern Europe
Zaporizhzhya,UA,710052,47.85167,35.11714,2011,4.053098678588867,9.053000450134277,Eastern Europe
Sarajevo,BA,696731,43.84864,18.35644,2011,4.949851989746094,10.534000396728516,Southern Europe
Zaragoza,ES,686986,41.65606,-0.87734,2011,5.1868767738342285,10.288999557495117,Southern Europe
Sevilla,ES,686741,37.38283,-5.97317,2011,5.892402648925781,11.25100040435791,Southern Europe
Wrocław,PL,672545,51.10286,17.03006,2011,3.5368189811706543,8.071000099182129,Eastern Europe
Athens,GR,664046,37.98376,23.72784,2011,5.769810676574707,11.668999671936035,Southern Europe
Zagreb,HR,663592,45.81444,15.97798,2011,4.369685173034668,9.637999534606934,Southern Europe
Helsinki,FI,658864,60.16952,24.93545,2011,2.3058574199676514,6.408999919891357,Northern Europe
Frankfurt am Main,DE,650000,50.11552,8.68417,2011,3.640794515609741,8.218000411987305,Western Europe
Palermo,IT,648260,38.1166,13.3636,2011,5.808290004730225,11.454000473022461,Southern Europe
Łódź,PL,639890,51.77058,19.47395,2011,3.429717540740967,7.931000232696533,Eastern Europe
Chisinau,MD,635994,47.00902,28.85938,2011,4.191076278686523,9.635000228881836,Eastern Europe
Glasgow,GB,626410,55.86515,-4.25763,2011,2.7129781246185303,7.006999969482422,Northern Europe
Düsseldorf,DE,618685,51.22319,6.77927,2011,3.4655396938323975,7.916999816894531,Western Europe
Stuttgart,DE,612663,48.78232,9.17702,2011,3.876953125,8.562999725341797,Western Europe
Gothenburg,SE,608462,57.70716,11.96679,2011,2.565641164779663,6.888000011444092,Northern Europe
Kryvyy Rih,UA,603904,47.90572,33.39404,2011,4.0628767013549805,9.319999694824219,Eastern Europe
Essen,DE,593085,51.45657,7.01228,2011,3.44252872467041,7.933000087738037,Western Europe
Málaga,ES,592346,36.72016,-4.42034,2011,6.079046726226807,11.508999824523926,Southern Europe
Dortmund,DE,588462,51.51494,7.466,2011,3.3910162448883057,7.88100004196167,Western Europe
Genoa,IT,580097,44.40478,8.94439,2011,4.608006000518799,9.444999694824219,Southern Europe
Manchester,GB,568996,53.48095,-2.23743,2011,3.0775232315063477,7.670000076293945,Northern Europe
Dresden,DE,564904,51.05089,13.73832,2011,3.559819221496582,7.992000102996826,Western Europe
Sheffield,GB,556500,53.38297,-1.4659,2011,3.066476583480835,7.585999965667725,Northern Europe
Sevastopol,UA,547820,44.60795,33.52134,2011,4.57946252822876,9.916999816894531,Eastern Europe
Bremen,DE,546501,53.07582,8.80717,2011,3.182262897491455,7.607999801635742,Western Europe
Vilnius,LT,542366,54.68916,25.2798,2011,3.0657944679260254,7.394999980926514,Northern Europe
Leeds,GB,536280,53.79648,-1.54785,2011,2.9955642223358154,7.513000011444092,Northern Europe
Poznań,PL,536151,52.40692,16.92993,2011,3.3218655586242676,7.577000141143799,Eastern Europe
Antwerp,BE,529247,51.22047,4.40026,2011,3.4478466510772705,8.027000427246094,Western Europe
Lyon,FR,520774,45.74906,4.84789,2011,4.444575309753418,9.392999649047852,Western Europe
Lisbon,PT,517802,38.72509,-9.1498,2011,5.668056964874268,10.680000305175781,Southern Europe
Nuremberg,DE,515543,49.45421,11.07752,2011,3.85302734375,8.656999588012695,Western Europe
Hannover,DE,515140,52.37052,9.73322,2011,3.312948226928711,7.874000072479248,Western Europe
Edinburgh,GB,514990,55.95206,-3.19648,2011,2.734339952468872,7.210000038146973,Northern Europe
Toulouse,FR,511684,43.60426,1.44367,2011,4.773624897003174,9.79800033569336,Western Europe
Buda,HU,510108,47.5,19.03333,2011,4.085512638092041,8.965999603271484,Eastern Europe
Leipzig,DE,504971,51.33962,12.37129,2011,3.5070574283599854,8.088000297546387,Western Europe
Duisburg,DE,504358,51.43247,6.76516,2011,3.4290714263916016,7.869999885559082,Western Europe
Homyel',BY,501193,52.4345,30.9754,2011,3.404386520385742,8.116999626159668,Eastern Europe
London,GB,8961989,51.50853,-0.12574,2012,3.2960329055786133,8.373000144958496,Northern Europe
Berlin,DE,3426354,52.52437,13.41053,2012,3.234797477722168,7.980999946594238,Western Europe
Madrid,ES,3255944,40.4165,-3.70256,2012,5.437013626098633,10.57800006866455,Southern Europe
Kyiv,UA,2952301,50.45466,30.5238,2012,3.688263177871704,8.562999725341797,Eastern Europe
Rome,IT,2318895,41.89193,12.51133,2012,5.020685195922852,10.218999862670898,Southern Europe
Paris,FR,2138551,48.85341,2.3488,2012,3.7610464096069336,8.979999542236328,Western Europe
Hamburg,DE,1973896,53.55073,9.99302,2012,3.0779449939727783,7.839000225067139,Western Europe
Bucharest,RO,1877155,44.43225,26.10626,2012,4.625947952270508,10.006999969482422,Eastern Europe
Minsk,BY,1742124,53.90019,27.56653,2012,3.167386054992676,8.005000114440918,Eastern Europe
Budapest,HU,1741041,47.49835,19.04045,2012,4.072632789611816,8.932999610900879,Eastern Europe
Warsaw,PL,1702139,52.22977,21.01178,2012,3.374706983566284,8.168999671936035,Eastern Europe
Vienna,AT,1691468,48.20849,16.37208,2012,4.017303943634033,8.963000297546387,Western Europe
Barcelona,ES,1686208,41.38879,2.15899,2012,5.1013593673706055,10.057000160217285,Southern Europe
Stockholm,SE,1515017,59.32938,18.06871,2012,2.2850327491760254,6.309999942779541,Northern Europe
Munich,DE,1505005,48.13743,11.57549,2012,4.048854827880859,9.277000427246094,Western Europe
Kharkiv,UA,1421125,49.98177,36.25475,2012,3.7569944858551025,9.015999794006348,Eastern Europe
Milan,IT,1371498,45.46427,9.18951,2012,4.385547637939453,9.484000205993652,Southern Europe
Belgrade,RS,1273651,44.80401,20.46513,2012,4.511224269866943,9.366000175476074,Southern Europe
Prague,CZ,1165581,50.08804,14.42076,2012,3.7138960361480713,8.71500015258789,Eastern Europe
Birmingham,GB,1157603,52.48142,-1.89983,2012,3.1906304359436035,8.043000221252441,Northern Europe
Copenhagen,DK,1153615,55.67594,12.56553,2012,2.763498544692993,7.0370001792907715,Northern Europe
Sofia,BG,1152556,42.69751,23.32415,2012,5.149509906768799,10.553000450134277,Eastern Europe
Oslo,NO,1082575,59.91273,10.74609,2012,2.2281177043914795,6.1020002365112305,Northern Europe
Köln,DE,1024621,50.93333,6.95,2012,3.4651126861572266,8.279999732971191,Western Europe
Dublin,IE,1024027,53.33306,-6.24889,2012,3.03043532371521,7.501999855041504,Northern Europe
Brussels,BE,1019022,50.85045,4.34878,2012,3.448235511779785,8.42199993133545,Western Europe
Odesa,UA,1010537,46.48572,30.74383,2012,4.262575626373291,9.491000175476074,Eastern Europe
Pest,HU,1001748,47.5,19.08333,2012,4.046046733856201,8.892000198364258,Eastern Europe
Dnipro,UA,968502,48.46664,35.04066,2012,3.9724438190460205,9.251999855041504,Eastern Europe
Naples,IT,909048,40.85216,14.26811,2012,5.2394304275512695,10.586000442504883,Southern Europe
Donetsk,UA,901645,48.023,37.80224,2012,4.042465686798096,9.57699966430664,Eastern Europe
Marseille,FR,877215,43.29695,5.38107,2012,4.729819297790527,9.918999671936035,Western Europe
Rotterdam,NL,868135,51.9225,4.47917,2012,3.291041135787964,8.107999801635742,Western Europe
Turin,IT,847287,45.07049,7.68682,2012,4.6724958419799805,9.800000190734863,Southern Europe
Valencia,ES,824340,39.47391,-0.37966,2012,5.4777069091796875,10.472999572753906,Southern Europe
Kraków,PL,816614,50.06143,19.93658,2012,3.7289698123931885,8.553000450134277,Eastern Europe
Riga,LV,742572,56.946,24.10589,2012,2.6891260147094727,7.410999774932861,Northern Europe
Amsterdam,NL,741636,52.37403,4.88969,2012,3.2127344608306885,7.96999979019165,Western Europe
Lviv,UA,717273,49.83826,24.02324,2012,3.7820546627044678,8.718000411987305,Eastern Europe
Zaporizhzhya,UA,710052,47.85167,35.11714,2012,4.034955978393555,9.39799976348877,Eastern Europe
Sarajevo,BA,696731,43.84864,18.35644,2012,4.923778057098389,10.187999725341797,Southern Europe
Zaragoza,ES,686986,41.65606,-0.87734,2012,5.1114349365234375,10.177000045776367,Southern Europe
Sevilla,ES,686741,37.38283,-5.97317,2012,5.827972412109375,10.675999641418457,Southern Europe
Wrocław,PL,672545,51.10286,17.03006,2012,3.4989097118377686,8.381999969482422,Eastern Europe
Athens,GR,664046,37.98376,23.72784,2012,5.725465774536133,10.888999938964844,Southern Europe
Zagreb,HR,663592,45.81444,15.97798,2012,4.330852031707764,9.425999641418457,Southern Europe
Helsinki,FI,658864,60.16952,24.93545,2012,2.231720447540283,6.491000175476074,Northern Europe
Frankfurt am Main,DE,650000,50.11552,8.68417,2012,3.607654571533203,8.416000366210938,Western Europe
Palermo,IT,648260,38.1166,13.3636,2012,5.779657363891602,11.270000457763672,Southern Europe
Łódź,PL,639890,51.77058,19.47395,2012,3.3940465450286865,8.223999977111816,Eastern Europe
Chisinau,MD,635994,47.00902,28.85938,2012,4.189363956451416,9.255000114440918,Eastern Europe
Glasgow,GB,626410,55.86515,-4.25763,2012,2.718320608139038,6.763000011444092,Northern Europe
Düsseldorf,DE,618685,51.22319,6.77927,2012,3.4286139011383057,8.22599983215332,Western Europe
Stuttgart,DE,612663,48.78232,9.17702,2012,3.8389782905578613,8.904999732971191,Western Europe
Gothenburg,SE,608462,57.70716,11.96679,2012,2.498802661895752,6.508999824523926,Northern Europe
Kryvyy Rih,UA,603904,47.90572,33.39404,2012,4.050320625305176,9.302000045776367,Eastern Europe
Essen,DE,593085,51.45657,7.01228,2012,3.4047231674194336,8.154999732971191,Western Europe
Málaga,ES,592346,36.72016,-4.42034,2012,6.018712043762207,10.954999923706055,Southern Europe
Dortmund,DE,588462,51.51494,7.466,2012,3.3525233268737793,8.111000061035156,Western Europe
Genoa,IT,580097,44.40478,8.94439,2012,4.544186115264893,9.427000045776367,Southern Europe
Manchester,GB,568996,53.48095,-2.23743,2012,3.0587422847747803,7.63700008392334,Northern Europe
Dresden,DE,564904,51.05089,13.73832,2012,3.5186984539031982,8.442000389099121,Western Europe
Sheffield,GB,556500,53.38297,-1.4659,2012,3.0454657077789307,7.605000019073486,Northern Europe
Sevastopol,UA,547820,44.60795,33.52134,2012,4.560696125030518,10.265999794006348,Eastern Europe
Bremen,DE,546501,53.07582,8.80717,2012,3.1400768756866455,7.920000076293945,Western Europe
Vilnius,LT,542366,54.68916,25.2798,2012,3.0236523151397705,7.997000217437744,Northern Europe
Leeds,GB,536280,53.79648,-1.54785,2012,2.980260133743286,7.507999897003174,Northern Europe
Poznań,PL,536151,52.40692,16.92993,2012,3.2847039699554443,8.234000205993652,Eastern Europe
Antwerp,BE,529247,51.22047,4.40026,2012,3.4148108959198,8.383000373840332,Western Europe
Lyon,FR,520774,45.74906,4.84789,2012,4.362706661224365,9.53499984741211,Western Europe
Lisbon,PT,517802,38.72509,-9.1498,2012,5.578829765319824,10.576000213623047,Southern Europe
Nuremberg,DE,515543,49.45421,11.07752,2012,3.8103067874908447,8.694000244140625,Western Europe
Hannover,DE,515140,52.37052,9.73322,2012,3.271479368209839,8.255999565124512,Western Europe
Edinburgh,GB,514990,55.95206,-3.19648,2012,2.7319891452789307,7.059000015258789,Northern Europe
Toulouse,FR,511684,43.60426,1.44367,2012,4.68508243560791,9.821999549865723,Western Europe
Buda,HU,510108,47.5,19.03333,2012,4.046046733856201,8.892000198364258,Eastern Europe
Leipzig,DE,504971,51.33962,12.37129,2012,3.4649641513824463,8.541000366210938,Western Europe
Duisburg,DE,504358,51.43247,6.76516,2012,3.3897619247436523,8.163000106811523,Western Europe
Homyel',BY,501193,52.4345,30.9754,2012,3.4022715091705322,8.20300006866455,Eastern Europe
London,GB,8961989,51.50853,-0.12574,2013,3.211038589477539,7.433000087738037,Northern Europe
Berlin,DE,3426354,52.52437,13.41053,2013,3.127246379852295,7.236000061035156,Western Europe
Madrid,ES,3255944,40.4165,-3.70256,2013,5.20021390914917,10.01099967956543,Southern Europe
Kyiv,UA,2952301,50.45466,30.5238,2013,3.4697425365448,8.182000160217285,Eastern Europe
Rome,IT,2318895,41.89193,12.51133,2013,4.732490539550781,9.487000465393066,Southern Europe
Paris,FR,2138551,48.85341,2.3488,2013,3.6031477451324463,7.984000205993652,Western Europe
Hamburg,DE,1973896,53.55073,9.99302,2013,2.9748194217681885,7.182000160217285,Western Europe
Bucharest,RO,1877155,44.43225,26.10626,2013,4.352161884307861,9.173999786376953,Eastern Europe
Minsk,BY,1742124,53.90019,27.56653,2013,3.0306191444396973,7.76800012588501,Eastern Europe
Budapest,HU,1741041,47.49835,19.04045,2013,3.8342573642730713,8.074000358581543,Eastern Europe
Warsaw,PL,1702139,52.22977,21.01178,2013,3.2241644859313965,7.2129998207092285,Eastern Europe
Vienna,AT,1691468,48.20849,16.37208,2013,3.7804768085479736,8.041999816894531,Western Europe
Barcelona,ES,1686208,41.38879,2.15899,2013,4.843580722808838,9.484999656677246,Southern Europe
Stockholm,SE,1515017,59.32938,18.06871,2013,2.252493143081665,5.749000072479248,Northern Europe
Munich,DE,1505005,48.13743,11.57549,2013,3.840988874435425,8.295000076293945,Western Europe
Kharkiv,UA,1421125,49.98177,36.25475,2013,3.509594678878784,8.35200023651123,Eastern Europe
Milan,IT,1371498,45.46427,9.18951,2013,4.135202884674072,8.767000198364258,Southern Europe
Belgrade,RS,1273651,44.80401,20.46513,2013,4.242485046386719,8.585000038146973,Southern Europe
Prague,CZ,1165581,50.08804,14.42076,2013,3.535646438598633,7.640999794006348,Eastern Europe
Birmingham,GB,1157603,52.48142,-1.89983,2013,3.1213886737823486,7.35699987411499,Northern Europe
Copenhagen,DK,1153615,55.67594,12.56553,2013,2.695493221282959,6.427000045776367,Northern Europe
Sofia,BG,1152556,42.69751,23.32415,2013,4.877649307250977,9.883000373840332,Eastern Europe
Oslo,NO,1082575,59.91273,10.74609,2013,2.1947288513183594,5.695000171661377,Northern Europe
Köln,DE,1024621,50.93333,6.95,2013,3.332545280456543,7.767000198364258,Western Europe
Dublin,IE,1024027,53.33306,-6.24889,2013,2.9678657054901123,7.263999938964844,Northern Europe
Brussels,BE,1019022,50.85045,4.34878,2013,3.3352243900299072,7.751999855041504,Western Europe
Odesa,UA,1010537,46.48572,30.74383,2013,4.001756191253662,9.085000038146973,Eastern Europe
Pest,HU,1001748,47.5,19.08333,2013,3.808375597000122,8.010000228881836,Eastern Europe
Dnipro,UA,968502,48.46664,35.04066,2013,3.71441912651062,8.512999534606934,Eastern Europe
Naples,IT,909048,40.85216,14.26811,2013,4.952487468719482,9.817000389099121,Southern Europe
Donetsk,UA,901645,48.023,37.80224,2013,3.7722108364105225,8.666999816894531,Eastern Europe
Marseille,FR,877215,43.29695,5.38107,2013,4.473019123077393,8.897000312805176,Western Europe
Rotterdam,NL,868135,51.9225,4.47917,2013,3.201019287109375,7.439000129699707,Western Europe
Turin,IT,847287,45.07049,7.68682,2013,4.402430057525635,8.85099983215332,Southern Europe
Valencia,ES,824340,39.47391,-0.37966,2013,5.230032920837402,10.11299991607666,Southern Europe
Kraków,PL,816614,50.06143,19.93658,2013,3.528205156326294,7.710000038146973,Eastern Europe
Riga,LV,742572,56.946,24.10589,2013,2.6040217876434326,7.056000232696533,Northern Europe
Amsterdam,NL,741636,52.37403,4.88969,2013,3.130509614944458,7.39300012588501,Western Europe
Lviv,UA,717273,49.83826,24.02324,2013,3.5668275356292725,7.835999965667725,Eastern Europe
Zaporizhzhya,UA,710052,47.85167,35.11714,2013,3.7791614532470703,8.628999710083008,Eastern Europe
Sarajevo,BA,696731,43.84864,18.35644,2013,4.6214494705200195,9.16100025177002,Southern Europe
Zaragoza,ES,686986,41.65606,-0.87734,2013,4.869895935058594,9.58899974822998,Southern Europe
Sevilla,ES,686741,37.38283,-5.97317,2013,5.643676280975342,10.619999885559082,Southern Europe
Wrocław,PL,672545,51.10286,17.03006,2013,3.3423588275909424,7.385000228881836,Eastern Europe
Athens,GR,664046,37.98376,23.72784,2013,5.630638122558594,10.70300006866455,Southern Europe
Zagreb,HR,663592,45.81444,15.97798,2013,4.05781364440918,8.411999702453613,Southern Europe
Helsinki,FI,658864,60.16952,24.93545,2013,2.1861753463745117,6.302999973297119,Northern Europe
Frankfurt am Main,DE,650000,50.11552,8.68417,2013,3.450745105743408,7.793000221252441,Western Europe
Palermo,IT,648260,38.1166,13.3636,2013,5.585868835449219,10.583000183105469,Southern Europe
Łódź,PL,639890,51.77058,19.47395,2013,3.242208242416382,7.363999843597412,Eastern Europe
Chisinau,MD,635994,47.00902,28.85938,2013,3.939101219177246,8.913999557495117,Eastern Europe
Glasgow,GB,626410,55.86515,-4.25763,2013,2.650074005126953,6.7230000495910645,Northern Europe
Düsseldorf,DE,618685,51.22319,6.77927,2013,3.303010940551758,7.758999824523926,Western Europe
Stuttgart,DE,612663,48.78232,9.17702,2013,3.6595451831817627,7.960999965667725,Western Europe
Gothenburg,SE,608462,57.70716,11.96679,2013,2.4539644718170166,6.294000148773193,Northern Europe
Kryvyy Rih,UA,603904,47.90572,33.39404,2013,3.7980823516845703,8.559000015258789,Eastern Europe
Essen,DE,593085,51.45657,7.01228,2013,3.283008575439453,7.741000175476074,Western Europe
Málaga,ES,592346,36.72016,-4.42034,2013,5.828887462615967,10.835000038146973,Southern Europe
Dortmund,DE,588462,51.51494,7.466,2013,3.2375314235687256,7.664999961853027,Western Europe
Genoa,IT,580097,44.40478,8.94439,2013,4.284588813781738,8.83899974822998,Southern Europe
Manchester,GB,568996,53.48095,-2.23743,2013,2.9938957691192627,7.197000026702881,Northern Europe
Dresden,DE,564904,51.05089,13.73832,2013,3.367246389389038,7.460999965667725,Western Europe
Sheffield,GB,556500,53.38297,-1.4659,2013,2.981405258178711,7.196000099182129,Northern Europe
Sevastopol,UA,547820,44.60795,33.52134,2013,4.307007789611816,9.494999885559082,Eastern Europe
Bremen,DE,546501,53.07582,8.80717,2013,3.0432028770446777,7.599999904632568,Western Europe
Vilnius,LT,542366,54.68916,25.2798,2013,2.9097750186920166,7.495999813079834,Northern Europe
Leeds,GB,536280,53.79648,-1.54785,2013,2.9169371128082275,7.083000183105469,Northern Europe
Poznań,PL,536151,52.40692,16.92993,2013,3.163663148880005,7.3420000076293945,Eastern Europe
Antwerp,BE,529247,51.22047,4.40026,2013,3.307520627975464,7.716000080108643,Western Europe
Lyon,FR,520774,45.74906,4.84789,2013,4.116734504699707,8.513999938964844,Western Europe
Lisbon,PT,517802,38.72509,-9.1498,2013,5.437657356262207,10.336000442504883,Southern Europe
Nuremberg,DE,515543,49.45421,11.07752,2013,3.6330766677856445,7.86299991607666,Western Europe
Hannover,DE,515140,52.37052,9.73322,2013,3.1545369625091553,7.5229997634887695,Western Europe
Edinburgh,GB,514990,55.95206,-3.19648,2013,2.6705095767974854,6.623000144958496,Northern Europe
Toulouse,FR,511684,43.60426,1.44367,2013,4.433690071105957,8.982999801635742,Western Europe
Buda,HU,510108,47.5,19.03333,2013,3.808375597000122,8.010000228881836,Eastern Europe
Leipzig,DE,504971,51.33962,12.37129,2013,3.3243725299835205,7.482999801635742,Western Europe
Duisburg,DE,504358,51.43247,6.76516,2013,3.270230293273926,7.734000205993652,Western Europe
Homyel',BY,501193,52.4345,30.9754,2013,3.218287706375122,7.900000095367432,Eastern Europe
London,GB,8961989,51.50853,-0.12574,2014,3.1885781288146973,7.189000129699707,Northern Europe
Berlin,DE,3426354,52.52437,13.41053,2014,3.0848846435546875,7.138999938964844,Western Europe
Madrid,ES,3255944,40.4165,-3.70256,2014,5.295838356018066,9.890999794006348,Southern Europe
Kyiv,UA,2952301,50.45466,30.5238,2014,3.5038931369781494,7.349999904632568,Eastern Europe
Rome,IT,2318895,41.89193,12.51133,2014,4.768043518066406,10.026000022888184,Southern Europe
Paris,FR,2138551,48.85341,2.3488,2014,3.6015889644622803,7.658999919891357,Western Europe
Hamburg,DE,1973896,53.55073,9.99302,2014,2.94024920463562,7.170000076293945,Western Europe
Bucharest,RO,1877155,44.43225,26.10626,2014,4.412232875823975,8.925000190734863,Eastern Europe
Minsk,BY,1742124,53.90019,27.56653,2014,3.024559259414673,6.820000171661377,Eastern Europe
Budapest,HU,1741041,47.49835,19.04045,2014,3.8725426197052,8.107999801635742,Eastern Europe
Warsaw,PL,1702139,52.22977,21.01178,2014,3.2031750679016113,7.250999927520752,Eastern Europe
Vienna,AT,1691468,48.20849,16.37208,2014,3.80900239944458,8.055000305175781,Western Europe
Barcelona,ES,1686208,41.38879,2.15899,2014,4.913766860961914,9.291999816894531,Southern Europe
Stockholm,SE,1515017,59.32938,18.06871,2014,2.243684768676758,5.795000076293945,Northern Europe
Munich,DE,1505005,48.13743,11.57549,2014,3.8529865741729736,8.279000282287598,Western Europe
Kharkiv,UA,1421125,49.98177,36.25475,2014,3.583970069885254,7.926000118255615,Eastern Europe
Milan,IT,1371498,45.46427,9.18951,2014,4.176342487335205,8.54699993133545,Southern Europe
Belgrade,RS,1273651,44.80401,20.46513,2014,4.281627178192139,8.670999526977539,Southern Europe
Prague,CZ,1165581,50.08804,14.42076,2014,3.514345407485962,7.656000137329102,Eastern Europe
Birmingham,GB,1157603,52.48142,-1.89983,2014,3.101287603378296,7.131999969482422,Northern Europe
Copenhagen,DK,1153615,55.67594,12.56553,2014,2.6733782291412354,6.589000225067139,Northern Europe
Sofia,BG,1152556,42.69751,23.32415,2014,4.924230098724365,10.168000221252441,Eastern Europe
Oslo,NO,1082575,59.91273,10.74609,2014,2.210909843444824,5.921000003814697,Northern Europe
Köln,DE,1024621,50.93333,6.95,2014,3.3181233406066895,7.61299991607666,Western Europe
Dublin,IE,1024027,53.33306,-6.24889,2014,2.960430383682251,7.189000129699707,Northern Europe
Brussels,BE,1019022,50.85045,4.34878,2014,3.319169759750366,7.474999904632568,Western Europe
Odesa,UA,1010537,46.48572,30.74383,2014,4.0827317237854,8.560999870300293,Eastern Europe
Pest,HU,1001748,47.5,19.08333,2014,3.8481805324554443,8.079000473022461,Eastern Europe
Dnipro,UA,968502,48.46664,35.04066,2014,3.814018964767456,8.317999839782715,Eastern Europe
Naples,IT,909048,40.85216,14.26811,2014,4.978512287139893,10.364999771118164,Southern Europe
Donetsk,UA,901645,48.023,37.80224,2014,3.903273820877075,8.567999839782715,Eastern Europe
Marseille,FR,877215,43.29695,5.38107,2014,4.522810935974121,8.984000205993652,Western Europe
Rotterdam,NL,868135,51.9225,4.47917,2014,3.174652099609375,7.163000106811523,Western Europe
Turin,IT,847287,45.07049,7.68682,2014,4.460306644439697,8.717000007629395,Southern Europe
Valencia,ES,824340,39.47391,-0.37966,2014,5.318087577819824,9.756999969482422,Southern Europe
Kraków,PL,816614,50.06143,19.93658,2014,3.5360686779022217,7.689000129699707,Eastern Europe
Riga,LV,742572,56.946,24.10589,2014,2.590580940246582,6.245999813079834,Northern Europe
Amsterdam,NL,741636,52.37403,4.88969,2014,3.103435754776001,7.058000087738037,Western Europe
Lviv,UA,717273,49.83826,24.02324,2014,3.5814383029937744,7.638000011444092,Eastern Europe
Zaporizhzhya,UA,710052,47.85167,35.11714,2014,3.883016586303711,8.416999816894531,Eastern Europe
Sarajevo,BA,696731,43.84864,18.35644,2014,4.647517681121826,9.26200008392334,Southern Europe
Zaragoza,ES,686986,41.65606,-0.87734,2014,4.956690311431885,9.322999954223633,Southern Europe
Sevilla,ES,686741,37.38283,-5.97317,2014,5.684641361236572,10.100000381469727,Southern Europe
Wrocław,PL,672545,51.10286,17.03006,2014,3.313854455947876,7.439000129699707,Eastern Europe
Athens,GR,664046,37.98376,23.72784,2014,5.57354211807251,10.95199966430664,Southern Europe
Zagreb,HR,663592,45.81444,15.97798,2014,4.103597164154053,8.517000198364258,Southern Europe
Helsinki,FI,658864,60.16952,24.93545,2014,2.1986985206604004,5.572999954223633,Northern Europe
Frankfurt am Main,DE,650000,50.11552,8.68417,2014,3.4379751682281494,7.666999816894531,Western Europe
Palermo,IT,648260,38.1166,13.3636,2014,5.591841220855713,11.326000213623047,Southern Europe
Łódź,PL,639890,51.77058,19.47395,2014,3.2177534103393555,7.309000015258789,Eastern Europe
Chisinau,MD,635994,47.00902,28.85938,2014,3.9953231811523438,8.133000373840332,Eastern Europe
Glasgow,GB,626410,55.86515,-4.25763,2014,2.6611807346343994,6.681000232696533,Northern Europe
Düsseldorf,DE,618685,51.22319,6.77927,2014,3.2859508991241455,7.574999809265137,Western Europe
Stuttgart,DE,612663,48.78232,9.17702,2014,3.6585562229156494,7.986999988555908,Western Europe
Gothenburg,SE,608462,57.70716,11.96679,2014,2.447397232055664,6.182000160217285,Northern Europe
Kryvyy Rih,UA,603904,47.90572,33.39404,2014,3.8888771533966064,8.192000389099121,Eastern Europe
Essen,DE,593085,51.45657,7.01228,2014,3.263613700866699,7.533999919891357,Western Europe
Málaga,ES,592346,36.72016,-4.42034,2014,5.862983703613281,10.097999572753906,Southern Europe
Dortmund,DE,588462,51.51494,7.466,2014,3.214550733566284,7.434000015258789,Western Europe
Genoa,IT,580097,44.40478,8.94439,2014,4.3241424560546875,8.57800006866455,Southern Europe
Manchester,GB,568996,53.48095,-2.23743,2014,2.9763150215148926,7.058000087738037,Northern Europe
Dresden,DE,564904,51.05089,13.73832,2014,3.33537220954895,7.440000057220459,Western Europe
Sheffield,GB,556500,53.38297,-1.4659,2014,2.9633398056030273,7.01200008392334,Northern Europe
Sevastopol,UA,547820,44.60795,33.52134,2014,4.422484874725342,9.244000434875488,Eastern Europe
Bremen,DE,546501,53.07582,8.80717,2014,3.004939556121826,7.109000205993652,Western Europe
Vilnius,LT,542366,54.68916,25.2798,2014,2.885328769683838,6.716000080108643,Northern Europe
Leeds,GB,536280,53.79648,-1.54785,2014,2.902060031890869,6.9720001220703125,Northern Europe
Poznań,PL,536151,52.40692,16.92993,2014,3.1235618591308594,7.1539998054504395,Eastern Europe
Antwerp,BE,529247,51.22047,4.40026,2014,3.2890191078186035,7.410999774932861,Western Europe
Lyon,FR,520774,45.74906,4.84789,2014,4.177676677703857,8.317000389099121,Western Europe
Lisbon,PT,517802,38.72509,-9.1498,2014,5.466803073883057,9.831000328063965,Southern Europe
Nuremberg,DE,515543,49.45421,11.07752,2014,3.6202409267425537,7.926000118255615,Western Europe
Hannover,DE,515140,52.37052,9.73322,2014,3.1156985759735107,7.289000034332275,Western Europe
Edinburgh,GB,514990,55.95206,-3.19648,2014,2.6766903400421143,6.885000228881836,Northern Europe
Toulouse,FR,511684,43.60426,1.44367,2014,4.505281925201416,8.77400016784668,Western Europe
Buda,HU,510108,47.5,19.03333,2014,3.8481805324554443,8.079000473022461,Eastern Europe
Leipzig,DE,504971,51.33962,12.37129,2014,3.2878880500793457,7.486000061035156,Western Europe
Duisburg,DE,504358,51.43247,6.76516,2014,3.2518742084503174,7.513000011444092,Western Europe
Homyel',BY,501193,52.4345,30.9754,2014,3.2317042350769043,7.008999824523926,Eastern Europe
London,GB,8961989,51.50853,-0.12574,2015,3.191230297088623,7.5289998054504395,Northern Europe
Berlin,DE,3426354,52.52437,13.41053,2015,3.0954957008361816,7.341000080108643,Western Europe
Madrid,ES,3255944,40.4165,-3.70256,2015,5.334474086761475,10.170000076293945,Southern Europe
Kyiv,UA,2952301,50.45466,30.5238,2015,3.488797664642334,7.909999847412109,Eastern Europe
Rome,IT,2318895,41.89193,12.51133,2015,4.816476821899414,9.640000343322754,Southern Europe
Paris,FR,2138551,48.85341,2.3488,2015,3.662783622741699,8.017000198364258,Western Europe
Hamburg,DE,1973896,53.55073,9.99302,2015,2.946131467819214,7.188000202178955,Western Europe
Bucharest,RO,1877155,44.43225,26.10626,2015,4.407205104827881,9.045999526977539,Eastern Europe
Minsk,BY,1742124,53.90019,27.56653,2015,3.0176329612731934,7.135000228881836,Eastern Europe
Budapest,HU,1741041,47.49835,19.04045,2015,3.8958797454833984,8.156999588012695,Eastern Europe
Warsaw,PL,1702139,52.22977,21.01178,2015,3.2089478969573975,7.327000141143799,Eastern Europe
Vienna,AT,1691468,48.20849,16.37208,2015,3.8394217491149902,8.255999565124512,Western Europe
Barcelona,ES,1686208,41.38879,2.15899,2015,4.976366996765137,9.793999671936035,Southern Europe
Stockholm,SE,1515017,59.32938,18.06871,2015,2.172109603881836,6.515999794006348,Northern Europe
Munich,DE,1505005,48.13743,11.57549,2015,3.888213634490967,8.564000129699707,Western Europe
Kharkiv,UA,1421125,49.98177,36.25475,2015,3.554698944091797,7.960000038146973,Eastern Europe
Milan,IT,1371498,45.46427,9.18951,2015,4.2459564208984375,8.788999557495117,Southern Europe
Belgrade,RS,1273651,44.80401,20.46513,2015,4.3041205406188965,8.930999755859375,Southern Europe
Prague,CZ,1165581,50.08804,14.42076,2015,3.53490948677063,7.888000011444092,Eastern Europe
Birmingham,GB,1157603,52.48142,-1.89983,2015,3.080235719680786,7.361999988555908,Northern Europe
Copenhagen,DK,1153615,55.67594,12.56553,2015,2.6367642879486084,6.785999774932861,Northern Europe
Sofia,BG,1152556,42.69751,23.32415,2015,4.929161548614502,9.942000389099121,Eastern Europe
Oslo,NO,1082575,59.91273,10.74609,2015,2.1158573627471924,6.392000198364258,Northern Europe
Köln,DE,1024621,50.93333,6.95,2015,3.355024576187134,7.642000198364258,Western Europe
Dublin,IE,1024027,53.33306,-6.24889,2015,2.9007999897003174,7.361000061035156,Northern Europe
Brussels,BE,1019022,50.85045,4.34878,2015,3.342503786087036,7.688000202178955,Western Europe
Odesa,UA,1010537,46.48572,30.74383,2015,4.048696041107178,8.66100025177002,Eastern Europe
Pest,HU,1001748,47.5,19.08333,2015,3.868027687072754,8.116999626159668,Eastern Europe
Dnipro,UA,968502,48.46664,35.04066,2015,3.7736058235168457,8.312000274658203,Eastern Europe
Naples,IT,909048,40.85216,14.26811,2015,5.005063056945801,9.862000465393066,Southern Europe
Donetsk,UA,901645,48.023,37.80224,2015,3.8530354499816895,8.666999816894531,Eastern Europe
Marseille,FR,877215,43.29695,5.38107,2015,4.588425159454346,9.229999542236328,Western Europe
Rotterdam,NL,868135,51.9225,4.47917,2015,3.1759724617004395,7.367000102996826,Western Europe
Turin,IT,847287,45.07049,7.68682,2015,4.5329155921936035,9.064000129699707,Southern Europe
Valencia,ES,824340,39.47391,-0.37966,2015,5.3496928215026855,10.013999938964844,Southern Europe
Kraków,PL,816614,50.06143,19.93658,2015,3.546893358230591,7.86299991607666,Eastern Europe
Riga,LV,742572,56.946,24.10589,2015,2.5617315769195557,6.951000213623047,Northern Europe
Amsterdam,NL,741636,52.37403,4.88969,2015,3.097764253616333,7.4079999923706055,Western Europe
Lviv,UA,717273,49.83826,24.02324,2015,3.5940794944763184,7.855999946594238,Eastern Europe
Zaporizhzhya,UA,710052,47.85167,35.11714,2015,3.8389534950256348,8.444999694824219,Eastern Europe
Sarajevo,BA,696731,43.84864,18.35644,2015,4.708544731140137,9.479000091552734,Southern Europe
Zaragoza,ES,686986,41.65606,-0.87734,2015,5.012714862823486,9.973999977111816,Southern Europe
Sevilla,ES,686741,37.38283,-5.97317,2015,5.710298538208008,10.244000434875488,Southern Europe
Wrocław,PL,672545,51.10286,17.03006,2015,3.329874038696289,7.669000148773193,Eastern Europe
Athens,GR,664046,37.98376,23.72784,2015,5.496492862701416,10.6850004196167,Southern Europe
Zagreb,HR,663592,45.81444,15.97798,2015,4.157088279724121,8.628000259399414,Southern Europe
Helsinki,FI,658864,60.16952,24.93545,2015,2.122030258178711,6.4029998779296875,Northern Europe
Frankfurt am Main,DE,650000,50.11552,8.68417,2015,3.4806439876556396,7.745999813079834,Western Europe
Palermo,IT,648260,38.1166,13.3636,2015,5.548907279968262,10.506999969482422,Southern Europe
Łódź,PL,639890,51.77058,19.47395,2015,3.2255778312683105,7.401000022888184,Eastern Europe
Chisinau,MD,635994,47.00902,28.85938,2015,3.9783945083618164,8.435999870300293,Eastern Europe
Glasgow,GB,626410,55.86515,-4.25763,2015,2.5660135746002197,6.734000205993652,Northern Europe
Düsseldorf,DE,618685,51.22319,6.77927,2015,3.319117784500122,7.607999801635742,Western Europe
Stuttgart,DE,612663,48.78232,9.17702,2015,3.7022740840911865,8.128999710083008,Western Europe
Gothenburg,SE,608462,57.70716,11.96679,2015,2.3823177814483643,6.64300012588501,Northern Europe
Kryvyy Rih,UA,603904,47.90572,33.39404,2015,3.85361385345459,8.355999946594238,Eastern Europe
Essen,DE,593085,51.45657,7.01228,2015,3.2929370403289795,7.5289998054504395,Western Europe
Málaga,ES,592346,36.72016,-4.42034,2015,5.877964496612549,10.38700008392334,Southern Europe
Dortmund,DE,588462,51.51494,7.466,2015,3.239572525024414,7.455999851226807,Western Europe
Genoa,IT,580097,44.40478,8.94439,2015,4.400008201599121,8.878999710083008,Southern Europe
Manchester,GB,568996,53.48095,-2.23743,2015,2.933049201965332,7.244999885559082,Northern Europe
Dresden,DE,564904,51.05089,13.73832,2015,3.3576080799102783,7.698999881744385,Western Europe
Sheffield,GB,556500,53.38297,-1.4659,2015,2.9234960079193115,7.224999904632568,Northern Europe
Sevastopol,UA,547820,44.60795,33.52134,2015,4.346098899841309,9.303000450134277,Eastern Europe
Bremen,DE,546501,53.07582,8.80717,2015,3.0167064666748047,7.175000190734863,Western Europe
Vilnius,LT,542366,54.68916,25.2798,2015,2.8800599575042725,7.13700008392334,Northern Europe
Leeds,GB,536280,53.79648,-1.54785,2015,2.8507204055786133,7.181000232696533,Northern Europe
Poznań,PL,536151,52.40692,16.92993,2015,3.1263535022735596,7.494999885559082,Eastern Europe
Antwerp,BE,529247,51.22047,4.40026,2015,3.306701421737671,7.64300012588501,Western Europe
Lyon,FR,520774,45.74906,4.84789,2015,4.2463698387146,8.645999908447266,Western Europe
Lisbon,PT,517802,38.72509,-9.1498,2015,5.486430644989014,10.201000213623047,Southern Europe
Nuremberg,DE,515543,49.45421,11.07752,2015,3.648630142211914,8.177000045776367,Western Europe
Hannover,DE,515140,52.37052,9.73322,2015,3.137361526489258,7.308000087738037,Western Europe
Edinburgh,GB,514990,55.95206,-3.19648,2015,2.583545207977295,6.76800012588501,Northern Europe
Toulouse,FR,511684,43.60426,1.44367,2015,4.578945159912109,9.14900016784668,Western Europe
Buda,HU,510108,47.5,19.03333,2015,3.868027687072754,8.116999626159668,Eastern Europe
Leipzig,DE,504971,51.33962,12.37129,2015,3.3116934299468994,7.620999813079834,Western Europe
Duisburg,DE,504358,51.43247,6.76516,2015,3.2801287174224854,7.565999984741211,Western Europe
Homyel',BY,501193,52.4345,30.9754,2015,3.219087839126587,7.377999782562256,Eastern Europe
London,GB,8961989,51.50853,-0.12574,2016,3.2928359508514404,7.741000175476074,Northern Europe
Berlin,DE,3426354,52.52437,13.41053,2016,3.1646969318389893,8.5649995803833,Western Europe
Madrid,ES,3255944,40.4165,-3.70256,2016,5.3955769538879395,10.505000114440918,Southern Europe
Kyiv,UA,2952301,50.45466,30.5238,2016,3.5406887531280518,8.758000373840332,Eastern Europe
Rome,IT,2318895,41.89193,12.51133,2016,4.845242977142334,10.220999717712402,Southern Europe
Paris,FR,2138551,48.85341,2.3488,2016,3.7239482402801514,8.892999649047852,Western Europe
Hamburg,DE,1973896,53.55073,9.99302,2016,3.0281364917755127,8.270000457763672,Western Europe
Bucharest,RO,1877155,44.43225,26.10626,2016,4.4643635749816895,10.039999961853027,Eastern Europe
Minsk,BY,1742124,53.90019,27.56653,2016,3.0813088417053223,8.163000106811523,Eastern Europe
Budapest,HU,1741041,47.49835,19.04045,2016,3.9410107135772705,9.345000267028809,Eastern Europe
Warsaw,PL,1702139,52.22977,21.01178,2016,3.264904260635376,8.6899995803833,Eastern Europe
Vienna,AT,1691468,48.20849,16.37208,2016,3.8909318447113037,9.090999603271484,Western Europe
Barcelona,ES,1686208,41.38879,2.15899,2016,5.0101637840271,10.326000213623047,Southern Europe
Stockholm,SE,1515017,59.32938,18.06871,2016,2.26910662651062,6.888999938964844,Northern Europe
Munich,DE,1505005,48.13743,11.57549,2016,3.944150447845459,9.661999702453613,Western Europe
Kharkiv,UA,1421125,49.98177,36.25475,2016,3.6011228561401367,8.748000144958496,Eastern Europe
Milan,IT,1371498,45.46427,9.18951,2016,4.281929016113281,9.986000061035156,Southern Europe
Belgrade,RS,1273651,44.80401,20.46513,2016,4.357196807861328,9.968000411987305,Southern Europe
Prague,CZ,1165581,50.08804,14.42076,2016,3.6081340312957764,9.277000427246094,Eastern Europe
Birmingham,GB,1157603,52.48142,-1.89983,2016,3.2047159671783447,7.784999847412109,Northern Europe
Copenhagen,DK,1153615,55.67594,12.56553,2016,2.728508234024048,7.808000087738037,Northern Europe
Sofia,BG,1152556,42.69751,23.32415,2016,5.000802993774414,10.973999977111816,Eastern Europe
Oslo,NO,1082575,59.91273,10.74609,2016,2.2172842025756836,6.704999923706055,Northern Europe
Köln,DE,1024621,50.93333,6.95,2016,3.4170219898223877,8.786999702453613,Western Europe
Dublin,IE,1024027,53.33306,-6.24889,2016,3.0423364639282227,7.922999858856201,Northern Europe
Brussels,BE,1019022,50.85045,4.34878,2016,3.413874387741089,8.621999740600586,Western Europe
Odesa,UA,1010537,46.48572,30.74383,2016,4.097606182098389,9.678999900817871,Eastern Europe
Pest,HU,1001748,47.5,19.08333,2016,3.915396213531494,9.312000274658203,Eastern Europe
Dnipro,UA,968502,48.46664,35.04066,2016,3.810601234436035,9.097000122070312,Eastern Europe
Naples,IT,909048,40.85216,14.26811,2016,5.0413498878479,10.128999710083008,Southern Europe
Donetsk,UA,901645,48.023,37.80224,2016,3.877234697341919,9.317999839782715,Eastern Europe
Marseille,FR,877215,43.29695,5.38107,2016,4.633098602294922,10.243000030517578,Western Europe
Rotterdam,NL,868135,51.9225,4.47917,2016,3.2640926837921143,8.42300033569336,Western Europe
Turin,IT,847287,45.07049,7.68682,2016,4.571123123168945,10.435999870300293,Southern Europe
Valencia,ES,824340,39.47391,-0.37966,2016,5.381265163421631,10.526000022888184,Southern Europe
Kraków,PL,816614,50.06143,19.93658,2016,3.6110105514526367,8.909000396728516,Eastern Europe
Riga,LV,742572,56.946,24.10589,2016,2.641735076904297,7.535999774932861,Northern Europe
Amsterdam,NL,741636,52.37403,4.88969,2016,3.186262369155884,8.357000350952148,Western Europe
Lviv,UA,717273,49.83826,24.02324,2016,3.6331586837768555,8.881999969482422,Eastern Europe
Zaporizhzhya,UA,710052,47.85167,35.11714,2016,3.8704209327697754,9.14799976348877,Eastern Europe
Sarajevo,BA,696731,43.84864,18.35644,2016,4.750849723815918,10.706999778747559,Southern Europe
Zaragoza,ES,686986,41.65606,-0.87734,2016,5.061899185180664,10.126999855041504,Southern Europe
Sevilla,ES,686741,37.38283,-5.97317,2016,5.779390811920166,10.737000465393066,Southern Europe
Wrocław,PL,672545,51.10286,17.03006,2016,3.403838634490967,8.930999755859375,Eastern Europe
Athens,GR,664046,37.98376,23.72784,2016,5.701849460601807,11.244999885559082,Southern Europe
Zagreb,HR,663592,45.81444,15.97798,2016,4.18980598449707,9.541000366210938,Southern Europe
Helsinki,FI,658864,60.16952,24.93545,2016,2.2131474018096924,6.863999843597412,Northern Europe
Frankfurt am Main,DE,650000,50.11552,8.68417,2016,3.542207717895508,8.986000061035156,Western Europe
Palermo,IT,648260,38.1166,13.3636,2016,5.648699760437012,10.762999534606934,Southern Europe
Łódź,PL,639890,51.77058,19.47395,2016,3.2902157306671143,8.704000473022461,Eastern Europe
Chisinau,MD,635994,47.00902,28.85938,2016,4.028962135314941,9.689000129699707,Eastern Europe
Glasgow,GB,626410,55.86515,-4.25763,2016,2.699469804763794,7.230000019073486,Northern Europe
Düsseldorf,DE,618685,51.22319,6.77927,2016,3.383718729019165,8.74899959564209,Western Europe
Stuttgart,DE,612663,48.78232,9.17702,2016,3.7616500854492188,9.307000160217285,Western Europe
Gothenburg,SE,608462,57.70716,11.96679,2016,2.480557441711426,7.072999954223633,Northern Europe
Kryvyy Rih,UA,603904,47.90572,33.39404,2016,3.891355514526367,9.114999771118164,Eastern Europe
Essen,DE,593085,51.45657,7.01228,2016,3.360114812850952,8.720000267028809,Western Europe
Málaga,ES,592346,36.72016,-4.42034,2016,5.947884559631348,10.83899974822998,Southern Europe
Dortmund,DE,588462,51.51494,7.466,2016,3.3081748485565186,8.630000114440918,Western Europe
Genoa,IT,580097,44.40478,8.94439,2016,4.428931713104248,10.130000114440918,Southern Europe
Manchester,GB,568996,53.48095,-2.23743,2016,3.0636887550354004,7.664999961853027,Northern Europe
Dresden,DE,564904,51.05089,13.73832,2016,3.430510997772217,8.923999786376953,Western Europe
Sheffield,GB,556500,53.38297,-1.4659,2016,3.049732208251953,7.53000020980835,Northern Europe
Sevastopol,UA,547820,44.60795,33.52134,2016,4.380549430847168,9.819000244140625,Eastern Europe
Bremen,DE,546501,53.07582,8.80717,2016,3.0978636741638184,8.322999954223633,Western Europe
Vilnius,LT,542366,54.68916,25.2798,2016,2.9454071521759033,8.024999618530273,Northern Europe
Leeds,GB,536280,53.79648,-1.54785,2016,2.9791829586029053,7.455999851226807,Northern Europe
Poznań,PL,536151,52.40692,16.92993,2016,3.1998417377471924,8.79800033569336,Eastern Europe
Antwerp,BE,529247,51.22047,4.40026,2016,3.3824589252471924,8.621999740600586,Western Europe
Lyon,FR,520774,45.74906,4.84789,2016,4.293336391448975,9.831000328063965,Western Europe
Lisbon,PT,517802,38.72509,-9.1498,2016,5.555144309997559,11.053999900817871,Southern Europe
Nuremberg,DE,515543,49.45421,11.07752,2016,3.7244646549224854,9.225000381469727,Western Europe
Hannover,DE,515140,52.37052,9.73322,2016,3.215688467025757,8.51099967956543,Western Europe
Edinburgh,GB,514990,55.95206,-3.19648,2016,2.7172815799713135,6.9679999351501465,Northern Europe
Toulouse,FR,511684,43.60426,1.44367,2016,4.621341705322266,10.013999938964844,Western Europe
Buda,HU,510108,47.5,19.03333,2016,3.915396213531494,9.312000274658203,Eastern Europe
Leipzig,DE,504971,51.33962,12.37129,2016,3.384289264678955,8.75100040435791,Western Europe
Duisburg,DE,504358,51.43247,6.76516,2016,3.347661256790161,8.701000213623047,Western Europe
Homyel',BY,501193,52.4345,30.9754,2016,3.2774808406829834,8.354000091552734,Eastern Europe
London,GB,8961989,51.50853,-0.12574,2017,3.361961603164673,8.312999725341797,Northern Europe
Berlin,DE,3426354,52.52437,13.41053,2017,3.235928773880005,8.008000373840332,Western Europe
Madrid,ES,3255944,40.4165,-3.70256,2017,5.498386383056641,10.581000328063965,Southern Europe
Kyiv,UA,2952301,50.45466,30.5238,2017,3.5726823806762695,8.303999900817871,Eastern Europe
Rome,IT,2318895,41.89193,12.51133,2017,4.953701019287109,9.996999740600586,Southern Europe
Paris,FR,2138551,48.85341,2.3488,2017,3.805391788482666,9.0,Western Europe
Hamburg,DE,1973896,53.55073,9.99302,2017,3.083772659301758,7.7220001220703125,Western Europe
Bucharest,RO,1877155,44.43225,26.10626,2017,4.525649070739746,10.163999557495117,Eastern Europe
Minsk,BY,1742124,53.90019,27.56653,2017,3.1084930896759033,7.488999843597412,Eastern Europe
Budapest,HU,1741041,47.49835,19.04045,2017,4.013915061950684,8.642999649047852,Eastern Europe
Warsaw,PL,1702139,52.22977,21.01178,2017,3.3288025856018066,7.60699987411499,Eastern Europe
Vienna,AT,1691468,48.20849,16.37208,2017,3.9725258350372314,8.79699993133545,Western Europe
Barcelona,ES,1686208,41.38879,2.15899,2017,5.124024868011475,10.369999885559082,Southern Europe
Stockholm,SE,1515017,59.32938,18.06871,2017,2.261331558227539,6.497000217437744,Northern Europe
Munich,DE,1505005,48.13743,11.57549,2017,4.038961887359619,8.92300033569336,Western Europe
Kharkiv,UA,1421125,49.98177,36.25475,2017,3.6377668380737305,8.522000312805176,Eastern Europe
Milan,IT,1371498,45.46427,9.18951,2017,4.383515357971191,9.28499984741211,Southern Europe
Belgrade,RS,1273651,44.80401,20.46513,2017,4.428731441497803,9.439000129699707,Southern Europe
Prague,CZ,1165581,50.08804,14.42076,2017,3.6855127811431885,8.473999977111816,Eastern Europe
Birmingham,GB,1157603,52.48142,-1.89983,2017,3.2630438804626465,8.074000358581543,Northern Europe
Copenhagen,DK,1153615,55.67594,12.56553,2017,2.7603507041931152,7.2170000076293945,Northern Europe
Sofia,BG,1152556,42.69751,23.32415,2017,5.0386738777160645,10.901000022888184,Eastern Europe
Oslo,NO,1082575,59.91273,10.74609,2017,2.2227890491485596,6.244999885559082,Northern Europe
Köln,DE,1024621,50.93333,6.95,2017,3.487632989883423,8.494000434875488,Western Europe
Dublin,IE,1024027,53.33306,-6.24889,2017,3.0877065658569336,7.945000171661377,Northern Europe
Brussels,BE,1019022,50.85045,4.34878,2017,3.4848384857177734,8.50100040435791,Western Europe
Odesa,UA,1010537,46.48572,30.74383,2017,4.150763988494873,9.848999977111816,Eastern Europe
Pest,HU,1001748,47.5,19.08333,2017,3.989358901977539,8.63599967956543,Eastern Europe
Dnipro,UA,968502,48.46664,35.04066,2017,3.8695011138916016,8.996999740600586,Eastern Europe
Naples,IT,909048,40.85216,14.26811,2017,5.138827323913574,10.22599983215332,Southern Europe
Donetsk,UA,901645,48.023,37.80224,2017,3.938994884490967,9.133999824523926,Eastern Europe
Marseille,FR,877215,43.29695,5.38107,2017,4.739197254180908,9.746999740600586,Western Europe
Rotterdam,NL,868135,51.9225,4.47917,2017,3.3285043239593506,8.241999626159668,Western Europe
Turin,IT,847287,45.07049,7.68682,2017,4.685339450836182,9.57699966430664,Southern Europe
Valencia,ES,824340,39.47391,-0.37966,2017,5.496947765350342,10.581999778747559,Southern Europe
Kraków,PL,816614,50.06143,19.93658,2017,3.6811342239379883,8.359999656677246,Eastern Europe
Riga,LV,742572,56.946,24.10589,2017,2.6290245056152344,6.739999771118164,Northern Europe
Amsterdam,NL,741636,52.37403,4.88969,2017,3.2495124340057373,8.04800033569336,Western Europe
Lviv,UA,717273,49.83826,24.02324,2017,3.7077343463897705,8.465999603271484,Eastern Europe
Zaporizhzhya,UA,710052,47.85167,35.11714,2017,3.9358325004577637,9.159000396728516,Eastern Europe
Sarajevo,BA,696731,43.84864,18.35644,2017,4.832476615905762,10.21399974822998,Southern Europe
Zaragoza,ES,686986,41.65606,-0.87734,2017,5.168369770050049,10.053999900817871,Southern Europe
Sevilla,ES,686741,37.38283,-5.97317,2017,5.870558738708496,10.76200008392334,Southern Europe
Wrocław,PL,672545,51.10286,17.03006,2017,3.466503858566284,8.218000411987305,Eastern Europe
Athens,GR,664046,37.98376,23.72784,2017,5.606139659881592,11.282999992370605,Southern Europe
Zagreb,HR,663592,45.81444,15.97798,2017,4.279375076293945,8.895999908447266,Southern Europe
Helsinki,FI,658864,60.16952,24.93545,2017,2.174882173538208,6.031000137329102,Northern Europe
Frankfurt am Main,DE,650000,50.11552,8.68417,2017,3.6142547130584717,8.579000473022461,Western Europe
Palermo,IT,648260,38.1166,13.3636,2017,5.676564693450928,10.949999809265137,Southern Europe
Łódź,PL,639890,51.77058,19.47395,2017,3.3532657623291016,7.791999816894531,Eastern Europe
Chisinau,MD,635994,47.00902,28.85938,2017,4.090011119842529,9.468999862670898,Eastern Europe
Glasgow,GB,626410,55.86515,-4.25763,2017,2.723306655883789,7.3460001945495605,Northern Europe
Düsseldorf,DE,618685,51.22319,6.77927,2017,3.4546220302581787,8.437000274658203,Western Europe
Stuttgart,DE,612663,48.78232,9.17702,2017,3.8404109477996826,8.699000358581543,Western Europe
Gothenburg,SE,608462,57.70716,11.96679,2017,2.499572515487671,6.736000061035156,Northern Europe
Kryvyy Rih,UA,603904,47.90572,33.39404,2017,3.9523122310638428,9.270000457763672,Eastern Europe
Essen,DE,593085,51.45657,7.01228,2017,3.4307174682617188,8.375,Western Europe
Málaga,ES,592346,36.72016,-4.42034,2017,6.03694486618042,10.869000434875488,Southern Europe
Dortmund,DE,588462,51.51494,7.466,2017,3.3788821697235107,8.279999732971191,Western Europe
Genoa,IT,580097,44.40478,8.94439,2017,4.544134140014648,9.27299976348877,Southern Europe
Manchester,GB,568996,53.48095,-2.23743,2017,3.1130385398864746,7.941999912261963,Northern Europe
Dresden,DE,564904,51.05089,13.73832,2017,3.503723382949829,8.291999816894531,Western Europe
Sheffield,GB,556500,53.38297,-1.4659,2017,3.102747678756714,7.892000198364258,Northern Europe
Sevastopol,UA,547820,44.60795,33.52134,2017,4.448550701141357,10.329999923706055,Eastern Europe
Bremen,DE,546501,53.07582,8.80717,2017,3.156337022781372,7.848999977111816,Western Europe
Vilnius,LT,542366,54.68916,25.2798,2017,2.970043659210205,7.203000068664551,Northern Europe
Leeds,GB,536280,53.79648,-1.54785,2017,3.0281834602355957,7.738999843597412,Northern Europe
Poznań,PL,536151,52.40692,16.92993,2017,3.260545253753662,7.841000080108643,Eastern Europe
Antwerp,BE,529247,51.22047,4.40026,2017,3.45173978805542,8.49899959564209,Western Europe
Lyon,FR,520774,45.74906,4.84789,2017,4.389607906341553,9.241999626159668,Western Europe
Lisbon,PT,517802,38.72509,-9.1498,2017,5.645778179168701,10.475000381469727,Southern Europe
Nuremberg,DE,515543,49.45421,11.07752,2017,3.799999952316284,8.604999542236328,Western Europe
Hannover,DE,515140,52.37052,9.73322,2017,3.280076742172241,8.144000053405762,Western Europe
Edinburgh,GB,514990,55.95206,-3.19648,2017,2.747575283050537,7.564000129699707,Northern Europe
Toulouse,FR,511684,43.60426,1.44367,2017,4.729221820831299,9.61400032043457,Western Europe
Buda,HU,510108,47.5,19.03333,2017,3.989358901977539,8.63599967956543,Eastern Europe
Leipzig,DE,504971,51.33962,12.37129,2017,3.460298776626587,8.35099983215332,Western Europe
Duisburg,DE,504358,51.43247,6.76516,2017,3.4189670085906982,8.35200023651123,Western Europe
Homyel',BY,501193,52.4345,30.9754,2017,3.302175283432007,7.603000164031982,Eastern Europe
London,GB,8961989,51.50853,-0.12574,2018,3.278599977493286,7.7179999351501465,Northern Europe
Berlin,DE,3426354,52.52437,13.41053,2018,3.1395339965820312,7.817999839782715,Western Europe
Madrid,ES,3255944,40.4165,-3.70256,2018,5.237572193145752,10.416000366210938,Southern Europe
Kyiv,UA,2952301,50.45466,30.5238,2018,3.5233945846557617,7.951000213623047,Eastern Europe
Rome,IT,2318895,41.89193,12.51133,2018,4.838564395904541,9.902999877929688,Southern Europe
Paris,FR,2138551,48.85341,2.3488,2018,3.6967368125915527,8.232000350952148,Western Europe
Hamburg,DE,1973896,53.55073,9.99302,2018,3.0176029205322266,7.458000183105469,Western Europe
Bucharest,RO,1877155,44.43225,26.10626,2018,4.444945335388184,9.192000389099121,Eastern Europe
Minsk,BY,1742124,53.90019,27.56653,2018,3.0391013622283936,7.124000072479248,Eastern Europe
Budapest,HU,1741041,47.49835,19.04045,2018,3.9176383018493652,8.46399974822998,Eastern Europe
Warsaw,PL,1702139,52.22977,21.01178,2018,3.241438388824463,7.533999919891357,Eastern Europe
Vienna,AT,1691468,48.20849,16.37208,2018,3.8574109077453613,8.199999809265137,Western Europe
Barcelona,ES,1686208,41.38879,2.15899,2018,4.906589031219482,9.888999938964844,Southern Europe
Stockholm,SE,1515017,59.32938,18.06871,2018,2.278879404067993,6.070000171661377,Northern Europe
Munich,DE,1505005,48.13743,11.57549,2018,3.9324934482574463,8.451000213623047,Western Europe
Kharkiv,UA,1421125,49.98177,36.25475,2018,3.6067094802856445,8.163999557495117,Eastern Europe
Milan,IT,1371498,45.46427,9.18951,2018,4.272181034088135,8.946999549865723,Southern Europe
Belgrade,RS,1273651,44.80401,20.46513,2018,4.35056209564209,9.177000045776367,Southern Europe
Prague,CZ,1165581,50.08804,14.42076,2018,3.572693109512329,7.951000213623047,Eastern Europe
Birmingham,GB,1157603,52.48142,-1.89983,2018,3.189145088195801,7.625,Northern Europe
Copenhagen,DK,1153615,55.67594,12.56553,2018,2.726684808731079,6.63100004196167,Northern Europe
Sofia,BG,1152556,42.69751,23.32415,2018,4.973095893859863,10.255000114440918,Eastern Europe
Oslo,NO,1082575,59.91273,10.74609,2018,2.2417454719543457,6.00600004196167,Northern Europe
Köln,DE,1024621,50.93333,6.95,2018,3.4071147441864014,7.834000110626221,Western Europe
Dublin,IE,1024027,53.33306,-6.24889,2018,3.024747848510742,7.580999851226807,Northern Europe
Brussels,BE,1019022,50.85045,4.34878,2018,3.406139612197876,7.7829999923706055,Western Europe
Odesa,UA,1010537,46.48572,30.74383,2018,4.093386173248291,8.878999710083008,Eastern Europe
Pest,HU,1001748,47.5,19.08333,2018,3.889988899230957,8.350000381469727,Eastern Europe
Dnipro,UA,968502,48.46664,35.04066,2018,3.8106298446655273,8.47700023651123,Eastern Europe
Naples,IT,909048,40.85216,14.26811,2018,5.043235778808594,10.532999992370605,Southern Europe
Donetsk,UA,901645,48.023,37.80224,2018,3.8923091888427734,8.79800033569336,Eastern Europe
Marseille,FR,877215,43.29695,5.38107,2018,4.57648229598999,9.225000381469727,Western Europe
Rotterdam,NL,868135,51.9225,4.47917,2018,3.2552902698516846,7.519999980926514,Western Europe
Turin,IT,847287,45.07049,7.68682,2018,4.547947883605957,9.220999717712402,Southern Europe
Valencia,ES,824340,39.47391,-0.37966,2018,5.260408401489258,10.312000274658203,Southern Europe
Kraków,PL,816614,50.06143,19.93658,2018,3.573545217514038,8.166999816894531,Eastern Europe
Riga,LV,742572,56.946,24.10589,2018,2.616504192352295,6.415999889373779,Northern Europe
Amsterdam,NL,741636,52.37403,4.88969,2018,3.1784849166870117,7.410999774932861,Western Europe
Lviv,UA,717273,49.83826,24.02324,2018,3.62516188621521,8.170999526977539,Eastern Europe
Zaporizhzhya,UA,710052,47.85167,35.11714,2018,3.8792901039123535,8.579000473022461,Eastern Europe
Sarajevo,BA,696731,43.84864,18.35644,2018,4.748786449432373,9.776000022888184,Southern Europe
Zaragoza,ES,686986,41.65606,-0.87734,2018,4.935487270355225,9.61400032043457,Southern Europe
Sevilla,ES,686741,37.38283,-5.97317,2018,5.5739617347717285,10.508999824523926,Southern Europe
Wrocław,PL,672545,51.10286,17.03006,2018,3.368852376937866,7.729000091552734,Eastern Europe
Athens,GR,664046,37.98376,23.72784,2018,5.593451499938965,10.75100040435791,Southern Europe
Zagreb,HR,663592,45.81444,15.97798,2018,4.183287620544434,8.932999610900879,Southern Europe
Helsinki,FI,658864,60.16952,24.93545,2018,2.2129478454589844,5.730999946594238,Northern Europe
Frankfurt am Main,DE,650000,50.11552,8.68417,2018,3.5274901390075684,8.057999610900879,Western Europe
Palermo,IT,648260,38.1166,13.3636,2018,5.598082065582275,11.324000358581543,Southern Europe
Łódź,PL,639890,51.77058,19.47395,2018,3.2622907161712646,7.656000137329102,Eastern Europe
Chisinau,MD,635994,47.00902,28.85938,2018,4.020087718963623,8.835000038146973,Eastern Europe
Glasgow,GB,626410,55.86515,-4.25763,2018,2.704038619995117,6.913000106811523,Northern Europe
Düsseldorf,DE,618685,51.22319,6.77927,2018,3.372706651687622,7.828999996185303,Western Europe
Stuttgart,DE,612663,48.78232,9.17702,2018,3.7481889724731445,8.02400016784668,Western Europe
Gothenburg,SE,608462,57.70716,11.96679,2018,2.4940412044525146,6.2729997634887695,Northern Europe
Kryvyy Rih,UA,603904,47.90572,33.39404,2018,3.880186080932617,8.454000473022461,Eastern Europe
Essen,DE,593085,51.45657,7.01228,2018,3.348564624786377,7.8979997634887695,Western Europe
Málaga,ES,592346,36.72016,-4.42034,2018,5.7638325691223145,10.843000411987305,Southern Europe
Dortmund,DE,588462,51.51494,7.466,2018,3.2965505123138428,7.875999927520752,Western Europe
Genoa,IT,580097,44.40478,8.94439,2018,4.412284851074219,8.937999725341797,Southern Europe
Manchester,GB,568996,53.48095,-2.23743,2018,3.0568056106567383,7.466000080108643,Northern Europe
Dresden,DE,564904,51.05089,13.73832,2018,3.3957014083862305,7.90500020980835,Western Europe
Sheffield,GB,556500,53.38297,-1.4659,2018,3.0447258949279785,7.409999847412109,Northern Europe
Sevastopol,UA,547820,44.60795,33.52134,2018,4.414495944976807,9.37600040435791,Eastern Europe
Bremen,DE,546501,53.07582,8.80717,2018,3.087775468826294,7.580999851226807,Western Europe
Vilnius,LT,542366,54.68916,25.2798,2018,2.9163613319396973,7.066999912261963,Northern Europe
Leeds,GB,536280,53.79648,-1.54785,2018,2.9779012203216553,7.35099983215332,Northern Europe
Poznań,PL,536151,52.40692,16.92993,2018,3.175915002822876,7.861000061035156,Eastern Europe
Antwerp,BE,529247,51.22047,4.40026,2018,3.374967336654663,7.734000205993652,Western Europe
Lyon,FR,520774,45.74906,4.84789,2018,4.258073806762695,8.95300006866455,Western Europe
Lisbon,PT,517802,38.72509,-9.1498,2018,5.341983795166016,10.062999725341797,Southern Europe
Nuremberg,DE,515543,49.45421,11.07752,2018,3.695676803588867,8.008000373840332,Western Europe
Hannover,DE,515140,52.37052,9.73322,2018,3.201444149017334,7.934000015258789,Western Europe
Edinburgh,GB,514990,55.95206,-3.19648,2018,2.7280330657958984,7.046000003814697,Northern Europe
Toulouse,FR,511684,43.60426,1.44367,2018,4.54555082321167,9.152000427246094,Western Europe
Buda,HU,510108,47.5,19.03333,2018,3.889988899230957,8.350000381469727,Eastern Europe
Leipzig,DE,504971,51.33962,12.37129,2018,3.3575754165649414,7.991000175476074,Western Europe
Duisburg,DE,504358,51.43247,6.76516,2018,3.3361752033233643,7.821000099182129,Western Europe
Homyel',BY,501193,52.4345,30.9754,2018,3.2469863891601562,7.414999961853027,Eastern Europe
London,GB,8961989,51.50853,-0.12574,2019,3.286356210708618,8.263999938964844,Northern Europe
Berlin,DE,3426354,52.52437,13.41053,2019,3.2071120738983154,7.736999988555908,Western Europe
Madrid,ES,3255944,40.4165,-3.70256,2019,5.419191360473633,10.720000267028809,Southern Europe
Kyiv,UA,2952301,50.45466,30.5238,2019,3.5540874004364014,8.447999954223633,Eastern Europe
Rome,IT,2318895,41.89193,12.51133,2019,4.900531768798828,9.937000274658203,Southern Europe
Paris,FR,2138551,48.85341,2.3488,2019,3.746345281600952,8.998000144958496,Western Europe
Hamburg,DE,1973896,53.55073,9.99302,2019,3.0445973873138428,7.428999900817871,Western Europe
Bucharest,RO,1877155,44.43225,26.10626,2019,4.5026164054870605,8.989999771118164,Eastern Europe
Minsk,BY,1742124,53.90019,27.56653,2019,3.092235565185547,7.676000118255615,Eastern Europe
Budapest,HU,1741041,47.49835,19.04045,2019,4.011630058288574,8.845999717712402,Eastern Europe
Warsaw,PL,1702139,52.22977,21.01178,2019,3.3200793266296387,8.0649995803833,Eastern Europe
Vienna,AT,1691468,48.20849,16.37208,2019,3.966282606124878,8.63700008392334,Western Europe
Barcelona,ES,1686208,41.38879,2.15899,2019,5.0411834716796875,10.12399959564209,Southern Europe
Stockholm,SE,1515017,59.32938,18.06871,2019,2.2667698860168457,6.353000164031982,Northern Europe
Munich,DE,1505005,48.13743,11.57549,2019,4.020528316497803,8.944999694824219,Western Europe
Kharkiv,UA,1421125,49.98177,36.25475,2019,3.624640703201294,8.142000198364258,Eastern Europe
Milan,IT,1371498,45.46427,9.18951,2019,4.320476531982422,9.569999694824219,Southern Europe
Belgrade,RS,1273651,44.80401,20.46513,2019,4.425164699554443,9.062000274658203,Southern Europe
Prague,CZ,1165581,50.08804,14.42076,2019,3.6764769554138184,8.50100040435791,Eastern Europe
Birmingham,GB,1157603,52.48142,-1.89983,2019,3.1983017921447754,8.26099967956543,Northern Europe
Copenhagen,DK,1153615,55.67594,12.56553,2019,2.7317917346954346,7.014999866485596,Northern Europe
Sofia,BG,1152556,42.69751,23.32415,2019,5.02409029006958,9.616000175476074,Eastern Europe
Oslo,NO,1082575,59.91273,10.74609,2019,2.218846559524536,5.997000217437744,Northern Europe
Köln,DE,1024621,50.93333,6.95,2019,3.4444737434387207,8.107999801635742,Western Europe
Dublin,IE,1024027,53.33306,-6.24889,2019,3.037139415740967,8.048999786376953,Northern Europe
Brussels,BE,1019022,50.85045,4.34878,2019,3.422096014022827,8.39900016784668,Western Europe
Odesa,UA,1010537,46.48572,30.74383,2019,4.130317687988281,8.82699966430664,Eastern Europe
Pest,HU,1001748,47.5,19.08333,2019,3.9866738319396973,8.904999732971191,Eastern Europe
Dnipro,UA,968502,48.46664,35.04066,2019,3.8572874069213867,8.814000129699707,Eastern Europe
Naples,IT,909048,40.85216,14.26811,2019,5.061753749847412,10.321999549865723,Southern Europe
Donetsk,UA,901645,48.023,37.80224,2019,3.9406516551971436,8.899999618530273,Eastern Europe
Marseille,FR,877215,43.29695,5.38107,2019,4.670270919799805,9.531999588012695,Western Europe
Rotterdam,NL,868135,51.9225,4.47917,2019,3.2609481811523438,8.020999908447266,Western Europe
Turin,IT,847287,45.07049,7.68682,2019,4.638882637023926,9.407999992370605,Southern Europe
Valencia,ES,824340,39.47391,-0.37966,2019,5.417147636413574,10.482999801635742,Southern Europe
Kraków,PL,816614,50.06143,19.93658,2019,3.673523187637329,8.52400016784668,Eastern Europe
Riga,LV,742572,56.946,24.10589,2019,2.634739637374878,7.081999778747559,Northern Europe
Amsterdam,NL,741636,52.37403,4.88969,2019,3.1877341270446777,7.703999996185303,Western Europe
Lviv,UA,717273,49.83826,24.02324,2019,3.686901330947876,8.449999809265137,Eastern Europe
Zaporizhzhya,UA,710052,47.85167,35.11714,2019,3.9245779514312744,8.800000190734863,Eastern Europe
Sarajevo,BA,696731,43.84864,18.35644,2019,4.808703899383545,9.527999877929688,Southern Europe
Zaragoza,ES,686986,41.65606,-0.87734,2019,5.069093227386475,10.267000198364258,Southern Europe
Sevilla,ES,686741,37.38283,-5.97317,2019,5.807646751403809,10.961999893188477,Southern Europe
Wrocław,PL,672545,51.10286,17.03006,2019,3.453199863433838,7.934000015258789,Eastern Europe
Athens,GR,664046,37.98376,23.72784,2019,5.562446594238281,10.175999641418457,Southern Europe
Zagreb,HR,663592,45.81444,15.97798,2019,4.258600234985352,9.442999839782715,Southern Europe
Helsinki,FI,658864,60.16952,24.93545,2019,2.1848299503326416,6.224999904632568,Northern Europe
Frankfurt am Main,DE,650000,50.11552,8.68417,2019,3.580087900161743,8.406000137329102,Western Europe
Palermo,IT,648260,38.1166,13.3636,2019,5.597983360290527,10.95199966430664,Southern Europe
Łódź,PL,639890,51.77058,19.47395,2019,3.3418900966644287,8.121000289916992,Eastern Europe
Chisinau,MD,635994,47.00902,28.85938,2019,4.067241191864014,8.72700023651123,Eastern Europe
Glasgow,GB,626410,55.86515,-4.25763,2019,2.6869068145751953,7.4079999923706055,Northern Europe
Düsseldorf,DE,618685,51.22319,6.77927,2019,3.408696174621582,8.074000358581543,Western Europe
Stuttgart,DE,612663,48.78232,9.17702,2019,3.8184878826141357,8.76099967956543,Western Europe
Gothenburg,SE,608462,57.70716,11.96679,2019,2.4770493507385254,6.635000228881836,Northern Europe
Kryvyy Rih,UA,603904,47.90572,33.39404,2019,3.9399702548980713,8.795000076293945,Eastern Europe
Essen,DE,593085,51.45657,7.01228,2019,3.3867509365081787,8.107999801635742,Western Europe
Málaga,ES,592346,36.72016,-4.42034,2019,5.97868537902832,11.036999702453613,Southern Europe
Dortmund,DE,588462,51.51494,7.466,2019,3.3358957767486572,8.013999938964844,Western Europe
Genoa,IT,580097,44.40478,8.94439,2019,4.498430252075195,9.720000267028809,Southern Europe
Manchester,GB,568996,53.48095,-2.23743,2019,3.060227155685425,8.076000213623047,Northern Europe
Dresden,DE,564904,51.05089,13.73832,2019,3.4741504192352295,8.003000259399414,Western Europe
Sheffield,GB,556500,53.38297,-1.4659,2019,3.041764497756958,7.919000148773193,Northern Europe
Sevastopol,UA,547820,44.60795,33.52134,2019,4.427602767944336,9.123000144958496,Eastern Europe
Bremen,DE,546501,53.07582,8.80717,2019,3.107849359512329,7.414000034332275,Western Europe
Vilnius,LT,542366,54.68916,25.2798,2019,2.961496114730835,7.585000038146973,Northern Europe
Leeds,GB,536280,53.79648,-1.54785,2019,2.9694385528564453,7.75600004196167,Northern Europe
Poznań,PL,536151,52.40692,16.92993,2019,3.24552583694458,7.710999965667725,Eastern Europe
Antwerp,BE,529247,51.22047,4.40026,2019,3.3879945278167725,8.35200023651123,Western Europe
Lyon,FR,520774,45.74906,4.84789,2019,4.328531742095947,9.333999633789062,Western Europe
Lisbon,PT,517802,38.72509,-9.1498,2019,5.6005473136901855,10.579000473022461,Southern Europe
Nuremberg,DE,515543,49.45421,11.07752,2019,3.777191638946533,8.54800033569336,Western Europe
Hannover,DE,515140,52.37052,9.73322,2019,3.245476722717285,7.622000217437744,Western Europe
Edinburgh,GB,514990,55.95206,-3.19648,2019,2.7025561332702637,7.439000129699707,Northern Europe
Toulouse,FR,511684,43.60426,1.44367,2019,4.641473770141602,10.03600025177002,Western Europe
Buda,HU,510108,47.5,19.03333,2019,3.9866738319396973,8.904999732971191,Eastern Europe
Leipzig,DE,504971,51.33962,12.37129,2019,3.426454782485962,7.857999801635742,Western Europe
Duisburg,DE,504358,51.43247,6.76516,2019,3.370542526245117,8.03499984741211,Western Europe
Homyel',BY,501193,52.4345,30.9754,2019,3.279468536376953,7.747000217437744,Eastern Europe
London,GB,8961989,51.50853,-0.12574,2020,3.3597731590270996,7.650000095367432,Northern Europe
Berlin,DE,3426354,52.52437,13.41053,2020,3.2424700260162354,7.875,Western Europe
Madrid,ES,3255944,40.4165,-3.70256,2020,5.562095642089844,10.777000427246094,Southern Europe
Kyiv,UA,2952301,50.45466,30.5238,2020,3.610259532928467,8.845999717712402,Eastern Europe
Rome,IT,2318895,41.89193,12.51133,2020,5.042409896850586,10.440999984741211,Southern Europe
Paris,FR,2138551,48.85341,2.3488,2020,3.820833206176758,8.348999977111816,Western Europe
Hamburg,DE,1973896,53.55073,9.99302,2020,3.0890982151031494,7.491000175476074,Western Europe
Bucharest,RO,1877155,44.43225,26.10626,2020,4.6287455558776855,9.678000450134277,Eastern Europe
Minsk,BY,1742124,53.90019,27.56653,2020,3.0996146202087402,7.564000129699707,Eastern Europe
Budapest,HU,1741041,47.49835,19.04045,2020,4.0634918212890625,9.086999893188477,Eastern Europe
Warsaw,PL,1702139,52.22977,21.01178,2020,3.3446531295776367,7.813000202178955,Eastern Europe
Vienna,AT,1691468,48.20849,16.37208,2020,3.9825737476348877,8.687999725341797,Western Europe
Barcelona,ES,1686208,41.38879,2.15899,2020,5.172942638397217,10.38700008392334,Southern Europe
Stockholm,SE,1515017,59.32938,18.06871,2020,2.303579092025757,6.198999881744385,Northern Europe
Munich,DE,1505005,48.13743,11.57549,2020,4.103600978851318,9.01099967956543,Western Europe
Kharkiv,UA,1421125,49.98177,36.25475,2020,3.7040462493896484,8.520999908447266,Eastern Europe
Milan,IT,1371498,45.46427,9.18951,2020,4.415330410003662,9.50100040435791,Southern Europe
Belgrade,RS,1273651,44.80401,20.46513,2020,4.484772682189941,9.512999534606934,Southern Europe
Prague,CZ,1165581,50.08804,14.42076,2020,3.7004287242889404,8.449000358581543,Eastern Europe
Birmingham,GB,1157603,52.48142,-1.89983,2020,3.2667648792266846,7.540999889373779,Northern Europe
Copenhagen,DK,1153615,55.67594,12.56553,2020,2.7851531505584717,7.2230000495910645,Northern Europe
Sofia,BG,1152556,42.69751,23.32415,2020,5.153095722198486,10.553000450134277,Eastern Europe
Oslo,NO,1082575,59.91273,10.74609,2020,2.275371551513672,6.288000106811523,Northern Europe
Köln,DE,1024621,50.93333,6.95,2020,3.507281541824341,8.003000259399414,Western Europe
Dublin,IE,1024027,53.33306,-6.24889,2020,3.0982484817504883,7.245999813079834,Northern Europe
Brussels,BE,1019022,50.85045,4.34878,2020,3.495232343673706,7.8379998207092285,Western Europe
Odesa,UA,1010537,46.48572,30.74383,2020,4.193341255187988,9.220999717712402,Eastern Europe
Pest,HU,1001748,47.5,19.08333,2020,4.033374786376953,9.057999610900879,Eastern Europe
Dnipro,UA,968502,48.46664,35.04066,2020,3.9120163917541504,8.802000045776367,Eastern Europe
Naples,IT,909048,40.85216,14.26811,2020,5.273054599761963,10.925999641418457,Southern Europe
Donetsk,UA,901645,48.023,37.80224,2020,3.989398956298828,8.994000434875488,Eastern Europe
Marseille,FR,877215,43.29695,5.38107,2020,4.782863616943359,9.86299991607666,Western Europe
Rotterdam,NL,868135,51.9225,4.47917,2020,3.3372182846069336,7.876999855041504,Western Europe
Turin,IT,847287,45.07049,7.68682,2020,4.610027313232422,9.748000144958496,Southern Europe
Valencia,ES,824340,39.47391,-0.37966,2020,5.543666362762451,10.89900016784668,Southern Europe
Kraków,PL,816614,50.06143,19.93658,2020,3.695448160171509,8.270999908447266,Eastern Europe
Riga,LV,742572,56.946,24.10589,2020,2.644554615020752,6.830999851226807,Northern Europe
Amsterdam,NL,741636,52.37403,4.88969,2020,3.248800754547119,7.552000045776367,Western Europe
Lviv,UA,717273,49.83826,24.02324,2020,3.7397818565368652,8.64900016784668,Eastern Europe
Zaporizhzhya,UA,710052,47.85167,35.11714,2020,3.980729579925537,9.019000053405762,Eastern Europe
Sarajevo,BA,696731,43.84864,18.35644,2020,4.891308784484863,10.324999809265137,Southern Europe
Zaragoza,ES,686986,41.65606,-0.87734,2020,5.211743354797363,10.336999893188477,Southern Europe
Sevilla,ES,686741,37.38283,-5.97317,2020,5.925975322723389,11.45199966430664,Southern Europe
Wrocław,PL,672545,51.10286,17.03006,2020,3.472907066345215,7.915999889373779,Eastern Europe
Athens,GR,664046,37.98376,23.72784,2020,5.800808429718018,11.218000411987305,Southern Europe
Zagreb,HR,663592,45.81444,15.97798,2020,4.347548961639404,9.319999694824219,Southern Europe
Helsinki,FI,658864,60.16952,24.93545,2020,2.2292160987854004,6.436999797821045,Northern Europe
Frankfurt am Main,DE,650000,50.11552,8.68417,2020,3.6498522758483887,8.329999923706055,Western Europe
Palermo,IT,648260,38.1166,13.3636,2020,5.860051155090332,11.569999694824219,Southern Europe
Łódź,PL,639890,51.77058,19.47395,2020,3.3936283588409424,7.833000183105469,Eastern Europe
Chisinau,MD,635994,47.00902,28.85938,2020,4.133440017700195,9.052000045776367,Eastern Europe
Glasgow,GB,626410,55.86515,-4.25763,2020,2.7546284198760986,6.947000026702881,Northern Europe
Düsseldorf,DE,618685,51.22319,6.77927,2020,3.4654808044433594,7.935999870300293,Western Europe
Stuttgart,DE,612663,48.78232,9.17702,2020,3.9075679779052734,8.852999687194824,Western Europe
Gothenburg,SE,608462,57.70716,11.96679,2020,2.537122964859009,6.638999938964844,Northern Europe
Kryvyy Rih,UA,603904,47.90572,33.39404,2020,4.000707626342773,8.909000396728516,Eastern Europe
Essen,DE,593085,51.45657,7.01228,2020,3.448152780532837,7.754000186920166,Western Europe
Málaga,ES,592346,36.72016,-4.42034,2020,6.1352219581604,11.484999656677246,Southern Europe
Dortmund,DE,588462,51.51494,7.466,2020,3.397552013397217,7.756999969482422,Western Europe
Genoa,IT,580097,44.40478,8.94439,2020,4.596248626708984,9.789999961853027,Southern Europe
Manchester,GB,568996,53.48095,-2.23743,2020,3.1246531009674072,7.328000068664551,Northern Europe
Dresden,DE,564904,51.05089,13.73832,2020,3.4987242221832275,8.236000061035156,Western Europe
Sheffield,GB,556500,53.38297,-1.4659,2020,3.109046459197998,7.28000020980835,Northern Europe
Sevastopol,UA,547820,44.60795,33.52134,2020,4.548535346984863,9.923999786376953,Eastern Europe
Bremen,DE,546501,53.07582,8.80717,2020,3.1549346446990967,7.50600004196167,Western Europe
Vilnius,LT,542366,54.68916,25.2798,2020,3.0161314010620117,7.3480000495910645,Northern Europe
Leeds,GB,536280,53.79648,-1.54785,2020,3.0388169288635254,7.201000213623047,Northern Europe
Poznań,PL,536151,52.40692,16.92993,2020,3.289530038833618,7.690999984741211,Eastern Europe
Antwerp,BE,529247,51.22047,4.40026,2020,3.4534835815429688,7.85099983215332,Western Europe
Lyon,FR,520774,45.74906,4.84789,2020,4.410273551940918,9.402999877929688,Western Europe
Lisbon,PT,517802,38.72509,-9.1498,2020,5.715487003326416,10.821999549865723,Southern Europe
Nuremberg,DE,515543,49.45421,11.07752,2020,3.822483777999878,8.979000091552734,Western Europe
Hannover,DE,515140,52.37052,9.73322,2020,3.288423538208008,7.863999843597412,Western Europe
Edinburgh,GB,514990,55.95206,-3.19648,2020,2.767890691757202,7.039000034332275,Northern Europe
Toulouse,FR,511684,43.60426,1.44367,2020,4.755030155181885,9.802000045776367,Western Europe
Buda,HU,510108,47.5,19.03333,2020,4.033374786376953,9.057999610900879,Eastern Europe
Leipzig,DE,504971,51.33962,12.37129,2020,3.4483795166015625,8.218999862670898,Western Europe
Duisburg,DE,504358,51.43247,6.76516,2020,3.4309616088867188,7.785999774932861,Western Europe
Homyel',BY,501193,52.4345,30.9754,2020,3.3036556243896484,8.142000198364258,Eastern Europe
London,GB,8961989,51.50853,-0.12574,2021,3.285187005996704,8.020000457763672,Northern Europe
Berlin,DE,3426354,52.52437,13.41053,2021,3.135423183441162,7.823999881744385,Western Europe
Madrid,ES,3255944,40.4165,-3.70256,2021,5.411087989807129,10.722999572753906,Southern Europe
Kyiv,UA,2952301,50.45466,30.5238,2021,3.5234532356262207,8.359000205993652,Eastern Europe
Rome,IT,2318895,41.89193,12.51133,2021,4.905285358428955,10.267000198364258,Southern Europe
Paris,FR,2138551,48.85341,2.3488,2021,3.7056074142456055,8.404999732971191,Western Europe
Hamburg,DE,1973896,53.55073,9.99302,2021,3.010920286178589,7.511000156402588,Western Europe
Bucharest,RO,1877155,44.43225,26.10626,2021,4.437445163726807,9.727999687194824,Eastern Europe
Minsk,BY,1742124,53.90019,27.56653,2021,3.056225538253784,7.677999973297119,Eastern Europe
Budapest,HU,1741041,47.49835,19.04045,2021,3.9256484508514404,9.131999969482422,Eastern Europe
Warsaw,PL,1702139,52.22977,21.01178,2021,3.267228126525879,8.173999786376953,Eastern Europe
Vienna,AT,1691468,48.20849,16.37208,2021,3.8537638187408447,8.970999717712402,Western Europe
Barcelona,ES,1686208,41.38879,2.15899,2021,5.018316268920898,9.795999526977539,Southern Europe
Stockholm,SE,1515017,59.32938,18.06871,2021,2.3021950721740723,6.591000080108643,Northern Europe
Munich,DE,1505005,48.13743,11.57549,2021,3.9529807567596436,9.123000144958496,Western Europe
Kharkiv,UA,1421125,49.98177,36.25475,2021,3.657252788543701,8.71500015258789,Eastern Europe
Milan,IT,1371498,45.46427,9.18951,2021,4.275384426116943,9.276000022888184,Southern Europe
Belgrade,RS,1273651,44.80401,20.46513,2021,4.318771839141846,9.402999877929688,Southern Europe
Prague,CZ,1165581,50.08804,14.42076,2021,3.5743489265441895,8.335000038146973,Eastern Europe
Birmingham,GB,1157603,52.48142,-1.89983,2021,3.198310613632202,7.98199987411499,Northern Europe
Copenhagen,DK,1153615,55.67594,12.56553,2021,2.739222526550293,7.1479997634887695,Northern Europe
Sofia,BG,1152556,42.69751,23.32415,2021,4.958612442016602,11.03499984741211,Eastern Europe
Oslo,NO,1082575,59.91273,10.74609,2021,2.2636897563934326,6.513000011444092,Northern Europe
Köln,DE,1024621,50.93333,6.95,2021,3.3968489170074463,8.079000473022461,Western Europe
Dublin,IE,1024027,53.33306,-6.24889,2021,3.074436664581299,7.553999900817871,Northern Europe
Brussels,BE,1019022,50.85045,4.34878,2021,3.3952033519744873,7.922999858856201,Western Europe
Odesa,UA,1010537,46.48572,30.74383,2021,4.076381683349609,9.161999702453613,Eastern Europe
Pest,HU,1001748,47.5,19.08333,2021,3.8995797634124756,9.213000297546387,Eastern Europe
Dnipro,UA,968502,48.46664,35.04066,2021,3.8672773838043213,9.00100040435791,Eastern Europe
Naples,IT,909048,40.85216,14.26811,2021,5.1053242683410645,9.9399995803833,Southern Europe
Donetsk,UA,901645,48.023,37.80224,2021,3.9496567249298096,9.038000106811523,Eastern Europe
Marseille,FR,877215,43.29695,5.38107,2021,4.6392083168029785,9.583999633789062,Western Europe
Rotterdam,NL,868135,51.9225,4.47917,2021,3.2544260025024414,7.659999847412109,Western Europe
Turin,IT,847287,45.07049,7.68682,2021,4.459769248962402,9.473999977111816,Southern Europe
Valencia,ES,824340,39.47391,-0.37966,2021,5.422914505004883,10.34000015258789,Southern Europe
Kraków,PL,816614,50.06143,19.93658,2021,3.598489284515381,8.670999526977539,Eastern Europe
Riga,LV,742572,56.946,24.10589,2021,2.6262829303741455,7.4019999504089355,Northern Europe
Amsterdam,NL,741636,52.37403,4.88969,2021,3.1766841411590576,7.552000045776367,Western Europe
Lviv,UA,717273,49.83826,24.02324,2021,3.618741512298584,8.715999603271484,Eastern Europe
Zaporizhzhya,UA,710052,47.85167,35.11714,2021,3.934964418411255,9.196999549865723,Eastern Europe
Sarajevo,BA,696731,43.84864,18.35644,2021,4.708780288696289,9.918999671936035,Southern Europe
Zaragoza,ES,686986,41.65606,-0.87734,2021,5.057934284210205,9.925000190734863,Southern Europe
Sevilla,ES,686741,37.38283,-5.97317,2021,5.79955530166626,11.232000350952148,Southern Europe
Wrocław,PL,672545,51.10286,17.03006,2021,3.365494728088379,8.116000175476074,Eastern Europe
Athens,GR,664046,37.98376,23.72784,2021,5.639863014221191,11.482000350952148,Southern Europe
Zagreb,HR,663592,45.81444,15.97798,2021,4.210151195526123,9.50100040435791,Southern Europe
Helsinki,FI,658864,60.16952,24.93545,2021,2.2338874340057373,6.446000099182129,Northern Europe
Frankfurt am Main,DE,650000,50.11552,8.68417,2021,3.508920431137085,8.095000267028809,Western Europe
Palermo,IT,648260,38.1166,13.3636,2021,5.72484016418457,10.894000053405762,Southern Europe
Łódź,PL,639890,51.77058,19.47395,2021,3.3078489303588867,8.050999641418457,Eastern Europe
Chisinau,MD,635994,47.00902,28.85938,2021,4.023571491241455,9.093999862670898,Eastern Europe
Glasgow,GB,626410,55.86515,-4.25763,2021,2.7438817024230957,7.171000003814697,Northern Europe
Düsseldorf,DE,618685,51.22319,6.77927,2021,3.3582117557525635,7.841000080108643,Western Europe
Stuttgart,DE,612663,48.78232,9.17702,2021,3.7527666091918945,8.538999557495117,Western Europe
Gothenburg,SE,608462,57.70716,11.96679,2021,2.5060384273529053,6.738999843597412,Northern Europe
Kryvyy Rih,UA,603904,47.90572,33.39404,2021,3.919684410095215,8.810999870300293,Eastern Europe
Essen,DE,593085,51.45657,7.01228,2021,3.338068962097168,7.7170000076293945,Western Europe
Málaga,ES,592346,36.72016,-4.42034,2021,6.009310722351074,11.230999946594238,Southern Europe
Dortmund,DE,588462,51.51494,7.466,2021,3.2862911224365234,7.6620001792907715,Western Europe
Genoa,IT,580097,44.40478,8.94439,2021,4.4479451179504395,9.369000434875488,Southern Europe
Manchester,GB,568996,53.48095,-2.23743,2021,3.071873664855957,7.764999866485596,Northern Europe
Dresden,DE,564904,51.05089,13.73832,2021,3.3691318035125732,7.8520002365112305,Western Europe
Sheffield,GB,556500,53.38297,-1.4659,2021,3.0553927421569824,7.639999866485596,Northern Europe
Sevastopol,UA,547820,44.60795,33.52134,2021,4.383906364440918,9.401000022888184,Eastern Europe
Bremen,DE,546501,53.07582,8.80717,2021,3.070035457611084,7.314000129699707,Western Europe
Vilnius,LT,542366,54.68916,25.2798,2021,2.982170343399048,7.980999946594238,Northern Europe
Leeds,GB,536280,53.79648,-1.54785,2021,2.9957802295684814,7.589000225067139,Northern Europe
Poznań,PL,536151,52.40692,16.92993,2021,3.1853463649749756,8.029000282287598,Eastern Europe
Antwerp,BE,529247,51.22047,4.40026,2021,3.357766628265381,7.822000026702881,Western Europe
Lyon,FR,520774,45.74906,4.84789,2021,4.2697224617004395,9.00100040435791,Western Europe
Lisbon,PT,517802,38.72509,-9.1498,2021,5.560173034667969,10.861000061035156,Southern Europe
Nuremberg,DE,515543,49.45421,11.07752,2021,3.6812610626220703,8.581000328063965,Western Europe
Hannover,DE,515140,52.37052,9.73322,2021,3.1856648921966553,7.422999858856201,Western Europe
Edinburgh,GB,514990,55.95206,-3.19648,2021,2.7499589920043945,7.255000114440918,Northern Europe
Toulouse,FR,511684,43.60426,1.44367,2021,4.604637145996094,9.409000396728516,Western Europe
Buda,HU,510108,47.5,19.03333,2021,3.8995797634124756,9.213000297546387,Eastern Europe
Leipzig,DE,504971,51.33962,12.37129,2021,3.3263955116271973,7.755000114440918,Western Europe
Duisburg,DE,504358,51.43247,6.76516,2021,3.324793815612793,7.642000198364258,Western Europe
Homyel',BY,501193,52.4345,30.9754,2021,3.238964080810547,8.067999839782715,Eastern Europe
London,GB,8961989,51.50853,-0.12574,2022,3.2787861824035645,7.98199987411499,Northern Europe
Berlin,DE,3426354,52.52437,13.41053,2022,3.1328492164611816,7.435999870300293,Western Europe
Madrid,ES,3255944,40.4165,-3.70256,2022,5.441446304321289,11.121000289916992,Southern Europe
Kyiv,UA,2952301,50.45466,30.5238,2022,3.4293041229248047,7.776000022888184,Eastern Europe
Rome,IT,2318895,41.89193,12.51133,2022,4.924312591552734,10.626999855041504,Southern Europe
Paris,FR,2138551,48.85341,2.3488,2022,3.7281618118286133,8.432999610900879,Western Europe
Hamburg,DE,1973896,53.55073,9.99302,2022,2.993997097015381,7.480999946594238,Western Europe
Bucharest,RO,1877155,44.43225,26.10626,2022,4.409769535064697,9.088000297546387,Eastern Europe
Minsk,BY,1742124,53.90019,27.56653,2022,2.9739177227020264,7.65500020980835,Eastern Europe
Budapest,HU,1741041,47.49835,19.04045,2022,3.9085311889648438,8.904999732971191,Eastern Europe
Warsaw,PL,1702139,52.22977,21.01178,2022,3.214109420776367,8.017000198364258,Eastern Europe
Vienna,AT,1691468,48.20849,16.37208,2022,3.837106943130493,8.57800006866455,Western Europe
Barcelona,ES,1686208,41.38879,2.15899,2022,5.068660259246826,10.706999778747559,Southern Europe
Stockholm,SE,1515017,59.32938,18.06871,2022,2.2656354904174805,6.515999794006348,Northern Europe
Munich,DE,1505005,48.13743,11.57549,2022,3.9619040489196777,8.960000038146973,Western Europe
Kharkiv,UA,1421125,49.98177,36.25475,2022,3.520643949508667,7.8429999351501465,Eastern Europe
Milan,IT,1371498,45.46427,9.18951,2022,4.302692890167236,9.305999755859375,Southern Europe
Belgrade,RS,1273651,44.80401,20.46513,2022,4.292145252227783,9.00100040435791,Southern Europe
Prague,CZ,1165581,50.08804,14.42076,2022,3.5685505867004395,8.493000030517578,Eastern Europe
Birmingham,GB,1157603,52.48142,-1.89983,2022,3.1841368675231934,8.29800033569336,Northern Europe
Copenhagen,DK,1153615,55.67594,12.56553,2022,2.7103917598724365,7.252999782562256,Northern Europe
Sofia,BG,1152556,42.69751,23.32415,2022,4.944235801696777,10.468000411987305,Eastern Europe
Oslo,NO,1082575,59.91273,10.74609,2022,2.243142604827881,6.25600004196167,Northern Europe
Köln,DE,1024621,50.93333,6.95,2022,3.418027639389038,7.821000099182129,Western Europe
Dublin,IE,1024027,53.33306,-6.24889,2022,3.018115282058716,7.629000186920166,Northern Europe
Brussels,BE,1019022,50.85045,4.34878,2022,3.414717674255371,8.255999565124512,Western Europe
Odesa,UA,1010537,46.48572,30.74383,2022,3.995177984237671,8.378000259399414,Eastern Europe
Pest,HU,1001748,47.5,19.08333,2022,3.8786466121673584,9.041000366210938,Eastern Europe
Dnipro,UA,968502,48.46664,35.04066,2022,3.726767063140869,7.935999870300293,Eastern Europe
Naples,IT,909048,40.85216,14.26811,2022,5.14013147354126,11.173999786376953,Southern Europe
Donetsk,UA,901645,48.023,37.80224,2022,3.8057448863983154,8.23799991607666,Eastern Europe
Marseille,FR,877215,43.29695,5.38107,2022,4.685917854309082,10.324999809265137,Western Europe
Rotterdam,NL,868135,51.9225,4.47917,2022,3.252575159072876,7.98199987411499,Western Europe
Turin,IT,847287,45.07049,7.68682,2022,4.491427421569824,9.583999633789062,Southern Europe
Valencia,ES,824340,39.47391,-0.37966,2022,5.42435884475708,10.583000183105469,Southern Europe
Kraków,PL,816614,50.06143,19.93658,2022,3.5427865982055664,9.310999870300293,Eastern Europe
Riga,LV,742572,56.946,24.10589,2022,2.568605422973633,6.744999885559082,Northern Europe
Amsterdam,NL,741636,52.37403,4.88969,2022,3.1655068397521973,7.853000164031982,Western Europe
Lviv,UA,717273,49.83826,24.02324,2022,3.5605180263519287,8.321000099182129,Eastern Europe
Zaporizhzhya,UA,710052,47.85167,35.11714,2022,3.793271064758301,8.206999778747559,Eastern Europe
Sarajevo,BA,696731,43.84864,18.35644,2022,4.711775302886963,10.11400032043457,Southern Europe
Zaragoza,ES,686986,41.65606,-0.87734,2022,5.098594665527344,11.081999778747559,Southern Europe
Sevilla,ES,686741,37.38283,-5.97317,2022,5.7975239753723145,10.687000274658203,Southern Europe
Wrocław,PL,672545,51.10286,17.03006,2022,3.3537232875823975,8.45199966430664,Eastern Europe
Athens,GR,664046,37.98376,23.72784,2022,5.656304359436035,10.526000022888184,Southern Europe
Zagreb,HR,663592,45.81444,15.97798,2022,4.189547538757324,9.552000045776367,Southern Europe
Helsinki,FI,658864,60.16952,24.93545,2022,2.191572904586792,6.275000095367432,Northern Europe
Frankfurt am Main,DE,650000,50.11552,8.68417,2022,3.5354466438293457,8.253000259399414,Western Europe
Palermo,IT,648260,38.1166,13.3636,2022,5.751917839050293,12.305000305175781,Southern Europe
Łódź,PL,639890,51.77058,19.47395,2022,3.2726824283599854,8.395000457763672,Eastern Europe
Chisinau,MD,635994,47.00902,28.85938,2022,3.9306600093841553,8.62399959564209,Eastern Europe
Glasgow,GB,626410,55.86515,-4.25763,2022,2.6904685497283936,7.303999900817871,Northern Europe
Düsseldorf,DE,618685,51.22319,6.77927,2022,3.3774847984313965,7.785999774932861,Western Europe
Stuttgart,DE,612663,48.78232,9.17702,2022,3.773531436920166,8.789999961853027,Western Europe
Gothenburg,SE,608462,57.70716,11.96679,2022,2.4777917861938477,6.561999797821045,Northern Europe
Kryvyy Rih,UA,603904,47.90572,33.39404,2022,3.800844192504883,8.11400032043457,Eastern Europe
Essen,DE,593085,51.45657,7.01228,2022,3.356241226196289,7.798999786376953,Western Europe
Málaga,ES,592346,36.72016,-4.42034,2022,6.006183624267578,11.555999755859375,Southern Europe
Dortmund,DE,588462,51.51494,7.466,2022,3.303375244140625,7.738999843597412,Western Europe
Genoa,IT,580097,44.40478,8.94439,2022,4.4874138832092285,9.711000442504883,Southern Europe
Manchester,GB,568996,53.48095,-2.23743,2022,3.054016590118408,8.125,Northern Europe
Dresden,DE,564904,51.05089,13.73832,2022,3.3655507564544678,7.922999858856201,Western Europe
Sheffield,GB,556500,53.38297,-1.4659,2022,3.040679454803467,8.020999908447266,Northern Europe
Sevastopol,UA,547820,44.60795,33.52134,2022,4.326200008392334,8.984999656677246,Eastern Europe
Bremen,DE,546501,53.07582,8.80717,2022,3.065739631652832,7.742000102996826,Western Europe
Vilnius,LT,542366,54.68916,25.2798,2022,2.9026410579681396,7.461999893188477,Northern Europe
Leeds,GB,536280,53.79648,-1.54785,2022,2.9751698970794678,7.835000038146973,Northern Europe
Poznań,PL,536151,52.40692,16.92993,2022,3.1680328845977783,8.673999786376953,Eastern Europe
Antwerp,BE,529247,51.22047,4.40026,2022,3.373706817626953,8.166000366210938,Western Europe
Lyon,FR,520774,45.74906,4.84789,2022,4.308940410614014,9.496999740600586,Western Europe
Lisbon,PT,517802,38.72509,-9.1498,2022,5.536101341247559,10.600000381469727,Southern Europe
Nuremberg,DE,515543,49.45421,11.07752,2022,3.6884658336639404,8.605999946594238,Western Europe
Hannover,DE,515140,52.37052,9.73322,2022,3.1878490447998047,8.26099967956543,Western Europe
Edinburgh,GB,514990,55.95206,-3.19648,2022,2.7070329189300537,7.361999988555908,Northern Europe
Toulouse,FR,511684,43.60426,1.44367,2022,4.6598052978515625,10.140000343322754,Western Europe
Buda,HU,510108,47.5,19.03333,2022,3.8786466121673584,9.041000366210938,Eastern Europe
Leipzig,DE,504971,51.33962,12.37129,2022,3.3264381885528564,7.743000030517578,Western Europe
Duisburg,DE,504358,51.43247,6.76516,2022,3.3410162925720215,7.769000053405762,Western Europe
Homyel',BY,501193,52.4345,30.9754,2022,3.1636083126068115,7.7729997634887695,Eastern Europe
London,GB,8961989,51.50853,-0.12574,2023,3.320545196533203,8.090999603271484,Northern Europe
Berlin,DE,3426354,52.52437,13.41053,2023,3.1881394386291504,7.48799991607666,Western Europe
Madrid,ES,3255944,40.4165,-3.70256,2023,5.56389045715332,10.649999618530273,Southern Europe
Kyiv,UA,2952301,50.45466,30.5238,2023,3.5849478244781494,8.484999656677246,Eastern Europe
Rome,IT,2318895,41.89193,12.51133,2023,4.985416412353516,10.293999671936035,Southern Europe
Paris,FR,2138551,48.85341,2.3488,2023,3.7988955974578857,8.460000038146973,Western Europe
Hamburg,DE,1973896,53.55073,9.99302,2023,3.0457093715667725,7.460999965667725,Western Europe
Bucharest,RO,1877155,44.43225,26.10626,2023,4.54571533203125,9.38599967956543,Eastern Europe
Minsk,BY,1742124,53.90019,27.56653,2023,3.0715231895446777,7.001999855041504,Eastern Europe
Budapest,HU,1741041,47.49835,19.04045,2023,4.040550708770752,8.868000030517578,Eastern Europe
Warsaw,PL,1702139,52.22977,21.01178,2023,3.3135039806365967,7.8460001945495605,Eastern Europe
Vienna,AT,1691468,48.20849,16.37208,2023,3.97133731842041,8.744999885559082,Western Europe
Barcelona,ES,1686208,41.38879,2.15899,2023,5.1571946144104,10.194000244140625,Southern Europe
Stockholm,SE,1515017,59.32938,18.06871,2023,2.252216339111328,5.73199987411499,Northern Europe
Munich,DE,1505005,48.13743,11.57549,2023,4.072035312652588,8.739999771118164,Western Europe
Kharkiv,UA,1421125,49.98177,36.25475,2023,3.6702165603637695,8.197999954223633,Eastern Europe
Milan,IT,1371498,45.46427,9.18951,2023,4.400207996368408,9.255000114440918,Southern Europe
Belgrade,RS,1273651,44.80401,20.46513,2023,4.438441276550293,9.505000114440918,Southern Europe
Prague,CZ,1165581,50.08804,14.42076,2023,3.670539617538452,8.220000267028809,Eastern Europe
Birmingham,GB,1157603,52.48142,-1.89983,2023,3.22497820854187,7.88100004196167,Northern Europe
Copenhagen,DK,1153615,55.67594,12.56553,2023,2.738049030303955,6.818999767303467,Northern Europe
Sofia,BG,1152556,42.69751,23.32415,2023,5.051849365234375,10.45199966430664,Eastern Europe
Oslo,NO,1082575,59.91273,10.74609,2023,2.2388381958007812,6.057000160217285,Northern Europe
Köln,DE,1024621,50.93333,6.95,2023,3.4654738903045654,7.89300012588501,Western Europe
Dublin,IE,1024027,53.33306,-6.24889,2023,3.0644547939300537,7.859000205993652,Northern Europe
Brussels,BE,1019022,50.85045,4.34878,2023,3.4538626670837402,7.928999900817871,Western Europe
Odesa,UA,1010537,46.48572,30.74383,2023,4.165303707122803,8.562000274658203,Eastern Europe
Pest,HU,1001748,47.5,19.08333,2023,4.01199197769165,8.819000244140625,Eastern Europe
Dnipro,UA,968502,48.46664,35.04066,2023,3.8822381496429443,8.256999969482422,Eastern Europe
Naples,IT,909048,40.85216,14.26811,2023,5.178013324737549,10.630000114440918,Southern Europe
Donetsk,UA,901645,48.023,37.80224,2023,3.968386173248291,8.467000007629395,Eastern Europe
Marseille,FR,877215,43.29695,5.38107,2023,4.774153709411621,9.805999755859375,Western Europe
Rotterdam,NL,868135,51.9225,4.47917,2023,3.2923011779785156,7.581999778747559,Western Europe
Turin,IT,847287,45.07049,7.68682,2023,4.594696044921875,9.446999549865723,Southern Europe
Valencia,ES,824340,39.47391,-0.37966,2023,5.547219276428223,10.77299976348877,Southern Europe
Kraków,PL,816614,50.06143,19.93658,2023,3.6802163124084473,8.192000389099121,Eastern Europe
Riga,LV,742572,56.946,24.10589,2023,2.5988411903381348,6.434000015258789,Northern Europe
Amsterdam,NL,741636,52.37403,4.88969,2023,3.2067148685455322,7.611000061035156,Western Europe
Lviv,UA,717273,49.83826,24.02324,2023,3.7069671154022217,8.15999984741211,Eastern Europe
Zaporizhzhya,UA,710052,47.85167,35.11714,2023,3.9513752460479736,8.425000190734863,Eastern Europe
Sarajevo,BA,696731,43.84864,18.35644,2023,4.826032638549805,10.244999885559082,Southern Europe
Zaragoza,ES,686986,41.65606,-0.87734,2023,5.20874547958374,10.269000053405762,Southern Europe
Sevilla,ES,686741,37.38283,-5.97317,2023,5.943978309631348,10.743000030517578,Southern Europe
Wrocław,PL,672545,51.10286,17.03006,2023,3.444693088531494,7.921999931335449,Eastern Europe
Athens,GR,664046,37.98376,23.72784,2023,5.661695957183838,10.8149995803833,Southern Europe
Zagreb,HR,663592,45.81444,15.97798,2023,4.29860258102417,9.336000442504883,Southern Europe
Helsinki,FI,658864,60.16952,24.93545,2023,2.185065507888794,5.745999813079834,Northern Europe
Frankfurt am Main,DE,650000,50.11552,8.68417,2023,3.596742630004883,8.031000137329102,Western Europe
Palermo,IT,648260,38.1166,13.3636,2023,5.714065074920654,11.423999786376953,Southern Europe
Łódź,PL,639890,51.77058,19.47395,2023,3.370920419692993,8.131999969482422,Eastern Europe
Chisinau,MD,635994,47.00902,28.85938,2023,4.117684841156006,8.51200008392334,Eastern Europe
Glasgow,GB,626410,55.86515,-4.25763,2023,2.7358603477478027,7.144000053405762,Northern Europe
Düsseldorf,DE,618685,51.22319,6.77927,2023,3.423224687576294,7.879000186920166,Western Europe
Stuttgart,DE,612663,48.78232,9.17702,2023,3.8686301708221436,8.595999717712402,Western Europe
Gothenburg,SE,608462,57.70716,11.96679,2023,2.483060359954834,6.414000034332275,Northern Europe
Kryvyy Rih,UA,603904,47.90572,33.39404,2023,3.96602725982666,8.347000122070312,Eastern Europe
Essen,DE,593085,51.45657,7.01228,2023,3.4030601978302,7.978000164031982,Western Europe
Málaga,ES,592346,36.72016,-4.42034,2023,6.128202438354492,11.015999794006348,Southern Europe
Dortmund,DE,588462,51.51494,7.466,2023,3.349665880203247,7.9730000495910645,Western Europe
Genoa,IT,580097,44.40478,8.94439,2023,4.566155910491943,9.58899974822998,Southern Europe
Manchester,GB,568996,53.48095,-2.23743,2023,3.0900299549102783,7.843999862670898,Northern Europe
Dresden,DE,564904,51.05089,13.73832,2023,3.444506883621216,7.801000118255615,Western Europe
Sheffield,GB,556500,53.38297,-1.4659,2023,3.0719125270843506,7.943999767303467,Northern Europe
Sevastopol,UA,547820,44.60795,33.52134,2023,4.456140041351318,9.366999626159668,Eastern Europe
Bremen,DE,546501,53.07582,8.80717,2023,3.102452039718628,7.670000076293945,Western Europe
Vilnius,LT,542366,54.68916,25.2798,2023,2.983142375946045,7.046999931335449,Northern Europe
Leeds,GB,536280,53.79648,-1.54785,2023,3.007380962371826,7.914999961853027,Northern Europe
Poznań,PL,536151,52.40692,16.92993,2023,3.242490530014038,7.438000202178955,Eastern Europe
Antwerp,BE,529247,51.22047,4.40026,2023,3.411830425262451,7.835999965667725,Western Europe
Lyon,FR,520774,45.74906,4.84789,2023,4.4228410720825195,9.666999816894531,Western Europe
Lisbon,PT,517802,38.72509,-9.1498,2023,5.70993709564209,10.362000465393066,Southern Europe
Nuremberg,DE,515543,49.45421,11.07752,2023,3.788304090499878,8.369999885559082,Western Europe
Hannover,DE,515140,52.37052,9.73322,2023,3.2382490634918213,7.886000156402588,Western Europe
Edinburgh,GB,514990,55.95206,-3.19648,2023,2.745150566101074,7.26800012588501,Northern Europe
Toulouse,FR,511684,43.60426,1.44367,2023,4.760597229003906,9.682000160217285,Western Europe
Buda,HU,510108,47.5,19.03333,2023,4.01199197769165,8.819000244140625,Eastern Europe
Leipzig,DE,504971,51.33962,12.37129,2023,3.3960683345794678,7.7729997634887695,Western Europe
Duisburg,DE,504358,51.43247,6.76516,2023,3.38750958442688,7.927999973297119,Western Europe
Homyel',BY,501193,52.4345,30.9754,2023,3.2874464988708496,7.301000118255615,Eastern Europe
London,GB,8961989,51.50853,-0.12574,2024,3.0504891872406006,7.494999885559082,Northern Europe
Berlin,DE,3426354,52.52437,13.41053,2024,2.989683151245117,7.26200008392334,Western Europe
Madrid,ES,3255944,40.4165,-3.70256,2024,5.112265110015869,9.968999862670898,Southern Europe
Kyiv,UA,2952301,50.45466,30.5238,2024,3.386305809020996,8.128999710083008,Eastern Europe
Rome,IT,2318895,41.89193,12.51133,2024,4.665278434753418,10.630000114440918,Southern Europe
Paris,FR,2138551,48.85341,2.3488,2024,3.4940872192382812,7.739999771118164,Western Europe
Hamburg,DE,1973896,53.55073,9.99302,2024,2.8284265995025635,7.321000099182129,Western Europe
Bucharest,RO,1877155,44.43225,26.10626,2024,4.290393829345703,9.303000450134277,Eastern Europe
Minsk,BY,1742124,53.90019,27.56653,2024,2.922929048538208,7.198999881744385,Eastern Europe
Budapest,HU,1741041,47.49835,19.04045,2024,3.8186912536621094,8.755000114440918,Eastern Europe
Warsaw,PL,1702139,52.22977,21.01178,2024,3.1516940593719482,7.295000076293945,Eastern Europe
Vienna,AT,1691468,48.20849,16.37208,2024,3.750336170196533,9.071999549865723,Western Europe
Barcelona,ES,1686208,41.38879,2.15899,2024,4.738601207733154,9.61400032043457,Southern Europe
Stockholm,SE,1515017,59.32938,18.06871,2024,2.1341803073883057,5.804999828338623,Northern Europe
Munich,DE,1505005,48.13743,11.57549,2024,3.8291640281677246,9.29699993133545,Western Europe
Kharkiv,UA,1421125,49.98177,36.25475,2024,3.440314292907715,7.910999774932861,Eastern Europe
Milan,IT,1371498,45.46427,9.18951,2024,4.083775997161865,9.604000091552734,Southern Europe
Belgrade,RS,1273651,44.80401,20.46513,2024,4.181748867034912,9.430999755859375,Southern Europe
Prague,CZ,1165581,50.08804,14.42076,2024,3.4658143520355225,8.20199966430664,Eastern Europe
Birmingham,GB,1157603,52.48142,-1.89983,2024,2.968571186065674,7.730999946594238,Northern Europe
Copenhagen,DK,1153615,55.67594,12.56553,2024,2.5643060207366943,6.672999858856201,Northern Europe
Sofia,BG,1152556,42.69751,23.32415,2024,4.764929294586182,10.0649995803833,Eastern Europe
Oslo,NO,1082575,59.91273,10.74609,2024,2.0667731761932373,6.010000228881836,Northern Europe
Köln,DE,1024621,50.93333,6.95,2024,3.2287840843200684,7.763999938964844,Western Europe
Dublin,IE,1024027,53.33306,-6.24889,2024,2.803650140762329,7.14300012588501,Northern Europe
Brussels,BE,1019022,50.85045,4.34878,2024,3.198417901992798,7.559999942779541,Western Europe
Odesa,UA,1010537,46.48572,30.74383,2024,3.921193838119507,8.62600040435791,Eastern Europe
Pest,HU,1001748,47.5,19.08333,2024,3.7927513122558594,8.682999610900879,Eastern Europe
Dnipro,UA,968502,48.46664,35.04066,2024,3.649674892425537,8.262999534606934,Eastern Europe
Naples,IT,909048,40.85216,14.26811,2024,4.86364221572876,10.368000030517578,Southern Europe
Donetsk,UA,901645,48.023,37.80224,2024,3.6981310844421387,8.151000022888184,Eastern Europe
Marseille,FR,877215,43.29695,5.38107,2024,4.370043754577637,9.118000030517578,Western Europe
Rotterdam,NL,868135,51.9225,4.47917,2024,3.043926239013672,7.565999984741211,Western Europe
Turin,IT,847287,45.07049,7.68682,2024,4.235950469970703,9.12600040435791,Southern Europe
Valencia,ES,824340,39.47391,-0.37966,2024,5.116497039794922,10.0649995803833,Southern Europe
Kraków,PL,816614,50.06143,19.93658,2024,3.502784252166748,8.057000160217285,Eastern Europe
Riga,LV,742572,56.946,24.10589,2024,2.494999885559082,6.4670000076293945,Northern Europe
Amsterdam,NL,741636,52.37403,4.88969,2024,2.963005304336548,7.556000232696533,Western Europe
Lviv,UA,717273,49.83826,24.02324,2024,3.528658390045166,8.210000038146973,Eastern Europe
Zaporizhzhya,UA,710052,47.85167,35.11714,2024,3.713705062866211,8.25,Eastern Europe
Sarajevo,BA,696731,43.84864,18.35644,2024,4.554762363433838,9.906999588012695,Southern Europe
Zaragoza,ES,686986,41.65606,-0.87734,2024,4.771609306335449,9.680000305175781,Southern Europe
Sevilla,ES,686741,37.38283,-5.97317,2024,5.520942687988281,10.281000137329102,Southern Europe
Wrocław,PL,672545,51.10286,17.03006,2024,3.264691114425659,7.747000217437744,Eastern Europe
Athens,GR,664046,37.98376,23.72784,2024,5.374961853027344,10.506999969482422,Southern Europe
Zagreb,HR,663592,45.81444,15.97798,2024,4.0474724769592285,9.49899959564209,Southern Europe
Helsinki,FI,658864,60.16952,24.93545,2024,2.096795082092285,5.706999778747559,Northern Europe
Frankfurt am Main,DE,650000,50.11552,8.68417,2024,3.3629562854766846,7.646999835968018,Western Europe
Palermo,IT,648260,38.1166,13.3636,2024,5.432734966278076,11.015999794006348,Southern Europe
Łódź,PL,639890,51.77058,19.47395,2024,3.1970627307891846,7.23799991607666,Eastern Europe
Chisinau,MD,635994,47.00902,28.85938,2024,3.879767656326294,8.427000045776367,Eastern Europe
Glasgow,GB,626410,55.86515,-4.25763,2024,2.4866557121276855,6.703999996185303,Northern Europe
Düsseldorf,DE,618685,51.22319,6.77927,2024,3.1865711212158203,7.728000164031982,Western Europe
Stuttgart,DE,612663,48.78232,9.17702,2024,3.605724334716797,8.359999656677246,Western Europe
Gothenburg,SE,608462,57.70716,11.96679,2024,2.3217570781707764,6.422999858856201,Northern Europe
Kryvyy Rih,UA,603904,47.90572,33.39404,2024,3.7449071407318115,8.369000434875488,Eastern Europe
Essen,DE,593085,51.45657,7.01228,2024,3.1647374629974365,7.678999900817871,Western Europe
Málaga,ES,592346,36.72016,-4.42034,2024,5.719306468963623,10.73799991607666,Southern Europe
Dortmund,DE,588462,51.51494,7.466,2024,3.112082004547119,7.672999858856201,Western Europe
Genoa,IT,580097,44.40478,8.94439,2024,4.227532386779785,9.894000053405762,Southern Europe
Manchester,GB,568996,53.48095,-2.23743,2024,2.836521863937378,7.645999908447266,Northern Europe
Dresden,DE,564904,51.05089,13.73832,2024,3.2432515621185303,7.764999866485596,Western Europe
Sheffield,GB,556500,53.38297,-1.4659,2024,2.820147752761841,7.486999988555908,Northern Europe
Sevastopol,UA,547820,44.60795,33.52134,2024,4.191240310668945,8.824999809265137,Eastern Europe
Bremen,DE,546501,53.07582,8.80717,2024,2.8844645023345947,7.443999767303467,Western Europe
Vilnius,LT,542366,54.68916,25.2798,2024,2.8453361988067627,7.0229997634887695,Northern Europe
Leeds,GB,536280,53.79648,-1.54785,2024,2.753368854522705,7.508999824523926,Northern Europe
Poznań,PL,536151,52.40692,16.92993,2024,3.0641582012176514,7.203000068664551,Eastern Europe
Antwerp,BE,529247,51.22047,4.40026,2024,3.1582868099212646,7.565999984741211,Western Europe
Lyon,FR,520774,45.74906,4.84789,2024,4.05908727645874,8.494000434875488,Western Europe
Lisbon,PT,517802,38.72509,-9.1498,2024,5.270262241363525,9.984999656677246,Southern Europe
Nuremberg,DE,515543,49.45421,11.07752,2024,3.5527703762054443,8.46500015258789,Western Europe
Hannover,DE,515140,52.37052,9.73322,2024,3.0142459869384766,7.589000225067139,Western Europe
Edinburgh,GB,514990,55.95206,-3.19648,2024,2.4973251819610596,6.8379998207092285,Northern Europe
Toulouse,FR,511684,43.60426,1.44367,2024,4.339057445526123,8.942000389099121,Western Europe
Buda,HU,510108,47.5,19.03333,2024,3.7927513122558594,8.682999610900879,Eastern Europe
Leipzig,DE,504971,51.33962,12.37129,2024,3.1863796710968018,7.60099983215332,Western Europe
Duisburg,DE,504358,51.43247,6.76516,2024,3.1485955715179443,7.676000118255615,Western Europe
Homyel',BY,501193,52.4345,30.9754,2024,3.1065707206726074,7.380000114440918,Eastern Europe
London,GB,8961989,51.50853,-0.12574,2025,3.369717836380005,8.175000190734863,Northern Europe
Berlin,DE,3426354,52.52437,13.41053,2025,3.198542594909668,7.991000175476074,Western Europe
Madrid,ES,3255944,40.4165,-3.70256,2025,5.4087724685668945,10.734999656677246,Southern Europe
Kyiv,UA,2952301,50.45466,30.5238,2025,3.53067946434021,8.105999946594238,Eastern Europe
Rome,IT,2318895,41.89193,12.51133,2025,4.8784027099609375,10.00100040435791,Southern Europe
Paris,FR,2138551,48.85341,2.3488,2025,3.790588855743408,8.70300006866455,Western Europe
Hamburg,DE,1973896,53.55073,9.99302,2025,3.0755016803741455,7.802999973297119,Western Europe
Bucharest,RO,1877155,44.43225,26.10626,2025,4.503912448883057,9.375,Eastern Europe
Minsk,BY,1742124,53.90019,27.56653,2025,3.0504109859466553,7.623000144958496,Eastern Europe
Budapest,HU,1741041,47.49835,19.04045,2025,3.9593749046325684,8.795000076293945,Eastern Europe
Warsaw,PL,1702139,52.22977,21.01178,2025,3.2958741188049316,7.940000057220459,Eastern Europe
Vienna,AT,1691468,48.20849,16.37208,2025,3.9011282920837402,8.585000038146973,Western Europe
Barcelona,ES,1686208,41.38879,2.15899,2025,5.018624782562256,10.08899974822998,Southern Europe
Stockholm,SE,1515017,59.32938,18.06871,2025,2.312427520751953,6.679999828338623,Northern Europe
Munich,DE,1505005,48.13743,11.57549,2025,4.033050060272217,9.180999755859375,Western Europe
Kharkiv,UA,1421125,49.98177,36.25475,2025,3.6178877353668213,8.071999549865723,Eastern Europe
Milan,IT,1371498,45.46427,9.18951,2025,4.325429916381836,9.62399959564209,Southern Europe
Belgrade,RS,1273651,44.80401,20.46513,2025,4.361958980560303,9.322999954223633,Southern Europe
Prague,CZ,1165581,50.08804,14.42076,2025,3.6369340419769287,8.510000228881836,Eastern Europe
Birmingham,GB,1157603,52.48142,-1.89983,2025,3.273854970932007,8.21500015258789,Northern Europe
Copenhagen,DK,1153615,55.67594,12.56553,2025,2.791027307510376,7.539000034332275,Northern Europe
Sofia,BG,1152556,42.69751,23.32415,2025,4.999145030975342,10.15999984741211,Eastern Europe
Oslo,NO,1082575,59.91273,10.74609,2025,2.295060396194458,6.953000068664551,Northern Europe
Köln,DE,1024621,50.93333,6.95,2025,3.4828360080718994,8.28600025177002,Western Europe
Dublin,IE,1024027,53.33306,-6.24889,2025,3.114537000656128,7.940999984741211,Northern Europe
Brussels,BE,1019022,50.85045,4.34878,2025,3.4706904888153076,8.277000427246094,Western Europe
Odesa,UA,1010537,46.48572,30.74383,2025,4.105769634246826,8.711999893188477,Eastern Europe
Pest,HU,1001748,47.5,19.08333,2025,3.9332847595214844,8.746999740600586,Eastern Europe
Dnipro,UA,968502,48.46664,35.04066,2025,3.8257009983062744,8.319999694824219,Eastern Europe
Naples,IT,909048,40.85216,14.26811,2025,5.067947864532471,9.965999603271484,Southern Europe
Donetsk,UA,901645,48.023,37.80224,2025,3.9024112224578857,8.616999626159668,Eastern Europe
Marseille,FR,877215,43.29695,5.38107,2025,4.66811466217041,9.583999633789062,Western Europe
Rotterdam,NL,868135,51.9225,4.47917,2025,3.3262689113616943,7.901000022888184,Western Europe
Turin,IT,847287,45.07049,7.68682,2025,4.511481761932373,10.036999702453613,Southern Europe
Valencia,ES,824340,39.47391,-0.37966,2025,5.3754496574401855,10.26200008392334,Southern Europe
Kraków,PL,816614,50.06143,19.93658,2025,3.630509614944458,8.475000381469727,Eastern Europe
Riga,LV,742572,56.946,24.10589,2025,2.6289234161376953,6.9770002365112305,Northern Europe
Amsterdam,NL,741636,52.37403,4.88969,2025,3.2491042613983154,7.864999771118164,Western Europe
Lviv,UA,717273,49.83826,24.02324,2025,3.6528685092926025,8.451000213623047,Eastern Europe
Zaporizhzhya,UA,710052,47.85167,35.11714,2025,3.8956222534179688,8.473999977111816,Eastern Europe
Sarajevo,BA,696731,43.84864,18.35644,2025,4.758128643035889,10.024999618530273,Southern Europe
Zaragoza,ES,686986,41.65606,-0.87734,2025,5.070065498352051,10.199000358581543,Southern Europe
Sevilla,ES,686741,37.38283,-5.97317,2025,5.723337173461914,10.77400016784668,Southern Europe
Wrocław,PL,672545,51.10286,17.03006,2025,3.4296627044677734,8.072999954223633,Eastern Europe
Athens,GR,664046,37.98376,23.72784,2025,5.608786582946777,10.524999618530273,Southern Europe
Zagreb,HR,663592,45.81444,15.97798,2025,4.24848747253418,9.505999565124512,Southern Europe
Helsinki,FI,658864,60.16952,24.93545,2025,2.2256109714508057,6.196000099182129,Northern Europe
Frankfurt am Main,DE,650000,50.11552,8.68417,2025,3.588580846786499,8.48900032043457,Western Europe
Palermo,IT,648260,38.1166,13.3636,2025,5.606071472167969,10.501999855041504,Southern Europe
Łódź,PL,639890,51.77058,19.47395,2025,3.3464713096618652,7.946000099182129,Eastern Europe
Chisinau,MD,635994,47.00902,28.85938,2025,4.044942378997803,8.807999610900879,Eastern Europe
Glasgow,GB,626410,55.86515,-4.25763,2025,2.7870218753814697,7.385000228881836,Northern Europe
Düsseldorf,DE,618685,51.22319,6.77927,2025,3.444101095199585,8.204000473022461,Western Europe
Stuttgart,DE,612663,48.78232,9.17702,2025,3.834756374359131,8.859999656677246,Western Europe
Gothenburg,SE,608462,57.70716,11.96679,2025,2.545485019683838,7.224999904632568,Northern Europe
Kryvyy Rih,UA,603904,47.90572,33.39404,2025,3.912320852279663,8.487000465393066,Eastern Europe
Essen,DE,593085,51.45657,7.01228,2025,3.423227548599243,8.213000297546387,Western Europe
Málaga,ES,592346,36.72016,-4.42034,2025,5.904089450836182,10.873000144958496,Southern Europe
Dortmund,DE,588462,51.51494,7.466,2025,3.368523359298706,8.102999687194824,Western Europe
Genoa,IT,580097,44.40478,8.94439,2025,4.482441425323486,9.758000373840332,Southern Europe
Manchester,GB,568996,53.48095,-2.23743,2025,3.145989179611206,8.059000015258789,Northern Europe
Dresden,DE,564904,51.05089,13.73832,2025,3.43500018119812,8.333999633789062,Western Europe
Sheffield,GB,556500,53.38297,-1.4659,2025,3.1287343502044678,7.883999824523926,Northern Europe
Sevastopol,UA,547820,44.60795,33.52134,2025,4.429931640625,9.362000465393066,Eastern Europe
Bremen,DE,546501,53.07582,8.80717,2025,3.1346333026885986,7.932000160217285,Western Europe
Vilnius,LT,542366,54.68916,25.2798,2025,2.9830493927001953,7.36899995803833,Northern Europe
Leeds,GB,536280,53.79648,-1.54785,2025,3.0660958290100098,7.776000022888184,Northern Europe
Poznań,PL,536151,52.40692,16.92993,2025,3.2409560680389404,7.974999904632568,Eastern Europe
Antwerp,BE,529247,51.22047,4.40026,2025,3.4331562519073486,8.1899995803833,Western Europe
Lyon,FR,520774,45.74906,4.84789,2025,4.34424352645874,9.618000030517578,Western Europe
Lisbon,PT,517802,38.72509,-9.1498,2025,5.491750717163086,10.73799991607666,Southern Europe
Nuremberg,DE,515543,49.45421,11.07752,2025,3.7634410858154297,8.767000198364258,Western Europe
Hannover,DE,515140,52.37052,9.73322,2025,3.243424654006958,7.959000110626221,Western Europe
Edinburgh,GB,514990,55.95206,-3.19648,2025,2.79630970954895,7.413000106811523,Northern Europe
Toulouse,FR,511684,43.60426,1.44367,2025,4.6577067375183105,9.77400016784668,Western Europe
Buda,HU,510108,47.5,19.03333,2025,3.9332847595214844,8.746999740600586,Eastern Europe
Leipzig,DE,504971,51.33962,12.37129,2025,3.3895206451416016,8.23799991607666,Western Europe
Duisburg,DE,504358,51.43247,6.76516,2025,3.4100961685180664,8.161999702453613,Western Europe
Homyel',BY,501193,52.4345,30.9754,2025,3.251164436340332,7.765999794006348,Eastern Europe
