city,population,lat,lon,bundesland
Wallerfangen,9322,49.327805555,6.720805555,Saarland
Mettlach,12087,49.491666666,6.597222222,Saarland
St. Wendel,25503,49.466666666,7.166666666,Saarland
Dillingen/Saar,19941,49.357377777,6.719597222,Saarland
Schmelz,16343,49.440708333,6.857930555,Saarland
Saarwellingen,13347,49.354166666,6.805,Saarland
Tholey,12186,49.4833,7.033330555,Saarland
Beckingen,14945,49.392777777,6.700833333,Saarland
Spiesen-Elversberg,12843,49.316666666,7.133055555,Saarland
Nonnweiler,8489,49.6064638,6.96935,Saarland
Quierschied,12896,49.3167,7.05,Saarland
Schiffweiler,15537,49.370833333,7.128888888,Saarland
Überherrn,11591,49.25,6.7,Saarland
Püttlingen,18243,49.283333333,6.883333333,Saarland
Blieskastel,20202,49.237269444,7.252922222,Saarland
Bous,7058,49.275833333,6.798055555,Saarland
Wadern,15860,49.539444444,6.89,Saarland
Neunkirchen,47097,49.3448,7.179861111,Saarland
Oberthal,6008,49.516666666,7.083333333,Saarland
Ottweiler,14522,49.401419444,7.163430555,Saarland
Schwalbach,17208,49.306666666,6.823055555,Saarland
Nohfelden,9982,49.586666694,7.142777805,Saarland
Homburg,42498,49.316666666,7.333333333,Saarland
Freisen,7867,49.54927,7.25201,Saarland
Merzig,30070,49.442222222,6.6375,Saarland
Illingen,15987,49.376438888,7.052511111,Saarland
Rehlingen-Siersburg,14305,49.368611111,6.678611111,Saarland
Großrosseln,7891,49.20296,6.84148,Saarland
Losheim am See,16126,49.516666666,6.75,Saarland
Saarbrücken,183509,49.233333333,7.0,Saarland
Lebach,19108,49.41,6.91,Saarland
Wadgassen,17076,49.2667,6.783330555,Saarland
Völklingen,41632,49.252980555,6.856661111,Saarland
Weiskirchen,6334,49.556111111,6.82,Saarland
Sulzbach/Saar,16368,49.283333333,7.066666666,Saarland
Mandelbachtal,10543,49.197061111,7.142741666,Saarland
Namborn,6951,49.5167,7.133330555,Saarland
Saarlouis,34893,49.316666666,6.75,Saarland
Bexbach,17663,49.349444444,7.259444444,Saarland
Gersheim,6289,49.146666666,7.21,Saarland
Eppelborn,16507,49.4022,6.9706,Saarland
Kirkel,10090,49.283333333,7.233333333,Saarland
St. Ingbert,35059,49.278888888,7.115,Saarland
Heusweiler,18158,49.3375,6.9301,Saarland
Ensdorf,6652,49.3,6.766666666,Saarland
Riegelsberg,14331,49.305833333,6.943333333,Saarland
Perl,8905,49.473611111,6.385,Saarland
Merchweiler,9900,49.360277777,7.06,Saarland
Nalbach,9101,49.3833,6.783330555,Saarland
Friedrichsthal,9887,49.325555555,7.096111111,Saarland
Kleinblittersdorf,10786,49.158333333,7.038055555,Saarland
Marpingen,10002,49.45,7.05,Saarland
Dillingen an der Donau,20070,48.576944444,10.493888888,Bayern
Pfaffenhofen an der Ilm,27143,48.529782,11.50385,Bayern
Pegnitz,13741,49.756388888,11.545,Bayern
Zirndorf,26257,49.45,10.95,Bayern
Günzburg,21865,48.4525,10.271111111,Bayern
Lauf an der Pegnitz,26413,49.510277777,11.277222222,Bayern
Igenhausen,323,48.5373,11.1294,Bayern
Weilheim in Oberbayern,23378,47.833333333,11.133333333,Bayern
Dachau,48337,48.260277777,11.434166666,Bayern
Neustadt an der Aisch,13523,49.58,10.608888888,Bayern
Trostberg,11463,48.02798,12.55857,Bayern
Kulmbach,26052,50.108055555,11.455555555,Bayern
Ebersberg,12527,48.083333333,11.966666666,Bayern
Würzburg,133258,49.794444444,9.929444444,Bayern
Bogen,10333,48.916666666,12.683333333,Bayern
Cham,17593,49.218333333,12.665833333,Bayern
Garmisch-Partenkirchen,27509,47.5,11.083333333,Bayern
Kronach,16924,50.241111111,11.328055555,Bayern
Lichtenfels,20403,50.146944444,11.068333333,Bayern
Neu-Ulm,61780,48.383333333,10.0,Bayern
Kempten,70713,47.733333333,10.316666666,Bayern
München,1510378,48.1375,11.575,Bayern
Schwabach,41380,49.329166666,11.020833333,Bayern
Neuburg an der Donau,30881,48.733333333,11.183333333,Bayern
Freising,49939,48.402777777,11.748888888,Bayern
Freyung,7263,48.8075,13.5475,Bayern
Dingolfing,20927,48.633333333,12.5,Bayern
Bad Tölz,19360,47.760277777,11.556666666,Bayern
Q269010,14949,48.8,11.766666666,Bayern
Rosenheim,65192,47.856111111,12.128888888,Bayern
Kitzingen,23377,49.733333333,10.166666666,Bayern
Ansbach,42311,49.3,10.583333333,Bayern
Deggendorf,35757,48.835277777,12.964444444,Bayern
Traunstein,21551,47.868333333,12.643333333,Bayern
Landshut,75272,48.539722222,12.150833333,Bayern
Coburg,41064,50.258469444,10.957869444,Bayern
Augsburg,303150,48.368888888,10.897777777,Bayern
Neustadt an der Waldnaab,5950,49.730555555,12.170555555,Bayern
Miltenberg,9622,49.703888888,9.264444444,Bayern
Marktoberdorf,19033,47.766666666,10.616666666,Bayern
Kelheim,17066,48.91849,11.8722777,Bayern
Memmingen,46178,47.987777777,10.181111111,Bayern
Sonthofen,22035,47.514166666,10.281666666,Bayern
Erding,37169,48.3001,11.908230555,Bayern
Raitenhart,427,48.2376,12.6456,Bayern
Tirschenreuth,8580,49.878888888,12.336888888,Bayern
Hof,46963,50.316666666,11.916666666,Bayern
Eichstätt,13867,48.891944444,11.183888888,Bayern
Forchheim,33610,49.719722222,11.058055555,Bayern
Grafing bei München,14348,48.05,11.966666666,Bayern
Landsberg am Lech,29739,48.052769444,10.868930555,Bayern
Aichach,22222,48.45,11.133333333,Bayern
Erlangen,117806,49.5925,11.005,Bayern
Donauwörth,20108,48.718430555,10.776988888,Bayern
Germering,41822,48.133333333,11.366666666,Bayern
Schweinfurt,55067,50.05,10.233333333,Bayern
Neumarkt in der Oberpfalz,41255,49.283333333,11.466666666,Bayern
Altötting,13172,48.226666666,12.678333333,Bayern
Regensburg,151517,49.016666666,12.083333333,Bayern
Bayreuth,74907,49.948055555,11.578333333,Bayern
Wunsiedel,9294,50.037388888,11.999388888,Bayern
Neustadt am Kulm,1145,49.82595,11.8351,Bayern
Bad Neustadt an der Saale,15720,50.321944444,10.216111111,Bayern
Passau,54401,48.5748229,13.4609744,Bayern
Regen,11009,48.97,13.126388888,Bayern
Mühldorf am Inn,21860,48.245555555,12.522777777,Bayern
Starnberg,23940,47.997222222,11.340555555,Bayern
Bad Kissingen,23245,50.2,10.066666666,Bayern
Fürstenfeldbruck,38187,48.177777777,11.255555555,Bayern
Münchham,190,48.3289,13.1256,Bayern
Mindelheim,16226,48.05313,10.49152,Bayern
Karlstadt am Main,15062,49.960277777,9.772222222,Bayern
Haßfurt,13982,50.035333333,10.512305555,Bayern
Amberg,42676,49.444444444,11.848333333,Bayern
Neustadt bei Coburg,15089,50.328888888,11.121111111,Bayern
Weißenburg in Bayern,18931,49.030555555,10.971944444,Bayern
Herzogenaurach,24674,49.57,10.881944444,Bayern
Roth,25405,49.246111111,11.091111111,Bayern
Ittling,364,48.8819,12.635,Bayern
Weiden in der Oberpfalz,43188,49.673530555,12.166061111,Bayern
Miesbach,12109,47.789030555,11.833819444,Bayern
Straubing,49775,48.877222222,12.575833333,Bayern
Altendorf,2155,49.799515043,11.009365388,Bayern
Kaufbeuren,46386,47.88,10.6225,Bayern
Pfarrkirchen,13694,48.44195,12.9443,Bayern
Aschaffenburg,73091,49.9740542,9.1493636,Bayern
Bamberg,80580,49.891666666,10.891666666,Bayern
Moosburg an der Isar,20027,48.466666666,11.933333333,Bayern
Bad Reichenhall,19087,47.724722222,12.876944444,Bayern
Geisenfeld,11729,48.684,11.6117,Bayern
Prünstfehlburg,333,49.03644,12.70205,Bayern
Röttingen,1673,49.5103,9.971111111,Bayern
Mainbernheim,2334,49.70889,10.21817,Bayern
Schnaittenbach,4277,49.55,12.0167,Bayern
Fürth,132036,49.478333333,10.990277777,Bayern
Vilseck,6920,49.6116,11.80507,Bayern
Burgau,10628,48.432222222,10.406944444,Bayern
Töging am Inn,9560,48.254722222,12.586666666,Bayern
Münchberg,10200,50.183111111,11.785694444,Bayern
Rieneck,1941,50.1,9.633333333,Bayern
Ochsenfurt,11434,49.67115,10.04985,Bayern
Wasserburg am Inn,13112,48.060833333,12.233333333,Bayern
Viechtach,8544,49.079166666,12.884722222,Bayern
Q248062,9063,49.106388888,11.439444444,Bayern
Zwiesel,8978,49.016666666,13.233333333,Bayern
Oberasbach,17807,49.421944444,10.958333333,Bayern
Ingolstadt,142308,48.763055555,11.425,Bayern
Waldershof,4233,49.983305555,12.066694444,Bayern
Selbitz,4274,50.316666666,11.75,Bayern
Betzenstein,2515,49.680277777,11.417777777,Bayern
Marktheidenfeld,11724,49.85,9.6,Bayern
Waldkirchen,11221,48.730555555,13.601111111,Bayern
Simbach am Inn,10521,48.265555555,13.023055555,Bayern
Traunreut,21021,47.966666666,12.583333333,Bayern
Ebermannstadt,7041,49.7806,11.184811111,Bayern
Maxhütte-Haidhof,12278,49.2,12.1,Bayern
Marktredwitz,17254,50.0,12.066666666,Bayern
Egloffstein,2103,49.7,11.25,Bayern
Bad Staffelstein,10651,50.099,10.9962,Bayern
Bad Windsheim,12766,49.5,10.416666666,Bayern
Tegernsee,3967,47.708611111,11.756944444,Bayern
Hauzenberg,11775,48.651666666,13.623611111,Bayern
Geretsried,25863,47.866666666,11.466666666,Bayern
Puchheim,21410,48.15,11.35,Bayern
Abensberg,14685,48.81672,11.85013,Bayern
Oberpleiskirchen,605,48.32019,12.58925,Bayern
Marktleuthen,2878,50.116666666,12.0,Bayern
Scheinfeld,4945,49.66435,10.4611,Bayern
Unterschleißheim,31009,48.283333333,11.566666666,Bayern
Treuchtlingen,13181,48.955277777,10.909444444,Bayern
Friedberg,30670,48.35,10.983333333,Bayern
Immenstadt im Allgäu,14622,47.566666666,10.216666666,Bayern
Bobingen,18022,48.266666666,10.816666666,Bayern
Dietfurt,6257,49.033333333,11.583333333,Bayern
Kolbermoor,19414,47.85,12.066666666,Bayern
Scheßlitz,7344,49.976666666,11.033888888,Bayern
Königsbrunn,28377,48.268888888,10.890833333,Bayern
Rothenburg ob der Tauber,11385,49.377222222,10.178888888,Bayern
Nürnberg,529508,49.453888888,11.0775,Bayern
Neumarkt-Sankt Veit,6543,48.366666666,12.5,Bayern
Krumbach,13940,48.243055555,10.363333333,Bayern
Olching,28052,48.2,11.316666666,Bayern
Hofheim in Unterfranken,5203,50.133333333,10.516666666,Bayern
Selb,14727,50.166666666,12.133333333,Bayern
Zeil am Main,5631,50.016666666,10.6,Bayern
Ludwigsstadt,3315,50.485833333,11.3875,Bayern
Oberviechtach,4985,49.466666666,12.416666666,Bayern
Hiltpoltstein,1517,49.66,11.320833333,Bayern
Eggenfelden,14439,48.403888888,12.764166666,Bayern
Bad Griesbach im Rottal,9279,48.45,13.2,Bayern
Volkach,8789,49.864111111,10.226888888,Bayern
Pottenstein,5225,49.772222222,11.411388888,Bayern
Abenberg,5614,49.240555555,10.961944444,Bayern
Kupferberg,1070,50.139166666,11.5775,Bayern
Baiersdorf,8074,49.656388888,11.032777777,Bayern
Vohburg an der Donau,8918,48.766666666,11.616666666,Bayern
Schrobenhausen,18199,48.56685,11.25825,Bayern
Merkendorf,3083,49.2,10.683333333,Bayern
Hirschberg,471,48.91829,12.95994,Bayern
Gemünden am Main,10012,50.049722222,9.705555555,Bayern
Velburg,5553,49.232777777,11.671944444,Bayern
Vöhringen,14134,48.283333333,10.083333333,Bayern
Eggolsheim,6639,49.770833333,11.058055555,Bayern
Hohenberg an der Eger,1438,50.1,12.216666666,Bayern
Baunach,4065,49.9885,10.8485,Bayern
Dettelbach,7228,49.8017,10.1618,Bayern
Q170243,8616,48.701944444,12.027222222,Bayern
Igensdorf,5153,49.621666666,11.231944444,Bayern
Teublitz,7938,49.220833333,12.085277777,Bayern
Grafenwöhr,6710,49.716666666,11.9,Bayern
Kirchenlamitz,3144,50.15,11.95,Bayern
Laufen,7541,47.933333333,12.933333333,Bayern
Erbendorf,5088,49.833333333,12.05,Bayern
Waldsassen,6666,50.0,12.3,Bayern
Lindau,26155,47.545833333,9.683888888,Bayern
Rötz,3328,49.341944444,12.527777777,Bayern
Lohr am Main,15353,49.993611111,9.578333333,Bayern
Haar,23056,48.111388888,11.731111111,Bayern
Rehau,9366,50.2486,12.0354,Bayern
Schönwald,3165,50.2,12.083333333,Bayern
Höchstädt an der Donau,7073,48.611238888,10.568161111,Bayern
Tittmoning,5970,48.063055555,12.766944444,Bayern
Penzberg,16909,47.75,11.366666666,Bayern
Mitterteich,6644,49.949838888,12.244180555,Bayern
Ratzing,729,48.7212,13.6336,Bayern
Grafenau,8229,48.856111111,13.396944444,Bayern
Randling,520,48.32804,12.91787,Bayern
Gangerbauer,578,48.4029,12.8944,Bayern
Schalldorf,520,48.4407,12.8942,Bayern
Nöham,825,48.4859,12.8938,Bayern
Lengsham,473,48.4007,13.0183,Bayern
Reichenberg,879,48.4497,12.9457,Bayern
Schildthurn,443,48.3029,12.8702,Bayern
Voglarn,414,48.3935,13.0186,Bayern
Taubenbach,447,48.2768,12.9286,Bayern
Kirchberg am Inn,807,48.3027,13.0005,Bayern
Untergrasensee,687,48.4138,12.9644,Bayern
Gumpersdorf,604,48.2859,12.894,Bayern
Eggstetten,450,48.2921,12.9679,Bayern
Amsham,800,48.5047,13.0596,Bayern
Anzenkirchen,93,48.4257,13.0244,Bayern
Erlach,980,48.2957,13.058,Bayern
Obertürken,550,48.3191,12.8409,Bayern
Wiesing,402,48.3752,13.0678,Bayern
Neuhofen,550,48.4497,12.864,Bayern
Asenham,1185,48.4122,13.0729,Bayern
Ulbering,490,48.359,13.0388,Bayern
Walburgskirchen,664,48.3745,12.8956,Bayern
Neukirchen b. Pfarrkirchen,748,48.3732,12.9559,Bayern
Waldhof,290,48.4722,12.9767,Bayern
Zimmern,764,48.3366,12.8952,Bayern
Hirschbach,900,48.459,13.0241,Bayern
Brombach,459,48.4509,13.003,Bayern
Oberscheinfeld,1129,49.716666666,10.416666666,Bayern
Leuchtenberg,1103,49.6,12.25,Bayern
Schnabelwaid,929,49.816666666,11.566666666,Bayern
Steinwiesen,3333,50.294166666,11.461944444,Bayern
Elfershausen,2852,50.15,9.966666666,Bayern
Burgpreppach,1370,50.141666666,10.65,Bayern
Dietenhofen,5755,49.4,10.69,Bayern
Kaltental,1789,47.9,10.75,Bayern
Burgsinn,2333,50.15,9.65,Bayern
Oberthulba,5092,50.2,9.966666666,Bayern
Marktgraitz,1184,50.183333333,11.192222222,Bayern
Fischach,5105,48.290833333,10.653611111,Bayern
Colmberg,2181,49.366666666,10.416666666,Bayern
Willanzheim,1594,49.683333333,10.233333333,Bayern
Tettau,1965,50.47,11.258333333,Bayern
Emskirchen,6143,49.551388888,10.717777777,Bayern
Wonsees,1190,49.966666666,11.3,Bayern
Kleinlangheim,1664,49.766666666,10.266666666,Bayern
Hösbach,13323,50.0,9.2,Bayern
Ippesheim,1113,49.6025,10.224166666,Bayern
Tännesberg,1429,49.533333333,12.333333333,Bayern
Wildflecken,2914,50.366666666,9.916666666,Bayern
Großlangheim,1599,49.75,10.233333333,Bayern
Elsenfeld,9370,49.85,9.166666666,Bayern
Marktbergel,1609,49.45,10.366666666,Bayern
Obernzenn,2532,49.45,10.466666666,Bayern
Sulzthal,900,50.133333333,10.033333333,Bayern
Großostheim,16388,49.916666666,9.083333333,Bayern
Großheubach,5120,49.733333333,9.233333333,Bayern
Bad Bocklet,4777,50.266666666,10.083333333,Bayern
Thiersheim,1764,50.066666666,12.116666666,Bayern
Obernbreit,1685,49.65,10.166666666,Bayern
Stockstadt am Main,8203,49.979722222,9.063888888,Bayern
Neuhof an der Zenn,2228,49.456666666,10.643333333,Bayern
Markt Nordheim,1174,49.590833333,10.355,Bayern
Kasendorf,2469,50.036111111,11.350555555,Bayern
Nordhalben,1626,50.373611111,11.511111111,Bayern
Kirchenthumbach,3237,49.75,11.716666666,Bayern
Frammersbach,4602,50.066666666,9.466666666,Bayern
Pyrbaum,5832,49.298333333,11.289444444,Bayern
Dürrwangen,2588,49.116666666,10.366666666,Bayern
Burkardroth,7548,50.271944444,9.989444444,Bayern
Kleinwallstadt,5708,49.871666666,9.167777777,Bayern
Jettingen-Scheppach,7221,48.383333333,10.433333333,Bayern
Dachsbach,1797,49.640277777,10.706388888,Bayern
Schwarzach am Main,3683,49.8,10.233333333,Bayern
Marktzeuln,1631,50.166666666,11.167777777,Bayern
Rüdenhausen,909,49.766666666,10.35,Bayern
Maßbach,4415,50.183333333,10.283333333,Bayern
Dentlein am Forst,2376,49.133333333,10.416666666,Bayern
Presseck,1715,50.216666666,11.55,Bayern
Rentweinsdorf,1575,50.066666666,10.8,Bayern
Münsterhausen,2038,48.311666666,10.4525,Bayern
Markt Taschendorf,1041,49.7,10.55,Bayern
Ipsheim,2208,49.516666666,10.466666666,Bayern
Scheidegg,4424,47.582222222,9.848888888,Bayern
Kaisheim,4057,48.768333333,10.796388888,Bayern
Seinsheim,1075,49.641111111,10.221666666,Bayern
Baudenbach,1209,49.624444444,10.536944444,Bayern
Dombühl,2023,49.253333333,10.2875,Bayern
Bechhofen,6275,49.1637,10.5549,Bayern
Oberkotzau,5427,50.2625,11.933333333,Bayern
Marktrodach,3686,50.249444444,11.385833333,Bayern
Vestenbergsgreuth,1622,49.686944444,10.651111111,Bayern
Dinkelscherben,6819,48.35,10.583333333,Bayern
Painten,2287,49.0,11.816666666,Bayern
Hahnbach,5028,49.533611111,11.8025,Bayern
Ebensfeld,5613,50.066666666,10.949722222,Bayern
Schondra,1739,50.266666666,9.866666666,Bayern
Wirsberg,1893,50.106388888,11.606388888,Bayern
Wallerstein,3487,48.883333333,10.466666666,Bayern
Uehlfeld,3142,49.666666666,10.716666666,Bayern
Markt Einersheim,1245,49.683333333,10.3,Bayern
Eschlkam,3337,49.299788888,12.915655555,Bayern
Marktleugast,3090,50.166666666,11.616666666,Bayern
Maroldsweisach,3192,50.1975,10.663611111,Bayern
Flachslanden,2434,49.383333333,10.516666666,Bayern
Eckental,14770,49.574611111,11.205277777,Bayern
Weisendorf,6877,49.62253,10.82587,Bayern
Helmstadt,2682,49.766666666,9.716666666,Bayern
Pressig,3920,50.345555555,11.309444444,Bayern
Euerdorf,1531,50.15,10.033333333,Bayern
Eschau,4024,49.820277777,9.257222222,Bayern
Q503945,4171,48.75,11.85,Bayern
Marktschorgast,1399,50.1,11.65,Bayern
Vilsbiburg,12621,48.44745,12.3475,Bayern
Nördlingen,21053,48.85,10.5,Bayern
Bad Brückenau,6674,50.309111111,9.787111111,Bayern
Bad Berneck im Fichtelgebirge,4526,50.045638888,11.672380555,Bayern
Leutershausen,5689,49.29918,10.41172,Bayern
Marktbreit,3961,49.668319444,10.143580555,Bayern
Neunburg vorm Wald,8431,49.346666666,12.390833333,Bayern
Gaimersheim,12436,48.816666666,11.366666666,Bayern
Hilpoltstein,13953,49.183333333,11.183333333,Bayern
Bad Königshofen im Grabfeld,6176,50.299166666,10.466666666,Bayern
Heilsbronn,9832,49.338611111,10.790833333,Bayern
Röthenbach an der Pegnitz,12565,49.484722222,11.2475,Bayern
Eltmann,5538,49.9718,10.6666,Bayern
Ellingen,4045,49.060819444,10.967811111,Bayern
Greding,7309,49.051944444,11.360555555,Bayern
Bad Wörishofen,17683,48.005833333,10.596944444,Bayern
Feuchtwangen,12875,49.166666666,10.316666666,Bayern
Q529176,9506,49.196388888,12.268611111,Bayern
Hollfeld,4884,49.936944444,11.290833333,Bayern
Furth im Wald,8998,49.309722222,12.84,Bayern
Gefrees,4248,50.095277777,11.739722222,Bayern
Bärnau,3077,49.810277777,12.436111111,Bayern
Vaterstetten,25596,48.105,11.770555555,Bayern
Gößweinstein,4405,49.766666666,11.316666666,Bayern
Bischofsheim in der Rhön,4756,50.4,10.016666666,Bayern
Bad Aibling,19745,47.863888888,12.01,Bayern
Neutraubling,14614,48.987777777,12.196388888,Bayern
Burghausen,19494,48.166666666,12.833333333,Bayern
Alzenau,18787,50.08353,9.06691,Bayern
Eibelstadt,3135,49.723888888,10.000833333,Bayern
Ornbau,1697,49.177777777,10.655555555,Bayern
Gräfenberg,4248,49.644444444,11.249444444,Bayern
Nabburg,6349,49.453333333,12.180833333,Bayern
Markt Dietmannsried,8535,47.809444444,10.291111111,Bayern
Ebern,7365,50.09402,10.79515,Bayern
Beilngries,10282,49.03417,11.47256,Bayern
Rödental,12947,50.288305555,11.027611111,Bayern
Wörth an der Donau,5148,49.000833333,12.401111111,Bayern
Auerbach in der Oberpfalz,9127,49.692011111,11.633269444,Bayern
Arnstein,8272,49.97808,9.96889,Bayern
Stein,14851,49.416666666,11.016666666,Bayern
Pfreimd,5266,49.4929,12.1844,Bayern
Sulzbach-Rosenberg,19548,49.5,11.75,Bayern
Ostheim vor der Rhön,3358,50.466666666,10.216666666,Bayern
Schwandorf,30239,49.3236,12.09935,Bayern
Schwarzenbach am Wald,4301,50.283333333,11.620833333,Bayern
Schönsee,2360,49.516666666,12.55,Bayern
Amorbach,3914,49.64405,9.2215,Bayern
Neunkirchen am Brand,8141,49.616666666,11.133333333,Bayern
Erlenbach am Main,10335,49.803888888,9.163888888,Bayern
Uffenheim,6807,49.54385,10.23405,Bayern
Lindenberg im Allgäu,11741,47.603055555,9.886111111,Bayern
Langenzenn,10924,49.494444444,10.794722222,Bayern
Mellrichstadt,5599,50.4278,10.3027,Bayern
Burgkunstadt,6459,50.1356,11.2499,Bayern
Wörth am Main,4791,49.796388888,9.1575,Bayern
Seßlach,3942,50.183333333,10.833333333,Bayern
Pretzfeld,2383,49.75,11.166666666,Bayern
Hemau,9700,49.051944444,11.782777777,Bayern
Waldkraiburg,24604,48.216666666,12.4,Bayern
Fladungen,2190,50.521111111,10.145277777,Bayern
Münnerstadt,7556,50.252611111,10.196611111,Bayern
Altdorf bei Nürnberg,15746,49.3875,11.356944444,Bayern
Lauingen,11445,48.566666666,10.433333333,Bayern
Wiesenttal,2620,49.803008333,11.263002777,Bayern
Bad Rodach,6643,50.341111111,10.778611111,Bayern
Dinkelsbühl,12272,49.070833333,10.319444444,Bayern
Helmbrechts,8372,50.236773055,11.715915,Bayern
Stadtsteinach,3183,50.166666666,11.5,Bayern
Monheim,5544,48.842222222,10.856388888,Bayern
Röhrnbach,4358,48.738888888,13.523055555,Bayern
Schöllnach,4951,48.75,13.166666666,Bayern
Nandlstadt,5643,48.533333333,11.8,Bayern
Pförring,4114,48.80824,11.69012,Bayern
Windorf,5100,48.625,13.225,Bayern
Winzer,3832,48.722769444,13.076888888,Bayern
Perlesreut,2931,48.783333333,13.45,Bayern
Rennertshofen,4945,48.75,11.033333333,Bayern
Titting,2685,49.0,11.216666666,Bayern
Hutthurm,6412,48.671388888,13.471111111,Bayern
Metten,4290,48.866666666,12.916666666,Bayern
Hersbruck,12772,49.508055555,11.432777777,Bayern
Senden,23143,48.323611111,10.044166666,Bayern
Burgbernheim,3464,49.45,10.316666666,Bayern
Wertingen,9625,48.533333333,10.666666666,Bayern
Hirschau,5666,49.5445,11.9464,Bayern
Heideck,4688,49.132980555,11.125288888,Bayern
Pleystein,2351,49.65,12.416666666,Bayern
Klingenberg am Main,6310,49.783333333,9.183333333,Bayern
Wemding,5860,48.866666666,10.716666666,Bayern
Harburg (Schwaben),5652,48.786455556,10.691731835,Bayern
Teuschnitz,1921,50.395833333,11.380555555,Bayern
Mainburg,15517,48.65,11.783333333,Bayern
Marktsteft,1920,49.694669444,10.13875,Bayern
Creußen,5111,49.843888888,11.622777777,Bayern
Windsbach,6248,49.2489,10.8291,Bayern
Naila,7618,50.329861111,11.708288888,Bayern
Gersthofen,23492,48.416666666,10.866666666,Bayern
Pressath,4287,49.766666666,11.916666666,Bayern
Weismain,4803,50.084861111,11.239819444,Bayern
Wolframs-Eschenbach,3221,49.2264,10.72519,Bayern
Stadtbergen,15614,48.366666666,10.85,Bayern
Vohenstrauß,7637,49.616666666,12.333333333,Bayern
Iphofen,4843,49.7,10.266666666,Bayern
Wolfratshausen,19499,47.913333333,11.427777777,Bayern
Neusäß,23251,48.4,10.833333333,Bayern
Waldmünchen,6781,49.3785,12.7049,Bayern
Osterhofen,12237,48.7,13.016666666,Bayern
Lichtenberg,1026,50.383611111,11.675833333,Bayern
Stadtprozelten,1604,49.785277777,9.412222222,Bayern
Wassertrüdingen,6427,49.033333333,10.6,Bayern
Freystadt,9345,49.198888888,11.329166666,Bayern
Schwarzenbach an der Saale,6878,50.220833333,11.933333333,Bayern
Windischeschenbach,4984,49.803030555,12.154869444,Bayern
Goldkronach,3523,50.011388888,11.687222222,Bayern
Ichenhausen,9403,48.37119,10.30706,Bayern
Illertissen,18578,48.222777777,10.105277777,Bayern
Wallenfels,2566,50.2675,11.473333333,Bayern
Prichsenstadt,3229,49.8167,10.35,Bayern
Pappenheim,3951,48.934722222,10.974444444,Bayern
Leipheim,7661,48.448888888,10.220833333,Bayern
Waischenfeld,3104,49.85,11.35,Bayern
Q503693,6230,48.9667,11.6833,Bayern
Schauenstein,1899,50.275033333,11.741666666,Bayern
Schillingsfürst,2805,49.283305555,10.266694444,Bayern
Gunzenhausen,17237,49.114722222,10.754166666,Bayern
Rain am Lech,9472,48.683333333,10.916666666,Bayern
Obernburg am Main,8884,49.84,9.141388888,Bayern
Eschenbach in der Oberpfalz,4646,49.754722222,11.830555555,Bayern
Kaufering,10508,48.083333333,10.883333333,Bayern
Schönberg,3902,48.833333333,13.333333333,Bayern
Zeitlofs,2030,50.266666666,9.666666666,Bayern
Manching,13083,48.718611111,11.497222222,Bayern
Randersacker,3489,49.758888888,9.982777777,Bayern
Q174307,1144,48.934444444,11.79,Bayern
Heroldsberg,8488,49.533333333,11.15,Bayern
Zell im Fichtelgebirge,1880,50.133333333,11.820833333,Bayern
Stadtlauringen,4178,50.188055555,10.359444444,Bayern
Schirnding,1156,50.080555555,12.226944444,Bayern
Ruhstorf an der Rott,7100,48.437777777,13.336111111,Bayern
Burghaslach,2724,49.716666666,10.583333333,Bayern
Markt Oberstaufen,7852,47.554444444,10.021111111,Bayern
Ziemetshausen,3231,48.3,10.533333333,Bayern
Donaustauf,4589,49.028888888,12.208055555,Bayern
Oberstdorf,9773,47.409722222,10.279166666,Bayern
Aislingen,1301,48.5,10.45,Bayern
Aindling,4711,48.516666666,10.95,Bayern
Markt Bibart,1895,49.64784,10.42679,Bayern
Bad Endorf,8452,47.9,12.3,Bayern
Mantel,2777,49.65275,12.041936111,Bayern
Marktschellenberg,1770,47.695018,13.046725,Bayern
Mering,15264,48.2625,10.984444444,Bayern
Mallersdorf-Pfaffenberg,6963,48.766666666,12.233333333,Bayern
Altmannstein,7165,48.9,11.65,Bayern
Markt Erlbach,5727,49.483333333,10.65,Bayern
Wiesentheid,4992,49.8,10.35,Bayern
Mitterfels,2913,48.966666666,12.683333333,Bayern
Laaber,5366,49.065277777,11.886111111,Bayern
Nittendorf,9402,49.025555555,11.958888888,Bayern
Stammbach,2346,50.15,11.7,Bayern
Mittenwald,7247,47.441944444,11.260277777,Bayern
Prien am Chiemsee,11262,47.85602,12.34623,Bayern
Massing,4192,48.3911,12.6093,Bayern
Ergolding,13378,48.583333333,12.166666666,Bayern
Kreuzwertheim,3944,49.766666666,9.516666666,Bayern
Waldthurn,1894,49.671388888,12.332222222,Bayern
Lam,2720,49.2,13.05,Bayern
Königsberg in Bayern,3614,50.077777777,10.566666666,Bayern
Absberg,1462,49.143611111,10.881111111,Bayern
Ruhmannsfelden,2020,48.983333333,12.983333333,Bayern
Plech,1349,49.651944444,11.468333333,Bayern
Lappersdorf,13524,49.0525,12.090277777,Bayern
Ammerndorf,2043,49.420833333,10.851388888,Bayern
Kemnath,5714,49.866666666,11.883333333,Bayern
Pöttmes,7093,48.583333333,11.1,Bayern
Schlüsselfeld,6087,49.756694444,10.619305555,Bayern
Reichertshofen,8448,48.658888888,11.466388888,Bayern
Regenstauf,16630,49.123611111,12.128333333,Bayern
Altomünster,8131,48.383333333,11.25,Bayern
Eging am See,4383,48.713333333,13.271111111,Bayern
Sulzbach am Main,7506,49.907777777,9.156666666,Bayern
Q518663,12769,47.816666666,10.9,Bayern
Bad Abbach,12654,48.933333333,12.05,Bayern
Grassau,7285,47.778888888,12.45,Bayern
Dießen am Ammersee,10596,47.95,11.1,Bayern
Beratzhausen,5709,49.095277777,11.810277777,Bayern
Zapfendorf,5059,50.0175,10.930833333,Bayern
Pleinfeld,7752,49.1,10.966666666,Bayern
Zusmarshausen,6620,48.383333333,10.583333333,Bayern
Berchtesgaden,7698,47.631388888,13.004166666,Bayern
Aidenbach,3121,48.567777777,13.089444444,Bayern
Winterhausen,1433,49.7,10.016666666,Bayern
Meitingen,12227,48.533333333,10.833333333,Bayern
Schierling,8532,48.834722222,12.139722222,Bayern
Sparneck,1552,50.161944444,11.843888888,Bayern
Holzkirchen,16719,47.883333333,11.7,Bayern
Hohenwart,5000,48.6,11.383333333,Bayern
Burgheim,4656,48.700277777,11.016111111,Bayern
Kallmünz,2815,49.161111111,11.960833333,Bayern
Mainleus,6545,50.1,11.379166666,Bayern
Essenbach,12340,48.616666666,12.216666666,Bayern
Altenstadt,5416,48.166666666,10.116666666,Bayern
Thierhaupten,4143,48.566666666,10.916666666,Bayern
Inchenhofen,2742,48.516666666,11.116666666,Bayern
Ergoldsbach,8839,48.683333333,12.2,Bayern
Ortenburg,7525,48.54555,13.21835,Bayern
Parkstein,2359,49.733055555,12.069444444,Bayern
Oberelsbach,2661,50.433333333,10.133333333,Bayern
Postbauer-Heng,8100,49.302777777,11.35,Bayern
Gerolzhofen,6966,49.9,10.35,Bayern
Zell am Main,4483,49.816666666,9.866666666,Bayern
Zellingen,6552,49.9,9.816666666,Bayern
Altdorf,11483,48.566666666,12.116666666,Bayern
Bad Weißenstadt,3031,50.100833333,11.884722222,Bayern
Fürstenzell,8590,48.5225,13.317777777,Bayern
Schliersee,6985,47.733333333,11.866666666,Bayern
Stamsried,2273,49.266666666,12.533333333,Bayern
Teisnach,3014,49.033333333,13.0,Bayern
Waging am See,7187,47.933333333,12.733333333,Bayern
Neubrunn,2332,49.733333333,9.666666666,Bayern
Abtswind,833,49.766666666,10.366666666,Bayern
Obernzell,3840,48.554444444,13.638055555,Bayern
Murnau am Staffelsee,11918,47.683333333,11.2,Bayern
Neuötting,9062,48.241111111,12.685,Bayern
Wildenranna,760,48.5824,13.7397,Bayern
Windpassing,874,48.61528,13.59881,Bayern
Griesbach,733,48.601,12.5602,Bayern
Oberötzdorf,899,48.6029,13.6954,Bayern
Spalt,5272,49.173888888,10.9275,Bayern
Jahrdorf,1119,48.64,13.644,Bayern
Thurnreuth,354,48.6093,13.7231,Bayern
Kühbach,4271,48.491666666,11.186666666,Bayern
Arzberg,5094,50.057222222,12.186388888,Bayern
Altreichenau,1194,48.7656,13.7307,Bayern
Schönau II,176,48.4784,12.8615,Bayern
Hohenbercha,283,48.4767,11.7668,Bayern
Meßnerschlag,457,48.6199,13.8094,Bayern
Gollnerberg,248,48.6742,13.8058,Bayern
Wolnzach,11983,48.6,11.616666666,Bayern
Garching bei München,17577,48.25,11.65,Bayern
Füssen,16072,47.566666666,10.7,Bayern
Mühlhausen,1858,49.75438,10.77332,Bayern
Geiselhöring,7093,48.825833333,12.3925,Bayern
Ahornöd,401,48.8204,13.5506,Bayern
Bad Kötzting,7493,49.176944444,12.855,Bayern
Dorfen,15197,48.266666666,12.15,Bayern
Gundelfingen an der Donau,8026,48.55,10.366666666,Bayern
Schaibing,1709,48.6029,13.639,Bayern
Buchloe,14119,48.0375,10.725,Bayern
Bürgstadt,4266,49.713611111,9.271388888,Bayern
Isen,5780,48.216666666,12.066666666,Bayern
Englmannsberg,453,48.5976,12.639,Bayern
Oettingen in Bayern,5359,48.95,10.583333333,Bayern
Gegenbach,709,48.7053,13.7658,Bayern
Thannhausen,6526,48.266666666,10.466666666,Bayern
Hallstadt,8888,49.976666666,11.033888888,Bayern
Pocking,16509,48.399722222,13.316666666,Bayern
Germannsdorf,1328,48.6376,13.6714,Bayern
Unterhausbach,589,48.4597,12.8079,Bayern
Möslberg,454,48.6459,13.7473,Bayern
Kasberg,345,48.6256,13.7755,Bayern
Raßreuth,709,48.6657,13.6414,Bayern
Zachenberg,2093,48.966666666,13.0,Bayern
Oberneureuth,994,48.6693,13.7006,Bayern
Eidenberg,548,48.5773,13.7796,Bayern
Velden,1808,49.616666666,11.516666666,Bayern
Zangberg,1161,48.274722222,12.425277777,Bayern
Weidenberg,5875,49.942222222,11.720277777,Bayern
Thalberg,594,48.6626,13.7824,Bayern
Freilassing,18036,47.833333333,12.966666666,Bayern
Aach,625,47.5256,9.9931,Bayern
Lonnerstadt,2087,49.7,10.766666666,Bayern
Parsberg,7667,49.15985,11.71922,Bayern
Höchstadt an der Aisch,14063,49.705555555,10.805833333,Bayern
Burglengenfeld,14527,49.2061,12.0409,Bayern
Weißenhorn,14088,48.30437,10.15926,Bayern
Haberskirchen,819,48.5118,12.642,Bayern
Gottsdorf,730,48.5422,13.7332,Bayern
Tüßling,3315,48.216666666,12.583333333,Bayern
Frauenbiburg,887,48.584,12.4891,Bayern
Marktl,2826,48.253333333,12.843055555,Bayern
Kraiburg am Inn,4080,48.183333333,12.433333333,Bayern
Pankofen,834,48.7959,12.9117,Bayern
Zandt,2087,49.15,12.733333333,Bayern
Wollbach,1478,50.365833333,10.223611111,Bayern
Landau an der Isar,14402,48.6749,12.6913,Bayern
Hammelburg,10826,50.116666666,9.9,Bayern
Lämmersdorf,718,48.552,13.6891,Bayern
Aub,1398,49.552777777,10.065277777,Bayern
Schwabmünchen,14926,48.178888888,10.755,Bayern
Ederlsdorf,946,48.5789,13.6133,Bayern
Vilshofen an der Donau,18061,48.633055555,13.188333333,Bayern
Herrieden,8325,49.233,10.5064,Bayern
Roding,13224,49.193611111,12.519166666,Bayern
Rothenfels,1022,49.8906,9.591388888,Bayern
Plattling,14227,48.776666666,12.873611111,Bayern
Wittislingen,2551,48.616666666,10.416666666,Bayern
Rimpar,7857,49.85,9.95,Bayern
Eslarn,2747,49.5825,12.521111111,Bayern
Schmidmühlen,2365,49.266666666,11.933333333,Bayern
Q521544,2499,49.0,11.366666666,Bayern
Pfeffenhausen,5234,48.666666666,11.966666666,Bayern
Mitwitz,2854,50.248055555,11.209722222,Bayern
Moosbach,2378,49.6,12.416666666,Bayern
Freihung,2559,49.616666666,11.916666666,Bayern
Burgebrach,7174,49.828333333,10.743333333,Bayern
Waldstetten,1271,48.35,10.3,Bayern
Ronsberg,1720,47.9,10.416666666,Bayern
Tittling,4228,48.725833333,13.381944444,Bayern
Schöllkrippen,4338,50.085277777,9.245833333,Bayern
Ebrach,1845,49.8476118,10.4890958,Bayern
Markt Rettenbach,4013,47.9475,10.395,Bayern
Goldbach,10300,49.988888888,9.186388888,Bayern
Bad Steben,3390,50.366666666,11.65,Bayern
Ludwigschorgast,1000,50.125555555,11.559722222,Bayern
Eichendorf,6654,48.633333333,12.85,Bayern
Peißenberg,12881,47.795,11.060277777,Bayern
Q508879,2568,49.149722222,11.75,Bayern
Unterthingau,2900,47.766666666,10.5,Bayern
Triefenstein,4459,49.8,9.6,Bayern
Hohenburg,1640,49.295461111,11.797688888,Bayern
Cadolzburg,11312,49.46022,10.85708,Bayern
Geroda,818,50.283055555,9.9,Bayern
Gelchsheim,820,49.566666666,10.016666666,Bayern
Frontenhausen,4858,48.55,12.533333333,Bayern
Mönchberg,2564,49.792222222,9.266666666,Bayern
Geiselwind,2736,49.766666666,10.466666666,Bayern
Mömbris,11718,50.066666666,9.166666666,Bayern
Nassenfels,2338,48.799722222,11.233055555,Bayern
Peiting,11903,47.8,10.933333333,Bayern
Diedorf,10777,48.35,10.766666666,Bayern
Bodenmais,3616,49.066666666,13.1,Bayern
Obergünzburg,6543,47.85,10.416666666,Bayern
Mörnsheim,1603,48.883055555,11.0,Bayern
Thalmässing,5433,49.083333333,11.216666666,Bayern
Wellheim,2720,48.81785,11.081580555,Bayern
Markt Indersdorf,10468,48.366666666,11.366666666,Bayern
Irsee,1573,47.907777777,10.571388888,Bayern
Frickenhausen am Main,1231,49.670555555,10.093611111,Bayern
Biberbach,3536,48.516666666,10.816666666,Bayern
Schnaittach,8659,49.559166666,11.343055555,Bayern
Floß,3438,49.716666666,12.266666666,Bayern
Arberg,2212,49.133333333,10.616666666,Bayern
Haag in Oberbayern,6631,48.161961111,12.179419444,Bayern
Weilbach,2139,49.668611111,9.213333333,Bayern
Feucht,14102,49.375833333,11.213055555,Bayern
Kößlarn,1897,48.373611111,13.123888888,Bayern
Lehrberg,3131,49.344166666,10.51,Bayern
Kohlberg,1200,49.6,12.016666666,Bayern
Nennslingen,1458,49.05,11.133333333,Bayern
Schopfloch,2983,49.1213,10.30542,Bayern
Thüngen,1411,49.942222222,9.859444444,Bayern
Offingen,4429,48.485833333,10.3625,Bayern
Untergriesbach,6056,48.573611111,13.667222222,Bayern
Thierstein,1082,50.106666666,12.1025,Bayern
Eisenheim,1388,49.883333333,10.166666666,Bayern
Lauterhofen,3760,49.366666666,11.616666666,Bayern
Schneeberg,1730,49.639444444,9.246944444,Bayern
Roßtal,9963,49.39626,10.88962,Bayern
Wendelstein,16247,49.353611111,11.148333333,Bayern
Obersinn,944,50.216666666,9.616666666,Bayern
Kellmünz an der Iller,1524,48.116666666,10.133055555,Bayern
Hengersberg,7904,48.773611111,13.051666666,Bayern
Dollnstein,2939,48.866666666,11.066666666,Bayern
Küps,7818,50.193333333,11.272777777,Bayern
Waidhaus,2139,49.641666666,12.494444444,Bayern
Nesselwang,3845,47.616666666,10.5,Bayern
Sommerhausen,1957,49.7,10.033333333,Bayern
Welden,3841,48.45,10.666666666,Bayern
Wachenroth,2421,49.75,10.716666666,Bayern
Sugenheim,2385,49.6,10.416666666,Bayern
Kipfenberg,5992,48.949444444,11.395,Bayern
Rotthalmünster,4971,48.359722222,13.202777777,Bayern
Hohenfels,2358,49.2,11.85,Bayern
Langquaid,6017,48.816666666,12.05,Bayern
Höchberg,9601,49.783055555,9.881666666,Bayern
Werneck,10090,49.983333333,10.1,Bayern
Kirchseeon,10801,48.073055555,11.886111111,Bayern
Pilsting,7283,48.7,12.65,Bayern
Bissingen,3724,48.716666666,10.616666666,Bayern
Au in der Hallertau,6348,48.5575,11.741666666,Bayern
Luhe-Wildenau,3428,49.583888888,12.151111111,Bayern
Weiltingen,1423,49.016666666,10.466666666,Bayern
Grafengehaig,839,50.204166666,11.593611111,Bayern
Thurnau,4111,50.025555555,11.394166666,Bayern
Bütthard,1279,49.6,9.883333333,Bayern
Kösching,9994,48.816666666,11.5,Bayern
Markt Bad Hindelang,5427,47.505277777,10.369444444,Bayern
Neukirchen beim Heiligen Blut,3701,49.259166666,12.970277777,Bayern
Kirchzell,2238,49.616666666,9.183333333,Bayern
Kleinheubach,3753,49.722777777,9.214444444,Bayern
Aicha vorm Wald,2442,48.673611111,13.291111111,Bayern
Neuried,9038,48.093333333,11.465833333,Bayern
Haarbach,2527,48.501944444,13.146388888,Bayern
Soyen,2992,48.116666666,12.2,Bayern
Kissing,11764,48.3,10.983333333,Bayern
Niederbergkirchen,1240,48.312777777,12.504166666,Bayern
Hinterschmiding,2471,48.823055555,13.601111111,Bayern
Todtenweis,1479,48.516666666,10.933333333,Bayern
Oberdolling,1369,48.833333333,11.583333333,Bayern
Ramerberg,1437,48.016666666,12.15,Bayern
Schöngeising,1937,48.133333333,11.2,Bayern
Münster,1223,48.633333333,10.9,Bayern
Kochel am See,4145,47.6586,11.3682,Bayern
Eichenau,11765,48.166666666,11.316666666,Bayern
Bernried,4763,48.916666666,12.866666666,Bayern
Etzenricht,1546,49.633333333,12.1,Bayern
Denkendorf,5060,48.927222222,11.462222222,Bayern
Perach,1332,48.266666666,12.766666666,Bayern
Eitensheim,3042,48.816666666,11.316666666,Bayern
Ustersbach,1239,48.316666666,10.65,Bayern
Baierbach,790,48.416666666,12.2,Bayern
Übersee,5122,47.816666666,12.466666666,Bayern
Röthlein,4478,49.985833333,10.215833333,Bayern
Neubiberg,14618,48.074722222,11.676944444,Bayern
Stephansposching,3203,48.816666666,12.8,Bayern
Reischach,2706,48.283333333,12.733333333,Bayern
Anger,4525,47.8,12.85,Bayern
Polling,3663,47.811111111,11.130833333,Bayern
Vachendorf,1843,47.842222222,12.606944444,Bayern
Schwangau,3453,47.576666666,10.735277777,Bayern
Adelzhausen,1868,48.35,11.133333333,Bayern
Fridolfing,4485,48.0,12.816666666,Bayern
Altertheim,2046,49.716666666,9.75,Bayern
Kastl,2814,48.2,12.7,Bayern
Jesenwang,1693,48.166666666,11.133333333,Bayern
Eching,4297,48.5,12.066666666,Bayern
Affing,5697,48.458055555,10.981388888,Bayern
Egenhofen,3542,48.266666666,11.166666666,Bayern
Aholming,2383,48.733333333,12.916666666,Bayern
Rehling,2637,48.483333333,10.933333333,Bayern
Mitterskirchen,2228,48.35,12.733333333,Bayern
Holzheim,1198,48.616666666,10.966666666,Bayern
Grasbrunn,6813,48.078888888,11.743611111,Bayern
Taufkirchen,18176,48.05,11.616666666,Bayern
Hausen,2244,48.85,12.0,Bayern
Putzbrunn,6896,48.075788888,11.715719444,Bayern
Aiglsbach,1892,48.7,11.716666666,Bayern
Kumhausen,5711,48.5,12.166666666,Bayern
Albaching,1780,48.1125,12.115277777,Bayern
Opfenbach,2433,47.626666666,9.832777777,Bayern
Garching an der Alz,8837,48.116666666,12.583333333,Bayern
Herrngiersdorf,1395,48.8,12.066666666,Bayern
Palling,3658,48.0,12.633333333,Bayern
Gerolsbach,3852,48.493888888,11.359722222,Bayern
Bayerisch Gmain,3202,47.719444444,12.896666666,Bayern
Bischofswiesen,7111,47.649444444,12.963888888,Bayern
Türkenfeld,3727,48.116666666,11.083333333,Bayern
Bodenkirchen,5360,48.366666666,12.366666666,Bayern
Achslach,991,48.966666666,12.933333333,Bayern
Schleching,1900,47.716666666,12.4,Bayern
Bergen,4970,47.816666666,12.6,Bayern
Geisenhausen,7409,48.466666666,12.25,Bayern
Legau,3389,47.85,10.133333333,Bayern
Ottobeuren,8767,47.941388888,10.299444444,Bayern
Fuchsmühl,1540,49.916666666,12.15,Bayern
Triftern,5311,48.4,13.016666666,Bayern
Gangkofen,6473,48.436944444,12.563333333,Bayern
Q529002,3359,48.766666666,11.966666666,Bayern
Giebelstadt,5743,49.65,9.95,Bayern
Schwarzhofen,1409,49.383333333,12.35,Bayern
Tussenhausen,3105,48.1,10.566666666,Bayern
Markt Heimenkirch,3497,47.633333333,9.9,Bayern
Buch/Bayern,4292,48.22528,10.17944,Bayern
Weidenbach,2462,49.198055555,10.643888888,Bayern
Lichtenau,3867,49.2775,10.686666666,Bayern
Weiler-Simmerberg,6524,47.583333333,9.933333333,Bayern
Weitnau,5514,47.65,10.133333333,Bayern
Königstein,1716,49.616666666,11.633333333,Bayern
Falkenberg,918,49.858519444,12.22435,Bayern
Pfaffenhofen an der Roth,7412,48.354722222,10.160833333,Bayern
Gars am Inn,3959,48.15,12.283333333,Bayern
Wilhermsdorf,5489,49.486388888,10.718055555,Bayern
Schwanstetten,7310,49.311111111,11.127777777,Bayern
Gnotzheim,828,49.05866,10.71203,Bayern
Q548982,2580,49.016666666,10.75,Bayern
Mähring,1726,49.916666666,12.516666666,Bayern
Simbach,4396,48.566666666,12.75,Bayern
Kirchheim in Schwaben,2724,48.1725,10.475277777,Bayern
Burgwindheim,1266,49.833333333,10.6,Bayern
Reisbach,7912,48.566666666,12.633333333,Bayern
Pfaffenhausen,2736,48.116666666,10.45,Bayern
Wernberg-Köblitz,5602,49.533333333,12.15,Bayern
Markt Berolzheim,1320,49.016666666,10.85,Bayern
Schwarzenfeld,6463,49.383333333,12.133333333,Bayern
Rattelsdorf,4646,50.015555555,10.886944444,Bayern
Wegscheid,5557,48.599722222,13.79,Bayern
Markt Wald,2257,48.133333333,10.583333333,Bayern
Hofkirchen,3749,48.6763,13.1192,Bayern
Tann,4049,48.316666666,12.9,Bayern
Neukirchen-Balbini,1148,49.2925,12.441388888,Bayern
Neuburg an der Kammel,3251,48.30389,10.36,Bayern
Plößberg,3127,49.783333333,12.308333333,Bayern
Bad Birnbach,6003,48.44315,13.0898,Bayern
Oberschwarzach,1446,49.866666666,10.416666666,Bayern
Erkheim,3267,48.038055555,10.335833333,Bayern
Wurmannsquick,3457,48.35,12.783333333,Bayern
Markt Schwaben,13901,48.191666666,11.868055555,Bayern
Wallersdorf,7414,48.733333333,12.75,Bayern
Q588957,8492,49.25,11.233333333,Bayern
Saal an der Saale,1588,50.317076,10.354982,Bayern
Bruck in der Oberpfalz,4496,49.25,12.308055555,Bayern
Winklarn,1378,49.433333333,12.483333333,Bayern
Burtenbach,3608,48.35,10.45,Bayern
Babenhausen,5916,48.142769444,10.2533,Bayern
Bruckmühl,16984,47.883333333,11.916666666,Bayern
Glonn,5329,47.983333333,11.866666666,Bayern
Neuhaus an der Pegnitz,2819,49.628333333,11.551666666,Bayern
Karbach,1464,49.866666666,9.633333333,Bayern
Buchbach,3372,48.316666666,12.283333333,Bayern
Dirlewang,2316,48.0,10.5,Bayern
Buchenberg,4207,47.695833333,10.239722222,Bayern
Konnersreuth,1868,50.016666666,12.233333333,Bayern
Arnstorf,7548,48.566666666,12.816666666,Bayern
Teisendorf,9431,47.85,12.816666666,Bayern
Neubeuern,4355,47.766666666,12.15,Bayern
Bad Grönenbach,5853,47.8755,10.2211,Bayern
Wiggensbach,5135,47.745833333,10.231944444,Bayern
Wartenberg,5744,48.405,11.988888888,Bayern
Wertach,2807,47.6,10.4,Bayern
Remlingen,1521,49.804444444,9.694166666,Bayern
Wiesau,3975,49.916666666,12.166666666,Bayern
Waal,2397,47.99526,10.77635,Bayern
Q529077,3600,49.083611111,11.622222222,Bayern
Rieden,2648,49.316666666,11.95,Bayern
Türkheim,7525,48.059722222,10.639444444,Bayern
Trappstadt,914,50.316666666,10.583333333,Bayern
Heiligenstadt in Oberfranken,3703,49.866666666,11.166666666,Bayern
Bad Neualbenreuth,1372,49.966666666,12.433333333,Bayern
Pullach im Isartal,8989,48.05,11.516666666,Bayern
Edling,4639,48.066666666,12.166666666,Bayern
Weichering,2490,48.716666666,11.316666666,Bayern
Fraunberg,3966,48.366666666,12.0,Bayern
Grünwald,11442,48.048305555,11.531694444,Bayern
Möhrendorf,4955,49.6395,11.001719444,Bayern
Haiming,2527,48.2125,12.887777777,Bayern
Auerbach,2135,48.803611111,13.100277777,Bayern
Hopferau,1268,47.616666666,10.633333333,Bayern
Otzing,1969,48.766666666,12.816666666,Bayern
Eching am Ammersee,1700,48.0833,11.1167,Bayern
Zusamaltheim,1288,48.533333333,10.633333333,Bayern
Großwallstadt,4097,49.877883888,9.158661111,Bayern
Mickhausen,1394,48.243611111,10.64,Bayern
Frasdorf,3065,47.8,12.283333333,Bayern
Unterschwaningen,866,49.080555555,10.619722222,Bayern
Dörfles-Esbach,3596,50.280555555,10.993611111,Bayern
Ruhpolding,7235,47.766666666,12.65,Bayern
Utting am Ammersee,4725,48.023888888,11.088333333,Bayern
Michelsneukirchen,1762,49.124166666,12.5525,Bayern
Kahl am Main,8403,50.068055555,9.006666666,Bayern
Weiding,2483,49.262861111,12.764972222,Bayern
Gmund am Tegernsee,6123,47.75,11.733333333,Bayern
Egg an der Günz,1268,48.083333333,10.283333333,Bayern
Gerzen,1962,48.506666666,12.428055555,Bayern
Reuth bei Erbendorf,1093,49.85,12.116666666,Bayern
Wittelshofen,1259,49.066666666,10.466666666,Bayern
Großheirath,2639,50.166666666,10.933333333,Bayern
Zolling,5090,48.45,11.766666666,Bayern
Emtmannsberg,1005,49.891388888,11.644722222,Bayern
Petting,2396,47.916666666,12.816666666,Bayern
Bolsterlang,1131,47.466666666,10.233333333,Bayern
Maitenbeth,2080,48.15,12.091666666,Bayern
Emmering,7068,48.183333333,11.283333333,Bayern
Andechs,3865,47.966666666,11.184722222,Bayern
Waigolshausen,2759,49.95,10.133333333,Bayern
Osterberg,930,48.15,10.166666666,Bayern
Marxheim,2663,48.75,10.95,Bayern
Sand am Main,3109,49.983333333,10.6,Bayern
Allershausen,6271,48.425,11.591666666,Bayern
Bruckberg,5743,48.533333333,12.0,Bayern
Neufahrn bei Freising,20819,48.315880555,11.663161111,Bayern
Aschau im Chiemgau,5802,47.77689,12.32297,Bayern
Haunsheim,1642,48.6,10.366666666,Bayern
Kirchham,2738,48.35,13.266666666,Bayern
Rödelsee,1912,49.733333333,10.25,Bayern
Großmehring,7621,48.766666666,11.533055555,Bayern
Schirmitz,2066,49.654344444,12.16935,Bayern
Bernau am Chiemsee,7178,47.816666666,12.366666666,Bayern
Deuerling,1993,49.036111111,11.9075,Bayern
Feilitzsch,2709,50.366666666,11.916666666,Bayern
Schiltberg,2014,48.466666666,11.233333333,Bayern
Gauting,21435,48.067777777,11.373888888,Bayern
Baiern,1531,47.95,11.9,Bayern
Straßkirchen,3521,48.833333333,12.716666666,Bayern
Weißensberg,2761,47.581111111,9.725277777,Bayern
Bernried am Starnberger See,2475,47.865555555,11.292222222,Bayern
Egling,5430,47.916666666,11.516666666,Bayern
Wilhelmsdorf,1539,49.563611111,10.738333333,Bayern
Seefeld,7768,48.033333333,11.2,Bayern
Zorneding,9570,48.083333333,11.833333333,Bayern
Neukirchen vorm Wald,3053,48.683333333,13.383333333,Bayern
Parkstetten,3355,48.916666666,12.6,Bayern
Neuschönau,2180,48.884444444,13.477777777,Bayern
Irschenberg,3331,47.833333333,11.916666666,Bayern
Schmiechen,1367,48.213611111,10.964722222,Bayern
Stegaurach,7134,49.863333333,10.843611111,Bayern
Neukirchen bei Sulzbach-Rosenberg,2507,49.533333333,11.633333333,Bayern
Birgland,1828,49.416666666,11.633333333,Bayern
Albertshofen,2293,49.766666666,10.166666666,Bayern
Oberreute,1702,47.566666666,9.933333333,Bayern
Herrsching am Ammersee,11045,48.0,11.183333333,Bayern
Burk,1092,49.133055555,10.478888888,Bayern
Kirchroth,3895,48.95,12.55,Bayern
Berg,8321,47.9675,11.355833333,Bayern
Ellzee,1217,48.333333333,10.316666666,Bayern
Eschenlohe,1552,47.6,11.183333333,Bayern
Aufhausen,2004,48.872222222,12.285833333,Bayern
Reichenbach,1340,49.183333333,12.35,Bayern
Unterroth,1119,48.2,10.166666666,Bayern
Heigenbrücken,2288,50.028055555,9.375277777,Bayern
Rohrdorf,5986,47.798888888,12.1675,Bayern
Kirchanschöring,3334,47.95,12.833333333,Bayern
Geiselbach,2138,50.116666666,9.2,Bayern
Sinzing,7569,48.991111111,12.034722222,Bayern
Kirchehrenbach,2227,49.733055555,11.15,Bayern
Karlsfeld,22101,48.227,11.467011111,Bayern
Obertraubling,8793,48.965833333,12.166944444,Bayern
Q256423,2166,48.7,11.816666666,Bayern
Arnbruck,2017,49.133333333,13.0,Bayern
Segnitz,819,49.671111111,10.142777777,Bayern
Tiefenbach,4069,48.502777777,12.098888888,Bayern
Münchsmünster,3218,48.764166666,11.691111111,Bayern
Tegernheim,5868,49.024722222,12.1725,Bayern
Aldersbach,4396,48.588055555,13.085555555,Bayern
Iffeldorf,2765,47.771111111,11.319444444,Bayern
Baar-Ebenhausen,5664,48.672777777,11.465,Bayern
Dürrlauingen,1711,48.466666666,10.433333333,Bayern
Alling,4072,48.15,11.3,Bayern
Rugendorf,963,50.2,11.466666666,Bayern
Prackenbach,2792,49.1,12.833333333,Bayern
Sünching,2270,48.879722222,12.354444444,Bayern
Zenting,1137,48.8,13.266666666,Bayern
Pentling,6398,48.983611111,12.058888888,Bayern
Walkertshofen,1198,48.233333333,10.583333333,Bayern
Köfering,2889,48.938055555,12.195,Bayern
Oberschweinbach,1809,48.238055555,11.156666666,Bayern
Marquartstein,3374,47.758611111,12.461666666,Bayern
Seubersdorf in der Oberpfalz,5398,49.166666666,11.616666666,Bayern
Jetzendorf,3179,48.416666666,11.416666666,Bayern
Heroldsbach,5151,49.7,11.0,Bayern
Pörnbach,2267,48.616666666,11.466666666,Bayern
Warmensteinach,2253,49.9973,11.7856,Bayern
Pinzberg,1997,49.7,11.1,Bayern
Gröbenzell,19731,48.1927,11.371879,Bayern
Bad Heilbrunn,4048,47.75,11.45,Bayern
Püchersreuth,1716,49.75,12.233333333,Bayern
Flossenbürg,1474,49.735833333,12.348611111,Bayern
Obertrubach,2266,49.695,11.349444444,Bayern
Moos,2375,48.75,12.966666666,Bayern
Kienberg,1406,48.033333333,12.466666666,Bayern
Mariaposching,1435,48.833333333,12.8,Bayern
Pfarrweisach,1490,50.15,10.733333333,Bayern
Q269304,1439,48.8,11.866666666,Bayern
Ahorntal,2185,49.85,11.433333333,Bayern
Hagelstadt,1985,48.895833333,12.216944444,Bayern
Mintraching,4988,48.951944444,12.245833333,Bayern
Schnaitsee,3868,48.066666666,12.366666666,Bayern
Hallbergmoos,12140,48.333333333,11.75,Bayern
Muhr am See,2497,49.155555555,10.716666666,Bayern
Tröstau,2132,50.016666666,11.95,Bayern
Unterföhring,11957,48.191666666,11.652777777,Bayern
Q186132,5721,49.075833333,12.105277777,Bayern
Piding,5464,47.766666666,12.916666666,Bayern
Haselbach,1945,49.0,12.7,Bayern
Mönchsroth,1674,49.019722222,10.359166666,Bayern
Pielenhofen,1657,49.072777777,11.956388888,Bayern
Laufach,5308,50.016666666,9.3,Bayern
Wolfsegg,1560,49.1075,11.9775,Bayern
Gräfelfing,13673,48.118888888,11.428888888,Bayern
Bayerisch Eisenstein,986,49.12,13.2,Bayern
Zell,1865,49.144444444,12.411388888,Bayern
Hettenshausen,2247,48.5,11.5,Bayern
Dormitz,2031,49.6,11.116666666,Bayern
Rohrbach,6213,48.616666666,11.566666666,Bayern
Böbrach,1622,49.066666666,13.033333333,Bayern
Ziertheim,1068,48.65,10.383333333,Bayern
Seehausen am Staffelsee,2521,47.683333333,11.183333333,Bayern
Scheyern,5070,48.5,11.466666666,Bayern
Kleinsendelbach,1468,49.594602777,11.157225,Bayern
Ahorn,4149,50.233333333,10.95,Bayern
Strullendorf,7875,49.833333333,10.966666666,Bayern
Altenmarkt an der Alz,4273,48.0,12.5333,Bayern
Pettendorf,3497,49.059444444,12.005833333,Bayern
Winhöring,4856,48.266666666,12.65,Bayern
Aholfing,1931,48.95,12.466666666,Bayern
Riekofen,819,48.917777777,12.350277777,Bayern
Wiesen,1042,50.116666666,9.366666666,Bayern
Hetzles,1378,49.633333333,11.133333333,Bayern
Schönau,1950,48.483333333,12.85,Bayern
Effeltrich,2546,49.659722222,11.092222222,Bayern
Raisting,2358,47.916666666,11.1,Bayern
Hollenbach,2521,48.483333333,11.066666666,Bayern
Wenzenbach,9061,49.074722222,12.194444444,Bayern
Unterhaching,26079,48.065833333,11.61,Bayern
Kirchdorf,938,48.766666666,11.916666666,Bayern
Wiesenthau,1643,49.716666666,11.133055555,Bayern
Künzing,3200,48.669722222,13.080277777,Bayern
Lachen,1729,47.95,10.233333333,Bayern
Apfeltrach,997,48.016666666,10.5,Bayern
Pfatter,3329,48.965,12.381111111,Bayern
Kirchberg im Wald,4500,48.9,13.183333333,Bayern
Zeilarn,2183,48.3,12.833333333,Bayern
Altfraunhofen,2559,48.448611111,12.167222222,Bayern
Feldkirchen,7689,48.15,11.733333333,Bayern
Mötzing,1328,48.894166666,12.373888888,Bayern
Regnitzlosau,2203,50.283333333,12.05,Bayern
Q256364,3069,47.716666666,11.15,Bayern
Hallerndorf,4258,49.766666666,10.983055555,Bayern
Stadelhofen,1263,50.003056,11.1975,Bayern
Wiesent,2723,49.006944444,12.377777777,Bayern
Bischofsmais,3349,48.916666666,13.083333333,Bayern
Oberpöring,1194,48.70211,12.82543,Bayern
Thalmassing,3604,48.914722222,12.153055555,Bayern
Holzheim am Forst,1111,49.148055555,11.998888888,Bayern
Siegsdorf,8529,47.82343,12.64342,Bayern
Kottgeisering,1609,48.116666666,11.133333333,Bayern
Chieming,5065,47.9,12.533333333,Bayern
Baar,1261,48.593055555,10.962777777,Bayern
Zöschingen,772,48.666666666,10.316666666,Bayern
Sielenbach,1864,48.4,11.166666666,Bayern
Surberg,3379,47.866666666,12.7,Bayern
Icking,3732,47.95,11.433333333,Bayern
Pittenhart,1934,47.983333333,12.383333333,Bayern
Ismaning,18043,48.226388888,11.6725,Bayern
Schechen,5376,47.933333333,12.133333333,Bayern
Buch am Erlbach,4207,48.45,12.05,Bayern
Babensham,3307,48.083333333,12.266666666,Bayern
Aying,5613,47.966666666,11.783333333,Bayern
Lauben,3450,47.783333333,10.3,Bayern
Oberschleißheim,11984,48.25,11.566666666,Bayern
Burgkirchen an der Alz,11008,48.166666666,12.716666666,Bayern
Petersdorf,1731,48.5,11.016666666,Bayern
Schneizlreuth,1394,47.683333333,12.8,Bayern
Obersöchering,1570,47.733333333,11.216666666,Bayern
Bischofsgrün,1969,50.0525,11.796111111,Bayern
Oberding,6792,48.316666666,11.85,Bayern
Obing,4560,48.0,12.416666666,Bayern
Staudach-Egerndach,1197,47.783333333,12.483333333,Bayern
Landsberied,1621,48.166666666,11.166666666,Bayern
Mammendorf,5047,48.2,11.15,Bayern
Inzell,4986,47.766666666,12.75,Bayern
Altenstadt an der Waldnaab,4709,49.716666666,12.166666666,Bayern
Reit im Winkl,2338,47.678055555,12.47,Bayern
Brunnthal,5650,48.016666666,11.683333333,Bayern
Mauern,3164,48.516666666,11.9,Bayern
Planegg,11088,48.104722222,11.430555555,Bayern
Bergtheim,3890,49.9,10.066666666,Bayern
Grainau,3621,47.476111111,11.024722222,Bayern
Ernsgaden,1865,48.733333333,11.583333333,Bayern
Adelshofen,1844,48.183333333,11.116666666,Bayern
Pfaffing,4265,48.05,12.116666666,Bayern
Teugn,1744,48.9,12.016666666,Bayern
Seeon-Seebruck,4594,47.966666666,12.466666666,Bayern
Nußdorf,2458,47.9,12.6,Bayern
Bayerbach bei Ergoldsbach,2048,48.7,12.3,Bayern
Adlkofen,4507,48.55,12.266666666,Bayern
Grabenstätt,4478,47.843888888,12.5425,Bayern
Erharting,951,48.283333333,12.583333333,Bayern
Taching am See,2177,47.95942,12.72933,Bayern
Aham,1947,48.533333333,12.466666666,Bayern
Maisach,14256,48.216666666,11.266666666,Bayern
Ramsau bei Berchtesgaden,1748,47.607222222,12.895,Bayern
Ederheim,1109,48.808888888,10.465555555,Bayern
Tagmersheim,1117,48.816666666,10.966666666,Bayern
Martinsheim,998,49.616666666,10.15,Bayern
Witzmannsberg,1561,48.716666666,13.416666666,Bayern
Ramsthal,1089,50.133333333,10.066666666,Bayern
Bischbrunn,1834,49.870277777,9.489166666,Bayern
Forheim,536,48.766666666,10.45,Bayern
Stiefenhofen,1912,47.6,10.0,Bayern
Sonnen,1400,48.684722222,13.723611111,Bayern
Ehekirchen,3878,48.633333333,11.1,Bayern
Fuchsstadt,1917,50.1,9.933333333,Bayern
Heinrichsthal,824,50.066666666,9.35,Bayern
Malching,1246,48.312777777,13.188333333,Bayern
Fremdingen,2114,48.966666666,10.466666666,Bayern
Bechtsrieth,1081,49.646666666,12.213055555,Bayern
Erlabrunn,1825,49.859166666,9.843333333,Bayern
Breitbrunn,1018,50.016666666,10.7,Bayern
Himmelkron,3445,50.066666666,11.583333333,Bayern
Oberleichtersbach,2088,50.274722222,9.805,Bayern
Buchhofen,959,48.7,12.916666666,Bayern
Ohrenbach,585,49.47007,10.21009,Bayern
Schnelldorf,3670,49.19899,10.17832,Bayern
Rottach-Egern,5778,47.689722222,11.770555555,Bayern
Pösing,1006,49.23,12.548888888,Bayern
Rögling,653,48.85,10.95,Bayern
Störnstein,1550,49.733333333,12.216666666,Bayern
Trebgast,1561,50.066666666,11.55,Bayern
Rügland,1294,49.4,10.591666666,Bayern
Wörnitz,1915,49.25,10.25,Bayern
Rauhenebrach,2837,49.888833333,10.552708333,Bayern
Wildenberg,1439,48.733333333,11.916666666,Bayern
Untersteinach,1789,50.131111111,11.5275,Bayern
Riedbach,1744,50.1,10.433333333,Bayern
Eußenheim,3098,49.983333333,9.816666666,Bayern
Esselbach,2125,49.85528,9.52583,Bayern
Schneckenlohe,1001,50.210555555,11.193888888,Bayern
Ehingen,1940,49.083055555,10.533055555,Bayern
Pemfling,2274,49.266666666,12.616666666,Bayern
Traitsching,4323,49.15,12.65,Bayern
Rannungen,1156,50.166666666,10.205277777,Bayern
Nordheim am Main,1026,49.859166666,10.185555555,Bayern
Windelsbach,1060,49.398333333,10.299444444,Bayern
Geroldsgrün,2650,50.336111111,11.596666666,Bayern
Motten,1706,50.4,9.766666666,Bayern
Eppenschlag,953,48.883333333,13.3,Bayern
Issigau,973,50.366666666,11.716666666,Bayern
Büchlberg,4343,48.668055555,13.510833333,Bayern
Thurmansbang,2576,48.766666666,13.316666666,Bayern
Hochstadt am Main,1625,50.150088888,11.171161111,Bayern
Trautskirchen,1355,49.45,10.583333333,Bayern
Bad Wiessee,5134,47.716666666,11.716666666,Bayern
Otting,827,48.883333333,10.8,Bayern
Burgoberbach,3807,49.237777777,10.592222222,Bayern
Gattendorf,1070,50.321219444,11.997163888,Bayern
Auhausen,1032,48.997278,10.6025,Bayern
Aystetten,3053,48.404722222,10.774166666,Bayern
Aurach,3166,49.245833333,10.414722222,Bayern
Buch am Wald,1034,49.3302,10.334838888,Bayern
Tapfheim,4070,48.672222222,10.683333333,Bayern
Eichenbühl,2535,49.7,9.333333333,Bayern
Buchdorf,2057,48.783333333,10.816666666,Bayern
Nüdlingen,3996,50.216666666,10.133333333,Bayern
Neuendettelsau,8282,49.28524,10.78857,Bayern
Unterdießen,1488,47.983333333,10.833333333,Bayern
Diebach,1189,49.308888888,10.186666666,Bayern
Dorfprozelten,1721,49.783333333,9.383333333,Bayern
Elchingen,9893,48.451666666,10.097777777,Bayern
Ellgau,1185,48.6,10.866666666,Bayern
Reimlingen,1366,48.816666666,10.516666666,Bayern
Trogen,1396,50.364388888,11.95325,Bayern
Irchenrieth,1648,49.623055555,12.227222222,Bayern
Bubenreuth,4637,49.627777777,11.017222222,Bayern
Aschheim,9149,48.173333333,11.717777777,Bayern
Ihrlerstein,4337,48.933333333,11.866666666,Bayern
Innernzell,1562,48.85,13.266666666,Bayern
Speichersdorf,5907,49.876388888,11.783888888,Bayern
Rohrenfels,1651,48.683333333,11.166666666,Bayern
Kirchendemenreuth,890,49.766666666,12.083333333,Bayern
Attenhofen,1400,48.65,11.85,Bayern
Obergriesbach,2071,48.416666666,11.066666666,Bayern
Oberammergau,5335,47.596666666,11.064444444,Bayern
Deisenhausen,1464,48.25,10.333333333,Bayern
Schöfweg,1320,48.833333333,13.233333333,Bayern
Plankenfels,891,49.883333333,11.333333333,Bayern
Marktoffingen,1288,48.933333333,10.483333333,Bayern
Ehingen am Ries,766,48.966666666,10.55,Bayern
Prebitz,956,49.834166666,11.685,Bayern
Wolferstadt,1111,48.916666666,10.783333333,Bayern
Schaufling,1547,48.85,13.066666666,Bayern
Schönau am Königssee,5706,47.59,12.99,Bayern
Mitteleschenbach,1677,49.216666666,10.766666666,Bayern
Insingen,1196,49.302777777,10.164444444,Bayern
Weißdorf,1216,50.184722222,11.85,Bayern
Hohenaltheim,608,48.783333333,10.533333333,Bayern
Oberndorf am Lech,2689,48.666666666,10.866666666,Bayern
Theisseil,1221,49.690277777,12.226944444,Bayern
Saldenburg,2004,48.783333333,13.35,Bayern
Jandelsbrunn,3370,48.733333333,13.7,Bayern
Ringelai,1928,48.813611111,13.470833333,Bayern
Balzhausen,1244,48.233333333,10.5,Bayern
Kammeltal,3327,48.383333333,10.366666666,Bayern
Buchbrunn,1143,49.766666666,10.133333333,Bayern
Grafrath,4052,48.116666666,11.166666666,Bayern
Pirk,1933,49.633333333,12.166666666,Bayern
Hainsfarth,1464,48.966666666,10.616666666,Bayern
Farchant,3586,47.533333333,11.116666666,Bayern
Q503778,5394,49.216666666,11.516666666,Bayern
Benediktbeuern,3736,47.706666666,11.411666666,Bayern
Neudrossenfeld,3746,50.016666666,11.5,Bayern
Steindorf,987,48.216666666,11.0,Bayern
Daiting,809,48.8,10.9,Bayern
Bachhagel,2296,48.633333333,10.316666666,Bayern
Baierbrunn,3426,48.016666666,11.483333333,Bayern
Mauth,2184,48.889722222,13.584722222,Bayern
Konzell,1869,49.066666666,12.716666666,Bayern
Eberfing,1508,47.8,11.2,Bayern
Bad Kohlgrub,2842,47.666666666,11.05,Bayern
Mittelneufnach,1078,48.183333333,10.6,Bayern
Patersdorf,1728,49.016666666,12.983333333,Bayern
Döhlau,3802,50.2803,11.947211111,Bayern
Atting,1704,48.9,12.483333333,Bayern
Frauenau,2706,48.983333333,13.3,Bayern
Weigendorf,1272,49.5,11.566666666,Bayern
Furth,3647,48.6,12.016666666,Bayern
Langdorf,1863,49.016666666,13.15,Bayern
Seukendorf,3178,49.488888888,10.875,Bayern
Weil,4018,48.116666666,10.916666666,Bayern
Amerang,3761,47.991666666,12.309444444,Bayern
Raubling,11594,47.788055555,12.104722222,Bayern
Wiedergeltingen,1526,48.039722222,10.672222222,Bayern
Kirchdorf im Wald,2077,48.916666666,13.266666666,Bayern
Schweitenkirchen,5689,48.5,11.616666666,Bayern
Nußdorf am Inn,2671,47.733333333,12.15,Bayern
Brunn,1553,49.095277777,11.897222222,Bayern
Lindberg,2308,49.033333333,13.25,Bayern
Aidhausen,1679,50.155,10.435833333,Bayern
Weißenohe,1216,49.630833333,11.255277777,Bayern
Saal an der Donau,5755,48.9,11.933305555,Bayern
Kirchenpingarten,1283,49.921666666,11.786666666,Bayern
Altenthann,1514,49.092777777,12.303611111,Bayern
Geiersthal,2230,49.05,12.983333333,Bayern
Althegnenberg,2111,48.233333333,11.066666666,Bayern
Aichen,1206,48.226666666,10.542222222,Bayern
Waldbüttelbrunn,5065,49.7875,9.841944444,Bayern
Altenbuch,1261,49.833333333,9.416666666,Bayern
Rinchnach,3094,48.95,13.2,Bayern
Möttingen,2782,48.816666666,10.583333333,Bayern
Altenkunstadt,5602,50.116666666,11.25,Bayern
Pfakofen,1688,48.856944444,12.224722222,Bayern
Kreuth,3517,47.65,11.75,Bayern
Oberaurach,4046,49.916666666,10.616666666,Bayern
Emersacker,1506,48.488888888,10.673055555,Bayern
Röthenbach im Allgäu,2021,47.6226,9.9732,Bayern
Wehringen,3055,48.25,10.8,Bayern
Kirchlauter,1327,50.044166666,10.717777777,Bayern
Gebenbach,862,49.538888888,11.875555555,Bayern
Ilmmünster,2198,48.483333333,11.5,Bayern
Reichertshausen,5200,48.466666666,11.516666666,Bayern
Poxdorf,1537,49.666666666,11.066666666,Bayern
Altenmünster,4600,48.466666666,10.6,Bayern
Huisheim,1667,48.824444444,10.704722222,Bayern
Brennberg,2122,49.076111111,12.391666666,Bayern
Nagel,1720,49.983333333,11.916666666,Bayern
Ammerthal,2065,49.44123,11.76181,Bayern
Drachselsried,2440,49.1,13.016666666,Bayern
Langensendelbach,3070,49.639722222,11.07,Bayern
Bernhardswald,5530,49.090555555,12.244444444,Bayern
Untermeitingen,7568,48.166666666,10.8,Bayern
Kirchensittenbach,2068,49.549722222,11.416666666,Bayern
Gädheim,1319,50.024166666,10.343333333,Bayern
Barbing,5884,49.003333333,12.199166666,Bayern
Ampfing,7136,48.255,12.418055555,Bayern
Konradsreuth,3179,50.266666666,11.833333333,Bayern
Weßling,5562,48.078055555,11.2525,Bayern
Bach an der Donau,1809,49.020833333,12.303888888,Bayern
Kollnburg,2775,49.05,12.866666666,Bayern
Gotteszell,1188,48.966666666,12.966666666,Bayern
Kunreuth,1424,49.6823,11.14327,Bayern
Altusried,10430,47.8,10.216666666,Bayern
Straßlach-Dingharting,3321,48.0,11.516666666,Bayern
Kürnach,4916,49.84592,10.0405,Bayern
Königsdorf,3178,47.816666666,11.483333333,Bayern
Mönchsdeggingen,1437,48.783333333,10.583333333,Bayern
Töpen,1008,50.390277777,11.871944444,Bayern
Weilersbach,2039,49.75,11.116666666,Bayern
Mehlmeisel,1323,49.976111111,11.855,Bayern
Finsing,4769,48.216666666,11.833333333,Bayern
Röfingen,1231,48.424166666,10.441388888,Bayern
Wiesenbach,1020,48.298333333,10.307222222,Bayern
Weigenheim,1005,49.566666666,10.266666666,Bayern
Röhrmoos,6721,48.333333333,11.483333333,Bayern
Haimhausen,5928,48.316666666,11.566666666,Bayern
Gerhardshofen,2526,49.616666666,10.683333333,Bayern
Inning am Holz,1570,48.347222222,12.076388888,Bayern
Grafling,2790,48.894444444,12.975,Bayern
Treffelstein,987,49.4223,12.6158,Bayern
Stockheim,4815,50.304722222,11.283611111,Bayern
Hitzhofen,3053,48.85,11.316666666,Bayern
Ottenhofen,1949,48.216666666,11.883333333,Bayern
Ergersheim,1081,49.511111111,10.326944444,Bayern
Grafenwiesen,1552,49.201738888,12.880313888,Bayern
Willmering,2081,49.25,12.666666666,Bayern
Moosthenning,5144,48.683333333,12.5,Bayern
Haag,956,49.869722222,11.5625,Bayern
Gerolfingen,938,49.052777777,10.511111111,Bayern
Pastetten,2834,48.2,11.95,Bayern
Forstern,3735,48.183333333,11.983333333,Bayern
Stötten am Auerberg,1996,47.733333333,10.683333333,Bayern
Ruderatshofen,1755,47.816666666,10.583333333,Bayern
Marklkofen,3972,48.55,12.566666666,Bayern
Wettstetten,5089,48.833333333,11.416666666,Bayern
Illschwang,2083,49.45,11.683333333,Bayern
Wurmsham,1414,48.35,12.333333333,Bayern
Bächingen an der Brenz,1388,48.54627,10.31281,Bayern
Neuching,2780,48.233333333,11.85,Bayern
Postau,1701,48.65,12.333333333,Bayern
Schwabhausen,6546,48.303055555,11.355555555,Bayern
Harsdorf,955,50.029444444,11.566388888,Bayern
Binswangen,1413,48.566666666,10.65,Bayern
Hohenpolding,1651,48.384444444,12.131944444,Bayern
Ködnitz,1503,50.1,11.516666666,Bayern
Böhmfeld,1713,48.866666666,11.366666666,Bayern
Tuchenbach,1391,49.52815,10.862,Bayern
Mamming,3447,48.65,12.6,Bayern
Niederviehbach,2684,48.616666666,12.383333333,Bayern
Neufraunhofen,1115,48.391666666,12.213333333,Bayern
Sonderhofen,879,49.6,10.0,Bayern
Waltenhausen,758,48.19,10.36472,Bayern
Stöttwang,1936,47.883333333,10.716666666,Bayern
Gesees,1273,49.899444444,11.537777777,Bayern
Forstinning,3895,48.166666666,11.916666666,Bayern
Rettenbach am Auerberg,903,47.7738,10.7491,Bayern
Genderkingen,1269,48.707777777,10.878888888,Bayern
Finning,1986,48.016666666,11.0,Bayern
Landensberg,691,48.433333333,10.533333333,Bayern
Vilgertshofen,2769,47.95,10.916666666,Bayern
Wechingen,1453,48.9,10.616666666,Bayern
Geltendorf,6005,48.122222222,11.027777777,Bayern
Odelzhausen,5723,48.316666666,11.183333333,Bayern
Seeg,3103,47.65,10.6,Bayern
Guttenberg,467,50.155,11.564722222,Bayern
Rückholz,996,47.666666666,10.55,Bayern
Fellen,855,50.15,9.583333333,Bayern
Riedenberg,953,50.316666666,9.85,Bayern
Moosinning,6265,48.283333333,11.85,Bayern
Biebelried,1216,49.766666666,10.083333333,Bayern
Röllbach,1698,49.773055555,9.245833333,Bayern
Schollbrunn,881,49.833333333,9.466666666,Bayern
Sindelsdorf,1243,47.723333333,11.3325,Bayern
Oberpframmern,2503,48.016666666,11.816666666,Bayern
Steinhöring,4078,48.083333333,12.033333333,Bayern
Hohenthann,4344,48.666666666,12.1,Bayern
Winterbach,768,48.466666666,10.483333333,Bayern
Aßling,4631,47.99297,12.00643,Bayern
Fünfstetten,1361,48.8325,10.764444444,Bayern
Berglern,3068,48.383333333,11.933333333,Bayern
Egmating,2391,48.0,11.8,Bayern
Niederaichbach,4274,48.6,12.316666666,Bayern
Ettal,769,47.566666666,11.1,Bayern
Westerngrund,1990,50.125877777,9.240605555,Bayern
Wartmannsroth,2149,50.166666666,9.783333333,Bayern
Hausen bei Würzburg,2535,49.933333333,10.016666666,Bayern
Prosselsheim,1177,49.866666666,10.133333333,Bayern
Krün,1944,47.5,11.283333333,Bayern
Egweil,1222,48.783055555,11.233055555,Bayern
Weihenzell,3025,49.35,10.616666666,Bayern
Kleinkahl,1883,50.106402777,9.275527777,Bayern
Kiefersfelden,6841,47.616666666,12.183333333,Bayern
Hettstadt,3599,49.8,9.816666666,Bayern
Weiherhammer,3869,49.633333333,12.066666666,Bayern
Hafenlohr,1769,49.866666666,9.6,Bayern
Estenfeld,5458,49.828055555,10.0075,Bayern
Denklingen,2934,47.916666666,10.85,Bayern
Lohberg,1875,49.183333333,13.1,Bayern
Birkenfeld,2207,49.866666666,9.7,Bayern
Lalling,1652,48.85,13.133333333,Bayern
Gössenheim,1089,50.019166666,9.782777777,Bayern
Mindelstetten,1837,48.85,11.65,Bayern
Retzstadt,1633,49.916666666,9.883333333,Bayern
Schwarzenbruck,8572,49.35,11.233333333,Bayern
Riedenheim,715,49.55,9.983333333,Bayern
Grattersdorf,1350,48.8,13.15,Bayern
Hepberg,3047,48.823055555,11.462222222,Bayern
Ursberg,3414,48.266666666,10.45,Bayern
Hebertshausen,5928,48.290833333,11.469166666,Bayern
Schwindegg,3659,48.266666666,12.25,Bayern
Himmelstadt,1560,49.916666666,9.8,Bayern
Blaibach,1943,49.166666666,12.816666666,Bayern
Neuhütten,1128,50.0,9.416666666,Bayern
Faulbach,2575,49.783333333,9.45,Bayern
Offenberg,3392,48.866666666,12.866666666,Bayern
Reichenschwand,2411,49.515,11.371944444,Bayern
Königsmoos,5054,48.666666666,11.216666666,Bayern
Rechtenbach,1024,49.984722222,9.511111111,Bayern
Urspringen,1420,49.9,9.666666666,Bayern
Schwarzenbach,1162,49.733333333,12.0,Bayern
Theilheim,2452,49.75,10.033333333,Bayern
Mittelsinn,850,50.2,9.616666666,Bayern
Bundorf,915,50.216666666,10.516666666,Bayern
Ried,3218,48.3,11.05,Bayern
Fürstenstein,3590,48.719444444,13.330833333,Bayern
Bichl,2360,47.720555555,11.411944444,Bayern
Westendorf,1733,48.566666666,10.833333333,Bayern
Kleinrinderfeld,2073,49.7,9.85,Bayern
Neustadt am Main,1254,49.930833333,9.5675,Bayern
Krombach,2121,50.083333333,9.216666666,Bayern
Syrgenstein,3931,48.65,10.3,Bayern
Oberpleichfeld,1135,49.883333333,10.083333333,Bayern
Pommelsbrunn,5483,49.5,11.516666666,Bayern
Burgthann,11860,49.35626,11.31763,Bayern
Güntersleben,4567,49.866666666,9.9,Bayern
Wieseth,1324,49.166666666,10.466666666,Bayern
Dietramszell,5737,47.85,11.6,Bayern
Bayrischzell,1691,47.666666666,12.016666666,Bayern
Schlammersdorf,851,49.801666666,11.734444444,Bayern
Collenberg,2483,49.771111111,9.329722222,Bayern
Sulzfeld am Main,1242,49.7,10.116666666,Bayern
Berg bei Neumarkt in der Oberpfalz,8182,49.316666666,11.433333333,Bayern
Ottobrunn,22510,48.066666666,11.666666666,Bayern
Knetzgau,6680,49.983333333,10.55,Bayern
Ebelsbach,3715,49.983333333,10.683333333,Bayern
Hagenbüchach,1636,49.537777777,10.772777777,Bayern
Finningen,1849,48.65,10.5,Bayern
Johannesberg,3994,50.033333333,9.133333333,Bayern
Schäftlarn,5975,47.985,11.456666666,Bayern
Buttenwiesen,6164,48.6,10.716666666,Bayern
Hörgertshausen,2001,48.55,11.866666666,Bayern
Steinbach am Wald,3041,50.433305555,11.366694444,Bayern
Uettingen,1933,49.8,9.733333333,Bayern
Oberdachstetten,1660,49.415277777,10.423055555,Bayern
Günzach,1414,47.816666666,10.45,Bayern
Mertingen,4078,48.65,10.783333333,Bayern
Eresing,2043,48.087222222,11.024444444,Bayern
Aufseß,1250,49.883611111,11.228333333,Bayern
Langfurth,2016,49.1,10.433333333,Bayern
Sauerlach,8210,47.966666666,11.65,Bayern
Marzling,3311,48.4,11.8,Bayern
Gebsattel,1764,49.35,10.183333333,Bayern
Neureichenau,4462,48.75,13.75,Bayern
Neuburg am Inn,4445,48.506111111,13.448333333,Bayern
Volkenschwand,1802,48.6,11.883333333,Bayern
Kranzberg,4263,48.4,11.616666666,Bayern
Gachenbach,2592,48.5,11.233333333,Bayern
Asbach-Bäumenheim,4812,48.683333333,10.816666666,Bayern
Fahrenzhausen,5138,48.35,11.55,Bayern
Glattbach,3420,50.005555555,9.147222222,Bayern
Bad Füssing,8230,48.350833333,13.313611111,Bayern
Gremsdorf,1677,49.696388888,10.834444444,Bayern
Tettenweis,1836,48.433333333,13.266666666,Bayern
Blankenbach,1528,50.066666666,9.233333333,Bayern
Poing,16666,48.166666666,11.816666666,Bayern
Geslau,1339,49.366666666,10.314722222,Bayern
Lenting,4976,48.799722222,11.466666666,Bayern
Westheim,1152,49.0,10.666666666,Bayern
Kutzenhausen,2627,48.333333333,10.7,Bayern
Stettfeld,1096,49.96666667,10.71666667,Bayern
Ottensoos,2000,49.516666666,11.349722222,Bayern
Oberaudorf,5359,47.6475,12.171944444,Bayern
Laugna,1588,48.533333333,10.7,Bayern
Theilenhofen,1172,49.083333333,10.85,Bayern
Pfofeld,1626,49.116666666,10.833333333,Bayern
Waffenbrunn,2060,49.266666666,12.666666666,Bayern
Vilsheim,2843,48.45,12.116666666,Bayern
Oberhausen,3309,48.716666666,11.1,Bayern
Engelthal,1112,49.471902777,11.398452777,Bayern
Reckendorf,1990,50.019644444,10.826952777,Bayern
Vierkirchen,4719,48.365946335,11.460173469,Bayern
Balderschwang,383,47.466666666,10.1,Bayern
Moosach,1510,48.033333333,11.883333333,Bayern
Hohenlinden,3390,48.156944444,11.997777777,Bayern
Hilgertshausen-Tandern,3414,48.416666666,11.316666666,Bayern
Frauenneuharting,1577,48.033333333,12.05,Bayern
Gleißenberg,860,49.316666666,12.733333333,Bayern
Rothenbuch,1744,49.966666666,9.4,Bayern
Walderbach,2397,49.183333333,12.383333333,Bayern
Langerringen,4166,48.15,10.766666666,Bayern
Glött,1133,48.5,10.483333333,Bayern
Winkelhaid,4242,49.383333333,11.3,Bayern
Ensdorf,2076,49.35,11.933333333,Bayern
Stammham,4246,48.85,11.466666666,Bayern
Brunnen,1790,48.633333333,11.3,Bayern
Graben,4038,48.2,10.816666666,Bayern
Meinheim,857,49.033333333,10.816666666,Bayern
Attenkirchen,2774,48.5,11.766666666,Bayern
Burgsalach,1173,49.033333333,11.1,Bayern
Sulzemoos,3030,48.290213888,11.264491666,Bayern
Veitsbronn,6667,49.510833333,10.889444444,Bayern
Oberroth,1013,48.166666666,10.183333333,Bayern
Henfenfeld,1771,49.5,11.383055555,Bayern
Oy-Mittelberg,4620,47.633333333,10.433333333,Bayern
Haundorf,2883,49.183333333,10.766666666,Bayern
Neunkirchen am Sand,4782,49.516666666,11.316666666,Bayern
Wörthsee,5143,48.083333333,11.2,Bayern
Buch am Buchrain,1652,48.216666666,12.0,Bayern
Kirchberg,1164,48.4,12.05,Bayern
Weibersbrunn,1942,49.933333333,9.366666666,Bayern
Höttingen,1120,49.0622,11.0033,Bayern
Pettstadt,2214,49.83,10.929166666,Bayern
Iggensbach,2235,48.733333333,13.133333333,Bayern
Oerlenbach,5064,50.149722222,10.133055555,Bayern
Aiterhofen,3532,48.85,12.616666666,Bayern
Engelsberg,2602,48.116666666,12.55,Bayern
Waltenhofen,9975,47.666666666,10.3,Bayern
Wiesenbronn,1128,49.75,10.3,Bayern
Ainring,10002,47.8156196,12.9429053,Bayern
Inning am Ammersee,4834,48.076361111,11.152319444,Bayern
Leinach,3221,49.866666666,9.8,Bayern
Q338094,1809,48.933333333,10.716666666,Bayern
Theres,2772,50.019166666,10.447222222,Bayern
Alteglofsheim,3360,48.92,12.203611111,Bayern
Kleinaitingen,1369,48.216666666,10.833333333,Bayern
Bessenbach,5609,49.966666666,9.266666666,Bayern
Falkenfels,1058,49.005151,12.595912,Bayern
Amerdingen,880,48.733333333,10.483333333,Bayern
Außernzell,1544,48.716666666,13.2,Bayern
Hohenwarth,1934,49.2,12.933333333,Bayern
Otterfing,4806,47.916666666,11.683333333,Bayern
Üchtelhausen,3855,50.083333333,10.266666666,Bayern
Wonneberg,1612,47.916666666,12.716666666,Bayern
Oberhaid,4720,49.932222222,10.815555555,Bayern
Adelsdorf,9382,49.7112,10.8935,Bayern
Gessertshausen,4496,48.333333333,10.733333333,Bayern
Sailauf,3565,50.016666666,9.25,Bayern
Kröning,2053,48.533333333,12.366666666,Bayern
Adelschlag,3087,48.833333333,11.216666666,Bayern
Aitrang,2085,47.816666666,10.533333333,Bayern
Partenstein,2732,50.05,9.516666666,Bayern
Ohlstadt,3368,47.633333333,11.233333333,Bayern
Unterwössen,3716,47.733333333,12.466666666,Bayern
Adelsried,2610,48.416666666,10.716666666,Bayern
Winterrieden,979,48.116666666,10.216666666,Bayern
Bibertal,4967,48.4,10.2,Bayern
Jachenau,787,47.6,11.433333333,Bayern
Castell,862,49.75,10.333333333,Bayern
Megesheim,854,48.933333333,10.65,Bayern
Memmelsdorf,8822,49.932777777,10.953333333,Bayern
Lechbruck am See,2844,47.70162,10.79493,Bayern
Habach,1199,47.733333333,11.283333333,Bayern
Sommerach,1473,49.828888888,10.204444444,Bayern
Wielenbach,3385,47.874444444,11.157777777,Bayern
Paunzhausen,1605,48.483333333,11.566666666,Bayern
Eurasburg,1908,48.333333333,11.083333333,Bayern
Dietersheim,2182,49.5575,10.54,Bayern
Kirchheim,2301,49.65,9.866666666,Bayern
Breitenberg,2000,48.703888888,13.794166666,Bayern
Mainaschaff,9112,49.983333333,9.083333333,Bayern
Bad Feilnbach,8512,47.77465,12.00711,Bayern
Bubesheim,1562,48.433333333,10.25,Bayern
Pliening,5982,48.2,11.8,Bayern
Großaitingen,5339,48.228333333,10.781388888,Bayern
Unterammergau,1619,47.6,11.033333333,Bayern
Alerheim,1754,48.85,10.616666666,Bayern
Grainet,2478,48.8,13.65,Bayern
Geroldshausen,1369,49.683333333,9.9,Bayern
Roßhaupten,2295,47.65,10.716666666,Bayern
Weyarn,3921,47.866666666,11.8,Bayern
Windach,3874,48.0642,11.0407,Bayern
Rottenbuch,1817,47.734722222,10.966666666,Bayern
Obermichelbach,3249,49.530833333,10.91,Bayern
Mittelstetten,1727,48.25,11.1,Bayern
Rottendorf,5496,49.790555555,10.026666666,Bayern
Haag an der Amper,2956,48.4584,11.827961111,Bayern
Edelsfeld,1992,49.566666666,11.7,Bayern
Allmannshofen,970,48.611944444,10.809166666,Bayern
Aschau am Inn,3487,48.2,12.35,Bayern
Diespeck,3864,49.6,10.633333333,Bayern
Miltach,2363,49.15,12.766666666,Bayern
Schwaigen,642,47.616666666,11.15,Bayern
Oberottmarshausen,1785,48.233333333,10.85,Bayern
Sankt Oswald-Riedlhütte,2975,48.891752777,13.428538888,Bayern
Greußenheim,1624,49.816666666,9.766666666,Bayern
Bellenberg,4645,48.255,10.093611111,Bayern
Fürsteneck,841,48.716666666,13.466666666,Bayern
Thüngersheim,2716,49.878636111,9.841638888,Bayern
Aresing,3054,48.533333333,11.3,Bayern
Seeshaupt,3271,47.824444444,11.300833333,Bayern
Falkenstein,3504,49.097777777,12.486388888,Bayern
Wildpoldsried,2591,47.766666666,10.4,Bayern
Wiesthal,1238,50.033333333,9.433333333,Bayern
Bad Bayersoien,1292,47.683333333,11.0,Bayern
Nonnenhorn,1829,47.575277777,9.610277777,Bayern
Karlskron,5175,48.666666666,11.416666666,Bayern
Tauberrettersheim,814,49.494444444,9.936666666,Bayern
Eckersdorf,5064,49.932777777,11.501111111,Bayern
Leupoldsgrün,1208,50.283333333,11.8,Bayern
Redwitz an der Rodach,3416,50.171857,11.202024,Bayern
Holzkirchen (Würzburg),959,49.783333333,9.683333333,Bayern
Oberau,3109,47.559166666,11.138888888,Bayern
Neuhaus am Inn,3636,48.460555555,13.420277777,Bayern
Etzelwang,1412,49.533333333,11.583333333,Bayern
Kirchdorf an der Amper,3303,48.459419444,11.654380555,Bayern
Röttenbach,3503,49.151944444,11.018055555,Bayern
Moorenweis,4244,48.15,11.083333333,Bayern
Illesheim,962,49.466666666,10.383333333,Bayern
Anzing,4475,48.15,11.85,Bayern
Wettringen,996,49.25,10.15,Bayern
Klosterlechfeld,2983,48.15889,10.83056,Bayern
Saulgrub,1689,47.666111111,11.025555555,Bayern
Apfeldorf,1254,47.9,10.933333333,Bayern
Kammerstein,3071,49.283333333,10.966666666,Bayern
Hohenau,3327,48.85,13.488611111,Bayern
Wessobrunn,2268,47.883333333,11.033333333,Bayern
Runding,2275,49.216666666,12.766666666,Bayern
Großhabersdorf,4418,49.404166666,10.788055555,Bayern
Karlstein am Main,8125,50.046111111,9.023055555,Bayern
Neunkirchen,1433,49.706944444,9.399444444,Bayern
Niedernberg,4848,49.916666666,9.133333333,Bayern
Großweil,1585,47.683333333,11.3,Bayern
Ruderting,3144,48.653333333,13.408611111,Bayern
Leidersbach,4743,49.9,9.216666666,Bayern
Egglkofen,1320,48.4,12.45,Bayern
Puschendorf,2277,49.522777777,10.830555555,Bayern
Hohenbrunn,9018,48.05,11.7,Bayern
Sigmarszell,2968,47.589444,9.762222,Bayern
Gollhofen,918,49.56957,10.19225,Bayern
Mömlingen,4932,49.85,9.083333333,Bayern
Obermaiselstein,1034,47.445555555,10.241111111,Bayern
Aura an der Saale,877,50.164483,10.00738,Bayern
Mistelgau,3946,49.916666666,11.466666666,Bayern
Spatzenhausen,714,47.716666666,11.2,Bayern
Munningen,1728,48.916666666,10.583333333,Bayern
Haidmühle,1408,48.826666666,13.775277777,Bayern
Rechtmehring,2078,48.116666666,12.166666666,Bayern
Hiltenfingen,1650,48.166666666,10.716666666,Bayern
Kinsau,1050,47.883333333,10.916666666,Bayern
Waakirchen,5843,47.766666666,11.666666666,Bayern
Hohenkammer,2716,48.416666666,11.533333333,Bayern
Köditz,2409,50.331666666,11.848888888,Bayern
Ermershausen,534,50.208333333,10.626666666,Bayern
Wasserburg,3905,47.57,9.638333333,Bayern
Dammbach,1942,49.8584,9.3295,Bayern
Arnschwang,2048,49.272111111,12.815138888,Bayern
Hohenpeißenberg,3869,47.8,11.0,Bayern
Waldaschaff,4308,49.966666666,9.3,Bayern
Brannenburg,6917,47.733333333,12.1,Bayern
Beutelsbach,1225,48.551944444,13.113888888,Bayern
Eisenberg,1237,47.6,10.6,Bayern
Bischberg,6154,49.912298034,10.827650367,Bayern
Train,1881,48.733333333,11.833333333,Bayern
Lohkirchen,852,48.316666666,12.45,Bayern
Freudenberg,4123,49.483333333,11.983333333,Bayern
Lenggries,10143,47.680277777,11.573888888,Bayern
Friesenried,1585,47.874722222,10.533055555,Bayern
Petershausen,6721,48.410277777,11.470833333,Bayern
Burggen,1726,47.783333333,10.816666666,Bayern
Münsing,4397,47.9,11.366666666,Bayern
Antdorf,1379,47.75,11.3,Bayern
Stephanskirchen,10872,47.85,12.183333333,Bayern
Lamerdingen,2225,48.083333333,10.733333333,Bayern
Fischen im Allgäu,3362,47.45,10.266666666,Bayern
Großkarolinenfeld,7484,47.890833333,12.079722222,Bayern
Warngau,3819,47.833333333,11.733333333,Bayern
Priesendorf,1532,49.907607913,10.712170837,Bayern
Söchtenau,2754,47.933333333,12.233333333,Bayern
Pullenreuth,1593,49.916666666,12.0,Bayern
Ursensollen,3843,49.401111111,11.757777777,Bayern
Germaringen,4020,47.933333333,10.666666666,Bayern
Prutting,2936,47.9,12.2,Bayern
Rückersdorf,4766,49.5,11.25,Bayern
Mettenheim,3595,48.266666666,12.466666666,Bayern
Hattenhofen,1606,48.219722222,11.116666666,Bayern
Oberneukirchen,842,48.183333333,12.516666666,Bayern
Frensdorf,1079,49.81667,10.86667,Bayern
Missen-Wilhams,1540,47.6,10.116666666,Bayern
Langenbach,4110,48.433333333,11.85,Bayern
Tutzing,9960,47.908888888,11.281388888,Bayern
Horgau,3006,48.4,10.683333333,Bayern
Niederfüllbach,1487,50.22,10.991944444,Bayern
Feldkirchen-Westerham,11138,47.9,11.85,Bayern
Krailling,7895,48.1,11.4,Bayern
Rimsting,4059,47.878611111,12.337777777,Bayern
Riedering,5587,47.833333333,12.2,Bayern
Reichersbeuern,2487,47.766666666,11.633333333,Bayern
Biessenhofen,4308,47.833333333,10.633333333,Bayern
Bockhorn,4216,48.316666666,11.983333333,Bayern
Flintsbach am Inn,3095,47.716666666,12.133333333,Bayern
Pürgen,3661,48.025277777,10.921666666,Bayern
Böbing,1909,47.75,10.983333333,Bayern
Pilsach,2960,49.316666666,11.5,Bayern
Margetshöchheim,3159,49.833333333,9.85,Bayern
Rott,1763,47.9,10.966666666,Bayern
Buxheim,3741,48.804722222,11.291666666,Bayern
Weißenbrunn,2808,50.2,11.346388888,Bayern
Schondorf am Ammersee,4137,48.050833333,11.091388888,Bayern
Michelau in Oberfranken,6168,50.166666666,11.116666666,Bayern
Hummeltal,2460,49.890277777,11.510277777,Bayern
Kalchreuth,3033,49.566666666,11.133333333,Bayern
Rieden am Forggensee,1408,47.616666666,10.716666666,Bayern
Hurlach,2049,48.116666666,10.816666666,Bayern
Petersaurach,5051,49.309444444,10.7475,Bayern
Schwifting,1027,48.045555555,10.928611111,Bayern
Fuchstal,4230,47.933333333,10.816666666,Bayern
Mengkofen,6092,48.716666666,12.433333333,Bayern
Wildsteig,1344,47.7,10.95,Bayern
Rudelzhausen,3498,48.583333333,11.766666666,Bayern
Eggenthal,1456,47.916666666,10.516666666,Bayern
Q540876,7136,49.30044,11.07996,Bayern
Hausham,8444,47.752233333,11.836997222,Bayern
Neusitz,2071,49.366666666,10.216666666,Bayern
Chamerau,2576,49.2,12.75,Bayern
Thaining,1103,47.973611111,10.9575,Bayern
Obermeitingen,1781,48.146944444,10.807222222,Bayern
Penzing,4305,48.072222222,10.927777777,Bayern
Gundremmingen,1394,48.5,10.4,Bayern
Kleinostheim,8431,50.0,9.066666666,Bayern
Schwaig bei Nürnberg,9089,49.469166666,11.200833333,Bayern
Aletshausen,1221,48.2,10.383333333,Bayern
Thundorf in Unterfranken,986,50.183333333,10.316666666,Bayern
Erdweg,6294,48.316666666,11.3,Bayern
Baisweil,1388,47.95,10.55,Bayern
Mespelbrunn,2283,49.916666666,9.283333333,Bayern
Sengenthal,4112,49.231944444,11.462222222,Bayern
Mainstockheim,2010,49.772777777,10.151944444,Bayern
Huglfing,2914,47.766666666,11.166666666,Bayern
Philippsreut,605,48.866666666,13.683333333,Bayern
Wilburgstetten,2140,49.028055555,10.391944444,Bayern
Feldafing,4386,47.946019444,11.293261111,Bayern
Schalkham,915,48.489166666,12.4175,Bayern
Poppenricht,3389,49.475555555,11.799444444,Bayern
Karlshuld,6104,48.683333333,11.3,Bayern
Offenhausen,1587,49.45,11.416666666,Bayern
Pforzen,2420,47.933333333,10.616666666,Bayern
Speinshart,1135,49.786944444,11.820833333,Bayern
Prittriching,2672,48.2,10.916666666,Bayern
Erlenbach bei Marktheidenfeld,2465,49.816666666,9.633333333,Bayern
Hartenstein,1468,49.595833333,11.523888888,Bayern
Reichling,1711,47.916666666,10.933333333,Bayern
Deiningen,1851,48.866666666,10.566666666,Bayern
Pfronten,8449,47.583333333,10.55,Bayern
Langenpreising,2938,48.433333333,11.966666666,Bayern
Rattenberg,1696,49.0875,12.751111111,Bayern
Laudenbach,1538,49.745833333,9.176111111,Bayern
Wörth,4483,48.233333333,11.9,Bayern
Egglham,2353,48.533333333,13.066666666,Bayern
Fichtelberg,1784,49.999444444,11.851388888,Bayern
Pähl,2608,47.9,11.183333333,Bayern
Höslwang,1258,47.954166666,12.329722222,Bayern
Rott am Inn,4257,47.982777777,12.1275,Bayern
Weng,1492,48.666666666,12.383333333,Bayern
Neuendorf,817,50.0325,9.643888888,Bayern
Prem,972,47.683333333,10.8,Bayern
Trunkelsberg,1772,48.0,10.216666666,Bayern
Hawangen,1304,47.966666666,10.266666666,Bayern
Neufahrn in Niederbayern,4538,48.733333333,12.183333333,Bayern
Viereth-Trunstadt,3646,49.922777777,10.776944444,Bayern
Kolitzheim,5775,49.916666666,10.233333333,Bayern
Bidingen,1898,47.833333333,10.733333333,Bayern
Bastheim,2039,50.4,10.2,Bayern
Rattiszell,1548,49.033333333,12.666666666,Bayern
Postmünster,2460,48.416666666,12.9,Bayern
Lengenwang,1531,47.7,10.6,Bayern
Ebnath,1270,49.95,11.916666666,Bayern
Walsdorf,2683,49.866666666,10.783333333,Bayern
Heustreu,1318,50.35,10.25,Bayern
Vorra,1719,49.556388888,11.492777777,Bayern
Rettenbach,1726,48.466666666,10.35,Bayern
Pleß,923,48.1,10.15,Bayern
Nordheim vor der Rhön,1062,50.483333333,10.183333333,Bayern
Bergrheinfeld,5467,50.0,10.166666666,Bayern
Leutenbach,1656,49.713055555,11.172222222,Bayern
Hunderdorf,3386,48.95,12.733333333,Bayern
Kammlach,1902,48.05,10.416666666,Bayern
Samerberg,2895,47.783333333,12.216666666,Bayern
Holzgünz,1457,48.025277777,10.258333333,Bayern
Johanniskirchen,2478,48.533333333,12.95,Bayern
Trausnitz,949,49.516666666,12.266666666,Bayern
Lisberg,1708,49.880555555,10.729444444,Bayern
Egling an der Paar,2451,48.186666666,10.977777777,Bayern
Saaldorf-Surheim,5600,47.870277777,12.929722222,Bayern
Schlehdorf,1319,47.655,11.313333333,Bayern
Dietersburg,3131,48.492777777,12.925,Bayern
Steinach,3323,48.95,12.616666666,Bayern
Heretsried,1039,48.466666666,10.733333333,Bayern
Georgensgmünd,6944,49.183333333,11.0,Bayern
Lülsfeld,826,49.866666666,10.333333333,Bayern
Geldersheim,2901,50.05,10.15,Bayern
Herbstadt,615,50.333333333,10.5,Bayern
Spiegelau,3918,48.916666666,13.366666666,Bayern
Burgberg im Allgäu,3219,47.533333333,10.283333333,Bayern
Rimbach,1818,49.230833333,12.879444444,Bayern
Betzigau,3007,47.733333333,10.383333333,Bayern
Perkam,1624,48.857222222,12.436944444,Bayern
Friedenfels,1195,49.883333333,12.1025,Bayern
Strahlungen,976,50.283333333,10.233333333,Bayern
Dittelbrunn,7598,50.075555555,10.220833333,Bayern
Burglauer,1758,50.266666666,10.183333333,Bayern
Wattendorf,636,50.033333333,11.133333333,Bayern
Hollstadt,1431,50.35,10.3,Bayern
Schwebheim,4187,49.997222222,10.245833333,Bayern
Gerach,1036,50.030767941,10.807543751,Bayern
Woringen,2200,47.916666666,10.2,Bayern
Kemmern,2545,49.95,10.866666666,Bayern
Gleiritsch,636,49.5,12.333333333,Bayern
Aubstadt,734,50.333333333,10.433333333,Bayern
Salching,2829,48.816666666,12.566666666,Bayern
Untrasried,1702,47.833333333,10.383333333,Bayern
Hohenroth,3591,50.316666666,10.183333333,Bayern
Sankt Wolfgang,4594,48.216666666,12.133333333,Bayern
Wackersberg,3702,47.733333333,11.55,Bayern
Sennfeld,4533,50.04,10.26,Bayern
Höchstädt im Fichtelgebirge,1055,50.1,12.083333333,Bayern
Gablingen,4955,48.45,10.816666666,Bayern
Sankt Englmar,1958,49.0,12.816666666,Bayern
Niederlauer,1707,50.2961088,10.1789891,Bayern
Niederwinkling,2964,48.883333333,12.8,Bayern
Steinberg am See,1996,49.275833333,12.181111111,Bayern
Villenbach,1326,48.516666666,10.616666666,Bayern
Schwanfeld,1749,49.916666666,10.133333333,Bayern
Donnersdorf,1991,49.966666666,10.416666666,Bayern
Heimertingen,1902,48.033333333,10.15,Bayern
Hebertsfelden,3765,48.4,12.816666666,Bayern
Lengdorf,2777,48.266666666,12.05,Bayern
Kühlenthal,872,48.566666666,10.816666666,Bayern
Unsleben,951,50.383333333,10.266666666,Bayern
Schonungen,7779,50.05,10.316666666,Bayern
Kirchhaslach,1349,48.15,10.3,Bayern
Krummennaab,1432,49.831111111,12.100277777,Bayern
Alesheim,965,49.05,10.866666666,Bayern
Stallwang,1462,49.05,12.666666666,Bayern
Wörth an der Isar,3280,48.623,12.339438888,Bayern
Lutzingen,975,48.65,10.55,Bayern
Poppenhausen,4491,50.1,10.15,Bayern
Windberg,1116,48.95,12.75,Bayern
Rödelmaier,964,50.316666666,10.283333333,Bayern
Litzendorf,6307,49.9,11.0,Bayern
Gaißach,3141,47.75,11.583333333,Bayern
Langenfeld,1056,49.616666666,10.516666666,Bayern
Breitengüßbach,4524,49.9717,10.88904,Bayern
Rettenberg,4640,47.583333333,10.3,Bayern
Walpertskirchen,2190,48.25,11.966666666,Bayern
Pechbrunn,1311,49.966666666,12.166666666,Bayern
Waldbrunn,2919,49.75861,9.80361,Bayern
Willmars,557,50.5,10.25,Bayern
Lauter,1203,49.966666666,10.783333333,Bayern
Raitenbuch,1236,49.014722222,11.126388888,Bayern
Oberrieden,1252,48.1,10.433333333,Bayern
Hendungen,851,50.4,10.35,Bayern
Weihmichl,2521,48.6,12.05,Bayern
Dittenheim,1924,49.05,10.8,Bayern
Sachsen bei Ansbach,3688,49.283333333,10.65,Bayern
Neuenmarkt,2971,50.093888888,11.584166666,Bayern
Büchenbach,5429,49.266666666,11.066666666,Bayern
Wilhelmsthal,3521,50.308611111,11.371111111,Bayern
Gutenstetten,1325,49.61691,10.62938,Bayern
Simmershofen,969,49.531388888,10.124444444,Bayern
Thyrnau,4267,48.615,13.536944444,Bayern
Glashütten,1362,49.888888888,11.448611111,Bayern
Niederalteich,1773,48.766666666,13.016666666,Bayern
Münchsteinach,1465,49.638611111,10.595833333,Bayern
Bindlach,7323,49.981111111,11.611388888,Bayern
Maihingen,1245,48.928055555,10.498055555,Bayern
Oberickelsheim,736,49.6,10.116666666,Bayern
Kirchheim bei München,13094,48.17656,11.75563,Bayern
Oberhaching,13900,48.016666666,11.583333333,Bayern
Gräfendorf,1317,50.116666666,9.75,Bayern
Untermerzbach,1640,50.129444444,10.86,Bayern
Hemmersheim,655,49.56273,10.09617,Bayern
Heimbuchenthal,2218,49.883333333,9.3,Bayern
Wonfurt,1980,50.016666666,10.466666666,Bayern
Heinersreuth,3790,49.9675,11.5325,Bayern
Bieberehren,877,49.515555555,10.007777777,Bayern
Rüdenau,730,49.711111111,9.180555555,Bayern
Großenseebach,2456,49.631388888,10.877222222,Bayern
Salzweg,6789,48.615833333,13.4825,Bayern
Haldenwang,2142,48.433333333,10.433333333,Bayern
Seybothenreuth,1302,49.883333333,11.716666666,Bayern
Höhenkirchen-Siegertsbrunn,11417,48.016666666,11.733333333,Bayern
Berngau,2627,49.252777777,11.399166666,Bayern
Trabitz,1341,49.801666666,11.895555555,Bayern
Niederschönenfeld,1508,48.716666666,10.916666666,Bayern
Gaukönigshofen,2611,49.633333333,10.0,Bayern
Steinsfeld,1253,49.416666666,10.216666666,Bayern
Nordendorf,2647,48.6,10.833333333,Bayern
Berg im Gau,1401,48.633333333,11.25,Bayern
Blindheim,1863,48.631666666,10.618611111,Bayern
Rain,2989,48.9,12.466666666,Bayern
Hofstetten,1932,48.016666666,10.966666666,Bayern
Markt Sulzberg,5169,47.666666666,10.349722222,Bayern
Scherstetten,1120,48.183333333,10.633333333,Bayern
Halblech,3611,47.633333333,10.816666666,Bayern
Hergatz,2475,47.65,9.833333333,Bayern
Nersingen,9839,48.428888888,10.121944444,Bayern
Perasdorf,523,48.95,12.8,Bayern
Schwabbruck,1023,47.825555555,10.836111111,Bayern
Ingenried,1115,47.816666666,10.783333333,Bayern
Eggstätt,2941,47.933333333,12.383333333,Bayern
Sommerkahl,1307,50.066666666,9.266666666,Bayern
Gilching,19296,48.110277777,11.301111111,Bayern
Breitenbrunn,2365,48.133333333,10.383333333,Bayern
Schonstett,1448,47.983333333,12.25,Bayern
Maierhöfen,1524,47.633333333,10.05,Bayern
Ebermannsdorf,2363,49.393055555,11.9375,Bayern
Großbardorf,947,50.266666666,10.366666666,Bayern
Wasserlosen,3374,50.094166666,10.030277777,Bayern
Veitshöchheim,9840,49.832777777,9.881666666,Bayern
Wallgau,1530,47.516666666,11.283333333,Bayern
Niedertaufkirchen,1454,48.333333333,12.55,Bayern
Eglfing,1141,47.733333333,11.183333333,Bayern
Jettenbach am Inn,720,48.166666666,12.383333333,Bayern
Lautrach,1260,47.897541666,10.117222222,Bayern
Schönau an der Brend,1190,50.38047791,10.1047554,Bayern
Bruck,1353,48.016666666,11.916666666,Bayern
Grünenbach,1578,47.616666666,10.016666666,Bayern
Kraftisried,935,47.783333333,10.466666666,Bayern
Eitting,3082,48.359722222,11.891944444,Bayern
Kirchdorf am Inn,5425,48.246666666,12.982777777,Bayern
Rattenkirchen,1057,48.25,12.316666666,Bayern
Oberostendorf,1537,47.933333333,10.75,Bayern
Georgenberg,1298,49.703611111,12.419722222,Bayern
Ettringen,3565,48.1,10.65,Bayern
Q589530,1040,50.366666666,10.45,Bayern
Obertaufkirchen,2743,48.266666666,12.283333333,Bayern
Unterpleichfeld,3243,49.866666666,10.05,Bayern
Wiesenfelden,3881,49.033333333,12.533333333,Bayern
Rohr,3789,49.333333333,10.883333333,Bayern
Aura im Sinngrund,947,50.166666666,9.566666666,Bayern
Oberstreu,1512,50.4,10.283333333,Bayern
Roggenburg,2863,48.27653,10.23028,Bayern
Langenneufnach,1894,48.265363888,10.605272222,Bayern
Langenmosen,1664,48.6,11.216666666,Bayern
Mistelbach,1518,49.916666666,11.516666666,Bayern
Grettstadt,4310,49.983333333,10.316666666,Bayern
Loitzendorf,628,49.083333333,12.65,Bayern
Wackersdorf,5398,49.316666666,12.183333333,Bayern
Riegsee,1287,47.7,11.233333333,Bayern
Sulzfeld,1791,50.266666666,10.4,Bayern
Bodolz,3020,47.572222222,9.661111111,Bayern
Vogtareuth,3308,47.95,12.183333333,Bayern
Bernbeuren,2495,47.738055555,10.778611111,Bayern
Sondheim vor der Rhön,920,50.466666666,10.166666666,Bayern
Ering,1850,48.3,13.15,Bayern
Wald,1173,47.716666666,10.55,Bayern
Hergensweiler,1912,47.616666666,9.766666666,Bayern
Sulzdorf an der Lederhecke,1095,50.233333333,10.566666666,Bayern
Schwabsoien,1453,47.833333333,10.833333333,Bayern
Griesstätt,2923,48.0,12.183333333,Bayern
Bad Alexandersbad,962,50.016666666,12.016666666,Bayern
Happurg,3772,49.493055555,11.471111111,Bayern
Stetten,1454,48.033333333,10.433333333,Bayern
Jengen,2638,48.0,10.733333333,Bayern
Gochsheim,6378,50.016666666,10.283333333,Bayern
Malgersdorf,1258,48.532222,12.746944,Bayern
Obersüßbach,1734,48.6,11.933333333,Bayern
Hohenfurch,1691,47.85,10.9,Bayern
Oberbergkirchen,1724,48.306177777,12.387022222,Bayern
Bergheim,1984,48.766666666,11.266666666,Bayern
Kulmain,2260,49.892341666,11.899147222,Bayern
Gestratz,1290,47.65,9.983333333,Bayern
Reichertsheim,1695,48.2,12.283333333,Bayern
Blaichach,5794,47.543611111,10.258611111,Bayern
Weichs,3595,48.383333333,11.416666666,Bayern
Salz,2348,50.3,10.216666666,Bayern
Wittibreut,1988,48.329166666,12.987222222,Bayern
Irlbach,1149,48.85,12.75,Bayern
Niederwerrn,8381,50.066666666,10.183055555,Bayern
Pöcking,5617,47.966666666,11.3,Bayern
Bayerbach,1706,48.416666666,13.15,Bayern
Görisried,1382,47.7,10.5,Bayern
Simmelsdorf,3386,49.6,11.35,Bayern
Julbach,2402,48.255,12.959166666,Bayern
Röslau,2076,50.084722222,11.973888888,Bayern
Westerheim,2292,48.016666666,10.3,Bayern
Kümmersbruck,9861,49.416666666,11.883333333,Bayern
Mauerstetten,3285,47.8920369,10.6702271,Bayern
Michelau im Steigerwald,1150,49.899722222,10.433055555,Bayern
Großeibstadt,1058,50.3,10.416666666,Bayern
Rammingen,1592,48.066666666,10.583333333,Bayern
Wang,2551,48.496111111,11.938333333,Bayern
Bergkirchen,7856,48.25,11.366666666,Bayern
Halfing,2836,47.95202,12.276253,Bayern
Geratskirchen,862,48.333333333,12.666666666,Bayern
Osterzell,737,47.878888888,10.744166666,Bayern
Buttenheim,3719,49.803611111,11.031666666,Bayern
Thanstein,1012,49.383333333,12.466666666,Bayern
Gallmersgarten,819,49.45,10.266666666,Bayern
Weidhausen bei Coburg,3171,50.203538888,11.140061111,Bayern
Wolfertschwenden,2110,47.892777777,10.266666666,Bayern
Scheuring,1967,48.166666666,10.9,Bayern
Dingolshausen,1419,49.9,10.4,Bayern
Sonnefeld,4527,50.216666666,11.116666666,Bayern
Niederrieden,1585,48.05,10.183333333,Bayern
Itzgrund,2363,50.124688888,10.878830555,Bayern
Haibach,8628,49.9675,9.196944444,Bayern
Benningen,2208,47.9671,10.2095,Bayern
Langenaltheim,2315,48.9,10.933333333,Bayern
Guteneck,834,49.45,12.283333333,Bayern
Sulzheim,2031,49.95,10.333333333,Bayern
Schorndorf,3027,49.166666666,12.6,Bayern
Neusorg,1939,49.916666666,11.966666666,Bayern
Böhen,790,47.883333333,10.3,Bayern
Pfaffenhofen an der Glonn,2301,48.294969,11.162446,Bayern
Stulln,1689,49.416666666,12.133333333,Bayern
Taufkirchen (Vils),10826,48.343888888,12.130277777,Bayern
Gstadt am Chiemsee,1249,47.884444444,12.418055555,Bayern
Durach,7356,47.7,10.333333333,Bayern
Sandberg,2381,50.35,10.0,Bayern
Steinkirchen,1349,48.383333333,12.083333333,Bayern
Gundelsheim,3670,49.938888888,10.918055555,Bayern
Teunz,1839,49.483333333,12.383333333,Bayern
Röckingen,743,49.056388888,10.559722222,Bayern
Pommersfelden,3105,49.766666666,10.816666666,Bayern
Unterreit,1798,48.116666666,12.333333333,Bayern
Schernfeld,3336,48.9,11.1,Bayern
Ettenstatt,864,49.07853,11.05688,Bayern
Waidhofen,2282,48.579166666,11.338888888,Bayern
Sontheim,2778,48.0,10.35,Bayern
Pollenfeld,3123,48.95,11.2,Bayern
Dasing,5964,48.383611111,11.048333333,Bayern
Gammelsdorf,1578,48.55,11.95,Bayern
Tacherting,5797,48.083333333,12.566666666,Bayern
Mödingen,1424,48.65,10.433333333,Bayern
Unterdietfurt,2223,48.383333333,12.65,Bayern
Arrach,2304,49.19149,12.99387,Bayern
Schmidgaden,3128,49.416666666,12.083333333,Bayern
Stubenberg,1427,48.316666666,13.083333333,Bayern
Fensterbach,2430,49.4,12.05,Bayern
Tuntenhausen,7461,47.933333333,12.016666666,Bayern
Leiblfing,4332,48.766666666,12.516666666,Bayern
Neukirchen,1749,48.983333333,12.766666666,Bayern
Schwenningen,1428,48.65,10.65,Bayern
Fellheim,1154,48.072222222,10.151666666,Bayern
Ascha,1641,49.0,12.633333333,Bayern
Loiching,3762,48.616666666,12.433333333,Bayern
Kötz,3347,48.416666666,10.283333333,Bayern
Weitramsdorf,5187,50.25,10.866666666,Bayern
Meeder,3630,50.321666666,10.905833333,Bayern
Eiselfing,3285,48.040833333,12.242222222,Bayern
Steinfeld,2137,49.95,9.666666666,Bayern
Solnhofen,1741,48.896388888,10.993888888,Bayern
Steingaden,2922,47.7,10.866666666,Bayern
Hunding,1132,48.85,13.183333333,Bayern
Stadlern,521,49.5,12.616666666,Bayern
Greifenberg,2250,48.071111111,11.083611111,Bayern
Igling,2583,48.066666666,10.8,Bayern
Greiling,1453,47.766666666,11.616666666,Bayern
Roßbach,2944,48.6,12.933333333,Bayern
Bonstetten,1641,48.439122222,10.706286111,Bayern
Laberweinting,3475,48.8,12.316666666,Bayern
Hasloch,1431,49.8,9.5,Bayern
Q545325,4456,49.271388888,12.305,Bayern
Breitenthal,1255,48.233333333,10.3,Bayern
Gottfrieding,2530,48.65,12.533333333,Bayern
Eisingen,3455,49.758888888,9.828611111,Bayern
Roden,1006,49.895277777,9.623888888,Bayern
Wipfeld,1019,49.916666666,10.166666666,Bayern
Alfeld,1111,49.433333333,11.55,Bayern
Wallerfing,1292,48.683333333,12.883333333,Bayern
Ebersdorf bei Coburg,6258,50.22,11.070555555,Bayern
Dieterskirchen,1025,49.416666666,12.416666666,Bayern
Oberschneiding,3297,48.795833333,12.642222222,Bayern
Schönthal,1971,49.35,12.6,Bayern
Duggendorf,1608,49.109166666,11.933888888,Bayern
Gerbrunn,6640,49.77957,9.98397,Bayern
Unteregg,1412,47.966666666,10.466666666,Bayern
Valley,3446,47.9,11.783333333,Bayern
Untersiemau,4315,50.194166666,10.973055555,Bayern
Breitbrunn am Chiemsee,1579,47.883333333,12.4,Bayern
Euerbach,3017,50.066666666,10.116666666,Bayern
Fischbachau,5818,47.716666666,11.95,Bayern
Lautertal,4553,50.333333333,10.966666666,Bayern
Memmingerberg,3214,47.983333333,10.216666666,Bayern
Niedermurach,1248,49.45,12.366666666,Bayern
Medlingen,1013,48.566666666,10.316666666,Bayern
Salgen,1485,48.133333333,10.483333333,Bayern
Immenreuth,1895,49.911388888,11.869166666,Bayern
Unterleinleiter,1150,49.82252,11.18918,Bayern
Ebershausen,638,48.2,10.316666666,Bayern
Frankenwinheim,994,49.887222222,10.314166666,Bayern
Vorbach,1071,49.816666666,11.75,Bayern
Grub am Forst,2763,50.229530555,11.022211111,Bayern
Wülfershausen an der Saale,1555,50.333333333,10.35,Bayern
Kronburg,1805,47.903611111,10.156666666,Bayern
Schwarzach,2940,48.916666666,12.816666666,Bayern
Oberschönegg,1024,48.106388888,10.301388888,Bayern
Langweid am Lech,8878,48.489880555,10.853380555,Bayern
Wolfersdorf,2556,48.483333333,11.716666666,Bayern
Tschirn,508,50.396944444,11.449722222,Bayern
Leinburg,6858,49.451666666,11.31,Bayern
Schwarzach bei Nabburg,1393,49.410638888,12.228638888,Bayern
Schönbrunn im Steigerwald,1915,49.859388704,10.687889278,Bayern
Eppishausen,1980,48.166666666,10.516666666,Bayern
Walting,2369,48.916666666,11.3,Bayern
Sachsenkam,1315,47.8,11.65,Bayern
Merching,3283,48.25,10.983333333,Bayern
Boos,2305,48.066666666,10.2,Bayern
Buckenhof,3251,49.591388888,11.052222222,Bayern
Kettershausen,1869,48.183333333,10.266666666,Bayern
Heldenstein,2841,48.25,12.366666666,Bayern
Kist,2728,49.744444444,9.844722222,Bayern
Marloffstein,1555,49.616666666,11.066666666,Bayern
Mehring,2416,48.183333333,12.783333333,Bayern
Oberreichenbach,1364,49.583055555,10.766666666,Bayern
Halsbach,1083,48.116666666,12.666666666,Bayern
Grafenrheinfeld,3511,50.0,10.2,Bayern
Aurachtal,3132,49.583333333,10.833333333,Bayern
Karsbach,1730,50.05,9.783333333,Bayern
Reut,1693,48.311111111,12.942777777,Bayern
Chiemsee,220,47.856111111,12.4,Bayern
Feichten an der Alz,1342,48.08177567,12.59578419,Bayern
Uttenreuth,5007,49.6,11.066666666,Bayern
Erlbach,1174,48.3,12.783333333,Bayern
Kirchweidach,2836,48.083333333,12.633333333,Bayern
Unterneukirchen,3463,48.165136111,12.618686111,Bayern
Leonberg,1039,49.95,12.283333333,Bayern
Hemhofen,5340,49.683055555,10.933055555,Bayern
Spardorf,2232,49.60376,11.05608,Bayern
Königsfeld,1278,49.95,11.166666666,Bayern
Dachsberg,230,48.9883,12.709,Bayern
Brand,1151,49.95,11.9,Bayern
Teising,1806,48.233333333,12.616666666,Bayern
Tyrlaching,1093,48.066666666,12.666666666,Bayern
Ofterschwang,2092,47.495833333,10.236666666,Bayern
Heßdorf,3813,49.633055555,10.916666666,Bayern
Ungerhausen,1113,48.016666666,10.266666666,Bayern
Emmerting,4254,48.2,12.766666666,Bayern
Pleiskirchen,2464,48.3,12.6,Bayern
Asperg,13836,48.906388888,9.141388888,Baden-Württemberg
Külsheim,5414,49.669444444,9.520555555,Baden-Württemberg
Ditzingen,25318,48.826388888,9.066666666,Baden-Württemberg
Rauenberg,8727,49.267777777,8.703611111,Baden-Württemberg
Niederstetten,4922,49.400833333,9.918055555,Baden-Württemberg
Todtnau,5200,47.829444444,7.943888888,Baden-Württemberg
Güglingen,6391,49.066666666,9.0,Baden-Württemberg
Steinheim an der Murr,12082,48.966666666,9.283333333,Baden-Württemberg
Korntal-Münchingen,20394,48.830555555,9.121388888,Baden-Württemberg
Tamm,12726,48.921666666,9.120555555,Baden-Württemberg
Zell im Wiesental,6336,47.706944444,7.851388888,Baden-Württemberg
Schönau im Schwarzwald,2450,47.786666666,7.894166666,Baden-Württemberg
Oberriexingen,3370,48.925555555,9.028055555,Baden-Württemberg
Brackenheim,16795,49.083333333,9.066666666,Baden-Württemberg
Tauberbischofsheim,13621,49.6225,9.662777777,Baden-Württemberg
Lauda-Königshofen,14596,49.568611111,9.703888888,Baden-Württemberg
Creglingen,4565,49.466666666,10.033333333,Baden-Württemberg
Remseck am Neckar,26589,48.868888888,9.276388888,Baden-Württemberg
Kandern,8456,47.714444444,7.660833333,Baden-Württemberg
Osterburken,6694,49.430833333,9.426111111,Baden-Württemberg
Staufen im Breisgau,5180,47.881388888,7.731388888,Baden-Württemberg
Mühlheim an der Donau,3570,48.030555555,8.885833333,Baden-Württemberg
Stühlingen,5518,47.745277777,8.445833333,Baden-Württemberg
Löffingen,7787,47.883888888,8.343611111,Baden-Württemberg
St. Blasien,4207,47.761944444,8.128333333,Baden-Württemberg
Wehr,13113,47.633055555,7.904166666,Baden-Württemberg
Lauffen am Neckar,11863,49.076388888,9.156666666,Baden-Württemberg
Mahlberg,5381,48.286944444,7.811388888,Baden-Württemberg
Renchen,7451,48.585833333,8.010555555,Baden-Württemberg
Rosenfeld,6590,48.286388888,8.724166666,Baden-Württemberg
Holzgerlingen,13841,48.639166666,9.010833333,Baden-Württemberg
Albstadt,46831,48.211944444,9.023888888,Baden-Württemberg
Ilshofen,7115,49.170277777,9.920277777,Baden-Württemberg
Tuttlingen,37784,47.985,8.823333333,Baden-Württemberg
Eislingen/Fils,21894,48.693333333,9.706666666,Baden-Württemberg
Crailsheim,36239,49.134722222,10.070555555,Baden-Württemberg
Vellberg,4752,49.087777777,9.881666666,Baden-Württemberg
Weinheim,45381,49.556111111,8.669722222,Baden-Württemberg
Donzdorf,11031,48.683333333,9.816666666,Baden-Württemberg
Tübingen,93615,48.52,9.055555555,Baden-Württemberg
Filderstadt,46295,48.666666666,9.216666666,Baden-Württemberg
Bad Krozingen,21971,47.918055555,7.7025,Baden-Württemberg
Biberach an der Riß,34331,48.098055555,9.788611111,Baden-Württemberg
Gaildorf,12361,49.0,9.766666666,Baden-Württemberg
Maulbronn,6697,49.000277777,8.810833333,Baden-Württemberg
Wendlingen am Neckar,16159,48.674722222,9.381666666,Baden-Württemberg
Plochingen,14590,48.711666666,9.416388888,Baden-Württemberg
Heidelberg,162960,49.412222222,8.71,Baden-Württemberg
Waibstadt,5708,49.2975,8.92,Baden-Württemberg
Balingen,35054,48.273055555,8.850555555,Baden-Württemberg
Böblingen,52093,48.683333,9.0,Baden-Württemberg
Breisach am Rhein,16007,48.028888888,7.58,Baden-Württemberg
Reutlingen,118528,48.483333333,9.216666666,Baden-Württemberg
Hockenheim,21631,49.318055555,8.547222222,Baden-Württemberg
Schönau,4376,49.435555555,8.809166666,Baden-Württemberg
Neckarbischofsheim,4213,49.2925,8.960555555,Baden-Württemberg
Freiburg im Breisgau,237244,47.995,7.85,Baden-Württemberg
Schwäbisch Hall,42598,49.112222222,9.7375,Baden-Württemberg
Wernau (Neckar),12443,48.688611111,9.422222222,Baden-Württemberg
Kirchheim unter Teck,42178,48.648333333,9.451111111,Baden-Württemberg
Freudenstadt,24337,48.463333333,8.411111111,Baden-Württemberg
Rottenburg am Neckar,44791,48.477222222,8.934444444,Baden-Württemberg
Schwäbisch Gmünd,62726,48.8,9.8,Baden-Württemberg
Neuffen,6396,48.55444444,9.37555556,Baden-Württemberg
Knittlingen,8208,49.023888888,8.756944444,Baden-Württemberg
Calw,24448,48.714444444,8.7375,Baden-Württemberg
Mosbach,23647,49.35,9.133333,Baden-Württemberg
Neuenbürg,8566,48.846111111,8.588888888,Baden-Württemberg
Sindelfingen,65504,48.713333333,9.002777777,Baden-Württemberg
Rheinfelden (Baden),33849,47.561111111,7.791666666,Baden-Württemberg
Hechingen,19475,48.351666666,8.963333333,Baden-Württemberg
Neckarsulm,26523,49.191666666,9.224444444,Baden-Württemberg
Bruchsal,47014,49.133333333,8.6,Baden-Württemberg
Bad Buchau,4710,48.066111111,9.61,Baden-Württemberg
Ostfildern,39833,48.722777777,9.263055555,Baden-Württemberg
Konstanz,85770,47.663333333,9.175277777,Baden-Württemberg
Künzelsau,16436,49.2803765,9.6901512,Baden-Württemberg
Singen (Hohentwiel),49518,47.762777777,8.84,Baden-Württemberg
Esslingen am Neckar,95881,48.740555555,9.310833333,Baden-Württemberg
Ulm,129942,48.398611111,9.991111111,Baden-Württemberg
Heilbronn,131986,49.140428,9.217953,Baden-Württemberg
Schorndorf,40614,48.8,9.533333333,Baden-Württemberg
Horb am Neckar,25695,48.445,8.691111111,Baden-Württemberg
Veringenstadt,2134,48.178333333,9.211944444,Baden-Württemberg
Uhingen,14753,48.705833333,9.591944444,Baden-Württemberg
Bräunlingen,6058,47.929722222,8.448055555,Baden-Württemberg
Bad Wimpfen,7575,49.230555555,9.163055555,Baden-Württemberg
Winnenden,29436,48.876388888,9.397777777,Baden-Württemberg
Aichtal,10031,48.622777777,9.237222222,Baden-Württemberg
Kehl,38721,48.571111111,7.808888888,Baden-Württemberg
Ebersbach an der Fils,15768,48.714722222,9.523611111,Baden-Württemberg
Mannheim,316877,49.487777777,8.466111111,Baden-Württemberg
Ettlingen,39763,48.933333333,8.4,Baden-Württemberg
Mengen,10077,48.049722222,9.33,Baden-Württemberg
Aalen,69147,48.837222222,10.093611111,Baden-Württemberg
Trochtelfingen,6304,48.308055555,9.244444444,Baden-Württemberg
Ravensburg,51788,47.783055555,9.611388888,Baden-Württemberg
Owen,3505,48.588333333,9.451388888,Baden-Württemberg
Heidenheim an der Brenz,49895,48.676111111,10.154444444,Baden-Württemberg
Meersburg,6168,47.695833333,9.270833333,Baden-Württemberg
Leinfelden-Echterdingen,40526,48.692777777,9.142777777,Baden-Württemberg
Blumberg,10329,47.839167,8.534167,Baden-Württemberg
Göppingen,59300,48.7025,9.652777777,Baden-Württemberg
Langenburg,1886,49.253333333,9.848611111,Baden-Württemberg
Mühlacker,26664,48.95,8.839166666,Baden-Württemberg
Murrhardt,14248,48.979444444,9.578333333,Baden-Württemberg
Nürtingen,41447,48.626666666,9.335277777,Baden-Württemberg
Waiblingen,55917,48.830277777,9.316944444,Baden-Württemberg
Kirchberg an der Jagst,4567,49.203888888,9.981388888,Baden-Württemberg
Rastatt,51800,48.857222222,8.203055555,Baden-Württemberg
Bretten,30136,49.036388888,8.706111111,Baden-Württemberg
Offenburg,62195,48.470833333,7.940833333,Baden-Württemberg
Waldshut-Tiengen,25019,47.623055555,8.214444444,Baden-Württemberg
Süßen,10366,48.679722222,9.7575,Baden-Württemberg
Dornstetten,8282,48.47,8.499444444,Baden-Württemberg
Lahr/Schwarzwald,49420,48.339166666,7.872222222,Baden-Württemberg
Hayingen,2256,48.275277777,9.478055555,Baden-Württemberg
Wiesensteig,2044,48.561666666,9.625277777,Baden-Württemberg
Furtwangen im Schwarzwald,9030,48.050277777,8.209166666,Baden-Württemberg
Sinsheim,36978,49.25,8.883333333,Baden-Württemberg
Leonberg,49845,48.801388888,9.013055555,Baden-Württemberg
Hettingen,1859,48.216111111,9.231388888,Baden-Württemberg
Villingen-Schwenningen,89145,48.063152,8.4929618,Baden-Württemberg
Ludwigsburg,94859,48.8975,9.191944444,Baden-Württemberg
Stuttgart,633484,48.7775,9.18,Baden-Württemberg
Pfullingen,19221,48.465555555,9.226111111,Baden-Württemberg
Schwetzingen,21609,49.383333333,8.566666666,Baden-Württemberg
Geislingen an der Steige,29261,48.624444444,9.830555555,Baden-Württemberg
Pforzheim,128992,48.8908846,8.7029532,Baden-Württemberg
Sigmaringen,18127,48.086944444,9.216666666,Baden-Württemberg
Bietigheim-Bissingen,43808,48.949444444,9.136111111,Baden-Württemberg
Markgröningen,15099,48.904722222,9.080833333,Baden-Württemberg
Fellbach,46205,48.808611111,9.275833333,Baden-Württemberg
Heimsheim,5608,48.805555555,8.861944444,Baden-Württemberg
Hemsbach,11884,49.590277777,8.656388888,Baden-Württemberg
Weilheim an der Teck,10397,48.615,9.538611111,Baden-Württemberg
Eppelheim,15543,49.401111111,8.629722222,Baden-Württemberg
Welzheim,11378,48.874722222,9.634444444,Baden-Württemberg
Emmendingen,29035,48.121388888,7.849166666,Baden-Württemberg
Karlsruhe,309964,49.016666666,8.4,Baden-Württemberg
Lauterstein,2587,48.71,9.861388888,Baden-Württemberg
Scheer,2535,48.073611111,9.293333333,Baden-Württemberg
Gerabronn,4520,49.249444444,9.920277777,Baden-Württemberg
Weinstadt,27245,48.811111111,9.365555555,Baden-Württemberg
Wiesloch,27120,49.294166666,8.698333333,Baden-Württemberg
Dietenheim,6922,48.211944444,10.073333333,Baden-Württemberg
Schömberg,4834,48.211388888,8.761666666,Baden-Württemberg
Munderkingen,5422,48.235277777,9.643888888,Baden-Württemberg
Vöhrenbach,3709,48.045555555,8.304166666,Baden-Württemberg
Gundelsheim,7550,49.283333333,9.166666666,Baden-Württemberg
Oppenau,4914,48.473611111,8.159444444,Baden-Württemberg
Rheinstetten,20695,48.960555555,8.289722222,Baden-Württemberg
Öhringen,25591,49.2,9.5,Baden-Württemberg
Neckargemünd,13629,49.393888888,8.7975,Baden-Württemberg
Engen,11431,47.852777777,8.771388888,Baden-Württemberg
Wertheim,23319,49.75,9.516669444,Baden-Württemberg
Philippsburg,13910,49.236944444,8.454722222,Baden-Württemberg
Wildberg,10372,48.623888888,8.747222222,Baden-Württemberg
Freiberg am Neckar,16227,48.934722222,9.191666666,Baden-Württemberg
Oberkochen,8055,48.783888888,10.105277777,Baden-Württemberg
Grünsfeld,3696,49.6,9.75,Baden-Württemberg
Weikersheim,7881,49.481666666,9.899166666,Baden-Württemberg
Sulz am Neckar,12760,48.362777777,8.631666666,Baden-Württemberg
Haiterbach,6029,48.524444444,8.650277777,Baden-Württemberg
Schelklingen,6952,48.375555555,9.732777777,Baden-Württemberg
Bad Teinach-Zavelstein,3241,48.688333333,8.688055555,Baden-Württemberg
Schrozberg,5947,49.344444444,9.980555555,Baden-Württemberg
Ravenstein,2958,49.401111111,9.507777777,Baden-Württemberg
Spaichingen,13795,48.075833333,8.737777777,Baden-Württemberg
Boxberg,6710,49.481388888,9.641666666,Baden-Württemberg
Beilstein,6422,49.041388888,9.314444444,Baden-Württemberg
Niederstotzingen,4925,48.541111111,10.233055555,Baden-Württemberg
Neuenstadt am Kocher,10350,49.233333333,9.333333333,Baden-Württemberg
Isny im Allgäu,15190,47.691944444,10.039444444,Baden-Württemberg
Oberndorf am Neckar,14684,48.291388888,8.5725,Baden-Württemberg
Krautheim,4643,49.383333333,9.633333333,Baden-Württemberg
Gerlingen,19774,48.8,9.065277777,Baden-Württemberg
Weil am Rhein,31065,47.594722222,7.610833333,Baden-Württemberg
Nagold,23321,48.551944444,8.725555555,Baden-Württemberg
Metzingen,22530,48.536666666,9.285833333,Baden-Württemberg
Kenzingen,11071,48.191666666,7.768333333,Baden-Württemberg
Schiltach,3725,48.290555555,8.344722222,Baden-Württemberg
Münsingen,14860,48.412777777,9.495277777,Baden-Württemberg
Bönnigheim,8447,49.040833333,9.095,Baden-Württemberg
Neuenstein,6722,49.2,9.583333333,Baden-Württemberg
Langenau,15792,48.499444444,10.121111111,Baden-Württemberg
Sachsenheim,19480,48.96,9.064722222,Baden-Württemberg
Forchtenberg,5302,49.283333333,9.566666666,Baden-Württemberg
Gernsbach,14438,48.763333333,8.334166666,Baden-Württemberg
Lichtenau,5051,48.726111111,8.005,Baden-Württemberg
Bad Säckingen,17637,47.553333333,7.947222222,Baden-Württemberg
Möckmühl,8713,49.316666666,9.35,Baden-Württemberg
Gaggenau,30190,48.803888888,8.319444444,Baden-Württemberg
Geislingen,5993,48.2875,8.8125,Baden-Württemberg
St. Georgen im Schwarzwald,13203,48.124722222,8.330833333,Baden-Württemberg
Schriesheim,15309,49.473611111,8.659166666,Baden-Württemberg
Gammertingen,6298,48.249444444,9.2175,Baden-Württemberg
Lorch,11032,48.798333333,9.688333333,Baden-Württemberg
Schopfheim,20238,47.649444444,7.824722222,Baden-Württemberg
Kraichtal,14635,49.124166666,8.714722222,Baden-Württemberg
Bad Rappenau,22586,49.238888888,9.102777777,Baden-Württemberg
Rheinau,11365,48.667777777,7.934722222,Baden-Württemberg
Radolfzell am Bodensee,32575,47.736944444,8.969722222,Baden-Württemberg
Leimen,27286,49.348055555,8.691111111,Baden-Württemberg
Triberg im Schwarzwald,4926,48.130833333,8.231666666,Baden-Württemberg
Walldürn,11760,49.583055555,9.368055555,Baden-Württemberg
Waghäusel,21766,49.25,8.516944444,Baden-Württemberg
Stutensee,25311,49.064722222,8.471666666,Baden-Württemberg
Bad Schussenried,9277,48.006666666,9.658611111,Baden-Württemberg
Hüfingen,8071,47.926111111,8.49,Baden-Württemberg
Giengen an der Brenz,20358,48.621666666,10.245,Baden-Württemberg
Meßstetten,11086,48.180555555,8.9625,Baden-Württemberg
Neudenau,5668,49.283333333,9.266666666,Baden-Württemberg
Bopfingen,11696,48.856944444,10.352222222,Baden-Württemberg
Freudenberg,3701,49.75,9.333333333,Baden-Württemberg
Alpirsbach,6242,48.346111111,8.403888888,Baden-Württemberg
Bad Liebenzell,9829,48.774166666,8.731388888,Baden-Württemberg
Laufenburg,9182,47.565555555,8.064722222,Baden-Württemberg
Bad Urach,12755,48.4932,9.39895,Baden-Württemberg
Aach,2427,47.845555555,8.851666666,Baden-Württemberg
Löwenstein,3436,49.0948,9.3812,Baden-Württemberg
Bad Waldsee,20786,47.921111111,9.751944444,Baden-Württemberg
Donaueschingen,22312,47.953055555,8.503333333,Baden-Württemberg
Haslach im Kinzigtal,7241,48.277777777,8.086944444,Baden-Württemberg
Laichingen,12447,48.489722222,9.686111111,Baden-Württemberg
Leutkirch im Allgäu,23588,47.825555555,10.022222222,Baden-Württemberg
Blaustein,16606,48.416388888,9.918888888,Baden-Württemberg
Widdern,1836,49.316666666,9.416666666,Baden-Württemberg
Besigheim,12923,48.998888888,9.141388888,Baden-Württemberg
Renningen,18655,48.766111111,8.934722222,Baden-Württemberg
Oberkirch,20237,48.532222222,8.078611111,Baden-Württemberg
Kuppenheim,8534,48.8275,8.254444444,Baden-Württemberg
Bad Saulgau,17724,48.0158071,9.5010309,Baden-Württemberg
Leingarten,11772,49.15,9.116666666,Baden-Württemberg
Baden-Baden,57420,48.761944444,8.240833333,Baden-Württemberg
Eberbach,14489,49.466666666,8.983333333,Baden-Württemberg
Bad Friedrichshall,19964,49.233333333,9.216666666,Baden-Württemberg
Walldorf,15995,49.3,8.65,Baden-Württemberg
Dornhan,6219,48.349444444,8.512222222,Baden-Württemberg
Mössingen,20979,48.406388888,9.0575,Baden-Württemberg
Bad Mergentheim,24752,49.490833333,9.773055555,Baden-Württemberg
Vaihingen an der Enz,29387,48.932777777,8.956388888,Baden-Württemberg
Ladenburg,12704,49.471944444,8.609166666,Baden-Württemberg
Kornwestheim,34177,48.859722222,9.185,Baden-Württemberg
Großbottwar,8591,49.001388888,9.293055555,Baden-Württemberg
Bad Wildbad,10601,48.750277777,8.550555555,Baden-Württemberg
Rutesheim,11194,48.809722222,8.945,Baden-Württemberg
Bad Dürrheim,13793,48.016666666,8.533333333,Baden-Württemberg
Schramberg,21231,48.226944444,8.384166666,Baden-Württemberg
Neubulach,5815,48.661111111,8.696666666,Baden-Württemberg
Stockach,17402,47.851388888,9.011388888,Baden-Württemberg
Pfullendorf,13654,47.924166666,9.256666666,Baden-Württemberg
Tengen,4873,47.814444444,8.659166666,Baden-Württemberg
Lauchheim,4905,48.871666666,10.244444444,Baden-Württemberg
Waldenbuch,8796,48.637222222,9.131666666,Baden-Württemberg
Laupheim,23044,48.228888888,9.879722222,Baden-Württemberg
Östringen,13299,49.219444444,8.710833333,Baden-Württemberg
Oberderdingen,11956,49.0625,8.801944444,Baden-Württemberg
Weil der Stadt,19340,48.750833333,8.870555555,Baden-Württemberg
Ochsenhausen,9301,48.072222222,9.948055555,Baden-Württemberg
Königheim,3007,49.617777777,9.595555555,Baden-Württemberg
Eimeldingen,2570,47.630555555,7.594722222,Baden-Württemberg
Erlenbach,5209,49.17,9.269444444,Baden-Württemberg
Wittighausen,1735,49.6125,9.838333333,Baden-Württemberg
Böllen,95,47.801944444,7.840833333,Baden-Württemberg
Illerkirchberg,5043,48.321111111,10.02,Baden-Württemberg
Walheim,3349,49.011666666,9.152777777,Baden-Württemberg
Küssaberg,5513,47.596666666,8.32,Baden-Württemberg
Bad Bellingen,5182,47.731666666,7.556944444,Baden-Württemberg
Gaiberg,2429,49.365833333,8.750277777,Baden-Württemberg
Erdmannhausen,5318,48.942222222,9.295555555,Baden-Württemberg
Hessigheim,2555,48.995277777,9.188055555,Baden-Württemberg
Assamstadt,2242,49.426944444,9.686944444,Baden-Württemberg
Oberstenfeld,7989,49.023888888,9.319444444,Baden-Württemberg
Möglingen,11334,48.888333333,9.129166666,Baden-Württemberg
Erligheim,3127,49.018333333,9.099444444,Baden-Württemberg
Freudental,2644,49.008888888,9.058888888,Baden-Württemberg
Werbach,3255,49.669166666,9.640555555,Baden-Württemberg
Büsingen am Hochrhein,1621,47.696944444,8.690277777,Baden-Württemberg
Efringen-Kirchen,8788,47.655555555,7.565833333,Baden-Württemberg
Sersheim,5790,48.961666666,9.013888888,Baden-Württemberg
Benningen am Neckar,6713,48.945,9.2425,Baden-Württemberg
Affalterbach,4524,48.921944444,9.321666666,Baden-Württemberg
Inzlingen,2491,47.588055555,7.693611111,Baden-Württemberg
Allensbach,7379,47.715277777,9.071388888,Baden-Württemberg
Wittlingen,957,47.655277777,7.649722222,Baden-Württemberg
Aitern,510,47.801388888,7.900555555,Baden-Württemberg
Gaienhofen,3424,47.683055555,8.982222222,Baden-Württemberg
Eberdingen,7014,48.879444444,8.965277777,Baden-Württemberg
Fröhnd,488,47.758333333,7.884166666,Baden-Württemberg
Schwieberdingen,11658,48.877777777,9.075,Baden-Württemberg
Igersheim,5607,49.493055555,9.816666666,Baden-Württemberg
Großrinderfeld,4109,49.664722222,9.734722222,Baden-Württemberg
Tunau,185,47.785833333,7.923888888,Baden-Württemberg
Ingersheim,6404,48.961111111,9.181944444,Baden-Württemberg
Ahorn,2239,49.500833333,9.539722222,Baden-Württemberg
Rot am See,5742,49.250833333,10.023333333,Baden-Württemberg
Schönbrunn,2920,49.411666666,8.9275,Baden-Württemberg
Satteldorf,5835,49.168055555,10.080833333,Baden-Württemberg
Obersontheim,5532,49.057777777,9.896666666,Baden-Württemberg
Albershausen,4470,48.691388888,9.565,Baden-Württemberg
Hohenstadt,751,48.544444444,9.663333333,Baden-Württemberg
Herdwangen-Schönach,3502,47.864166666,9.173888888,Baden-Württemberg
Hardt,2545,48.183888888,8.411388888,Baden-Württemberg
Nußloch,11332,49.323611111,8.693888888,Baden-Württemberg
Reichenbach an der Fils,8688,48.71,9.466111111,Baden-Württemberg
Zwiefalten,2353,48.2325,9.464166666,Baden-Württemberg
Plankstadt,10611,49.393333333,8.594166666,Baden-Württemberg
Engstingen,5219,48.386944444,9.285555555,Baden-Württemberg
Wäschenbeuren,3974,48.760277777,9.688055555,Baden-Württemberg
Sulzbach an der Murr,5341,49.004444444,9.505555555,Baden-Württemberg
Ötigheim,5260,48.891111111,8.236388888,Baden-Württemberg
Gruibingen,2303,48.594722222,9.642777777,Baden-Württemberg
Reichartshausen,2143,49.356944444,8.944444444,Baden-Württemberg
Schönwald im Schwarzwald,2711,48.104722222,8.202777777,Baden-Württemberg
Schlaitdorf,1952,48.603611111,9.224444444,Baden-Württemberg
Frankenhardt,5061,49.081666666,9.978333333,Baden-Württemberg
Untermünkheim,3119,49.153333333,9.734722222,Baden-Württemberg
Helmstadt-Bargen,3909,49.325833333,8.976111111,Baden-Württemberg
Herbertingen,4766,48.05997,9.43858,Baden-Württemberg
Hohentengen,4343,48.033333333,9.383333333,Baden-Württemberg
Riederich,4300,48.560277777,9.267222222,Baden-Württemberg
Mauer,4158,49.338888888,8.798611111,Baden-Württemberg
Winterbach,7686,48.799166666,9.48,Baden-Württemberg
Plüderhausen,9841,48.795,9.601111111,Baden-Württemberg
Remshalden,14185,48.814444444,9.420833333,Baden-Württemberg
Wallhausen,3826,49.210833333,10.064166666,Baden-Württemberg
Alfdorf,7177,48.845277777,9.718888888,Baden-Württemberg
Rosengarten,5288,49.067777777,9.726666666,Baden-Württemberg
Spechbach,1766,49.346111111,8.884444444,Baden-Württemberg
Wurmberg,3323,48.871111111,8.818333333,Baden-Württemberg
Illmensee,2091,47.861111111,9.373055555,Baden-Württemberg
Fichtenberg,3008,48.987222222,9.712222222,Baden-Württemberg
Lobbach,2338,49.375833333,8.8925,Baden-Württemberg
Malsch,3478,49.246388888,8.683055555,Baden-Württemberg
Berglen,6729,48.861388888,9.469444444,Baden-Württemberg
Pfalzgrafenweiler,7232,48.528333333,8.567777777,Baden-Württemberg
Neidenstein,1753,49.316944444,8.884722222,Baden-Württemberg
Wiesenbach,3108,49.361388888,8.802777777,Baden-Württemberg
Wannweil,5468,48.514722222,9.150833333,Baden-Württemberg
Meckesheim,5244,49.321388888,8.815277777,Baden-Württemberg
Blaufelden,5441,49.296944444,9.971944444,Baden-Württemberg
Hirschberg an der Bergstraße,9793,49.499444444,8.662222222,Baden-Württemberg
Gomadingen,2382,48.400277777,9.391944444,Baden-Württemberg
Oberrot,3576,49.015277777,9.670833333,Baden-Württemberg
Bad Überkingen,3912,48.600277777,9.798888888,Baden-Württemberg
Hermaringen,2333,48.59544,10.26065,Baden-Württemberg
Dettingen an der Erms,10204,48.53,9.347222222,Baden-Württemberg
Dietingen,4296,48.205555555,8.646111111,Baden-Württemberg
Heddesheim,12031,49.505277777,8.603333333,Baden-Württemberg
Ötisheim,4896,48.961944444,8.809722222,Baden-Württemberg
Bingen,2750,48.111666666,9.273333333,Baden-Württemberg
Inzigkofen,2997,48.071666666,9.175555555,Baden-Württemberg
Fluorn-Winzeln,3190,48.298055555,8.490833333,Baden-Württemberg
Kernen im Remstal,15429,48.806666666,9.321666666,Baden-Württemberg
Kämpfelbach,6468,48.948055555,8.623888888,Baden-Württemberg
Beuron,670,48.050277777,8.969166666,Baden-Württemberg
Braunsbach,2631,49.198888888,9.791388888,Baden-Württemberg
Wellendingen,3370,48.147777777,8.700833333,Baden-Württemberg
Vöhringen,4707,48.334166666,8.663888888,Baden-Württemberg
Pliezhausen,9853,48.558611111,9.205833333,Baden-Württemberg
Bammental,6594,49.350833333,8.775833333,Baden-Württemberg
Altdorf,1682,48.594166666,9.270833333,Baden-Württemberg
Epfendorf,3262,48.249444444,8.598333333,Baden-Württemberg
Iffezheim,5291,48.820555555,8.142222222,Baden-Württemberg
Schenkenzell,1882,48.309444444,8.371388888,Baden-Württemberg
Edingen-Neckarhausen,14211,49.446944444,8.609444444,Baden-Württemberg
Zimmern ob Rottweil,6425,48.168055555,8.591111111,Baden-Württemberg
Sulzbach-Laufen,2540,48.963333333,9.845277777,Baden-Württemberg
Urbach,9274,48.813333333,9.578888888,Baden-Württemberg
Kuchen,5724,48.639166666,9.799166666,Baden-Württemberg
Dürnau,2211,48.642777777,9.637777777,Baden-Württemberg
Michelbach an der Bilz,3542,49.071666666,9.766666666,Baden-Württemberg
Kaisersbach,2359,48.930555555,9.639166666,Baden-Württemberg
Birkenfeld,10200,48.869722222,8.636111111,Baden-Württemberg
Waldachtal,6309,48.489444444,8.564722222,Baden-Württemberg
Forbach,4610,48.680555555,8.358333333,Baden-Württemberg
Michelfeld,3902,49.100555555,9.681666666,Baden-Württemberg
Rudersberg,11319,48.885555555,9.528055555,Baden-Württemberg
Beuren,3710,48.569166666,9.402777777,Baden-Württemberg
Sinzheim,11610,48.761944444,8.166944444,Baden-Württemberg
Stimpfach,3092,49.062222222,10.09,Baden-Württemberg
Deißlingen,6364,48.113333333,8.606111111,Baden-Württemberg
Fichtenau,4587,49.069444444,10.213055555,Baden-Württemberg
Königsbach-Stein,10258,48.966388888,8.608888888,Baden-Württemberg
Bösingen,3411,48.239166666,8.558055555,Baden-Württemberg
Hochdorf,5054,48.695277777,9.469444444,Baden-Württemberg
Bühlerzell,2129,49.003055555,9.918888888,Baden-Württemberg
Eschenbach,2111,48.658333333,9.669722222,Baden-Württemberg
Rechberghausen,5496,48.730555555,9.639722222,Baden-Württemberg
Drackenstein,457,48.556944444,9.678611111,Baden-Württemberg
Baiersbronn,15126,48.505833333,8.371111111,Baden-Württemberg
Schlat,1693,48.6525,9.707777777,Baden-Württemberg
Wangen,3241,48.729444444,9.611388888,Baden-Württemberg
Muggensturm,6212,48.8725,8.279444444,Baden-Württemberg
Eisingen,4855,48.9475,8.668611111,Baden-Württemberg
Kreßberg,4065,49.131111111,10.184166666,Baden-Württemberg
Unterensingen,5011,48.655833333,9.355555555,Baden-Württemberg
Denkendorf,11312,48.695833333,9.3175,Baden-Württemberg
Wolpertshausen,2425,49.166944444,9.845277777,Baden-Württemberg
Mainhardt,6166,49.083333333,9.55,Baden-Württemberg
Eschbronn,2118,48.185,8.457777777,Baden-Württemberg
Großerlach,2621,49.053333333,9.514444444,Baden-Württemberg
Altenriet,1998,48.590833333,9.220555555,Baden-Württemberg
Heiligkreuzsteinach,2603,49.485833333,8.795277777,Baden-Württemberg
Dunningen,6648,48.211388888,8.507222222,Baden-Württemberg
Bühlertann,3084,49.041111111,9.908611111,Baden-Württemberg
Heubach,10105,48.783333,9.933333,Baden-Württemberg
Niedernhall,4213,49.3,9.616666666,Baden-Württemberg
Zell am Harmersbach,8295,48.346666666,8.063888888,Baden-Württemberg
Ilvesheim,9280,49.4725,8.5675,Baden-Württemberg
Brigachtal,5233,48.006388888,8.468333333,Baden-Württemberg
Waldenburg,3040,49.183333333,9.633333333,Baden-Württemberg
Titisee-Neustadt,12395,47.912222222,8.214722222,Baden-Württemberg
Grabenstetten,1729,48.523333333,9.461388888,Baden-Württemberg
Leutenbach,11856,48.888333333,9.391388888,Baden-Württemberg
Hausach,5760,48.285277777,8.179722222,Baden-Württemberg
Walddorfhäslach,5551,48.588888888,9.181111111,Baden-Württemberg
Adelsheim,5313,49.404722222,9.389166666,Baden-Württemberg
Müllheim im Markgräflerland,19756,47.808333333,7.630833333,Baden-Württemberg
Herbolzheim,11242,48.221944444,7.7775,Baden-Württemberg
Graben-Neudorf,12688,49.159166666,8.489444444,Baden-Württemberg
Heddesbach,462,49.481388888,8.827222222,Baden-Württemberg
Elzach,7601,48.174722222,8.071666666,Baden-Württemberg
Spiegelberg,2163,49.0375,9.445833333,Baden-Württemberg
Weinsberg,13468,49.151944444,9.285833333,Baden-Württemberg
St. Leon-Rot,13948,49.265277777,8.598611111,Baden-Württemberg
Schwaigern,11726,49.133333333,9.05,Baden-Württemberg
Talheim,1304,48.01,8.664166666,Baden-Württemberg
Neresheim,8049,48.754166666,10.334444444,Baden-Württemberg
Neuler,3271,48.928611111,10.069444444,Baden-Württemberg
Bühl,29214,48.695277777,8.135,Baden-Württemberg
Aulendorf,10422,47.95416667,9.63888889,Baden-Württemberg
Lauterbach,2894,48.228611111,8.343611111,Baden-Württemberg
Hornberg,4256,48.213333333,8.230833333,Baden-Württemberg
Kohlberg,2284,48.557777777,9.335555555,Baden-Württemberg
Mönsheim,3012,48.864444444,8.864722222,Baden-Württemberg
Eppingen,22252,49.133333333,8.916666666,Baden-Württemberg
Ellwangen,25372,48.961111111,10.130555555,Baden-Württemberg
Durmersheim,12142,48.938333333,8.276944444,Baden-Württemberg
Ingelfingen,5489,49.3,9.65,Baden-Württemberg
Loßburg,7844,48.411111111,8.451388888,Baden-Württemberg
Markdorf,14406,47.720833333,9.391666666,Baden-Württemberg
Gengenbach,10984,48.404166666,8.015277777,Baden-Württemberg
Bondorf,6335,48.516666666,8.833333333,Baden-Württemberg
Haigerloch,11044,48.364722222,8.805,Baden-Württemberg
Gütenbach,1119,48.044722222,8.139166666,Baden-Württemberg
Brühl,14238,49.4,8.535277777,Baden-Württemberg
Friolzheim,4271,48.836111111,8.836666666,Baden-Württemberg
Römerstein,4097,48.495555555,9.510555555,Baden-Württemberg
Steinmauern,3232,48.900277777,8.198611111,Baden-Württemberg
Vogtsburg im Kaiserstuhl,6218,48.089166666,7.631666666,Baden-Württemberg
Waldkirch,22266,48.093888888,7.960833333,Baden-Württemberg
Ehingen,27504,48.283333333,9.723611111,Baden-Württemberg
Grafenberg,2747,48.566388888,9.3,Baden-Württemberg
Dauchingen,3908,48.090277777,8.551944444,Baden-Württemberg
Mehrstetten,1507,48.375555555,9.566666666,Baden-Württemberg
Laudenbach,6519,49.611388888,8.65,Baden-Württemberg
Zaberfeld,4248,49.05,8.933333333,Baden-Württemberg
Sonnenbühl,7094,48.3895877,9.1806129,Baden-Württemberg
Reilingen,8320,49.294722222,8.569166666,Baden-Württemberg
Heitersheim,6495,47.875277777,7.654722222,Baden-Württemberg
Geisingen,6315,47.922222222,8.646388888,Baden-Württemberg
Zweiflingen,1791,49.25,9.516666666,Baden-Württemberg
Badenweiler,4573,47.801666666,7.671944444,Baden-Württemberg
Ispringen,6097,48.915833333,8.670833333,Baden-Württemberg
Neckartailfingen,4015,48.614444444,9.268055555,Baden-Württemberg
Ettenheim,13985,48.255555555,7.811944444,Baden-Württemberg
Hülben,3171,48.518333333,9.405555555,Baden-Württemberg
Burladingen,12263,48.290277777,9.109444444,Baden-Württemberg
Hohenstein,3823,48.347777777,9.372777777,Baden-Württemberg
Eutingen im Gäu,6035,48.477777777,8.75,Baden-Württemberg
Eningen unter Achalm,11582,48.483055555,9.252222222,Baden-Württemberg
Dettingen unter Teck,6312,48.616111111,9.451666666,Baden-Württemberg
St. Johann,5261,48.452777777,9.343055555,Baden-Württemberg
Sulzburg,2794,47.840277777,7.709166666,Baden-Württemberg
Fridingen an der Donau,3161,48.020555555,8.932777777,Baden-Württemberg
Altensteig,10983,48.586388888,8.604722222,Baden-Württemberg
Eberhardzell,4630,48.001111111,9.824166666,Baden-Württemberg
Bad Herrenalb,8284,48.800555555,8.440833333,Baden-Württemberg
Herbrechtingen,13179,48.625277777,10.173888888,Baden-Württemberg
Schwaikheim,9855,48.871388888,9.353055555,Baden-Württemberg
Straubenhardt,11514,48.845277777,8.545833333,Baden-Württemberg
Unterkirnach,2625,48.078888888,8.364722222,Baden-Württemberg
Buchen,18203,49.521666666,9.323333333,Baden-Württemberg
Endingen am Kaiserstuhl,10708,48.140833333,7.706388888,Baden-Württemberg
Blaubeuren,12657,48.411944444,9.785,Baden-Württemberg
Neuenburg am Rhein,12520,47.814722222,7.561944444,Baden-Württemberg
Neulußheim,7132,49.293333333,8.521944444,Baden-Württemberg
Wilhelmsfeld,3295,49.471666666,8.755555555,Baden-Württemberg
Bad Wurzach,15069,47.909444444,9.899444444,Baden-Württemberg
Seewald,2164,48.593888888,8.420833333,Baden-Württemberg
Ketsch,13141,49.365833333,8.533611111,Baden-Württemberg
Erbach,14080,48.328055555,9.887777777,Baden-Württemberg
Eschelbronn,2810,49.319722222,8.866388888,Baden-Württemberg
Hattenhofen,2966,48.666666666,9.571944444,Baden-Württemberg
Überlingen,23240,47.766666666,9.165,Baden-Württemberg
Schonach im Schwarzwald,4029,48.142777777,8.2025,Baden-Württemberg
Königsfeld im Schwarzwald,6114,48.138333333,8.421388888,Baden-Württemberg
Niedereschach,6147,48.131666666,8.527222222,Baden-Württemberg
Zimmern unter der Burg,477,48.220555555,8.718333333,Baden-Württemberg
Bad Boll,5270,48.639444444,9.615555555,Baden-Württemberg
Wolfach,5712,48.299444444,8.222777777,Baden-Württemberg
Oftersheim,12211,49.370555555,8.584722222,Baden-Württemberg
Bonndorf im Schwarzwald,7017,47.819444444,8.343055555,Baden-Württemberg
Achern,26664,48.631388888,8.073888888,Baden-Württemberg
Dielheim,9144,49.2825,8.734722222,Baden-Württemberg
Mühlhausen,8832,49.2475,8.723888888,Baden-Württemberg
Sandhausen,15421,49.343888888,8.658055555,Baden-Württemberg
Altlußheim,6389,49.299722222,8.5,Baden-Württemberg
Aichwald,7637,48.758055555,9.380277777,Baden-Württemberg
Trossingen,17744,48.075047222,8.638491666,Baden-Württemberg
Remchingen,11935,48.95,8.576388888,Baden-Württemberg
Neustetten,3932,48.4825,8.882777777,Baden-Württemberg
Aichhalden,4281,48.2675,8.4,Baden-Württemberg
Korb,11255,48.841666666,9.361111111,Baden-Württemberg
Mundelsheim,3539,49.0,9.206388888,Baden-Württemberg
Illingen,8022,48.955277777,8.918888888,Baden-Württemberg
Volkertshausen,3285,47.821388888,8.867222222,Baden-Württemberg
Ottenbach,2421,48.734722222,9.747777777,Baden-Württemberg
Deizisau,6928,48.713333333,9.389166666,Baden-Württemberg
Lenzkirch,5171,47.868055555,8.205,Baden-Württemberg
Börtlingen,1742,48.753611111,9.631944444,Baden-Württemberg
Hausen im Wiesental,2385,47.681388888,7.840555555,Baden-Württemberg
Birenbach,1919,48.7475,9.663333333,Baden-Württemberg
Eigeltingen,3957,47.859166666,8.8975,Baden-Württemberg
Ubstadt-Weiher,13388,49.165555555,8.625,Baden-Württemberg
Gemmrigheim,4930,49.025277777,9.1575,Baden-Württemberg
Wolfschlugen,6412,48.653055555,9.288888888,Baden-Württemberg
Wimsheim,2866,48.8525,8.826944444,Baden-Württemberg
Orsingen-Nenzingen,3648,47.835555555,8.933055555,Baden-Württemberg
Hambrücken,5626,49.186111111,8.543888888,Baden-Württemberg
Lichtenwald,2664,48.752222222,9.482777777,Baden-Württemberg
Bad Schönborn,13341,49.202222222,8.6475,Baden-Württemberg
Kieselbronn,3092,48.933333333,8.748611111,Baden-Württemberg
Utzenfeld,620,47.800833333,7.914444444,Baden-Württemberg
Kirchberg an der Iller,2178,48.132222222,10.080555555,Baden-Württemberg
Schwörstadt,2547,47.592777777,7.880277777,Baden-Württemberg
Rielasingen-Worblingen,12307,47.731388888,8.838611111,Baden-Württemberg
Elchesheim-Illingen,3238,48.931944444,8.212777777,Baden-Württemberg
Binzen,2981,47.631111111,7.623333333,Baden-Württemberg
Bissingen an der Teck,3475,48.599444444,9.4925,Baden-Württemberg
Schönenberg,344,47.792777777,7.8825,Baden-Württemberg
Schlierbach,3946,48.673888888,9.518055555,Baden-Württemberg
Pleidelsheim,6454,48.961388888,9.204166666,Baden-Württemberg
Häg-Ehrsberg,807,47.733888888,7.916666666,Baden-Württemberg
Zuzenhausen,2337,49.297222222,8.822222222,Baden-Württemberg
Neuhausen,5281,48.793333333,8.778611111,Baden-Württemberg
Öhningen,3644,47.661388888,8.888611111,Baden-Württemberg
Empfingen,4321,48.392222222,8.711944444,Baden-Württemberg
Rheinmünster,6870,48.765277777,8.049444444,Baden-Württemberg
Lichtenstein,9304,48.426944444,9.253611111,Baden-Württemberg
Hilzingen,9118,47.765277777,8.784444444,Baden-Württemberg
Epfenbach,2412,49.337222222,8.911111111,Baden-Württemberg
Ehningen,9399,48.658888888,8.940277777,Baden-Württemberg
Immendingen,6601,47.94,8.733055555,Baden-Württemberg
Maulburg,4349,47.645,7.779444444,Baden-Württemberg
Steißlingen,5107,47.800277777,8.924166666,Baden-Württemberg
Notzingen,3610,48.671111111,9.456388888,Baden-Württemberg
Bad Rippoldsau-Schapbach,2058,48.377222222,8.291944444,Baden-Württemberg
Tuningen,3317,48.026666666,8.601666666,Baden-Württemberg
Neckartenzlingen,6223,48.589166666,9.246111111,Baden-Württemberg
Hasel,1225,47.654444444,7.897777777,Baden-Württemberg
Wembach,336,47.773055555,7.884722222,Baden-Württemberg
Böhmenkirch,5692,48.684444444,9.933888888,Baden-Württemberg
Hohenfels,2112,47.885555555,9.109444444,Baden-Württemberg
Ofterdingen,5602,48.420277777,9.031944444,Baden-Württemberg
Kirchdorf an der Iller,4042,48.075,10.129444444,Baden-Württemberg
Gottmadingen,10999,47.735555555,8.776666666,Baden-Württemberg
Bernstadt,2334,48.499722222,10.025,Baden-Württemberg
Baltmannsweiler,5701,48.743333333,9.449166666,Baden-Württemberg
Loffenau,2535,48.7725,8.385555555,Baden-Württemberg
Aitrach,3001,47.94,10.09,Baden-Württemberg
Wiernsheim,6901,48.89,8.850555555,Baden-Württemberg
Steinen,10255,47.645277777,7.740277777,Baden-Württemberg
Altbach,6413,48.723888888,9.379722222,Baden-Württemberg
Aichstetten,2844,47.893333333,10.079166666,Baden-Württemberg
Pfronstetten,1525,48.276388888,9.361388888,Baden-Württemberg
Gammelshausen,1508,48.641666666,9.650277777,Baden-Württemberg
Ohmden,1756,48.645555555,9.526388888,Baden-Württemberg
Villingendorf,3403,48.201944444,8.588888888,Baden-Württemberg
Mühlhausen-Ehingen,4016,47.810555555,8.811111111,Baden-Württemberg
Kirchentellinsfurt,5732,48.531111111,9.148333333,Baden-Württemberg
Heiningen,5206,48.661944444,9.648333333,Baden-Württemberg
Friedenweiler,2074,47.9175,8.255555555,Baden-Württemberg
Angelbachtal,5217,49.231666666,8.775,Baden-Württemberg
Heuweiler,1159,48.051666666,7.903055555,Baden-Württemberg
Albbruck,7519,47.589166666,8.129166666,Baden-Württemberg
Ühlingen-Birkendorf,5456,47.719444444,8.318055555,Baden-Württemberg
Schallbach,832,47.654444444,7.626666666,Baden-Württemberg
Wörnersberg,203,48.562222222,8.564444444,Baden-Württemberg
Sternenfels,2797,49.050277777,8.850555555,Baden-Württemberg
Grömbach,632,48.571666666,8.546388888,Baden-Württemberg
Tiefenbronn,5448,48.824166666,8.800277777,Baden-Württemberg
Keltern,9098,48.900833333,8.575833333,Baden-Württemberg
Bodman-Ludwigshafen,4868,47.817777777,9.057777777,Baden-Württemberg
Öpfingen,2328,48.286944444,9.803055555,Baden-Württemberg
Weissach,7709,48.848055555,8.920277777,Baden-Württemberg
Ittlingen,2641,49.183333333,8.933333333,Baden-Württemberg
Glatten,2510,48.443055555,8.512777777,Baden-Württemberg
Mühlingen,2752,47.912222222,9.017222222,Baden-Württemberg
Zell unter Aichelberg,3164,48.649722222,9.575277777,Baden-Württemberg
Dossenheim,12534,49.449166666,8.672222222,Baden-Württemberg
Rümmingen,1980,47.640555555,7.643333333,Baden-Württemberg
Lenningen,8225,48.55,9.471944444,Baden-Württemberg
Hemmingen (Württemberg),8222,48.866111111,9.031944444,Baden-Württemberg
Holzmaden,2247,48.633611111,9.517222222,Baden-Württemberg
Erkenbrechtsweiler,2193,48.556666666,9.432222222,Baden-Württemberg
Gailingen am Hochrhein,3031,47.696944444,8.755,Baden-Württemberg
Neidlingen,1787,48.579166666,9.565,Baden-Württemberg
Salach,8272,48.688888888,9.735833333,Baden-Württemberg
Kirchheim am Neckar,6262,49.043888888,9.146388888,Baden-Württemberg
Bempflingen,3486,48.571944444,9.269722222,Baden-Württemberg
Köngen,9786,48.681944444,9.366666666,Baden-Württemberg
Öllingen,560,48.527777777,10.1475,Baden-Württemberg
Ottersweier,6514,48.671111111,8.110833333,Baden-Württemberg
Neulingen,6709,48.968333333,8.724722222,Baden-Württemberg
Gingen an der Fils,4607,48.658055555,9.781944444,Baden-Württemberg
Unlingen,2414,48.1675,9.521111111,Baden-Württemberg
Niefern-Öschelbronn,12600,48.916388888,8.784166666,Baden-Württemberg
Großbettlingen,4397,48.590277777,9.308888888,Baden-Württemberg
Mühlhausen im Täle,1128,48.578888888,9.658333333,Baden-Württemberg
Kusterdingen,9038,48.522222222,9.120833333,Baden-Württemberg
Grenzach-Wyhlen,15092,47.551666666,7.659166666,Baden-Württemberg
Schliengen,6289,47.755555555,7.577222222,Baden-Württemberg
Adelberg,2017,48.761944444,9.599722222,Baden-Württemberg
Malsburg-Marzell,1455,47.770833333,7.725555555,Baden-Württemberg
Tannhausen,1851,48.979166666,10.361388888,Baden-Württemberg
Moos,3456,47.725,8.934166666,Baden-Württemberg
Engelsbrand,4525,48.83,8.65,Baden-Württemberg
Walzbachtal,9938,49.011666666,8.6075,Baden-Württemberg
Lottstetten,2443,47.628888888,8.572222222,Baden-Württemberg
Ilsfeld,9851,49.05,9.25,Baden-Württemberg
Mönchweiler,3001,48.1,8.424444444,Baden-Württemberg
Oberboihingen,5796,48.646944444,9.366666666,Baden-Württemberg
Eggenstein-Leopoldshafen,16777,49.077777777,8.3925,Baden-Württemberg
Löchgau,5977,49.001666666,9.108333333,Baden-Württemberg
Frickenhausen,9303,48.592777777,9.361111111,Baden-Württemberg
Neuhausen auf den Fildern,12485,48.684444444,9.274444444,Baden-Württemberg
Schopfloch,2594,48.454444444,8.551388888,Baden-Württemberg
Rottenacker,2239,48.235555555,9.689444444,Baden-Württemberg
Abstatt,5058,49.066666666,9.3,Baden-Württemberg
Bad Ditzenbach,3891,48.585833333,9.691944444,Baden-Württemberg
Abtsgmünd,7624,48.894166666,10.003888888,Baden-Württemberg
Ölbronn-Dürrn,3498,48.956944444,8.757222222,Baden-Württemberg
Attenweiler,1974,48.134722222,9.697777777,Baden-Württemberg
Deggingen,5295,48.596388888,9.719166666,Baden-Württemberg
Kleines Wiesental,2789,47.719722222,7.794444444,Baden-Württemberg
Münstertal/Schwarzwald,5117,47.854722222,7.784166666,Baden-Württemberg
Achberg,1729,47.615,9.716944444,Baden-Württemberg
Weißbach,2075,49.3,9.6,Baden-Württemberg
Erolzheim,3423,48.091111111,10.071944444,Baden-Württemberg
Eggingen,1780,47.696944444,8.396388888,Baden-Württemberg
Holzkirch,279,48.530555555,9.995277777,Baden-Württemberg
Betzenweiler,753,48.117222222,9.574444444,Baden-Württemberg
Ingoldingen,3214,48.025833333,9.741944444,Baden-Württemberg
Hausen am Tann,492,48.198333333,8.836666666,Baden-Württemberg
Rot an der Rot,4533,48.013888888,10.031388888,Baden-Württemberg
Emerkingen,848,48.211666666,9.656111111,Baden-Württemberg
Lautenbach,1980,48.519444444,8.116944444,Baden-Württemberg
Oedheim,6652,49.233333333,9.25,Baden-Württemberg
Eisenbach (Hochschwarzwald),2203,47.963888888,8.271944444,Baden-Württemberg
Wutöschingen,6759,47.663611111,8.368888888,Baden-Württemberg
Kanzach,518,48.076666666,9.558888888,Baden-Württemberg
Zwingenberg,660,49.415277777,9.043055555,Baden-Württemberg
Kippenheim,5609,48.294722222,7.821388888,Baden-Württemberg
Hardthausen am Kocher,4561,49.241708333,9.403305555,Baden-Württemberg
Nordheim,8446,49.116666666,9.133333333,Baden-Württemberg
Glottertal,3264,48.048611111,7.955,Baden-Württemberg
Bötzingen,5534,48.076944444,7.725555555,Baden-Württemberg
Hartheim am Rhein,4982,47.936666666,7.627777777,Baden-Württemberg
Althengstett,8104,48.723333333,8.793888888,Baden-Württemberg
Cleebronn,3255,49.05,9.033333333,Baden-Württemberg
Warthausen,5310,48.126666666,9.795833333,Baden-Württemberg
Amtzell,4320,47.706111111,9.748055555,Baden-Württemberg
Neckarwestheim,4196,49.05,9.183333333,Baden-Württemberg
Buchenbach,3118,47.961666666,8.010277777,Baden-Württemberg
Obersulm,13876,49.133333333,9.383333333,Baden-Württemberg
Ammerbuch,11552,48.554444444,8.966944444,Baden-Württemberg
Hohentengen am Hochrhein,4001,47.57,8.433888888,Baden-Württemberg
Ratshausen,774,48.193333333,8.795277777,Baden-Württemberg
Wutach,1191,47.838055555,8.444444444,Baden-Württemberg
Gutenzell-Hürbel,1848,48.113333333,9.9975,Baden-Württemberg
Starzach,4421,48.431666666,8.813333333,Baden-Württemberg
Mühlenbach,1660,48.253055555,8.110555555,Baden-Württemberg
Achstetten,5177,48.259722222,9.8975,Baden-Württemberg
Egesheim,636,48.116944444,8.855833333,Baden-Württemberg
Waldburg,3321,47.756944444,9.712777777,Baden-Württemberg
Lauchringen,8079,47.630555555,8.304444444,Baden-Württemberg
Appenweier,10298,48.539722222,7.98,Baden-Württemberg
Pfinztal,18779,48.987777777,8.543333333,Baden-Württemberg
Eschach,1938,48.888333333,9.869722222,Baden-Württemberg
Untereisesheim,4439,49.216666666,9.2,Baden-Württemberg
Gottenheim,3080,48.049722222,7.728888888,Baden-Württemberg
Balgheim,1298,48.066666666,8.766666666,Baden-Württemberg
Enzklösterle,1404,48.668055555,8.471388888,Baden-Württemberg
Bahlingen am Kaiserstuhl,4613,48.121944444,7.736666666,Baden-Württemberg
Ebringen,2963,47.957777777,7.780555555,Baden-Württemberg
Roigheim,1507,49.366666666,9.333333333,Baden-Württemberg
Weil im Schönbuch,10274,48.621388888,9.061111111,Baden-Württemberg
Höchenschwand,2786,47.733888888,8.167222222,Baden-Württemberg
Görwihl,4148,47.641111111,8.078333333,Baden-Württemberg
Aglasterhausen,4893,49.3654,8.9909,Baden-Württemberg
Todtmoos,2084,47.739444444,8.000833333,Baden-Württemberg
Wehingen,3742,48.1475,8.7925,Baden-Württemberg
Eichstegen,538,47.938333333,9.497222222,Baden-Württemberg
Adelmannsfelden,1727,48.9525,10.005277777,Baden-Württemberg
Baindt,5380,47.841388888,9.661944444,Baden-Württemberg
Jestetten,5358,47.652222222,8.570833333,Baden-Württemberg
Oberharmersbach,2471,48.374166666,8.128055555,Baden-Württemberg
Dürmentingen,2684,48.114166666,9.535,Baden-Württemberg
Hüffenhardt,2085,49.290833333,9.081388888,Baden-Württemberg
Kappel-Grafenhausen,5262,48.292222222,7.741388888,Baden-Württemberg
Offenau,2918,49.25,9.166666666,Baden-Württemberg
Dachsberg,1450,47.729722222,8.098888888,Baden-Württemberg
Göggingen,2573,48.860555555,9.883333333,Baden-Württemberg
Altshausen,4161,47.931388888,9.544166666,Baden-Württemberg
Buggingen,4460,47.848055555,7.636944444,Baden-Württemberg
Kirchheim am Ries,1842,48.883333333,10.4,Baden-Württemberg
Dettingen an der Iller,2740,48.108888888,10.111944444,Baden-Württemberg
Ehrenkirchen,7856,47.915277777,7.751944444,Baden-Württemberg
Kirchzarten,10326,47.966666666,7.95,Baden-Württemberg
Neukirch,2742,47.658333333,9.704166666,Baden-Württemberg
Oggelshausen,967,48.071388888,9.65,Baden-Württemberg
Alleshausen,551,48.103333333,9.6225,Baden-Württemberg
Dürbheim,1728,48.056111111,8.793055555,Baden-Württemberg
Uttenweiler,3744,48.148333333,9.613055555,Baden-Württemberg
Daisendorf,1564,47.708333333,9.270833333,Baden-Württemberg
Schluchsee,2541,47.819444444,8.180833333,Baden-Württemberg
Neuhausen ob Eck,4115,47.971111111,8.929722222,Baden-Württemberg
Buchheim,754,48.010277777,8.986666666,Baden-Württemberg
Horben,1201,47.935,7.858888888,Baden-Württemberg
Irndorf,692,48.066388888,8.972777777,Baden-Württemberg
Umkirch,5954,48.032777777,7.763611111,Baden-Württemberg
Wyhl am Kaiserstuhl,4014,48.165555555,7.648888888,Baden-Württemberg
Allmendingen,4721,48.328055555,9.720555555,Baden-Württemberg
Gemmingen,5542,49.15,8.983333333,Baden-Württemberg
Merdingen,2658,48.017777777,7.688333333,Baden-Württemberg
Meckenbeuren,13723,47.7,9.5625,Baden-Württemberg
Bärenthal,482,48.073611111,8.927777777,Baden-Württemberg
Nusplingen,1887,48.132777777,8.89,Baden-Württemberg
Dettenhausen,5630,48.6075,9.100555555,Baden-Württemberg
Erlenmoos,1805,48.063055555,9.975,Baden-Württemberg
Fischerbach,1746,48.287222222,8.109166666,Baden-Württemberg
Berghaupten,2532,48.406944444,7.986944444,Baden-Württemberg
Riesbürg,2272,48.850555555,10.433888888,Baden-Württemberg
Wolpertswende,4153,47.894444444,9.6125,Baden-Württemberg
Altheim (Alb),1744,48.581666666,10.026944444,Baden-Württemberg
Auggen,2825,47.786944444,7.596111111,Baden-Württemberg
Durchhausen,1054,48.039166666,8.674722222,Baden-Württemberg
Aichelberg,1315,48.637777777,9.564166666,Baden-Württemberg
Dormettingen,1114,48.238888888,8.774722222,Baden-Württemberg
Amstetten,4215,48.579444444,9.874444444,Baden-Württemberg
Ellhofen,3982,49.146944444,9.321388888,Baden-Württemberg
Heiligenberg,3194,47.820833333,9.3125,Baden-Württemberg
Kupferzell,6570,49.233333333,9.683333333,Baden-Württemberg
Tannheim,2537,48.0,10.083055555,Baden-Württemberg
Täferrot,1019,48.849166666,9.838055555,Baden-Württemberg
Jagsthausen,2088,49.3,9.466666666,Baden-Württemberg
Frickingen,3185,47.8125,9.270833333,Baden-Württemberg
Vörstetten,3181,48.064166666,7.849166666,Baden-Württemberg
Altheim,587,48.328611111,9.771111111,Baden-Württemberg
Weilen unter den Rinnen,591,48.189444444,8.764722222,Baden-Württemberg
Bitz,3767,48.243888888,9.090833333,Baden-Württemberg
Wüstenrot,6796,49.083333333,9.466666666,Baden-Württemberg
Ballrechten-Dottingen,2473,47.858888888,7.6975,Baden-Württemberg
Essingen,6516,48.808333333,10.027777777,Baden-Württemberg
Gechingen,3766,48.696388888,8.830277777,Baden-Württemberg
Bad Peterstal-Griesbach,2763,48.428888888,8.205277777,Baden-Württemberg
Zaisenhausen,1874,49.106944444,8.815833333,Baden-Württemberg
Uhldingen-Mühlhofen,8494,47.733333333,9.245833333,Baden-Württemberg
Aidlingen,9429,48.679166666,8.896944444,Baden-Württemberg
Immenstaad am Bodensee,6634,47.666666666,9.366666666,Baden-Württemberg
Häusern,1324,47.753888888,8.169444444,Baden-Württemberg
Gunningen,772,48.046111111,8.699722222,Baden-Württemberg
Sauldorf,2591,47.944444444,9.108055555,Baden-Württemberg
Breitingen,358,48.517222222,9.992222222,Baden-Württemberg
Allmannsweiler,337,48.028333333,9.593611111,Baden-Württemberg
Flein,7398,49.1,9.216666666,Baden-Württemberg
Durbach,4098,48.493333333,8.021944444,Baden-Württemberg
Gondelsheim,4164,49.060555555,8.657222222,Baden-Württemberg
Ohlsbach,3397,48.432777777,7.996944444,Baden-Württemberg
Iggingen,2680,48.833055555,9.877777777,Baden-Württemberg
Ostelsheim,2595,48.726944444,8.847777777,Baden-Württemberg
Schwanau,7324,48.349444444,7.759444444,Baden-Württemberg
Deggenhausertal,4435,47.783333333,9.4,Baden-Württemberg
Steinhausen an der Rottum,2174,48.024166666,9.955833333,Baden-Württemberg
Schallstadt,6815,47.958055555,7.750277777,Baden-Württemberg
Ummendorf,4468,48.064444444,9.827222222,Baden-Württemberg
Renquishausen,789,48.0825,8.896944444,Baden-Württemberg
Freiamt,4266,48.168611111,7.912777777,Baden-Württemberg
Obrigheim,5372,49.352222222,9.092777777,Baden-Württemberg
Ortenberg,3456,48.451388888,7.971388888,Baden-Württemberg
Oberdischingen,2333,48.3025,9.834166666,Baden-Württemberg
Illerrieden,3382,48.270555555,10.052222222,Baden-Württemberg
Rammingen,1362,48.518055555,10.1725,Baden-Württemberg
Gomaringen,9274,48.451944444,9.099722222,Baden-Württemberg
Burgrieden,4273,48.240277777,9.935833333,Baden-Württemberg
Langenargen,7762,47.6,9.541666666,Baden-Württemberg
Dettenheim,6800,49.161388888,8.4175,Baden-Württemberg
Malterdingen,3461,48.161388888,7.794444444,Baden-Württemberg
Simmozheim,2897,48.751666666,8.811666666,Baden-Württemberg
Emeringen,168,48.234444444,9.518333333,Baden-Württemberg
Beimerstetten,2570,48.484166666,9.981111111,Baden-Württemberg
Wört,1549,49.032222222,10.2725,Baden-Württemberg
Siegelsbach,1703,49.266666666,9.083333333,Baden-Württemberg
Unterwachingen,201,48.203055555,9.643611111,Baden-Württemberg
Ottenhöfen im Schwarzwald,3163,48.5675,8.150555555,Baden-Württemberg
Guggenhausen,192,47.893611111,9.455555555,Baden-Württemberg
Kronau,5954,49.22,8.633888888,Baden-Württemberg
Sasbachwalden,2547,48.618333333,8.127222222,Baden-Württemberg
Grafenhausen,2318,47.774166666,8.2625,Baden-Württemberg
Hüttisheim,1549,48.279722222,9.942777777,Baden-Württemberg
Sulzfeld,5188,49.103333333,8.855,Baden-Württemberg
Deilingen,1922,48.176944444,8.783055555,Baden-Württemberg
Jettingen,8199,48.566944444,8.780833333,Baden-Württemberg
Winden im Elztal,2985,48.153611111,8.043333333,Baden-Württemberg
Unterschneidheim,5016,48.941666666,10.365555555,Baden-Württemberg
Hausen am Bussen,276,48.211666666,9.625277777,Baden-Württemberg
Seekirch,284,48.105833333,9.641666666,Baden-Württemberg
Fahrenbach,2723,49.430833333,9.15,Baden-Württemberg
Ruppertshofen,1963,48.8825,9.815277777,Baden-Württemberg
Egenhausen,2143,48.565555555,8.618333333,Baden-Württemberg
Böttingen,1425,48.100555555,8.804722222,Baden-Württemberg
Neckargerach,2347,49.399444444,9.071944444,Baden-Württemberg
Jagstzell,2375,49.030833333,10.093333333,Baden-Württemberg
Mulfingen,3651,49.333333333,9.8,Baden-Württemberg
Heroldstatt,2989,48.446388888,9.671666666,Baden-Württemberg
Dörzbach,2597,49.383333333,9.7,Baden-Württemberg
Pfedelbach,9397,49.175,9.505555555,Baden-Württemberg
Untermarchtal,858,48.239444444,9.610277777,Baden-Württemberg
Gschwend,4896,48.934166666,9.743333333,Baden-Württemberg
Balzheim,2160,48.171388888,10.077222222,Baden-Württemberg
Eriskirch,5028,47.629166666,9.529166666,Baden-Württemberg
Elztal,5900,49.385833333,9.190277777,Baden-Württemberg
Karlsbad,16006,48.914444444,8.506388888,Baden-Württemberg
Waldbrunn,4769,49.465277777,9.081388888,Baden-Württemberg
Schlier,4061,47.769722222,9.674166666,Baden-Württemberg
Höpfingen,3070,49.601388888,9.430833333,Baden-Württemberg
Gundelfingen,12052,48.04246,7.8657,Baden-Württemberg
Bisingen,9848,48.310155,8.917087,Baden-Württemberg
Karlsdorf-Neuthard,10918,49.136388888,8.543888888,Baden-Württemberg
Unterwaldhausen,283,47.901944444,9.470555555,Baden-Württemberg
Bodelshausen,5948,48.394166666,8.9725,Baden-Württemberg
Hausen ob Verena,853,48.053888888,8.725,Baden-Württemberg
Grünkraut,3233,47.743055555,9.653888888,Baden-Württemberg
Biederbach,1721,48.194444444,8.020277777,Baden-Württemberg
Massenbachhausen,3794,49.183333333,9.05,Baden-Württemberg
Rainau,3469,48.9275,10.138611111,Baden-Württemberg
Nehren,4580,48.431111111,9.069444444,Baden-Württemberg
Meißenheim,4096,48.41,7.773611111,Baden-Württemberg
Schwarzach,2993,49.373055555,8.983055555,Baden-Württemberg
Ebersbach-Musbach,1729,47.9667,9.58333,Baden-Württemberg
Eschbach,2504,47.89,7.655,Baden-Württemberg
Rietheim-Weilheim,2932,48.025833333,8.774166666,Baden-Württemberg
Seebach,1424,48.576666666,8.176111111,Baden-Württemberg
Bermatingen,4302,47.729166666,9.35,Baden-Württemberg
Wolfegg,3927,47.819444444,9.793888888,Baden-Württemberg
Seckach,4115,49.445,9.335277777,Baden-Württemberg
Oberreichenbach,3072,48.734166666,8.664444444,Baden-Württemberg
Straßberg,2521,48.180277777,9.087777777,Baden-Württemberg
Dotternhausen,1824,48.228055555,8.792777777,Baden-Württemberg
Schutterwald,7386,48.458333333,7.883055555,Baden-Württemberg
Dobel,2405,48.798055555,8.494444444,Baden-Württemberg
Wieden,543,47.840833333,7.881666666,Baden-Württemberg
Sexau,3653,48.103055555,7.909166666,Baden-Württemberg
Feldberg,1932,47.856111111,8.111666666,Baden-Württemberg
Au,1505,47.95,7.833333333,Baden-Württemberg
Waldbronn,13454,48.924444444,8.475833333,Baden-Württemberg
Fischingen,788,47.649722222,7.599722222,Baden-Württemberg
Hinterzarten,2688,47.907777777,8.100833333,Baden-Württemberg
Aldingen,7775,48.094444444,8.705833333,Baden-Württemberg
Weisweil,2250,48.200277777,7.676388888,Baden-Württemberg
Frittlingen,2179,48.127777777,8.705555555,Baden-Württemberg
Hirrlingen,3202,48.411388888,8.888055555,Baden-Württemberg
Dautmergen,447,48.243055555,8.740833333,Baden-Württemberg
Oberteuringen,5110,47.725,9.470833333,Baden-Württemberg
Ebenweiler,1402,47.900833333,9.513333333,Baden-Württemberg
Riedhausen,787,47.91,9.429444444,Baden-Württemberg
Marxzell,4995,48.860555555,8.459444444,Baden-Württemberg
Fronreute,5017,47.858888888,9.520277777,Baden-Württemberg
Asselfingen,1038,48.529444444,10.192777777,Baden-Württemberg
Wurmlingen,3896,48.003333333,8.776388888,Baden-Württemberg
Königsheim,619,48.101111111,8.864166666,Baden-Württemberg
Berghülen,2144,48.463888888,9.761388888,Baden-Württemberg
Emmingen-Liptingen,4881,47.931111111,8.850555555,Baden-Württemberg
Denzlingen,13899,48.068333333,7.8825,Baden-Württemberg
Fleischwangen,663,47.878333333,9.480833333,Baden-Württemberg
Waldstetten,7271,48.766666666,9.820277777,Baden-Württemberg
Schechingen,2243,48.873333333,9.9175,Baden-Württemberg
Bergatreute,3275,47.850555555,9.747777777,Baden-Württemberg
Linkenheim-Hochstetten,12243,49.126111111,8.41,Baden-Württemberg
Höfen an der Enz,1708,48.803333333,8.584166666,Baden-Württemberg
Simmersfeld,2226,48.6225,8.511111111,Baden-Württemberg
Neuried,10030,48.465277777,7.803888888,Baden-Württemberg
Nordrach,2026,48.398055555,8.08,Baden-Württemberg
Schefflenz,3971,49.4025,9.278611111,Baden-Württemberg
Hohberg,8378,48.423888888,7.908333333,Baden-Württemberg
Neuweiler,3210,48.658055555,8.598055555,Baden-Württemberg
Deckenpfronn,3486,48.651388888,8.822777777,Baden-Württemberg
Kürnbach,2380,49.076944444,8.844166666,Baden-Württemberg
Weidenstetten,1439,48.551388888,9.994166666,Baden-Württemberg
Ibach,360,47.743055555,8.0675,Baden-Württemberg
Westerstetten,2178,48.520277777,9.955277777,Baden-Württemberg
Langenenslingen,3631,48.147777777,9.379166666,Baden-Württemberg
Bodnegg,3288,47.71,9.689444444,Baden-Württemberg
Forchheim,1456,48.163888888,7.7025,Baden-Württemberg
Mudau,5016,49.533055555,9.205277777,Baden-Württemberg
Au am Rhein,3490,48.951388888,8.236388888,Baden-Württemberg
Breitnau,1715,47.939166666,8.079166666,Baden-Württemberg
Lehrensteinsfeld,2755,49.128611111,9.325,Baden-Württemberg
Untergruppenbach,8697,49.083333333,9.266666666,Baden-Württemberg
Bubsheim,1429,48.119444444,8.829444444,Baden-Württemberg
Sasbach am Kaiserstuhl,3481,48.139444444,7.617222222,Baden-Württemberg
Schöntal,5634,49.333333333,9.5,Baden-Württemberg
Steinach,3976,48.304444444,8.056111111,Baden-Württemberg
Eberstadt,3231,49.183333333,9.316666666,Baden-Württemberg
Weilheim,3134,47.658333333,8.240555555,Baden-Württemberg
Seitingen-Oberflacht,2628,48.018888888,8.725833333,Baden-Württemberg
Dußlingen,6353,48.450555555,9.060555555,Baden-Württemberg
Gosheim,3793,48.134444444,8.757777777,Baden-Württemberg
Horgenzell,5693,47.805277777,9.498055555,Baden-Württemberg
Dettighofen,1231,47.623888888,8.483611111,Baden-Württemberg
Bartholomä,2062,48.753611111,9.9875,Baden-Württemberg
Jungingen,1409,48.328888888,9.0425,Baden-Württemberg
Simonswald,3094,48.100277777,8.055833333,Baden-Württemberg
Obergröningen,439,48.894444444,9.909166666,Baden-Württemberg
Mahlstetten,806,48.074722222,8.837777777,Baden-Württemberg
Gutach (Schwarzwaldbahn),2338,48.248611111,8.211666666,Baden-Württemberg
St. Peter,2729,48.014722222,8.033055555,Baden-Württemberg
Schwendi,7255,48.175555555,9.975833333,Baden-Württemberg
Mutlangen,6845,48.822777777,9.794722222,Baden-Württemberg
Oberhausen-Rheinhausen,9718,49.260555555,8.485,Baden-Württemberg
Stödtlen,1859,49.001388888,10.299166666,Baden-Württemberg
Kressbronn am Bodensee,8847,47.595833333,9.6,Baden-Württemberg
Hoßkirch,751,47.940833333,9.443611111,Baden-Württemberg
Hofstetten,1797,48.258055555,8.065833333,Baden-Württemberg
Boms,727,47.969166666,9.509444444,Baden-Württemberg
Klettgau,7649,47.658333333,8.422777777,Baden-Württemberg
Gärtringen,12852,48.640833333,8.900555555,Baden-Württemberg
Wilhelmsdorf,5065,47.865,9.4275,Baden-Württemberg
St. Märgen,1952,48.008333333,8.093611111,Baden-Württemberg
Merklingen,2117,48.508611111,9.754166666,Baden-Württemberg
Hagnau am Bodensee,1473,47.675,9.316666666,Baden-Württemberg
Bernau im Schwarzwald,1972,47.801111111,8.036388888,Baden-Württemberg
Neckarzimmern,1457,49.318333333,9.1325,Baden-Württemberg
Oberried,2840,47.931944444,7.947222222,Baden-Württemberg
Schuttertal,3172,48.247222222,7.953888888,Baden-Württemberg
Setzingen,745,48.538055555,10.130833333,Baden-Württemberg
Oberwolfach,2569,48.316666666,8.216666666,Baden-Württemberg
Herrischried,2724,47.666388888,8.0,Baden-Württemberg
Leibertingen,2143,48.042777777,9.013611111,Baden-Württemberg
Ebhausen,4862,48.583055555,8.683055555,Baden-Württemberg
Murg,7041,47.554722222,8.024166666,Baden-Württemberg
Schemmerhofen,8742,48.173611111,9.789444444,Baden-Württemberg
Gerstetten,11852,48.6225,10.020555555,Baden-Württemberg
Gäufelden,9282,48.552777777,8.819166666,Baden-Württemberg
Haßmersheim,5134,49.300277777,9.149166666,Baden-Württemberg
Königseggwald,704,47.929166666,9.421111111,Baden-Württemberg
Bietigheim,6621,48.910277777,8.253055555,Baden-Württemberg
Kappelrodeck,6283,48.591111111,8.1175,Baden-Württemberg
Billigheim,6096,49.347777777,9.254444444,Baden-Württemberg
Sigmaringendorf,3748,48.066666666,9.264166666,Baden-Württemberg
Reichenbach am Heuberg,456,48.1325,8.842222222,Baden-Württemberg
Obernheim,1485,48.1625,8.861666666,Baden-Württemberg
Ellenberg,1862,49.015277777,10.216944444,Baden-Württemberg
Staig,3318,48.299444444,9.991111111,Baden-Württemberg
Forst,8159,49.153333333,8.584166666,Baden-Württemberg
Ihringen,6337,48.043055555,7.6475,Baden-Württemberg
Langenbrettach,3888,49.233333333,9.383333333,Baden-Württemberg
Winterlingen,6356,48.179722222,9.115277777,Baden-Württemberg
Friesenheim,14023,48.373055555,7.883333333,Baden-Württemberg
Königsbronn,7051,48.742777777,10.113611111,Baden-Württemberg
Gutach im Breisgau,4707,48.117777777,7.989722222,Baden-Württemberg
Weingarten (Baden),10571,49.051388888,8.530555555,Baden-Württemberg
Nellingen,2130,48.541944444,9.791388888,Baden-Württemberg
Westhausen,6249,48.883888888,10.186388888,Baden-Württemberg
Maselheim,4785,48.134166666,9.883888888,Baden-Württemberg
Kolbingen,1245,48.052222222,8.888888888,Baden-Württemberg
Mögglingen,4336,48.823333333,9.9625,Baden-Württemberg
Salem,12355,47.766666666,9.295833333,Baden-Württemberg
Limbach,4602,49.461666666,9.211388888,Baden-Württemberg
Rosenberg,2629,49.018888888,10.031388888,Baden-Württemberg
Hüttlingen,6218,48.892777777,10.100555555,Baden-Württemberg
Argenbühl,6740,47.688055555,9.959166666,Baden-Württemberg
Durlangen,2806,48.858611111,9.794444444,Baden-Württemberg
Grosselfingen,2195,48.3325,8.886666666,Baden-Württemberg
Grafenau,6779,48.714166666,8.911111111,Baden-Württemberg
Moosburg,215,48.088888888,9.596944444,Baden-Württemberg
Steinenbronn,6461,48.664722222,9.1225,Baden-Württemberg
Neufra,1874,48.246666666,9.182777777,Baden-Württemberg
Stegen,4646,47.982777777,7.963888888,Baden-Württemberg
Obermarchtal,1331,48.233888888,9.57,Baden-Württemberg
Grundsheim,205,48.175277777,9.666944444,Baden-Württemberg
Neenstetten,840,48.547222222,10.019166666,Baden-Württemberg
Binau,1354,49.366666666,9.057222222,Baden-Württemberg
Mittelbiberach,4436,48.086666666,9.751944444,Baden-Württemberg
Bretzfeld,12645,49.183333333,9.433333333,Baden-Württemberg
Dischingen,4481,48.697777777,10.360555555,Baden-Württemberg
Q632397,1868,49.389166666,9.007777777,Baden-Württemberg
Hardheim,6995,49.610555555,9.473888888,Baden-Württemberg
Krauchenwies,5145,48.016944444,9.250277777,Baden-Württemberg
Schönaich,11010,48.656944444,9.062777777,Baden-Württemberg
Lonsee,5241,48.543333333,9.921388888,Baden-Württemberg
Griesingen,1061,48.266666666,9.7825,Baden-Württemberg
Rangendingen,5355,48.381111111,8.888888888,Baden-Württemberg
Mietingen,4665,48.181944444,9.904166666,Baden-Württemberg
Ringsheim,2620,48.2475,7.778888888,Baden-Württemberg
Leinzell,2055,48.84941,9.8775,Baden-Württemberg
Tiefenbach,540,48.087777777,9.651944444,Baden-Württemberg
Unterreichenbach,2457,48.825555555,8.710555555,Baden-Württemberg
Kirchardt,6068,49.2,8.983333333,Baden-Württemberg
Seelbach,4901,48.314166666,7.941388888,Baden-Württemberg
Owingen,4600,47.808333333,9.170833333,Baden-Württemberg
Biberach,3788,48.338611111,8.031666666,Baden-Württemberg
Rohrdorf,1972,48.568888888,8.694444444,Baden-Württemberg
Stetten,1049,47.691666666,9.3,Baden-Württemberg
Willstätt,10103,48.541666666,7.896388888,Baden-Württemberg
Bühlertal,8129,48.693333333,8.178611111,Baden-Württemberg
Magstadt,9807,48.742222222,8.965,Baden-Württemberg
Teningen,12234,48.126944444,7.810277777,Baden-Württemberg
Ertingen,5424,48.1,9.466666666,Baden-Württemberg
Börslingen,181,48.539444444,10.0625,Baden-Württemberg
Stetten am kalten Markt,4884,48.123055555,9.077777777,Baden-Württemberg
Pfaffenhofen,2569,49.063611111,8.975,Baden-Württemberg
Mötzingen,3774,48.533055555,8.774444444,Baden-Württemberg
Oberstadion,1627,48.185833333,9.691666666,Baden-Württemberg
Wain,1713,48.188055555,10.020277777,Baden-Württemberg
Eichstetten am Kaiserstuhl,3775,48.094166666,7.744444444,Baden-Württemberg
Unterstadion,905,48.203333333,9.689444444,Baden-Württemberg
Westerheim,3063,48.515,9.623611111,Baden-Württemberg
Rickenbach,3971,47.620277777,7.978333333,Baden-Württemberg
Nerenstetten,373,48.528888888,10.099166666,Baden-Württemberg
Wittnau,1526,47.945833333,7.814722222,Baden-Württemberg
Sipplingen,2186,47.795833333,9.095833333,Baden-Württemberg
March,9382,48.056111111,7.781944444,Baden-Württemberg
Schnürpflingen,1460,48.2725,9.993055555,Baden-Württemberg
Ostrach,7104,47.9525,9.381388888,Baden-Württemberg
Riegel am Kaiserstuhl,4153,48.150555555,7.75,Baden-Württemberg
Berg,4588,47.811944444,9.600277777,Baden-Württemberg
Nufringen,5975,48.622222222,8.8875,Baden-Württemberg
Spraitbach,3372,48.881944444,9.765555555,Baden-Württemberg
Hildrizhausen,3676,48.625,8.97,Baden-Württemberg
Rechtenstein,305,48.240833333,9.545555555,Baden-Württemberg
Ballendorf,680,48.553888888,10.077222222,Baden-Württemberg
Böbingen an der Rems,4671,48.821944444,9.919166666,Baden-Württemberg
Steinheim am Albuch,8946,48.692222222,10.064166666,Baden-Württemberg
Heuchlingen,1851,48.850555555,9.945,Baden-Württemberg
Reute,2928,48.083333333,7.825555555,Baden-Württemberg
Rust,5156,48.268333333,7.727777777,Baden-Württemberg
Kißlegg,9473,47.79,9.884166666,Baden-Württemberg
Murr,6789,48.963611111,9.258888888,Baden-Württemberg
Nattheim,6533,48.699166666,10.241388888,Baden-Württemberg
Pfaffenweiler,2553,47.938055555,7.755,Baden-Württemberg
Wald,2837,47.936666666,9.173333333,Baden-Württemberg
Merzhausen,5644,47.966388888,7.828611111,Baden-Württemberg
Berkheim,3247,48.041666666,10.083055555,Baden-Württemberg
Reichenau,5456,47.698888888,9.061666666,Baden-Württemberg
Sölden,1283,47.932222222,7.811666666,Baden-Württemberg
Dornstadt,9376,48.469166666,9.941666666,Baden-Württemberg
Lauf,4019,48.649444444,8.1325,Baden-Württemberg
Rheinhausen im Breisgau,4373,48.226666666,7.7125,Baden-Württemberg
Sasbach,5418,48.638333333,8.091666666,Baden-Württemberg
Lauterach,630,48.255555555,9.581666666,Baden-Württemberg
Vogt,4710,47.775833333,9.766944444,Baden-Württemberg
Bollschweil,2313,47.920555555,7.789166666,Baden-Württemberg
Dogern,2312,47.608611111,8.1675,Baden-Württemberg
Schwenningen,1681,48.104444444,8.998611111,Baden-Württemberg
Baienfurt,7407,47.826944444,9.651666666,Baden-Württemberg
Sontheim an der Brenz,5917,48.55235,10.29097,Baden-Württemberg
Drebkau,5534,51.651155,14.232145,Brandenburg
Bad Freienwalde,12296,52.785555555,14.0325,Brandenburg
Potsdam,187119,52.4009309,13.0591397,Brandenburg
Q490521,27780,52.580833333,13.881388888,Brandenburg
Falkenberg/Elster,6205,51.583055555,13.232222222,Brandenburg
Meyenburg,2129,53.316666666,12.233055555,Brandenburg
Altlandsberg,9799,52.566666666,13.733055555,Brandenburg
Velten,12733,52.6882194,13.1775867,Brandenburg
Rathenow,24918,52.6,12.333333333,Brandenburg
Falkensee,45005,52.558333333,13.091666666,Brandenburg
Baruth/Mark,4314,52.04637,13.501398,Brandenburg
Erkner,12008,52.416666666,13.75,Brandenburg
Sonnewalde,3182,51.695444444,13.649611111,Brandenburg
Liebenwalde,4500,52.8715,13.39075,Brandenburg
Vetschau/Spreewald,7645,51.783055555,14.066666666,Brandenburg
Seelow,5670,52.534162,14.382886,Brandenburg
Dahme/Mark,4863,51.866666666,13.433055555,Brandenburg
Wittenberge,16982,52.997734,11.75041,Brandenburg
Gransee,6022,53.006944444,13.158611111,Brandenburg
Bad Belzig,11216,52.142222222,12.595555555,Brandenburg
Herzberg (Elster),8678,51.683055555,13.233055555,Brandenburg
Wriezen,7200,52.721365,14.134391,Brandenburg
Brück,4248,52.2,12.766666666,Brandenburg
Großräschen,8298,51.585746,14.0104,Brandenburg
Premnitz,8307,52.528201,12.339328,Brandenburg
Lübben (Spreewald),13967,51.95,13.9,Brandenburg
Bad Wilsnack,2577,52.95,11.949722222,Brandenburg
Müllrose,4734,52.25,14.416666666,Brandenburg
Hennigsdorf,26623,52.637777777,13.203611111,Brandenburg
Senftenberg,23282,51.516666666,14.016666666,Brandenburg
Havelsee,3212,52.5,12.466666666,Brandenburg
Storkow (Mark),9491,52.252802,13.928854,Brandenburg
Bad Liebenwerda,9253,51.516666666,13.4,Brandenburg
Lübbenau/Spreewald,15774,51.867874,13.968828,Brandenburg
Cottbus,100010,51.760805555,14.331861111,Brandenburg
Lindow (Mark),2941,52.966666666,12.983333333,Brandenburg
Friedland,2985,52.105027777,14.2635,Brandenburg
Kremmen,7745,52.760474,13.024108,Brandenburg
Elsterwerda,7847,51.45691,13.523319,Brandenburg
Brüssow,1835,53.4,14.133333333,Brandenburg
Schwedt/Oder,33635,53.063055555,14.283055555,Brandenburg
Frankfurt (Oder),58818,52.342083333,14.551666666,Brandenburg
Zossen,21643,52.216666666,13.449722222,Brandenburg
Märkisch Buchholz,885,52.1,13.75,Brandenburg
Lychen,3139,53.210055555,13.315333333,Brandenburg
Treuenbrietzen,7422,52.097288,12.871126,Brandenburg
Zehdenick,13267,52.983055555,13.333055555,Brandenburg
Niemegk,2056,52.083055555,12.699722222,Brandenburg
Schlieben,2394,51.716666666,13.383055555,Brandenburg
Pritzwalk,11736,53.149722222,12.183055555,Brandenburg
Ludwigsfelde,29441,52.299722222,13.266666666,Brandenburg
Nauen,19563,52.6,12.883055555,Brandenburg
Lieberose,1338,51.983055555,14.3,Brandenburg
Werder (Havel),26970,52.378055555,12.935,Brandenburg
Teltow,27880,52.402222222,13.270555555,Brandenburg
Lenzen (Elbe),2066,53.091111111,11.473333333,Brandenburg
Brandenburg an der Havel,73921,52.414138888,12.554083333,Brandenburg
Welzow,3229,51.583583333,14.172444444,Brandenburg
Guben,16210,51.95042,14.7143,Brandenburg
Angermünde,13775,53.033333333,14.0,Brandenburg
Lebus,3142,52.416666666,14.533055555,Brandenburg
Ortrand,2021,51.375833333,13.757222222,Brandenburg
Teupitz,1895,52.1326,13.6175,Brandenburg
Beelitz,13794,52.233333333,12.966666666,Brandenburg
Putlitz,2589,53.25,12.05,Brandenburg
Trebbin,9964,52.214155,13.212382,Brandenburg
Kyritz,9114,52.942222222,12.397222222,Brandenburg
Golßen,2489,51.966666666,13.599722222,Brandenburg
Oderberg,2107,52.866666666,14.05,Brandenburg
Wildau,10994,52.316666666,13.633333333,Brandenburg
Forst (Lausitz),17721,51.74531,14.647802,Brandenburg
Ruhland,3737,51.45661,13.86426,Brandenburg
Fürstenberg/Havel,5739,53.185585,13.145541,Brandenburg
Eisenhüttenstadt,24447,52.14655,14.63001,Brandenburg
Rhinow,1584,52.752777777,12.344166666,Brandenburg
Spremberg,21497,51.571666666,14.379444444,Brandenburg
Oranienburg,48492,52.754444444,13.236944444,Brandenburg
Markendorf,1477,52.2953,14.4711,Brandenburg
Finsterwalde,15864,51.628243,13.71021,Brandenburg
Wittstock/Dosse,13994,53.163294,12.485617,Brandenburg
Lauchhammer,13951,51.469303,13.763192,Brandenburg
Werneuchen,9441,52.633055555,13.733055555,Brandenburg
Ziesar,2493,52.266666666,12.283055555,Brandenburg
Calau,7695,51.746819,13.949411,Brandenburg
Peitz,4452,51.866666666,14.416666666,Brandenburg
Prenzlau,19022,53.309752,13.862671,Brandenburg
Perleberg,12026,53.066666666,11.866666666,Brandenburg
Friesack,2555,52.733055555,12.583055555,Brandenburg
Mühlberg/Elbe,3481,51.433055555,13.216666666,Brandenburg
Schönewalde,2973,51.814138888,13.226694444,Brandenburg
Neuruppin,33107,52.922222222,12.8,Brandenburg
Neustadt (Dosse),3477,52.866666666,12.433055555,Brandenburg
Doberlug-Kirchhain,8536,51.637422,13.562932,Brandenburg
Müncheberg,7135,52.503749,14.139854,Brandenburg
Schönefeld,354,52.079822,13.324356,Brandenburg
Ketzin/Havel,6758,52.478055,12.842465,Brandenburg
Eberswalde,41704,52.833055555,13.833055555,Brandenburg
Fürstenwalde,32763,52.366666666,14.066666666,Brandenburg
Gartz (Oder),2427,53.210277777,14.391111111,Brandenburg
Bernau bei Berlin,44254,52.666666666,13.583055555,Brandenburg
Hohen Neuendorf,27131,52.666666666,13.283055555,Brandenburg
Luckenwalde,21000,52.083055555,13.166666666,Brandenburg
Jüterbog,12661,51.993333333,13.072777777,Brandenburg
Königs Wusterhausen,39096,52.291666666,13.625,Brandenburg
Döbern,3118,51.616666666,14.6,Brandenburg
Schwarzheide,5637,51.4773,13.855644,Brandenburg
Mittenwalde,10084,52.266666666,13.533333333,Brandenburg
Beeskow,8272,52.17217,14.246585,Brandenburg
Buckow,1493,52.566666666,14.083055555,Brandenburg
Birkenwerder,8135,52.6885,13.283051,Brandenburg
Nennhausen,1809,52.6,12.5,Brandenburg
Kasel-Golzig,664,51.933055555,13.699722222,Brandenburg
Podelzig,896,52.466666666,14.533055555,Brandenburg
Tettau,748,51.433055555,13.733055555,Brandenburg
Rietzneuendorf-Staakow,613,52.016666666,13.666666666,Brandenburg
Bleyen-Genschmar,430,52.611944444,14.539444444,Brandenburg
Großkmehlen,1062,51.383055555,13.733055555,Brandenburg
Bestensee,9209,52.234027777,13.630694444,Brandenburg
Schlepzig,597,52.028888888,13.895277777,Brandenburg
Treplin,362,52.391388888,14.397777777,Brandenburg
Chorin,2309,52.9,13.866666666,Brandenburg
Walsleben,792,52.933055555,12.666666666,Brandenburg
Hohenfinow,503,52.810555555,13.924444444,Brandenburg
Neutrebbin,1372,52.663333333,14.2275,Brandenburg
Pessin,624,52.649722222,12.666666666,Brandenburg
Märkisch Luch,1338,52.566666666,12.616666666,Brandenburg
Lindenau,757,51.399722222,13.733055555,Brandenburg
Gusow-Platkow,1372,52.566666666,14.349722222,Brandenburg
Gollenberg,409,52.74775,12.385722222,Brandenburg
Vierlinden,1519,52.515,14.314166666,Brandenburg
Kleßen-Görne,339,52.7,12.516388888,Brandenburg
Unterspreewald,765,52.083333333,13.866666666,Brandenburg
Steinreich,454,51.95,13.449722222,Brandenburg
Heideland,448,51.6,13.666666666,Brandenburg
Golzow,848,52.566666666,14.5,Brandenburg
Lietzen,696,52.470833333,14.341944444,Brandenburg
Eichwalde,6490,52.372955,13.62134,Brandenburg
Münchehofe,495,52.146944444,13.836111111,Brandenburg
Lindendorf,1376,52.483055555,14.433055555,Brandenburg
Märkische Höhe,592,52.625,14.125,Brandenburg
Sonnenberg,820,53.018888888,13.088611111,Brandenburg
Bersteland,877,51.943516,13.784406,Brandenburg
Havelaue,846,52.716666666,12.265277777,Brandenburg
Sydower Fließ,990,52.75,13.716666666,Brandenburg
Dallgow-Döberitz,10770,52.533055555,13.05,Brandenburg
Fichtenhöhe,478,52.45,14.433055555,Brandenburg
Neulewin,928,52.72446,14.274922,Brandenburg
Seeblick,894,52.666666666,12.383333333,Brandenburg
Bronkow,543,51.666666666,13.916666666,Brandenburg
Löwenberger Land,8741,52.896039,13.154618,Brandenburg
Letschin,3879,52.640527777,14.357111111,Brandenburg
Oberkrämer,11980,52.7,13.1,Brandenburg
Stechow-Ferchesar,897,52.649722222,12.449722222,Brandenburg
Paulinenaue,1374,52.67701,12.71067,Brandenburg
Oberbarnim,2026,52.593888888,14.035555555,Brandenburg
Luckaitztal,755,51.7,14.016666666,Brandenburg
Glienicke/Nordbahn,12201,52.630277777,13.319722222,Brandenburg
Höhenland,1081,52.7,13.883055555,Brandenburg
Stechlin,1173,53.1,13.033333333,Brandenburg
Garzau-Garzin,458,52.549722222,13.983055555,Brandenburg
Schönwald,1234,51.983055555,13.699722222,Brandenburg
Schenkenberg,622,53.366944444,13.949722222,Brandenburg
Heiligengrabe,4445,53.145416666,12.372777777,Brandenburg
Schwerin,929,52.149722222,13.633055555,Brandenburg
Märkische Heide,3897,52.0385,14.040944444,Brandenburg
Hohenleipisch,2006,51.5,13.55,Brandenburg
Tröbitz,643,51.6,13.433055555,Brandenburg
Breydin,825,52.75,13.783055555,Brandenburg
Großthiemig,990,51.383055555,13.666666666,Brandenburg
Jänschwalde,1504,51.861944444,14.499166666,Brandenburg
Temmen-Ringenwalde,487,53.049722222,13.733055555,Brandenburg
Hirschfeld,1183,51.383055555,13.616666666,Brandenburg
Ziltendorf,1477,52.216666666,14.65,Brandenburg
Merzdorf,819,51.4,13.533333333,Brandenburg
Groß Köris,2489,52.166666666,13.666666666,Brandenburg
Melchow,1084,52.783055555,13.716666666,Brandenburg
Milower Land,4343,52.519416666,12.311222222,Brandenburg
Kolkwitz,9384,51.749555555,14.24575,Brandenburg
Neu-Seeland,581,51.616666666,14.099722222,Brandenburg
Halbe,2507,52.108611111,13.700833333,Brandenburg
Groß Pankow (Prignitz),3777,53.119111111,12.051527777,Brandenburg
Rühstädt,454,52.919166666,11.87,Brandenburg
Legde/Quitzöbel,575,52.916666666,11.966666666,Brandenburg
Oderaue,1592,52.766666666,14.216666666,Brandenburg
Kleinmachnow,20152,52.403611111,13.220277777,Brandenburg
Petershagen/Eggersdorf,15757,52.538547,13.816893,Brandenburg
Parsteinsee,525,52.933333333,14.05,Brandenburg
Rüdersdorf bei Berlin,12160,52.470422,13.786082,Brandenburg
Zernitz-Lohm,915,52.875,12.341666666,Brandenburg
Neuhardenberg,2811,52.6,14.25,Brandenburg
Alt Zauche-Wußwerk,470,51.916666666,14.016666666,Brandenburg
Uebigau-Wahrenbrück,5092,51.55,13.35,Brandenburg
Heckelberg-Brunow,726,52.735,13.857777777,Brandenburg
Sallgast,1390,51.588611111,13.848611111,Brandenburg
Althüttendorf,637,52.96234,13.806664,Brandenburg
Crinitz,1134,51.733055555,13.766666666,Brandenburg
Fichtwald,599,51.7,13.466666666,Brandenburg
Retzow,510,52.624444444,12.685277777,Brandenburg
Zichow,516,53.18927,14.03847,Brandenburg
Leegebruch,6940,52.725369,13.193641,Brandenburg
Drahnsdorf,666,51.916666666,13.583055555,Brandenburg
Schönborn,1473,51.6,13.5,Brandenburg
Linthe,928,52.149722222,12.783055555,Brandenburg
Falkenberg,2274,52.816666666,13.949722222,Brandenburg
Wustermark,11211,52.549722222,12.949722222,Brandenburg
Zeschdorf,1272,52.428055555,14.444166666,Brandenburg
Groß Schacksdorf-Simmersdorf,762,51.686388888,14.625,Brandenburg
Rehfelde,5376,52.52,13.929166666,Brandenburg
Beiersdorf-Freudenberg,627,52.696666666,13.801388888,Brandenburg
Stüdenitz-Schönermark,598,52.895833333,12.304166666,Brandenburg
Biesenthal,6120,52.766666666,13.633055555,Brandenburg
Schorfheide,10205,52.899722222,13.516666666,Brandenburg
Bliesdorf,1416,52.693277,14.161443,Brandenburg
Lebusa,796,51.799722222,13.433055555,Brandenburg
Lichterfeld-Schacksdorf,934,51.6,13.766666666,Brandenburg
Ahrensfelde,14464,52.576194444,13.575277777,Brandenburg
Plessa,2529,51.466666666,13.616666666,Brandenburg
Grunow-Dammendorf,500,52.149722222,14.416666666,Brandenburg
Schilda,431,51.6,13.383333333,Brandenburg
Reitwein,491,52.5,14.583055555,Brandenburg
Liepe,626,52.866666666,13.966666666,Brandenburg
Friedrichswalde,821,53.033333333,13.716666666,Brandenburg
Küstriner Vorland,2561,52.568333333,14.609722222,Brandenburg
Lunow-Stolzenhagen,1155,52.933333333,14.108333333,Brandenburg
Gröden,1332,51.399722222,13.566666666,Brandenburg
Guteborn,520,51.416666666,13.933055555,Brandenburg
Planebruch,1053,52.254166666,12.6875,Brandenburg
Neuhausen/Spree,4924,51.682583333,14.415111111,Brandenburg
Am Mellensee,7310,52.160495,13.400595,Brandenburg
Zechin,634,52.60842,14.45251,Brandenburg
Großderschau,424,52.79057,12.3682,Brandenburg
Niederer Fläming,3016,51.9,13.2,Brandenburg
Michendorf,13950,52.3128624,13.029174,Brandenburg
Schönermark,435,53.006944444,13.121944444,Brandenburg
Altdöbern,2415,51.65,14.03333,Brandenburg
Massen-Niederlausitz,1876,51.649722222,13.733055555,Brandenburg
Grünewald,506,51.4,14.0,Brandenburg
Herzberg,664,52.899722222,12.983055555,Brandenburg
Hohenbucko,611,51.766666666,13.466666666,Brandenburg
Schwielochsee,1482,51.985277777,14.218888888,Brandenburg
Rheinsberg,7971,53.100434,12.889944,Brandenburg
Bad Saarow,6546,52.291578,14.055805,Brandenburg
Hohenbocka,979,51.433055555,14.0,Brandenburg
Brieselang,13204,52.583333333,13.0,Brandenburg
Joachimsthal,3430,52.966666666,13.75,Brandenburg
Heidesee,7440,52.283055555,13.8,Brandenburg
Straupitz (Spreewald),927,51.899722222,14.116666666,Brandenburg
Gorden-Staupitz,900,51.534166666,13.628888888,Brandenburg
Temnitzquell,793,53.014444444,12.648333333,Brandenburg
Kremitzaue,786,51.719166666,13.317222222,Brandenburg
Marienwerder,1710,52.8425,13.6,Brandenburg
Mühlenberge,755,52.683333333,12.6,Brandenburg
Falkenhagen,684,52.433055555,14.316666666,Brandenburg
Ziethen,441,52.966666666,13.916666666,Brandenburg
Panketal,20916,52.633055555,13.55,Brandenburg
Krausnick-Groß Wasserburg,640,52.033333333,13.85,Brandenburg
Flieth-Stegelitz,499,53.166666666,13.816666666,Brandenburg
Rückersdorf,1363,51.583055555,13.566666666,Brandenburg
Wandlitz,24363,52.75,13.449722222,Brandenburg
Reichenow-Möglin,576,52.666666666,14.099722222,Brandenburg
Neuenhagen bei Berlin,19143,52.533055555,13.683055555,Brandenburg
Kotzen,624,52.633055555,12.516666666,Brandenburg
Kroppen,714,51.383055555,13.8,Brandenburg
Luckau,9585,51.85,13.716666666,Brandenburg
Zeuthen,11578,52.35,13.628055555,Brandenburg
Briesen,795,51.815277777,14.244722222,Brandenburg
Templin,15604,53.121686,13.508255,Brandenburg
Neupetershain,1233,51.6,14.166666666,Brandenburg
Hoppegarten,18556,52.515553,13.667766,Brandenburg
Mühlenbecker Land,15438,52.667747,13.380544,Brandenburg
Röderland,3694,51.4295,13.493444444,Brandenburg
Alt Tucheband,814,52.533333333,14.516666666,Brandenburg
Niederfinow,596,52.834444444,13.929166666,Brandenburg
Dreetz,1170,52.799722222,12.466666666,Brandenburg
Beetzseeheide,701,52.5,12.633055555,Brandenburg
Schönwalde-Glien,10700,52.65,12.983333333,Brandenburg
Schipkau,6614,51.540032,13.891977,Brandenburg
Schlaubetal,1841,52.116666666,14.5,Brandenburg
Boitzenburger Land,3064,53.260888888,13.6075,Brandenburg
Rabenstein/Fläming,786,52.033333333,12.583333333,Brandenburg
Breddin,904,52.8856,12.22366,Brandenburg
Grünow,980,53.316666666,13.945,Brandenburg
Schenkendöbern,3494,51.95725,14.636583333,Brandenburg
Wusterwitz,3021,52.370833333,12.384722222,Brandenburg
Neuzelle,4226,52.09016,14.64804,Brandenburg
Weisen,997,53.033055555,11.783055555,Brandenburg
Passow,1431,53.1425,14.113888888,Brandenburg
Wollin,842,52.283333333,12.466666666,Brandenburg
Hermsdorf,733,51.416666666,13.9,Brandenburg
Nuthetal,9269,52.348626,13.104225,Brandenburg
Wenzlow,530,52.299722222,12.449722222,Brandenburg
Seddiner See,4847,52.287166666,13.000888888,Brandenburg
Roskow,1186,52.466666666,12.733055555,Brandenburg
Temnitztal,1507,52.8775,12.630555555,Brandenburg
Steinhöfel,4510,52.399722222,14.166666666,Brandenburg
Mühlenfließ,932,52.116666666,12.783055555,Brandenburg
Großbeeren,9148,52.355119,13.307877,Brandenburg
Neu Zauche,1065,51.933055555,14.099722222,Brandenburg
Stahnsdorf,16266,52.381339,13.21221,Brandenburg
Carmzow-Wallmow,602,53.366666666,14.066666666,Brandenburg
Karstädt,5848,53.160523,11.739661,Brandenburg
Dahmetal,438,51.899722222,13.483055555,Brandenburg
Tauche,3741,52.147527777,14.158944444,Brandenburg
Kloster Lehnin,11355,52.316666666,12.75,Brandenburg
Wusterhausen/Dosse,5792,52.890666666,12.461805555,Brandenburg
Groß Kreutz (Havel),8988,52.410189,12.696396,Brandenburg
Spreewaldheide,439,51.95,14.133055555,Brandenburg
Madlitz-Wilmersdorf,675,52.383055555,14.283055555,Brandenburg
Pirow,418,53.216666666,11.9,Brandenburg
Rauen,2048,52.333055555,14.016666666,Brandenburg
Uckerfelde,940,53.265,13.949722222,Brandenburg
Hohenselchow-Groß Pinnow,716,53.194974,14.276652,Brandenburg
Fehrbellin,9049,52.814359,12.766139,Brandenburg
Schöneiche bei Berlin,13145,52.4782896,13.6971638,Brandenburg
Gerdshagen,464,53.25,12.2,Brandenburg
Planetal,904,52.116666666,12.683055555,Brandenburg
Frauendorf,707,51.416666666,13.766666666,Brandenburg
Gumtow,3241,52.980527777,12.247222222,Brandenburg
Mescherin,786,53.2475,14.431666666,Brandenburg
Oberuckersee,1600,53.217777777,13.88,Brandenburg
Göritz,790,53.407432,13.911861,Brandenburg
Gosen-Neu Zittau,3428,52.393333333,13.712777777,Brandenburg
Lanz,699,53.066666666,11.599722222,Brandenburg
Gülitz-Reetz,445,53.2,11.983055555,Brandenburg
Prötzel,1089,52.637222222,13.989722222,Brandenburg
Uckerland,2494,53.450055555,13.803388888,Brandenburg
Turnow-Preilack,1102,51.866666666,14.4,Brandenburg
Vielitzsee,468,52.940277777,13.023055555,Brandenburg
"Golzow, Mittelmark",1391,52.266666666,12.616111111,Brandenburg
Ragow-Merz,496,52.198889,14.322222,Brandenburg
Spreenhagen,3528,52.343611111,13.874444444,Brandenburg
Blankenfelde-Mahlow,29344,52.35,13.4,Brandenburg
Dissen-Striesow,984,51.816666666,14.3,Brandenburg
Nuthe-Urstromtal,6663,52.125204,13.16177,Brandenburg
Fredersdorf-Vogelsdorf,14742,52.52835,13.755324,Brandenburg
Dabergotz,668,52.9031,12.724661111,Brandenburg
Berkenbrück,1109,52.35,14.15,Brandenburg
Siehdichum,1520,52.194444444,14.533333333,Brandenburg
Päwesin,521,52.516666666,12.716666666,Brandenburg
Woltersdorf,8446,52.450507,13.754678,Brandenburg
Lawitz,554,52.115555555,14.638055555,Brandenburg
Pinnow,885,53.060441,14.0855319,Brandenburg
Rüthnick,444,52.883055555,12.983055555,Brandenburg
Schulzendorf,9665,52.366666666,13.583055555,Brandenburg
Heinersbrück,568,51.833055555,14.5,Brandenburg
Schwielowsee,10921,52.333333333,12.966666666,Brandenburg
Wiesengrund,1371,51.7,14.566666666,Brandenburg
Guhrow,517,51.816666666,14.233333333,Brandenburg
Milmersdorf,1422,53.11185,13.6415,Brandenburg
Reichenwalde,1295,52.264722222,13.998333333,Brandenburg
Mixdorf,908,52.2,14.4,Brandenburg
Rangsdorf,11846,52.283055555,13.433055555,Brandenburg
Brieskow-Finkenheerd,2331,52.250833333,14.576388888,Brandenburg
Wiesenau,1230,52.23071,14.59107,Brandenburg
Heideblick,3508,51.829305555,13.630916666,Brandenburg
Schmogrow-Fehrow,809,51.85,14.216666666,Brandenburg
Randowtal,896,53.297777777,14.033055555,Brandenburg
Jämlitz-Klein Düben,439,51.566666666,14.666666666,Brandenburg
Breese,1493,53.0,11.8,Brandenburg
Felixsee,1812,51.6,14.516666666,Brandenburg
Schwarzbach,640,51.45,13.933055555,Brandenburg
Britz,2117,52.883333333,13.8,Brandenburg
Jamlitz,513,52.0,14.366666666,Brandenburg
Vogelsang,720,52.183055555,14.666666666,Brandenburg
Niedergörsdorf,6194,51.976472222,12.980055555,Brandenburg
Gerswalde,1486,53.170498055,13.748518888,Brandenburg
Buckautal,469,52.233055555,12.321944444,Brandenburg
Wendisch Rietz,1678,52.2,14.016666666,Brandenburg
Wiesenaue,795,52.7,12.616666666,Brandenburg
Mark Landin,993,53.083055555,14.133055555,Brandenburg
Borkwalde,2131,52.25,12.833055555,Brandenburg
Langewahl,860,52.333055555,14.099722222,Brandenburg
Briesen (Mark),2959,52.333055555,14.283055555,Brandenburg
Drachhausen,746,51.899722222,14.316666666,Brandenburg
Märkisch Linden,1255,52.916666666,12.699722222,Brandenburg
Neiße-Malxetal,1571,51.616666666,14.699722222,Brandenburg
Schönfeld,557,53.416388888,13.986388888,Brandenburg
Burg (Spreewald),4267,51.833055555,14.15,Brandenburg
Rosenau,865,52.329166666,12.358055555,Brandenburg
Drehnow,502,51.866666666,14.366666666,Brandenburg
Diensdorf-Radlow,580,52.233055555,14.05,Brandenburg
"Ihlow, Fläming",637,51.883055555,13.333055555,Brandenburg
Borkheide,2214,52.226944444,12.857222222,Brandenburg
Storbeck-Frankendorf,471,52.966666666,12.766666666,Brandenburg
Werben,1735,51.81667,14.18333,Brandenburg
Sieversdorf-Hohenofen,694,52.825366,12.402653,Brandenburg
Grünheide (Mark),9193,52.42552,13.822805,Brandenburg
Rüdnitz,2027,52.716666666,13.616666666,Brandenburg
Neißemünde,1580,52.066666666,14.716666666,Brandenburg
Kümmernitztal,376,53.233055555,12.15,Brandenburg
Nordwestuckermark,4145,53.332722222,13.708166666,Brandenburg
Casekow,1841,53.216666666,14.216666666,Brandenburg
Groß Lindow,1717,52.233055555,14.533055555,Brandenburg
Schraden,489,51.433055555,13.699722222,Brandenburg
Cumlosen,717,53.033055555,11.666666666,Brandenburg
Görzke,1240,52.170833333,12.370555555,Brandenburg
Tauer,685,51.9,14.45,Brandenburg
Gräben,521,52.233055555,12.433055555,Brandenburg
Wiesenburg/Mark,4251,52.113194,12.453444,Brandenburg
Marienfließ,650,53.316666666,12.15,Brandenburg
Byhleguhre-Byhlen,767,51.883333333,14.183333333,Brandenburg
Waldsieversdorf,846,52.543333333,14.072222222,Brandenburg
Teichland,1079,51.8108,14.4288,Brandenburg
Hornow-Wadelsdorf,603,51.616666666,14.483055555,Brandenburg
Plattenburg,3271,52.996388888,12.056444444,Brandenburg
Halenbeck-Rohlsdorf,511,53.25,12.316666666,Brandenburg
Rietz-Neuendorf,4211,52.227027777,14.176166666,Brandenburg
Beetzsee,2733,52.466666666,12.55,Brandenburg
Bensdorf,1273,52.416666666,12.333055555,Brandenburg
Triglitz,523,53.216666666,12.099722222,Brandenburg
Berge,733,53.233055555,11.866666666,Brandenburg
Gramzow,1825,53.21246,14.00748,Brandenburg
Großwoltersdorf,740,53.0695343,13.0963068,Brandenburg
Jacobsdorf,1883,52.333055555,14.349722222,Brandenburg
Tschernitz,1155,51.583055555,14.616666666,Brandenburg
Tantow,833,53.272222222,14.349722222,Brandenburg
Lenzerwische,462,53.1,11.283055555,Brandenburg
Weiterstadt,26291,49.9,8.6,Hessen
Schotten,10053,50.5,9.116666666,Hessen
Bad Soden-Salmünster,13960,50.2833,9.366669444,Hessen
Stadtallendorf,21733,50.833333333,9.016666666,Hessen
Rotenburg an der Fulda,14020,50.995,9.727222222,Hessen
Viernheim,34348,49.537986111,8.579236111,Hessen
Bad Vilbel,36021,50.178055555,8.736111111,Hessen
Lampertheim,33053,49.594166666,8.467083333,Hessen
Gelnhausen,23841,50.202680555,9.19055,Hessen
Eltville am Rhein,17040,50.025,8.120069444,Hessen
Grebenstein,5706,51.45,9.416666666,Hessen
Seligenstadt,21752,50.044097222,8.975347222,Hessen
Ginsheim-Gustavsburg,17143,49.964583333,8.346388888,Hessen
Geisenheim,11776,49.983125,7.965555555,Hessen
Michelstadt,15975,49.678611111,9.004166666,Hessen
Bad König,9857,49.74125,9.007083333,Hessen
Bad Arolsen,15984,51.377777777,9.016666666,Hessen
Homberg (Efze),14712,51.033888888,9.405555555,Hessen
Großalmerode,6226,51.2575,9.784444444,Hessen
Diemelstadt,5360,51.46,8.98,Hessen
Runkel,9518,50.405277777,8.155,Hessen
Hofheim am Taunus,40412,50.087569444,8.444722222,Hessen
Lauterbach,13883,50.637777777,9.394444444,Hessen
Schwalbach am Taunus,15566,50.154166666,8.528819444,Hessen
Heppenheim,27610,49.641527777,8.645,Hessen
Rüsselsheim am Main,67656,49.995,8.411944444,Hessen
Büdingen,22607,50.290833333,9.1125,Hessen
Gladenbach,12594,50.768055555,8.582777777,Hessen
Frankenau,2886,51.1,8.933333333,Hessen
Herborn,21142,50.6825,8.306111111,Hessen
Bebra,13908,50.971111111,9.790277777,Hessen
Trendelburg,4785,51.573411111,9.420630555,Hessen
Fritzlar,15101,51.133333333,9.266666666,Hessen
Schwalmstadt,18661,50.912777777,9.188888888,Hessen
Hochheim am Main,18810,50.010833333,8.350763888,Hessen
Hirschhorn,3473,49.446388888,8.897222222,Hessen
Hofgeismar,15626,51.495961111,9.387180555,Hessen
Bad Homburg vor der Höhe,55995,50.229236111,8.610486111,Hessen
Erbach,14099,49.656944444,8.993055555,Hessen
Eppstein,13645,50.140138888,8.392013888,Hessen
Bad Karlshafen,3701,51.642111111,9.451988888,Hessen
Oberzent,10129,49.56666667,8.96666667,Hessen
Offenbach am Main,135490,50.1,8.766666666,Hessen
Waldkappel,4200,51.15,9.883333333,Hessen
Baunatal,28298,51.258888888,9.418333333,Hessen
Alsfeld,16205,50.751111111,9.271111111,Hessen
Liebenau,2970,51.483333333,9.283333333,Hessen
Langen,40009,49.989305555,8.680347222,Hessen
Neustadt,10051,50.85,9.116666666,Hessen
Bad Wildungen,17473,51.116666666,9.116666666,Hessen
Zwingenberg,7284,49.7225,8.613888888,Hessen
Wetzlar,54629,50.566666666,8.5,Hessen
Gudensberg,10059,51.1762,9.3575,Hessen
Bad Hersfeld,30770,50.868333333,9.706666666,Hessen
Dillenburg,23533,50.733333333,8.283333333,Hessen
Kelsterbach,17365,50.068819444,8.530138888,Hessen
Pfungstadt,25299,49.805555555,8.604444444,Hessen
Bad Camberg,14229,50.3,8.266666666,Hessen
Hessisch Lichtenau,12798,51.2,9.716666666,Hessen
Allendorf (Lumda),4101,50.678888888,8.824444444,Hessen
Reinheim,16729,49.826111111,8.834791666,Hessen
Fulda,70366,50.552777777,9.6775,Hessen
Limburg an der Lahn,36506,50.383333333,8.066666666,Hessen
Mühlheim am Main,29452,50.125694444,8.83,Hessen
Nidderau,20652,50.25,8.9,Hessen
Bad Nauheim,33809,50.366666666,8.75,Hessen
Staufenberg,8630,50.660833333,8.727222222,Hessen
Volkmarsen,6830,51.383333333,9.116666666,Hessen
Lindenfels,5378,49.684861111,8.780277777,Hessen
Steinau an der Straße,10381,50.316666666,9.466666666,Hessen
Aßlar,14043,50.583333333,8.466666666,Hessen
Hanau,103184,50.132777777,8.916944444,Hessen
Bad Soden am Taunus,23174,50.142430555,8.499722222,Hessen
Neu-Isenburg,39420,50.055763888,8.697083333,Hessen
Marburg,78203,50.816666666,8.766666666,Hessen
Battenberg (Eder),5585,51.016666666,8.65,Hessen
Groß-Gerau,26614,49.921388888,8.481805555,Hessen
Babenhausen,17579,49.962361111,8.953263888,Hessen
Sontra,7653,51.066666666,9.933333333,Hessen
Romrod,2690,50.716666666,9.216666666,Hessen
Dietzenbach,35268,50.008611111,8.775555555,Hessen
Darmstadt,164792,49.866666666,8.65,Hessen
Neckarsteinach,4099,49.407777777,8.837361111,Hessen
Kelkheim,29106,50.137986111,8.4525,Hessen
Wächtersbach,13061,50.266666666,9.3,Hessen
Groß-Umstadt,21018,49.8683975,8.928993611,Hessen
Felsberg,10658,51.134608,9.421536,Hessen
Rodgau,46683,50.025625,8.884097222,Hessen
Mörfelden-Walldorf,35359,49.989583333,8.566111111,Hessen
Langenselbold,14630,50.183333333,9.033333333,Hessen
Melsungen,14107,51.133333333,9.55,Hessen
Dreieich,42389,50.018888888,8.696111111,Hessen
Schlitz,9987,50.6759,9.55925,Hessen
Friedberg,31131,50.335277777,8.755,Hessen
Erlensee,16162,50.163472222,8.980833333,Hessen
Korbach,24089,51.271944444,8.873055555,Hessen
Frankfurt am Main,775790,50.110555555,8.682222222,Hessen
Wolfhagen,13411,51.327194444,9.170888888,Hessen
Biedenkopf,13717,50.912777777,8.532222222,Hessen
Bensheim,41758,49.681111111,8.622777777,Hessen
Maintal,39698,50.143871111,8.837126388,Hessen
Gießen,94996,50.583333333,8.666666666,Hessen
Zierenberg,6609,51.366666666,9.3,Hessen
Wiesbaden,285522,50.0825,8.24,Hessen
Waldeck,6780,51.2,9.066666666,Hessen
Eschwege,19435,51.188055555,10.052777777,Hessen
Amöneburg,5000,50.797777777,8.923055555,Hessen
Groß-Bieberau,4762,49.798055555,8.822777777,Hessen
Naumburg,5095,51.25,9.166666666,Hessen
Bad Schwalbach,11602,50.140138888,8.069444444,Hessen
Kassel,204687,51.315777777,9.497916666,Hessen
Oberursel,47241,50.202777777,8.576944444,Hessen
Haiger,19596,50.742222222,8.203888888,Hessen
Wanfried,4212,51.183333333,10.166666666,Hessen
Poppenhausen (Wasserkuppe),2726,50.488333333,9.869166666,Hessen
Lichtenfels,4114,51.15,8.8,Hessen
Mücke,9497,50.616666666,9.033333333,Hessen
Neu-Anspach,14359,50.300277777,8.507222222,Hessen
Mörlenbach,10154,49.599027777,8.736944444,Hessen
Kirtorf,3114,50.766666666,9.1,Hessen
Steinbach (Taunus),10869,50.167777777,8.571875,Hessen
Rauschenberg,4615,50.8833,8.916669444,Hessen
Florstadt,8902,50.315833333,8.863055555,Hessen
Ebersburg,4729,50.466666666,9.8,Hessen
Oestrich-Winkel,11769,50.008541666,8.019861111,Hessen
Eschborn,22551,50.14375,8.569027777,Hessen
Immenhausen,7190,51.416666666,9.5,Hessen
Schaafheim,9306,49.924169444,9.009438888,Hessen
Heusenstamm,19426,50.059583333,8.806805555,Hessen
Raunheim,16564,50.009722222,8.45,Hessen
Pohlheim,18199,50.525,8.733333333,Hessen
Hattersheim am Main,28720,50.072222222,8.486388888,Hessen
Reiskirchen,10572,50.6,8.833333333,Hessen
Knüllwald,4509,50.983333333,9.483333333,Hessen
Ahnatal,7965,51.365,9.390833333,Hessen
Alsbach-Hähnlein,9208,49.74125,8.6225,Hessen
Twistetal,4227,51.316666666,8.95,Hessen
Linden,13631,50.533333333,8.65,Hessen
Solms,13921,50.539722222,8.407222222,Hessen
Niederaula,5306,50.8,9.6,Hessen
Breuna,3573,51.416666666,9.183333333,Hessen
Willingen (Upland),6263,51.295,8.608055555,Hessen
Grebenau,2382,50.75,9.466666666,Hessen
Taunusstein,30820,50.143472222,8.160555555,Hessen
Dieburg,15723,49.898472222,8.838472222,Hessen
Kirchhain,16578,50.816666666,8.916666666,Hessen
Philippsthal (Werra),4117,50.85,10.0,Hessen
Angelburg,3410,50.816666666,8.433333333,Hessen
Breidenbach,6778,50.8833,8.466669444,Hessen
Heringen,6996,50.887222222,10.005555555,Hessen
Bad Emstal,5938,51.233333333,9.25,Hessen
Gernsheim,11006,49.751666666,8.485,Hessen
Wetter,8956,50.883333333,8.716666666,Hessen
Witzenhausen,15097,51.341666666,9.856944444,Hessen
Kalbach,6503,50.403611111,9.683888888,Hessen
Bad Orb,10759,50.216666666,9.35,Hessen
Antrifttal,1809,50.781666666,9.199166666,Hessen
Rabenau,5157,50.676111111,8.861388888,Hessen
Kronberg im Taunus,18569,50.179652777,8.508541666,Hessen
Schwarzenborn,1194,50.91019,9.44599,Hessen
Biblis,9145,49.684097222,8.450833333,Hessen
Rodenbach,11331,50.15,9.033333333,Hessen
Hainburg,14444,50.076666666,8.952986111,Hessen
Weilburg,13395,50.483333333,8.25,Hessen
Lich,14310,50.521666666,8.820833333,Hessen
Vellmar,18622,51.358780555,9.4677,Hessen
Hatzfeld,3000,51.0,8.55,Hessen
Nentershausen,2462,51.0125,9.935,Hessen
Breuberg,7556,49.818958333,9.017986111,Hessen
Homberg (Ohm),7485,50.733305555,9.0,Hessen
Hadamar,13093,50.45,8.05,Hessen
Neuental,3044,51.0,9.216666666,Hessen
Laubach,9775,50.542619444,8.98905,Hessen
Reichelsheim,6997,50.356944444,8.8725,Hessen
Riedstadt,24464,49.835833333,8.4975,Hessen
Niedernhausen,14811,50.161666666,8.317638888,Hessen
Rosbach vor der Höhe,13199,50.298611111,8.700555555,Hessen
Bad Sooden-Allendorf,8370,51.266666666,9.966666666,Hessen
Borken,12565,51.04915,9.2793,Hessen
Dautphetal,11461,50.858333333,8.55,Hessen
Bickenbach,6220,49.754027777,8.611736111,Hessen
Spangenberg,6214,51.116666666,9.666666666,Hessen
Niedenstein,5678,51.233333333,9.316666666,Hessen
Lorch,4019,50.044097222,7.80375,Hessen
Steffenberg,4027,50.85,8.466666666,Hessen
Großenlüder,8796,50.5925,9.54231,Hessen
Niddatal,10059,50.299297222,8.814516666,Hessen
Hünstetten,10405,50.249444444,8.195277777,Hessen
Neukirchen,7014,50.866666666,9.333333333,Hessen
Gemünden (Wohra),3915,50.966666666,8.966666666,Hessen
Gersfeld (Rhön),5521,50.45,9.916666666,Hessen
Selters (Taunus),8176,50.35,8.266666666,Hessen
Lollar,10509,50.649722222,8.704444444,Hessen
Rödermark,28835,49.9775,8.828055555,Hessen
Jesberg,2131,51.0,9.15,Hessen
Kaufungen,12752,51.281111111,9.618611111,Hessen
Weimar (Lahn),7237,50.75,8.7,Hessen
Braunfels,11167,50.5175,8.388888888,Hessen
Frielendorf,7266,50.983333333,9.333333333,Hessen
Ortenberg,8872,50.355833333,9.055277777,Hessen
Königstein im Taunus,16831,50.183125,8.463541666,Hessen
Lohra,5674,50.7333,8.633330555,Hessen
Biebesheim am Rhein,6761,49.78,8.464722222,Hessen
Flörsheim am Main,21751,50.011666666,8.428055555,Hessen
Lohfelden,14395,51.2716,9.548730555,Hessen
Abtsteinach,2472,49.544166666,8.785486111,Hessen
Münzenberg,5892,50.453333333,8.776111111,Hessen
Haina (Kloster),3315,51.033333333,8.966666666,Hessen
Burgwald,4947,51.016111111,8.766388888,Hessen
Hilders,4834,50.5719,10.00297,Hessen
Butzbach,27528,50.436666666,8.662222222,Hessen
Driedorf,5162,50.633333333,8.183333333,Hessen
Weinbach,4261,50.433333333,8.3,Hessen
Altenstadt,12601,50.285555555,8.945,Hessen
Fischbachtal,2785,49.770555555,8.814166666,Hessen
Ronshausen,2403,50.95,9.85,Hessen
Idstein,25709,50.220555555,8.269166666,Hessen
Modautal,5114,49.735361111,8.73875,Hessen
Rüdesheim am Rhein,10180,49.979027777,7.923402777,Hessen
Fuldatal,13016,51.348430555,9.525569444,Hessen
Griesheim,28210,49.859444444,8.5525,Hessen
Bad Endbach,7906,50.75,8.5,Hessen
Ober-Ramstadt,15313,49.833333333,8.75,Hessen
Erzhausen,8147,49.953333333,8.629652777,Hessen
Nidda,17768,50.412777777,9.009166666,Hessen
Eschenburg,10043,50.816666666,8.366666666,Hessen
Tann (Rhön),4579,50.65,10.016666666,Hessen
Aarbergen,6334,50.246388888,8.072222222,Hessen
Herbstein,4625,50.55,9.35,Hessen
Eiterfeld,7119,50.766666666,9.8,Hessen
Cölbe,6562,50.850555555,8.784166666,Hessen
Biebergemünd,8347,50.166666666,9.283333333,Hessen
Gedern,7250,50.424444444,9.199722222,Hessen
Karben,23253,50.232222222,8.768055555,Hessen
Leun,5847,50.55,8.366666666,Hessen
Buseck,13358,50.6,8.766666666,Hessen
Schenklengsfeld,4278,50.817777777,9.843611111,Hessen
Neu-Eichenberg,1802,51.383333333,9.883333333,Hessen
Hünfeld,17130,50.666666666,9.766666666,Hessen
Liederbach am Taunus,9109,50.120833333,8.491111111,Hessen
Ulrichstein,3019,50.583333333,9.2,Hessen
Birkenau,9992,49.560694444,8.706111111,Hessen
Lorsch,14088,49.653888888,8.5675,Hessen
Rosenthal,2111,50.966666666,8.866666666,Hessen
Petersberg,16375,50.566666666,9.716666666,Hessen
Obertshausen,25531,50.071527777,8.848194444,Hessen
Einhausen,6657,49.672222222,8.545138888,Hessen
Lahntal,7123,50.85,8.683333333,Hessen
Hungen,13033,50.473080555,8.899611111,Hessen
Birstein,6307,50.353055555,9.309166666,Hessen
Usingen,15095,50.334027777,8.537222222,Hessen
Friedrichsdorf,25937,50.256875,8.641805555,Hessen
Meinhard,4529,51.216666666,10.066666666,Hessen
Mühltal,13866,49.824972222,8.702194444,Hessen
Grünberg,13940,50.6,8.95,Hessen
Schauenburg,10611,51.281694444,9.351944444,Hessen
Schlüchtern,16126,50.35,9.516666666,Hessen
Bruchköbel,20894,50.183333333,8.916666666,Hessen
Frankenberg (Eder),18138,51.058888888,8.796666666,Hessen
Burghaun,6471,50.7,9.716666666,Hessen
Niederdorfelden,4289,50.195,8.8,Hessen
Wölfersheim,9764,50.3975,8.811388888,Hessen
Fernwald,7217,50.55,8.783333333,Hessen
Stockstadt am Rhein,6332,49.809236111,8.466875,Hessen
Hünfelden,9929,50.333333333,8.15,Hessen
Grebenhain,4603,50.4889,9.3358,Hessen
Nieste,2119,51.313611111,9.670833333,Hessen
Edermünde,7405,51.215833333,9.416111111,Hessen
Ehrenberg (Rhön),2570,50.526111111,10.014166666,Hessen
Glauburg,3069,50.316666666,9.0,Hessen
Hammersbach,4880,50.216666666,8.983333333,Hessen
Helsa,5754,51.257311111,9.686202777,Hessen
Kiedrich,4136,50.040833333,8.084166666,Hessen
Hohenroda,3113,50.807777777,9.922777777,Hessen
Hirzenhain,2960,50.390277777,9.136111111,Hessen
Neuberg,5532,50.2,8.983333333,Hessen
Waldsolms,4892,50.416666666,8.516666666,Hessen
Espenau,5369,51.393,9.4588,Hessen
Langgöns,11817,50.5,8.666666666,Hessen
Brombachtal,3484,49.732361111,8.957291666,Hessen
Wettenberg,12841,50.616666666,8.65,Hessen
Schwalmtal,2891,50.683333333,9.3,Hessen
Bad Zwesten,3957,51.049722222,9.183055555,Hessen
Bischofsheim,13362,49.989027777,8.355,Hessen
Höchst im Odenwald,10320,49.799166666,8.994166666,Hessen
Kefenrod,2746,50.343888888,9.210555555,Hessen
Sinntal,8931,50.312197222,9.623113888,Hessen
Lützelbach,6788,49.787986111,9.076597222,Hessen
Lahnau,8312,50.566666666,8.566666666,Hessen
Münster,14518,49.925277777,8.859166666,Hessen
Neuenstein,3159,50.933333333,9.55,Hessen
Mengerskirchen,5718,50.563888888,8.155833333,Hessen
Brechen,6411,50.35,8.183333333,Hessen
Biebertal,10074,50.633055555,8.59,Hessen
Rockenberg,4515,50.430833333,8.735555555,Hessen
Sinn,6574,50.65,8.333333333,Hessen
Habichtswald,5300,51.342777777,9.343055555,Hessen
Limeshain,5894,50.260555555,8.990555555,Hessen
Mittenaar,4815,50.7,8.383333333,Hessen
Gründau,14838,50.216666666,9.15,Hessen
Hauneck,3208,50.816666666,9.733333333,Hessen
Gemünden (Felda),2783,50.7,9.05,Hessen
Wabern,7373,51.1,9.333333333,Hessen
Hosenfeld,4657,50.49785,9.47345,Hessen
Guxhagen,5483,51.2,9.483333333,Hessen
Haunetal,2974,50.766666666,9.666666666,Hessen
Fuldabrück,9039,51.244444444,9.476666666,Hessen
Flörsbachtal,2369,50.116666666,9.433333333,Hessen
Greifenstein,6563,50.621388888,8.294444444,Hessen
Flieden,8745,50.423055555,9.565833333,Hessen
Weißenborn,953,51.117963,10.148253,Hessen
Breitscheid,4708,50.683333333,8.2,Hessen
Heidenrod,7905,50.213333333,7.996944444,Hessen
Münchhausen,3338,50.95,8.71667,Hessen
Ronneburg,3525,50.233333333,9.05,Hessen
Hohenahr,4898,50.666666666,8.516666666,Hessen
Siegbach,2530,50.733333333,8.416666666,Hessen
Waldbrunn,5899,50.516666666,8.116666666,Hessen
Eppertshausen,6405,49.947916666,8.849513888,Hessen
Cornberg,1321,51.042777777,9.862777777,Hessen
Mossautal,2470,49.644861111,8.931527777,Hessen
Sensbachtal,983,49.534861111,9.012361111,Hessen
Fronhausen,4189,50.703889,8.694722,Hessen
Eichenzell,11367,50.4934,9.6961,Hessen
Wehrheim,9328,50.303333333,8.570972222,Hessen
Ebsdorfergrund,9097,50.733333333,8.866666666,Hessen
Hesseneck,620,49.566180555,9.070763888,Hessen
Willingshausen,4789,50.85,9.2,Hessen
Grasellenbach,4177,49.635833333,8.832222222,Hessen
Rasdorf,1583,50.716666666,9.9,Hessen
Wohratal,2192,50.933333333,8.933333333,Hessen
Wehretal,4944,51.15,10.0,Hessen
Künzell,17025,50.539444444,9.708333333,Hessen
Elz,8028,50.416666666,8.033333333,Hessen
Herleshausen,2756,51.005,10.1763,Hessen
Ringgau,2842,51.083333333,10.066666666,Hessen
Weilmünster,8834,50.433333333,8.366666666,Hessen
Bischoffen,3335,50.7,8.45,Hessen
Weilrod,6781,50.345555555,8.382708333,Hessen
Roßdorf,13025,49.858333333,8.755555555,Hessen
Heuchelheim an der Lahn,8108,50.583333333,8.633333333,Hessen
Diemelsee,4686,51.366666666,8.8,Hessen
Reinhardshagen,4417,51.483333333,9.6,Hessen
Echzell,5800,50.383333333,8.883333333,Hessen
Calden,7609,51.409430555,9.401888888,Hessen
Großkrotzenburg,7481,50.083333333,8.983333333,Hessen
Vöhl,5553,51.2,8.933333333,Hessen
Merkers-Kieselbach,2895,50.816666666,10.116666666,Hessen
Oberaula,3323,50.85,9.466666666,Hessen
Beselich,5804,50.457777777,8.124722222,Hessen
Morschen,3139,51.05,9.6,Hessen
Fränkisch-Crumbach,3035,49.745833333,8.8575,Hessen
Löhnberg,4713,50.516666666,8.266666666,Hessen
Wöllstadt,6754,50.281666666,8.770555555,Hessen
Alheim,4945,51.048333333,9.666944444,Hessen
Hofbieber,6380,50.58629,9.83534,Hessen
Niestetal,11498,51.316666666,9.566666666,Hessen
Freigericht,14782,50.141666666,9.127777777,Hessen
Brachttal,5117,50.303333333,9.297777777,Hessen
Friedewald,2560,50.883333333,9.866666666,Hessen
Breitenbach am Herzberg,1667,50.766666666,9.516666666,Hessen
Freiensteinau,3172,50.433333333,9.4,Hessen
Körle,3186,51.166666666,9.516666666,Hessen
Gilserberg,2901,50.95,9.066666666,Hessen
Mainhausen,9748,50.017222222,8.991527777,Hessen
Glashütten,5394,50.21667,8.4,Hessen
Dipperz,3634,50.543330555,9.795861111,Hessen
Berkatal,1482,51.233333333,9.916666666,Hessen
Ludwigsau,5526,50.901797222,9.745033333,Hessen
Linsengericht,9976,50.166666666,9.216666666,Hessen
Edertal,6284,51.166666666,9.1,Hessen
Schlangenbad,6417,50.092916666,8.101944444,Hessen
Hüttenberg,10968,50.5,8.616666666,Hessen
Schöneck,12095,50.201388888,8.854166666,Hessen
Hasselroth,7425,50.166666666,9.1,Hessen
Lautertal,2322,50.583333333,9.283333333,Hessen
Ehringshausen,9591,50.6,8.383333333,Hessen
Walluf,5573,50.037083333,8.154166666,Hessen
Dornburg,8705,50.503611111,8.024444444,Hessen
Egelsbach,11500,49.969444444,8.666666666,Hessen
Seeheim-Jugenheim,16685,49.766666666,8.65,Hessen
Schmitten im Taunus,9575,50.269722222,8.444305555,Hessen
Ranstadt,5319,50.3575,8.984166666,Hessen
Grävenwiesbach,5475,50.385694444,8.457013888,Hessen
Wildeck,4978,50.95,9.983333333,Hessen
Sulzbach (Taunus),9340,50.133055555,8.528888888,Hessen
Bad Salzschlirf,3680,50.616666666,9.5,Hessen
Groß-Zimmern,14859,49.872638888,8.834305555,Hessen
Rothenberg,2246,49.499305555,8.918472222,Hessen
Elbtal,2422,50.516666666,8.066666666,Hessen
Trebur,13162,49.924166666,8.409166666,Hessen
Waldems,5210,50.250277777,8.313333333,Hessen
Söhrewald,4636,51.216666666,9.616666666,Hessen
Nauheim,10856,49.944652777,8.454791666,Hessen
Merenberg,3319,50.516666666,8.183333333,Hessen
Otzberg,6502,49.833333333,8.916666666,Hessen
Meißner,2916,51.2,9.933333333,Hessen
Jossgrund,3429,50.179166666,9.458333333,Hessen
Büttelborn,15068,49.902222222,8.51375,Hessen
Feldatal,2398,50.65,9.166666666,Hessen
Villmar,6730,50.391388888,8.191944444,Hessen
Malsfeld,3929,51.083333333,9.533333333,Hessen
Schrecksbach,2948,50.833333333,9.283333333,Hessen
Nüsttal,2920,50.633333333,9.85,Hessen
Allendorf (Eder),7649,51.033333333,8.683333333,Hessen
Neuhof,11003,50.454281,9.613934,Hessen
Ottrau,2155,50.8,9.383333333,Hessen
Gorxheimertal,4181,49.532777777,8.723888888,Hessen
Wald-Michelbach,10840,49.572361111,8.824305555,Hessen
Brensbach,5043,49.7725,8.878472222,Hessen
Kriftel,11123,50.082777777,8.466666666,Hessen
Ober-Mörlen,5849,50.372777777,8.690555555,Hessen
Messel,4263,49.938330555,8.740561111,Hessen
Wesertal,5043,51.6,9.6,Hessen
Schöffengrund,6597,50.483333333,8.483333333,Hessen
Dietzhölztal,5622,50.833333333,8.316666666,Hessen
Fürth,10886,49.650208333,8.780277777,Hessen
Rimbach,8887,49.623958333,8.760347222,Hessen
Wartenberg,3874,50.616666666,9.433333333,Hessen
Groß-Rohrheim,3666,49.717083333,8.473402777,Hessen
Kirchheim,3637,50.840833333,9.574444444,Hessen
Hohenstein,6212,50.193611111,8.100277777,Hessen
Galenbeck,1101,53.619444444,13.7,Mecklenburg-Vorpommern
Kriesow,323,53.733333333,13.05,Mecklenburg-Vorpommern
Putbus,4492,54.354531454,13.474903122,Mecklenburg-Vorpommern
Tessin,4019,54.028056,12.468056,Mecklenburg-Vorpommern
Röckwitz,273,53.7,13.1,Mecklenburg-Vorpommern
Groß Teetzleben,666,53.65,13.233333333,Mecklenburg-Vorpommern
Ziethen,429,53.883333333,13.683333333,Mecklenburg-Vorpommern
Stavenhagen,5768,53.7,12.9,Mecklenburg-Vorpommern
Franzburg,1353,54.186968,12.877572,Mecklenburg-Vorpommern
Ziesendorf,1436,53.983333333,12.033333333,Mecklenburg-Vorpommern
Schwaan,5061,53.940277777,12.107222222,Mecklenburg-Vorpommern
Schönberg,4674,53.85,10.916666666,Mecklenburg-Vorpommern
Wolde,567,53.683333333,13.083333333,Mecklenburg-Vorpommern
Dargun,4318,53.883333333,12.833333333,Mecklenburg-Vorpommern
Grapzow,382,53.712222,13.290556,Mecklenburg-Vorpommern
Lindetal,1166,53.478611111,13.431111111,Mecklenburg-Vorpommern
Waren,21217,53.516666666,12.683333333,Mecklenburg-Vorpommern
Garz/Rügen,2256,54.316666666,13.35,Mecklenburg-Vorpommern
Bad Sülze,1764,54.110277777,12.657777777,Mecklenburg-Vorpommern
Wustrow,1090,54.35,12.4,Mecklenburg-Vorpommern
Zempin,951,54.064722222,13.956111111,Mecklenburg-Vorpommern
Glewitz,541,54.023611111,12.926111111,Mecklenburg-Vorpommern
Kröpelin,4816,54.066666666,11.783333333,Mecklenburg-Vorpommern
Dalberg-Wendelstorf,570,53.7325,11.280833,Mecklenburg-Vorpommern
Ludwigslust,12420,53.33325,11.50235,Mecklenburg-Vorpommern
Kühlungsborn,8084,54.133333333,11.75,Mecklenburg-Vorpommern
Hagenow,12344,53.431666666,11.193055555,Mecklenburg-Vorpommern
Malchin,7231,53.733333333,12.783333333,Mecklenburg-Vorpommern
Grischow,251,53.7,13.35,Mecklenburg-Vorpommern
Laage,6555,53.932222222,12.346666666,Mecklenburg-Vorpommern
Penzlin,4053,53.505,13.083055555,Mecklenburg-Vorpommern
Zehna,658,53.716666666,12.15,Mecklenburg-Vorpommern
Zierow,764,53.926944444,11.374722222,Mecklenburg-Vorpommern
Güstrow,29582,53.793888888,12.176388888,Mecklenburg-Vorpommern
Eggesin,4785,53.683333333,14.083333333,Mecklenburg-Vorpommern
Brüel,2620,53.716666666,11.716666666,Mecklenburg-Vorpommern
Usedom,1723,53.866666666,13.916666666,Mecklenburg-Vorpommern
Gneven,358,53.635833,11.568611,Mecklenburg-Vorpommern
Moor-Rolofshagen,514,53.916666666,11.15,Mecklenburg-Vorpommern
Richtenberg,1365,54.2,12.866666666,Mecklenburg-Vorpommern
Grabow,5573,53.278844,11.564527,Mecklenburg-Vorpommern
Strasburg,4399,53.5,13.75,Mecklenburg-Vorpommern
Lübtheen,4621,53.3,11.083333333,Mecklenburg-Vorpommern
Gützkow,2955,53.9377,13.4116,Mecklenburg-Vorpommern
Lassan,1473,53.933333333,13.833333333,Mecklenburg-Vorpommern
Marlow,4673,54.15451,12.57293,Mecklenburg-Vorpommern
Penkun,1756,53.3,14.25,Mecklenburg-Vorpommern
Tützpatz,578,53.733333333,13.15,Mecklenburg-Vorpommern
Tribsees,2694,54.083333333,12.75,Mecklenburg-Vorpommern
Datzetal,885,53.65,13.466666666,Mecklenburg-Vorpommern
Neukloster,3974,53.866666666,11.683333333,Mecklenburg-Vorpommern
Warin,3271,53.799722222,11.710833333,Mecklenburg-Vorpommern
Insel Hiddensee,993,54.568008055,13.105546944,Mecklenburg-Vorpommern
Zemitz,707,53.983333333,13.75,Mecklenburg-Vorpommern
Bad Doberan,13105,54.106944444,11.905277777,Mecklenburg-Vorpommern
Mirow,3871,53.266666666,12.8,Mecklenburg-Vorpommern
Gnoien,2867,53.968611111,12.710277777,Mecklenburg-Vorpommern
Neukalen,1753,53.816666666,12.783333333,Mecklenburg-Vorpommern
Cammin,868,53.99,12.3575,Mecklenburg-Vorpommern
Zerrenthin,473,53.483333333,14.083333333,Mecklenburg-Vorpommern
Sassnitz,9169,54.516388888,13.641111111,Mecklenburg-Vorpommern
Wolgast,12092,54.05,13.766666666,Mecklenburg-Vorpommern
Zarnewanz,462,54.05,12.5,Mecklenburg-Vorpommern
Cölpin,913,53.516694444,13.433305555,Mecklenburg-Vorpommern
Friedland,6550,53.659,13.5397,Mecklenburg-Vorpommern
Boizenburg/Elbe,10881,53.374338888,10.723138888,Mecklenburg-Vorpommern
Werder,523,53.716666666,13.366666666,Mecklenburg-Vorpommern
Plate,3391,53.55,11.5,Mecklenburg-Vorpommern
Demmin,10293,53.905,13.043888888,Mecklenburg-Vorpommern
Pragsdorf,581,53.535555555,13.4,Mecklenburg-Vorpommern
Barth,7568,54.36871,12.72658,Mecklenburg-Vorpommern
Holldorf,763,53.466666666,13.266666666,Mecklenburg-Vorpommern
Pripsleben,232,53.716666666,13.183333333,Mecklenburg-Vorpommern
Greifswald,60071,54.083333333,13.383333333,Mecklenburg-Vorpommern
Rehna,3638,53.776482,11.055452,Mecklenburg-Vorpommern
Torgelow,9269,53.6337,14.0202,Mecklenburg-Vorpommern
Altentreptow,5213,53.6927,13.2562,Mecklenburg-Vorpommern
Krakow am See,3443,53.65,12.266666666,Mecklenburg-Vorpommern
Neubukow,4019,54.0307,11.6766,Mecklenburg-Vorpommern
Loitz,4254,53.96916,13.129,Mecklenburg-Vorpommern
Rerik,2186,54.1,11.616666666,Mecklenburg-Vorpommern
Burg Stargard,5306,53.483333333,13.3,Mecklenburg-Vorpommern
Woldegk,4209,53.459444444,13.582777777,Mecklenburg-Vorpommern
Neustadt-Glewe,6974,53.383153,11.585348,Mecklenburg-Vorpommern
Polzow,255,53.5,14.066666666,Mecklenburg-Vorpommern
Bergen auf Rügen,13650,54.416666666,13.433333333,Mecklenburg-Vorpommern
Pasewalk,9785,53.50627,13.98997,Mecklenburg-Vorpommern
Lübz,5892,53.461574,12.029001,Mecklenburg-Vorpommern
Jarmen,2846,53.92218,13.33805,Mecklenburg-Vorpommern
Ueckermünde,8638,53.733333333,14.033333333,Mecklenburg-Vorpommern
Parchim,18270,53.4277155,11.848212396,Mecklenburg-Vorpommern
Krugsdorf,483,53.525,14.084444444,Mecklenburg-Vorpommern
Zierzow,374,53.283056,11.686389,Mecklenburg-Vorpommern
Kruckow,640,53.9,13.233333333,Mecklenburg-Vorpommern
Röbel/Müritz,5012,53.376111111,12.606111111,Mecklenburg-Vorpommern
Plau am See,6166,53.458055555,12.2625,Mecklenburg-Vorpommern
Zepelin,460,53.833055555,12.05,Mecklenburg-Vorpommern
Klütz,3128,53.966666666,11.166666666,Mecklenburg-Vorpommern
Dassow,3972,53.9074,10.9807,Mecklenburg-Vorpommern
Anklam,12363,53.85,13.683333333,Mecklenburg-Vorpommern
Wismar,44022,53.8925,11.465,Mecklenburg-Vorpommern
Wildberg,502,53.65,13.116666666,Mecklenburg-Vorpommern
Goldberg,3372,53.566666666,12.066666666,Mecklenburg-Vorpommern
Neustrelitz,20385,53.364722222,13.063611111,Mecklenburg-Vorpommern
Zarrendorf,1123,54.233333333,13.083333333,Mecklenburg-Vorpommern
Feldberger Seenlandschaft,4460,53.335556,13.439741,Mecklenburg-Vorpommern
Trassenheide,958,54.1,13.866666666,Mecklenburg-Vorpommern
Malchow,5961,53.475132,12.423356,Mecklenburg-Vorpommern
Zapel,431,53.55,11.666666666,Mecklenburg-Vorpommern
Sternberg,3943,53.711694444,11.829305555,Mecklenburg-Vorpommern
Ziegendorf,634,53.283333333,11.816666666,Mecklenburg-Vorpommern
Grevesmühlen,10398,53.86446,11.19089,Mecklenburg-Vorpommern
Groß Nemerow,1124,53.466694444,13.233305555,Mecklenburg-Vorpommern
Dömitz,2967,53.138333333,11.263333333,Mecklenburg-Vorpommern
Zickhusen,509,53.7575,11.414166666,Mecklenburg-Vorpommern
Hohen Pritz,380,53.616666666,11.9,Mecklenburg-Vorpommern
Neubrandenburg,64390,53.556944444,13.260833333,Mecklenburg-Vorpommern
Zingst,3098,54.435555555,12.683055555,Mecklenburg-Vorpommern
Rostock,210795,54.083333333,12.133333333,Mecklenburg-Vorpommern
Teterow,8459,53.766666666,12.566666666,Mecklenburg-Vorpommern
Gültz,529,53.75,13.183333333,Mecklenburg-Vorpommern
Siedenbollentin,551,53.733333333,13.383333333,Mecklenburg-Vorpommern
Grimmen,9649,54.11,13.041388888,Mecklenburg-Vorpommern
Peenemünde,370,54.135,13.775,Mecklenburg-Vorpommern
Groß Miltzow,975,53.533333333,13.6,Mecklenburg-Vorpommern
Wesenberg,3029,53.283333333,12.966666666,Mecklenburg-Vorpommern
Banzkow,2760,53.523056,11.516111,Mecklenburg-Vorpommern
Stralsund,59450,54.309166666,13.081944444,Mecklenburg-Vorpommern
Ribnitz-Damgarten,15729,54.25,12.466666666,Mecklenburg-Vorpommern
Schwerin,98733,53.628888888,11.415,Mecklenburg-Vorpommern
Bützow,8191,53.85,11.983333333,Mecklenburg-Vorpommern
Klink,1179,53.483055555,12.619722222,Mecklenburg-Vorpommern
Ivenack,803,53.716666666,12.966666666,Mecklenburg-Vorpommern
Rechlin,2041,53.367016,12.796378,Mecklenburg-Vorpommern
Crivitz,4760,53.583333333,11.65,Mecklenburg-Vorpommern
Siedenbrünzow,479,53.9,13.15,Mecklenburg-Vorpommern
Schönbeck,470,53.583305555,13.583305555,Mecklenburg-Vorpommern
Sietow,605,53.45,12.553055555,Mecklenburg-Vorpommern
Schloen-Dratow,847,53.54358673,12.80666828,Mecklenburg-Vorpommern
Wulkenzin,1533,53.545278,13.168333,Mecklenburg-Vorpommern
Priborn,354,53.30565,12.655988888,Mecklenburg-Vorpommern
Torgelow am See,442,53.56,12.779722222,Mecklenburg-Vorpommern
Jabel,652,53.536666666,12.546666666,Mecklenburg-Vorpommern
Melz,322,53.295,12.616666666,Mecklenburg-Vorpommern
Basedow,649,53.7,12.666666666,Mecklenburg-Vorpommern
Bütow,473,53.35,12.483055555,Mecklenburg-Vorpommern
Nossentiner Hütte,647,53.541666666,12.408333333,Mecklenburg-Vorpommern
Schönfeld,370,53.85,12.966666666,Mecklenburg-Vorpommern
Jürgenstorf,929,53.666666666,12.9,Mecklenburg-Vorpommern
Brunn,1042,53.666666666,13.366666666,Mecklenburg-Vorpommern
Zislow,190,53.433333333,12.316666666,Mecklenburg-Vorpommern
Warrenzin,378,53.9,12.95,Mecklenburg-Vorpommern
Woggersin,517,53.6075,13.230277777,Mecklenburg-Vorpommern
Buchholz,133,53.277217,12.641406,Mecklenburg-Vorpommern
Verchen,389,53.85,12.9,Mecklenburg-Vorpommern
Neddemin,345,53.65,13.2833,Mecklenburg-Vorpommern
Klocksin,328,53.636944444,12.541111111,Mecklenburg-Vorpommern
Möllenhagen,1616,53.533333333,12.933333333,Mecklenburg-Vorpommern
Schönhausen,211,53.55,13.704722,Mecklenburg-Vorpommern
Zettemin,263,53.65,12.833333333,Mecklenburg-Vorpommern
Bartow,430,53.816666666,13.35,Mecklenburg-Vorpommern
Peenehagen,1049,53.6,12.7333,Mecklenburg-Vorpommern
Blankenhof,707,53.566666666,13.116666666,Mecklenburg-Vorpommern
Altenhagen,324,53.766666666,13.116666666,Mecklenburg-Vorpommern
Kentzlin,190,53.75,12.966666666,Mecklenburg-Vorpommern
Knorrendorf,529,53.633333333,13.066666666,Mecklenburg-Vorpommern
Sponholz,740,53.55,13.366694444,Mecklenburg-Vorpommern
Voigtsdorf,93,53.559166666,13.647777777,Mecklenburg-Vorpommern
Faulenrost,640,53.633333333,12.783333333,Mecklenburg-Vorpommern
Breesen,507,53.633333333,13.166666666,Mecklenburg-Vorpommern
Beggerow,493,53.833333333,13.05,Mecklenburg-Vorpommern
Altenhof,346,53.35,12.349722222,Mecklenburg-Vorpommern
Kargow,672,53.509722222,12.779722222,Mecklenburg-Vorpommern
Bollewick,651,53.35,12.583055555,Mecklenburg-Vorpommern
Hohenbollentin,106,53.783333333,13.016666666,Mecklenburg-Vorpommern
Groß Kelle,109,53.403055555,12.55,Mecklenburg-Vorpommern
Lärz,500,53.289722222,12.75,Mecklenburg-Vorpommern
Sarow,724,53.8,13.1,Mecklenburg-Vorpommern
Golchen,283,53.8,13.283333333,Mecklenburg-Vorpommern
Sommersdorf,254,53.8,12.9,Mecklenburg-Vorpommern
Grabowhöfe,1371,53.566666666,12.583333333,Mecklenburg-Vorpommern
Ankershagen,520,53.47987,12.96696,Mecklenburg-Vorpommern
Kieve,141,53.276666666,12.593055555,Mecklenburg-Vorpommern
Neuenkirchen,1142,53.583333333,13.35,Mecklenburg-Vorpommern
Ritzerow,370,53.666666666,12.966666666,Mecklenburg-Vorpommern
Trollenhagen,933,53.6,13.3,Mecklenburg-Vorpommern
Stuer,259,53.383055555,12.333055555,Mecklenburg-Vorpommern
Priepert,308,53.218333333,13.038888888,Mecklenburg-Vorpommern
Göhren-Lebbin,695,53.478055555,12.5125,Mecklenburg-Vorpommern
Fünfseen,1069,53.416666666,12.383055555,Mecklenburg-Vorpommern
Vollrathsruhe,409,53.643055555,12.49,Mecklenburg-Vorpommern
Silz,334,53.516666666,12.436666666,Mecklenburg-Vorpommern
Gadebusch,5459,53.7,11.116666666,Mecklenburg-Vorpommern
Mölln,507,53.6,13.083333333,Mecklenburg-Vorpommern
Fincken,499,53.35475,12.441330555,Mecklenburg-Vorpommern
Briggow,306,53.616666666,12.983333333,Mecklenburg-Vorpommern
Blankensee,1611,53.4,13.25,Mecklenburg-Vorpommern
Hohen Wangelin,647,53.61145,12.423311111,Mecklenburg-Vorpommern
Kittendorf,286,53.623333333,12.902777777,Mecklenburg-Vorpommern
Zirzow,346,53.583333333,13.183333333,Mecklenburg-Vorpommern
Groß Plasten,1050,53.546666666,12.846666666,Mecklenburg-Vorpommern
Gülzow,400,53.7,12.85,Mecklenburg-Vorpommern
Hohenmocker,465,53.816666666,13.183333333,Mecklenburg-Vorpommern
Meesiger,236,53.816666666,12.916666666,Mecklenburg-Vorpommern
Leizen,484,53.365833333,12.475833333,Mecklenburg-Vorpommern
Lindenberg,216,53.766666666,13.016666666,Mecklenburg-Vorpommern
Gotthun,325,53.416666666,12.586666666,Mecklenburg-Vorpommern
Gnevkow,308,53.783333333,13.166666666,Mecklenburg-Vorpommern
Neverin,1000,53.619166666,13.338888888,Mecklenburg-Vorpommern
Utzedel,446,53.866666666,13.116666666,Mecklenburg-Vorpommern
Grammentin,237,53.75,12.9,Mecklenburg-Vorpommern
Burow,947,53.773611,13.266944,Mecklenburg-Vorpommern
Beseritz,122,53.7,13.45,Mecklenburg-Vorpommern
Kublank,157,53.554444444,13.503333333,Mecklenburg-Vorpommern
Kummerow,544,53.766666666,12.833333333,Mecklenburg-Vorpommern
Kletzin,708,53.924722,13.156111,Mecklenburg-Vorpommern
Schwarz,359,53.219722222,12.783055555,Mecklenburg-Vorpommern
Rosenow,1012,53.633333333,13.033333333,Mecklenburg-Vorpommern
Staven,369,53.616666666,13.4,Mecklenburg-Vorpommern
Gielow,1062,53.7,12.75,Mecklenburg-Vorpommern
Nossendorf,665,53.96209,12.95932,Mecklenburg-Vorpommern
Walow,507,53.424722222,12.48,Mecklenburg-Vorpommern
Kuckssee,559,53.5378,13.1056,Mecklenburg-Vorpommern
Bredenfelde,185,53.6,12.95,Mecklenburg-Vorpommern
Moltzow,906,53.633055555,12.583055555,Mecklenburg-Vorpommern
Wittenburg,6418,53.5,11.066666666,Mecklenburg-Vorpommern
Alt Schwerin,547,53.513055555,12.356666666,Mecklenburg-Vorpommern
Neetzka,221,53.516666666,13.516666666,Mecklenburg-Vorpommern
Dorf Mecklenburg,3294,53.8427,11.4633,Mecklenburg-Vorpommern
Lüttow-Valluhn,880,53.516666666,10.883333333,Mecklenburg-Vorpommern
Sanitz,6626,54.083333333,12.383333333,Mecklenburg-Vorpommern
Kalkhorst,1852,53.966666666,11.066666666,Mecklenburg-Vorpommern
Hugoldsdorf,130,54.15,12.75,Mecklenburg-Vorpommern
Am Salzhaff,520,54.037778,11.596667,Mecklenburg-Vorpommern
Ückeritz,1041,54.016666666,14.05,Mecklenburg-Vorpommern
Pruchten,725,54.383333333,12.666666666,Mecklenburg-Vorpommern
Passow,691,53.5,12.05,Mecklenburg-Vorpommern
Schwasdorf,442,53.89,12.633055555,Mecklenburg-Vorpommern
Sagard,2462,54.516666666,13.55,Mecklenburg-Vorpommern
Bad Kleinen,3729,53.766666666,11.466666666,Mecklenburg-Vorpommern
Grammendorf,525,54.033333333,12.883333333,Mecklenburg-Vorpommern
Altkalen,765,53.883333333,12.75,Mecklenburg-Vorpommern
Rappin,303,54.5,13.366666666,Mecklenburg-Vorpommern
Velgast,1677,54.273056,12.809722,Mecklenburg-Vorpommern
Hinrichshagen,966,54.066666666,13.323333333,Mecklenburg-Vorpommern
Ahrenshagen-Daskow,2273,54.228611111,12.592222222,Mecklenburg-Vorpommern
Sellin,2744,54.383333333,13.691666666,Mecklenburg-Vorpommern
Zülow,126,53.577222222,11.271388888,Mecklenburg-Vorpommern
Spantekow,1097,53.783333333,13.533333333,Mecklenburg-Vorpommern
Süderholz,4086,54.083333333,13.133333333,Mecklenburg-Vorpommern
Deyelsdorf,466,54.05,12.833333333,Mecklenburg-Vorpommern
Wedendorfersee,706,53.766666666,11.116666666,Mecklenburg-Vorpommern
Sarnow,360,53.7502892,13.6284985,Mecklenburg-Vorpommern
Rövershagen,3009,54.166666666,12.233333333,Mecklenburg-Vorpommern
Wittenhagen,1214,54.183333333,13.083333333,Mecklenburg-Vorpommern
Obere Warnow,793,53.516666666,11.866666666,Mecklenburg-Vorpommern
Barkhagen,602,53.483333333,12.2,Mecklenburg-Vorpommern
Karrenzin,525,53.333333333,11.8,Mecklenburg-Vorpommern
Altenpleen,1012,54.356666666,12.941944444,Mecklenburg-Vorpommern
Karnin,226,54.3,12.8,Mecklenburg-Vorpommern
Roggendorf,1044,53.693611111,11.015,Mecklenburg-Vorpommern
Dargelin,368,54.016666666,13.35,Mecklenburg-Vorpommern
Zirchow,658,53.889722222,14.138611111,Mecklenburg-Vorpommern
Ferdinandshof,2709,53.662222222,13.887777777,Mecklenburg-Vorpommern
Parchtitz,762,54.416666666,13.383333333,Mecklenburg-Vorpommern
Semlow,701,54.183333333,12.65,Mecklenburg-Vorpommern
Drechow,219,54.140277777,12.799722222,Mecklenburg-Vorpommern
Dabel,1357,53.666666666,11.9,Mecklenburg-Vorpommern
Putgarten,182,54.6725,13.416388888,Mecklenburg-Vorpommern
Mesekenhagen,1056,54.15,13.316666666,Mecklenburg-Vorpommern
Stralendorf,1371,53.583333333,11.3,Mecklenburg-Vorpommern
Groß Mohrdorf,747,54.383333333,12.95,Mecklenburg-Vorpommern
Alt Zachun,354,53.483333333,11.333333333,Mecklenburg-Vorpommern
Dreschvitz,769,54.403055555,13.297222222,Mecklenburg-Vorpommern
Zirkow,705,54.383333333,13.533333333,Mecklenburg-Vorpommern
Ganzlin,1402,53.384166666,12.254444444,Mecklenburg-Vorpommern
Glasin,800,53.916666666,11.733333333,Mecklenburg-Vorpommern
Carinerland,1281,53.983333333,11.733333333,Mecklenburg-Vorpommern
Lüdershagen,585,54.3,12.616666666,Mecklenburg-Vorpommern
Zinnowitz,4200,54.076388888,13.911388888,Mecklenburg-Vorpommern
Wokuhl-Dabelow,573,53.266666666,13.2,Mecklenburg-Vorpommern
Dersekow,1149,54.05,13.3,Mecklenburg-Vorpommern
Gustow,608,54.283333333,13.216666666,Mecklenburg-Vorpommern
Dummerstorf,7672,54.016666666,12.216666666,Mecklenburg-Vorpommern
Dragun,750,53.7,11.216666666,Mecklenburg-Vorpommern
Neu Poserin,478,53.55,12.166666666,Mecklenburg-Vorpommern
Dranske,1144,54.630833333,13.23,Mecklenburg-Vorpommern
Userin,679,53.338661111,12.98,Mecklenburg-Vorpommern
Groß Roge,584,53.783055555,12.5,Mecklenburg-Vorpommern
Kuchelmiß,647,53.683055555,12.366666666,Mecklenburg-Vorpommern
Heringsdorf,8240,53.954343,14.1672,Mecklenburg-Vorpommern
Göhren,1320,54.333333333,13.733333333,Mecklenburg-Vorpommern
Alt Sührkow,388,53.796388888,12.65,Mecklenburg-Vorpommern
Groß Kordshagen,308,54.333333333,12.85,Mecklenburg-Vorpommern
Carpin,812,53.356944444,13.243333333,Mecklenburg-Vorpommern
Schmatzin,290,53.916666666,13.55,Mecklenburg-Vorpommern
Teldau,899,53.316666666,10.8,Mecklenburg-Vorpommern
Hohenzieritz,454,53.443611111,13.098888888,Mecklenburg-Vorpommern
Zurow,1280,53.864166666,11.614444444,Mecklenburg-Vorpommern
Neu Bartelshagen,320,54.34379,12.86333,Mecklenburg-Vorpommern
Rögnitz,187,53.616666666,11.016666666,Mecklenburg-Vorpommern
Glowe,1036,54.570277777,13.468888888,Mecklenburg-Vorpommern
Cramonshagen,514,53.7,11.283333333,Mecklenburg-Vorpommern
Zölkow,748,53.566666666,11.816666666,Mecklenburg-Vorpommern
Kratzeburg,538,53.429380555,12.941380555,Mecklenburg-Vorpommern
Jatznick,2178,53.583333333,13.933333333,Mecklenburg-Vorpommern
Mustin,346,53.7,11.966666666,Mecklenburg-Vorpommern
Grünow,312,53.333333333,13.316666666,Mecklenburg-Vorpommern
Gägelow,2614,53.883333333,11.366666666,Mecklenburg-Vorpommern
Blumenholz,763,53.4167,13.1167,Mecklenburg-Vorpommern
Altenkirchen,921,54.636111111,13.343888888,Mecklenburg-Vorpommern
Wittenbeck,909,54.131111,11.791667,Mecklenburg-Vorpommern
Divitz-Spoldershagen,472,54.316666666,12.666666666,Mecklenburg-Vorpommern
Lüblow,563,53.4,11.45,Mecklenburg-Vorpommern
Friedrichsruhe,932,53.533333333,11.766666666,Mecklenburg-Vorpommern
Altefähr,1290,54.33,13.126388888,Mecklenburg-Vorpommern
Dobin am See,2069,53.733333333,11.533333333,Mecklenburg-Vorpommern
Neu Kosenow,470,53.8,13.75,Mecklenburg-Vorpommern
Plöwen,343,53.466694444,14.266694444,Mecklenburg-Vorpommern
Domsühl,1358,53.483333333,11.766666666,Mecklenburg-Vorpommern
Middelhagen,603,54.331,13.705,Mecklenburg-Vorpommern
Gransebieth,547,54.066666666,12.883333333,Mecklenburg-Vorpommern
Klausdorf,699,54.4,13.016666666,Mecklenburg-Vorpommern
Lancken-Granitz,487,54.366666666,13.633333333,Mecklenburg-Vorpommern
Altwigshagen,369,53.7,13.816666666,Mecklenburg-Vorpommern
Alt Krenzlin,761,53.317777777,11.308055555,Mecklenburg-Vorpommern
Grambow,650,53.616666666,11.266666666,Mecklenburg-Vorpommern
Altwarp,433,53.741111111,14.265277777,Mecklenburg-Vorpommern
Lüssow,835,54.283333333,13.033333333,Mecklenburg-Vorpommern
Alt Meteln,1177,53.75,11.333333333,Mecklenburg-Vorpommern
Prerow,1460,54.446944444,12.567777777,Mecklenburg-Vorpommern
Groß Laasch,953,53.333333333,11.55,Mecklenburg-Vorpommern
Züsow,298,53.916666666,11.666666666,Mecklenburg-Vorpommern
Lietzow,234,54.483333333,13.516666666,Mecklenburg-Vorpommern
Ahrenshoop,676,54.381388888,12.42,Mecklenburg-Vorpommern
Züssow,1293,53.966666666,13.55,Mecklenburg-Vorpommern
Schaprode,428,54.516666666,13.166666666,Mecklenburg-Vorpommern
Lindholz,632,54.05,12.7,Mecklenburg-Vorpommern
Gingst,1308,54.456666666,13.258055555,Mecklenburg-Vorpommern
Möllenbeck,745,53.389444444,13.342222222,Mecklenburg-Vorpommern
Poel,2536,54.0,11.433333333,Mecklenburg-Vorpommern
Groß Godems,396,53.366666666,11.8,Mecklenburg-Vorpommern
Graal-Müritz,4194,54.25,12.25,Mecklenburg-Vorpommern
Schönwalde,398,53.516666666,13.9,Mecklenburg-Vorpommern
Jakobsdorf,457,54.233333333,12.933333333,Mecklenburg-Vorpommern
Lübstorf,1496,53.716666666,11.416666666,Mecklenburg-Vorpommern
Demen,1129,53.633333333,11.766666666,Mecklenburg-Vorpommern
Godendorf,237,53.25,13.133333333,Mecklenburg-Vorpommern
Barnin,469,53.6,11.7,Mecklenburg-Vorpommern
Poseritz,965,54.3,13.2833,Mecklenburg-Vorpommern
Groß Molzahn,398,53.7341667,10.8711111,Mecklenburg-Vorpommern
Dobbin-Linstow,514,53.616666666,12.358055555,Mecklenburg-Vorpommern
Samtens,1990,54.354811111,13.293111111,Mecklenburg-Vorpommern
Alt Bukow,516,53.997222222,11.610277777,Mecklenburg-Vorpommern
Wittendörp,2895,53.533333333,11.066666666,Mecklenburg-Vorpommern
Siggelkow,844,53.383333333,11.933333333,Mecklenburg-Vorpommern
Dierhagen,1580,54.291388888,12.360555555,Mecklenburg-Vorpommern
Dobbertin,1064,53.633333333,12.066666666,Mecklenburg-Vorpommern
Baumgarten,777,53.816666666,11.883055555,Mecklenburg-Vorpommern
Klein Vielen,644,53.45,13.0333,Mecklenburg-Vorpommern
Langen Brütz,481,53.6575,11.5475,Mecklenburg-Vorpommern
Millienhagen-Oebelitz,325,54.183333333,12.816666666,Mecklenburg-Vorpommern
Mönkebude,760,53.766666666,13.966666666,Mecklenburg-Vorpommern
Spornitz,1215,53.4,11.716666666,Mecklenburg-Vorpommern
Groß Kiesow,1273,54.016666666,13.45,Mecklenburg-Vorpommern
Born a. Darß,1103,54.385833333,12.526666666,Mecklenburg-Vorpommern
Binz,5590,54.399841666,13.609980555,Mecklenburg-Vorpommern
Elmenhorst,722,54.216666666,13.066666666,Mecklenburg-Vorpommern
Hoppenrade,625,53.733055555,12.266666666,Mecklenburg-Vorpommern
Viereck,992,53.55,14.033333333,Mecklenburg-Vorpommern
Admannshagen-Bargeshagen,2871,54.116666666,11.983333333,Mecklenburg-Vorpommern
Alt Tellin,390,53.85,13.25,Mecklenburg-Vorpommern
Ahlbeck,587,53.666666666,14.183333333,Mecklenburg-Vorpommern
Satow,6146,53.983333333,11.9,Mecklenburg-Vorpommern
Techentin,669,53.583333333,11.983333333,Mecklenburg-Vorpommern
Gallin-Kuppentin,444,53.506944,12.143889,Mecklenburg-Vorpommern
Kritzow,458,53.45,12.133333333,Mecklenburg-Vorpommern
Bülow,323,53.583333333,11.766666666,Mecklenburg-Vorpommern
Pantelitz,916,54.3,12.966666666,Mecklenburg-Vorpommern
Finkenthal,309,53.95,12.766666666,Mecklenburg-Vorpommern
Levenhagen,417,54.08905,13.26891,Mecklenburg-Vorpommern
Groß Polzin,392,53.9,13.6,Mecklenburg-Vorpommern
Bentzin,898,53.946111111,13.273333333,Mecklenburg-Vorpommern
Neuburg,2163,53.95,11.583333333,Mecklenburg-Vorpommern
Kuhlen-Wendorf,806,53.683333333,11.633333333,Mecklenburg-Vorpommern
Dargen,584,53.883333333,14.066666666,Mecklenburg-Vorpommern
Krusenfelde,161,53.85,13.4,Mecklenburg-Vorpommern
Kreien,340,53.4,12.05,Mecklenburg-Vorpommern
Rambin,942,54.355,13.204444444,Mecklenburg-Vorpommern
Murchin,776,53.9,13.733333333,Mecklenburg-Vorpommern
Damshagen,1330,53.916666666,11.15,Mecklenburg-Vorpommern
Bandelin,547,53.966666666,13.383333333,Mecklenburg-Vorpommern
Groß Stieten,609,53.816666666,11.433333333,Mecklenburg-Vorpommern
Hohen Demzin,363,53.716666666,12.55,Mecklenburg-Vorpommern
Blowatz,1043,53.990278,11.535278,Mecklenburg-Vorpommern
Nadrensee,368,53.316666666,14.35,Mecklenburg-Vorpommern
Behrenhoff,842,54.016666666,13.4,Mecklenburg-Vorpommern
Lübs,335,53.733333333,13.883333333,Mecklenburg-Vorpommern
Lohme,459,54.583333333,13.6125,Mecklenburg-Vorpommern
Rüting,543,53.794722,11.22,Mecklenburg-Vorpommern
Wrangelsburg,239,54.016666666,13.6,Mecklenburg-Vorpommern
Rossin,169,53.769722222,13.705555555,Mecklenburg-Vorpommern
Roggentin,2731,54.071389,12.205556,Mecklenburg-Vorpommern
Dechow,183,53.716666666,10.916666666,Mecklenburg-Vorpommern
Groß Krams,178,53.316666666,11.266666666,Mecklenburg-Vorpommern
Rossow,442,53.466666666,14.116666666,Mecklenburg-Vorpommern
Lüdersdorf,5316,53.816666666,10.816666666,Mecklenburg-Vorpommern
Krusenhagen,599,53.95,11.516666666,Mecklenburg-Vorpommern
Görmin,879,53.991388888,13.27,Mecklenburg-Vorpommern
Dolgen am See,657,53.95,12.266666666,Mecklenburg-Vorpommern
Bargischow,292,53.833333333,13.75,Mecklenburg-Vorpommern
Poppendorf,717,54.133333333,12.3,Mecklenburg-Vorpommern
Mestlin,760,53.566666666,11.933333333,Mecklenburg-Vorpommern
Sukow-Levitzow,491,53.853055555,12.599722222,Mecklenburg-Vorpommern
Meiersberg,403,53.703333333,13.9425,Mecklenburg-Vorpommern
Jürgenshagen,1146,53.95,11.9,Mecklenburg-Vorpommern
Groß Luckow,196,53.533333333,13.833333333,Mecklenburg-Vorpommern
Grambin,426,53.75,14.0,Mecklenburg-Vorpommern
Iven,179,53.8,13.433333333,Mecklenburg-Vorpommern
Prebberede,768,53.916666666,12.483055555,Mecklenburg-Vorpommern
Groß Wüstenfelde,789,53.877222222,12.55,Mecklenburg-Vorpommern
Hornstorf,1275,53.916666666,11.516666666,Mecklenburg-Vorpommern
Eixen,725,54.166666666,12.716666666,Mecklenburg-Vorpommern
Blankenberg,382,53.766666666,11.716666666,Mecklenburg-Vorpommern
Wendorf,845,54.25,13.066666666,Mecklenburg-Vorpommern
Grebs-Niendorf,539,53.25,11.3,Mecklenburg-Vorpommern
Seehof,972,53.7,11.416666666,Mecklenburg-Vorpommern
Neu Boltenhagen,567,54.066666666,13.616666666,Mecklenburg-Vorpommern
Rothenklempenow,572,53.516666666,14.2,Mecklenburg-Vorpommern
Mühl Rosin,1118,53.760638888,12.207027777,Mecklenburg-Vorpommern
Sauzin,412,54.033333333,13.783333333,Mecklenburg-Vorpommern
Kramerhof,1993,54.35366,13.05412,Mecklenburg-Vorpommern
Trinwillershagen,1160,54.25,12.633333333,Mecklenburg-Vorpommern
Weitendorf,361,53.716666666,11.75,Mecklenburg-Vorpommern
Butzow,424,53.833333333,13.65,Mecklenburg-Vorpommern
Wittenförden,2476,53.616666666,11.316666666,Mecklenburg-Vorpommern
Karlshagen,3191,54.116944,13.831111,Mecklenburg-Vorpommern
Krembz,869,53.633333333,11.066666666,Mecklenburg-Vorpommern
Klein Trebbow,1081,53.7125,11.372777777,Mecklenburg-Vorpommern
Kenz-Küstrow,537,54.333333333,12.766666666,Mecklenburg-Vorpommern
Hanshagen,918,54.043055555,13.538888888,Mecklenburg-Vorpommern
Lützow,1564,53.633333333,11.166666666,Mecklenburg-Vorpommern
Fuhlendorf,814,54.360555555,12.602777777,Mecklenburg-Vorpommern
Sehlen,889,54.383333333,13.383333333,Mecklenburg-Vorpommern
Cambs,634,53.69716,11.52715,Mecklenburg-Vorpommern
Preetz,1022,54.350556,12.990556,Mecklenburg-Vorpommern
Wusterhusen,1068,54.116666666,13.616666666,Mecklenburg-Vorpommern
Stolpe auf Usedom,372,53.866666666,14.0,Mecklenburg-Vorpommern
Schlagsdorf,1258,53.7333,10.8333,Mecklenburg-Vorpommern
Roggenstorf,432,53.916666666,11.066666666,Mecklenburg-Vorpommern
Weitenhagen,227,54.233333333,12.783333333,Mecklenburg-Vorpommern
Bernitt,1640,53.898888888,11.883055555,Mecklenburg-Vorpommern
Kröslin,1712,54.116666666,13.766666666,Mecklenburg-Vorpommern
Rom,807,53.445,11.948611,Mecklenburg-Vorpommern
Mölschow,817,54.083333333,13.833333333,Mecklenburg-Vorpommern
Tramm,864,53.516666666,11.633333333,Mecklenburg-Vorpommern
Lubmin,2231,54.133333333,13.616666666,Mecklenburg-Vorpommern
Korswandt,596,53.916666666,14.166666666,Mecklenburg-Vorpommern
Klein Belitz,827,53.9382,11.96617,Mecklenburg-Vorpommern
Roduchelstorf,234,53.816666666,10.966666666,Mecklenburg-Vorpommern
Patzig,431,54.466666666,13.4,Mecklenburg-Vorpommern
Hohenkirchen,1191,53.916666666,11.316666666,Mecklenburg-Vorpommern
Tessin b. Boizenburg,389,53.4,10.85,Mecklenburg-Vorpommern
Kemnitz,1153,54.066666666,13.55,Mecklenburg-Vorpommern
Papenhagen,540,54.15,12.983333333,Mecklenburg-Vorpommern
Blesewitz,240,53.816666666,13.616666666,Mecklenburg-Vorpommern
Gülzow-Prüzen,1611,53.783055555,12.051388888,Mecklenburg-Vorpommern
Leopoldshagen,607,53.766666666,13.9,Mecklenburg-Vorpommern
Witzin,444,53.716666666,11.916666666,Mecklenburg-Vorpommern
Papendorf,2488,54.033333333,12.116666666,Mecklenburg-Vorpommern
Groß Wokern,1011,53.75,12.5,Mecklenburg-Vorpommern
Ralswiek,255,54.466666666,13.45,Mecklenburg-Vorpommern
Kobrow,397,53.683333333,11.8,Mecklenburg-Vorpommern
Gribow,138,53.94841,13.48932,Mecklenburg-Vorpommern
Rollwitz,886,53.466666666,13.983333333,Mecklenburg-Vorpommern
Kluis,407,54.468333,13.300278,Mecklenburg-Vorpommern
Hohen Viecheln,751,53.784666666,11.5105,Mecklenburg-Vorpommern
Rubkow,622,53.933333333,13.716666666,Mecklenburg-Vorpommern
Jesendorf,518,53.803888888,11.599444444,Mecklenburg-Vorpommern
Bugewitz,236,53.8,13.833333333,Mecklenburg-Vorpommern
Metelsdorf,510,53.853888888,11.433055555,Mecklenburg-Vorpommern
Klein Bünzow,682,53.933333333,13.633333333,Mecklenburg-Vorpommern
Mühlen Eichsen,1004,53.758055555,11.250555555,Mecklenburg-Vorpommern
Postlow,300,53.833333333,13.583333333,Mecklenburg-Vorpommern
Borrentin,787,53.816666666,12.966666666,Mecklenburg-Vorpommern
Koserow,1689,54.05,14.0,Mecklenburg-Vorpommern
Lalendorf,3537,53.751944444,12.388888888,Mecklenburg-Vorpommern
Splietsdorf,502,54.123333333,12.93,Mecklenburg-Vorpommern
Gottesgabe,764,53.630833,11.250278,Mecklenburg-Vorpommern
Granzin,372,53.5,11.933333333,Mecklenburg-Vorpommern
Sassen-Trantow,860,54.0,13.183333333,Mecklenburg-Vorpommern
Wackerow,1542,54.103611111,13.345277777,Mecklenburg-Vorpommern
Rühn,624,53.821388888,11.938888888,Mecklenburg-Vorpommern
Liepgarten,800,53.716666666,14.016666666,Mecklenburg-Vorpommern
Vielank,1259,53.216666666,11.116666666,Mecklenburg-Vorpommern
Hohen Sprenz,549,53.916666666,12.192777777,Mecklenburg-Vorpommern
Fahrenwalde,284,53.433333333,14.066666666,Mecklenburg-Vorpommern
Karlsburg,1846,53.966666666,13.616666666,Mecklenburg-Vorpommern
Lelkendorf,418,53.85,12.733055555,Mecklenburg-Vorpommern
Rubenow,739,54.1,13.716666666,Mecklenburg-Vorpommern
Börgerende-Rethwisch,1695,54.133333333,11.916666666,Mecklenburg-Vorpommern
Dahmen,454,53.661111111,12.581666666,Mecklenburg-Vorpommern
Schlemmin,289,54.233333333,12.683333333,Mecklenburg-Vorpommern
Gremersdorf-Buchholz,652,54.15,12.9,Mecklenburg-Vorpommern
Katzow,618,54.05,13.683333333,Mecklenburg-Vorpommern
Nieden,158,53.439444444,13.9225,Mecklenburg-Vorpommern
Grieben,165,53.841388888,11.048055555,Mecklenburg-Vorpommern
Selmsdorf,3226,53.866666666,10.866666666,Mecklenburg-Vorpommern
Völschow,514,53.866666666,13.316666666,Mecklenburg-Vorpommern
Leezen,2168,53.65,11.5,Mecklenburg-Vorpommern
Medow,504,53.833333333,13.55,Mecklenburg-Vorpommern
Buggenhagen,206,53.916666666,13.866666666,Mecklenburg-Vorpommern
Buschvitz,240,54.433333333,13.474444444,Mecklenburg-Vorpommern
Krien,680,53.833333333,13.45,Mecklenburg-Vorpommern
Thürkow,365,53.833055555,12.566666666,Mecklenburg-Vorpommern
Boock,587,53.493611,14.247222,Mecklenburg-Vorpommern
Bernstorf,369,53.816666666,11.116666666,Mecklenburg-Vorpommern
Warlow,486,53.344166666,11.406666666,Mecklenburg-Vorpommern
Steinhagen,2686,54.2255556,12.9872222,Mecklenburg-Vorpommern
Balow,309,53.266666666,11.716666666,Mecklenburg-Vorpommern
Belsch,218,53.316666666,11.183333333,Mecklenburg-Vorpommern
Königsfeld,959,53.75,11.0,Mecklenburg-Vorpommern
Bengerstorf,539,53.416666666,10.85,Mecklenburg-Vorpommern
Glasow,148,53.366666666,14.266666666,Mecklenburg-Vorpommern
Lübberstorf,235,53.866666666,11.716666666,Mecklenburg-Vorpommern
Testorf-Steinfort,643,53.766666666,11.266666666,Mecklenburg-Vorpommern
Upahl,1836,53.816666666,11.216666666,Mecklenburg-Vorpommern
Stubbendorf,164,54.083333333,12.55,Mecklenburg-Vorpommern
Vellahn,2788,53.4,10.966694444,Mecklenburg-Vorpommern
Dalkendorf,253,53.816666666,12.5,Mecklenburg-Vorpommern
Thulendorf,689,54.095555555,12.304722222,Mecklenburg-Vorpommern
Gallin,580,53.493530555,10.833161111,Mecklenburg-Vorpommern
Lohmen,820,53.683055555,12.089722222,Mecklenburg-Vorpommern
Schorssow,433,53.683055555,12.574722222,Mecklenburg-Vorpommern
Milow,366,53.196666666,11.536666666,Mecklenburg-Vorpommern
Niepars,2508,54.31447,12.92447,Mecklenburg-Vorpommern
Benz,650,53.916666666,11.583333333,Mecklenburg-Vorpommern
Vorbeck,383,53.9,12.05,Mecklenburg-Vorpommern
Perlin,378,53.587222222,11.173888888,Mecklenburg-Vorpommern
Hoort,598,53.483333333,11.36,Mecklenburg-Vorpommern
Pampow,3080,53.566666666,11.366666666,Mecklenburg-Vorpommern
Boiensdorf,500,54.016666666,11.566666666,Mecklenburg-Vorpommern
Brüsewitz,1938,53.666666666,11.25,Mecklenburg-Vorpommern
Hammer a. d. Uecker,453,53.583333333,13.966666666,Mecklenburg-Vorpommern
Bibow,352,53.766666666,11.616666666,Mecklenburg-Vorpommern
Kamminke,245,53.869166666,14.205833333,Mecklenburg-Vorpommern
Warnow,617,53.887222222,11.211388888,Mecklenburg-Vorpommern
Ramin,698,53.4138889,14.2916667,Mecklenburg-Vorpommern
Gnewitz,252,54.0788889,12.5133333,Mecklenburg-Vorpommern
Dümmer,1575,53.566666666,11.183333333,Mecklenburg-Vorpommern
Heinrichswalde,376,53.6167,13.7667,Mecklenburg-Vorpommern
Pingelshagen,550,53.6822222,11.3366667,Mecklenburg-Vorpommern
Bröbberow,689,53.964722222,12.052222222,Mecklenburg-Vorpommern
Malk Göhren,410,53.216666666,11.366666666,Mecklenburg-Vorpommern
Dettmannsdorf,1052,54.1,12.516666666,Mecklenburg-Vorpommern
Holthusen,995,53.55,11.35,Mecklenburg-Vorpommern
Behren-Lübchin,979,54.016666666,12.666666666,Mecklenburg-Vorpommern
Koblentz,218,53.5333,14.1333,Mecklenburg-Vorpommern
Pölchow,942,54.009722222,12.097222222,Mecklenburg-Vorpommern
Selpin,497,53.983333333,12.483333333,Mecklenburg-Vorpommern
Garz,283,53.883333333,14.166666666,Mecklenburg-Vorpommern
Brahlstorf,698,53.363889,10.954444,Mecklenburg-Vorpommern
Glasewitz,420,53.82,12.283055555,Mecklenburg-Vorpommern
Bresegard bei Eldena,200,53.247222222,11.369166666,Mecklenburg-Vorpommern
Uelitz,490,53.483305555,11.433305555,Mecklenburg-Vorpommern
Wiendorf,795,53.933888888,12.15,Mecklenburg-Vorpommern
Pritzier,438,53.379188888,11.078111111,Mecklenburg-Vorpommern
Strohkirchen,307,53.383333333,11.3,Mecklenburg-Vorpommern
Wilhelmsburg,724,53.633333333,13.85,Mecklenburg-Vorpommern
Trent,661,54.521944444,13.255555555,Mecklenburg-Vorpommern
Nustrow,178,54.016666666,12.6,Mecklenburg-Vorpommern
Sarmstorf,497,53.85,12.199722222,Mecklenburg-Vorpommern
Retschow,920,54.046111111,11.876111111,Mecklenburg-Vorpommern
Dersenow,475,53.3833,10.8833,Mecklenburg-Vorpommern
Malliß,1064,53.216666666,11.316666666,Mecklenburg-Vorpommern
Barnekow,595,53.866666666,11.366666666,Mecklenburg-Vorpommern
Brietzig,180,53.466666666,13.9,Mecklenburg-Vorpommern
Kassow,353,53.878333333,12.072222222,Mecklenburg-Vorpommern
Ventschow,765,53.766666666,11.566666666,Mecklenburg-Vorpommern
Steffenshagen,570,54.1,11.833333333,Mecklenburg-Vorpommern
Moraas,488,53.416666666,11.283333333,Mecklenburg-Vorpommern
Rankwitz,531,53.95,13.933333333,Mecklenburg-Vorpommern
Bastorf,1136,54.116666666,11.683333333,Mecklenburg-Vorpommern
Jördenstorf,1100,53.883055555,12.616666666,Mecklenburg-Vorpommern
Sülstorf,834,53.516666666,11.366666666,Mecklenburg-Vorpommern
Kuhstorf,708,53.383889,11.248889,Mecklenburg-Vorpommern
Thelkow,464,54.016666666,12.55,Mecklenburg-Vorpommern
Prohn,2143,54.366666666,13.016666666,Mecklenburg-Vorpommern
Karstädt,592,53.288333,11.488889,Mecklenburg-Vorpommern
Holdorf,410,53.733333333,11.066666666,Mecklenburg-Vorpommern
Penzin,134,53.913888888,11.926388888,Mecklenburg-Vorpommern
Grammow,157,54.033333333,12.616666666,Mecklenburg-Vorpommern
Lübow,1583,53.85,11.516666666,Mecklenburg-Vorpommern
Mönchhagen,1268,54.133333333,12.2,Mecklenburg-Vorpommern
Walkendorf,919,53.966666666,12.55,Mecklenburg-Vorpommern
Bobitz,2514,53.803611,11.360556,Mecklenburg-Vorpommern
Nostorf,1084,53.406538888,10.654061111,Mecklenburg-Vorpommern
Kuhs,313,53.866666666,12.233055555,Mecklenburg-Vorpommern
Mellenthin,456,53.916666666,14.016666666,Mecklenburg-Vorpommern
Göhlen,568,53.306667,11.366944,Mecklenburg-Vorpommern
Bentwisch,3575,54.113888888,12.203333333,Mecklenburg-Vorpommern
Gresse,700,53.4333,10.75,Mecklenburg-Vorpommern
Pokrent,660,53.646213,11.142943,Mecklenburg-Vorpommern
Besitz,452,53.35,10.866666666,Mecklenburg-Vorpommern
Wieck a. Darß,733,54.409722222,12.581944444,Mecklenburg-Vorpommern
Groß Schwiesow,305,53.85,12.093055555,Mecklenburg-Vorpommern
Broderstorf,3822,54.066666666,12.25,Mecklenburg-Vorpommern
Bresegard bei Picher,283,53.35,11.283333333,Mecklenburg-Vorpommern
Klein Upahl,230,53.716666666,12.066666666,Mecklenburg-Vorpommern
Rastow,2022,53.45,11.4333,Mecklenburg-Vorpommern
Blievenstorf,438,53.35,11.65,Mecklenburg-Vorpommern
Lambrechtshagen,2955,54.103055555,12.018055555,Mecklenburg-Vorpommern
Passee,184,53.966666666,11.766666666,Mecklenburg-Vorpommern
Hohenfelde,789,54.066666666,11.916666666,Mecklenburg-Vorpommern
Elmenhorst/Lichtenhagen,4144,54.133333333,12.016666666,Mecklenburg-Vorpommern
Löcknitz,3357,53.455,14.2125,Mecklenburg-Vorpommern
Luckow,561,53.706111,14.161667,Mecklenburg-Vorpommern
Warnkenhagen,310,53.84,12.447222222,Mecklenburg-Vorpommern
Saal,1394,54.316666666,12.5,Mecklenburg-Vorpommern
Reddelich,992,54.083333333,11.85,Mecklenburg-Vorpommern
Loddin,926,54.033333333,14.016666666,Mecklenburg-Vorpommern
Blankenhagen,1108,54.17,12.359166666,Mecklenburg-Vorpommern
Bergholz,310,53.433333333,14.166666666,Mecklenburg-Vorpommern
Neu Kaliß,1879,53.166694444,11.283305555,Mecklenburg-Vorpommern
Wiek,1005,54.622222222,13.289166666,Mecklenburg-Vorpommern
Picher,608,53.348055555,11.346111111,Mecklenburg-Vorpommern
Brenz,485,53.383611,11.665,Mecklenburg-Vorpommern
Brünzow,678,54.1,13.566666666,Mecklenburg-Vorpommern
Benitz,414,53.966666666,12.1,Mecklenburg-Vorpommern
Utecht,415,53.768055555,10.769722222,Mecklenburg-Vorpommern
Kritzmow,4015,54.05,12.05,Mecklenburg-Vorpommern
Redefin,535,53.35,11.2,Mecklenburg-Vorpommern
Stolpe an der Peene,275,53.866666666,13.566666666,Mecklenburg-Vorpommern
Vogelsang-Warsin,387,53.716666666,14.183333333,Mecklenburg-Vorpommern
Thandorf,192,53.758333333,10.825,Mecklenburg-Vorpommern
Reimershagen,392,53.666666666,12.183055555,Mecklenburg-Vorpommern
Rukieten,381,53.899444444,12.155277777,Mecklenburg-Vorpommern
Ducherow,2329,53.766666666,13.783333333,Mecklenburg-Vorpommern
Dreetz,190,53.783055555,11.966666666,Mecklenburg-Vorpommern
Stäbelow,1410,54.040555555,12.021666666,Mecklenburg-Vorpommern
Bartenshagen-Parkentin,1325,54.083333333,11.983333333,Mecklenburg-Vorpommern
Gutow,1020,53.763055555,12.133055555,Mecklenburg-Vorpommern
Pätow-Steegen,411,53.397777777,11.138333333,Mecklenburg-Vorpommern
Biendorf,1226,54.083333333,11.7,Mecklenburg-Vorpommern
Mistorf,641,53.883055555,12.15,Mecklenburg-Vorpommern
Toddin,919,53.416666666,11.116666666,Mecklenburg-Vorpommern
Kneese,334,53.6625,10.983889,Mecklenburg-Vorpommern
Warlitz,468,53.366666666,11.133333333,Mecklenburg-Vorpommern
Lewitzrand,1389,53.483333333,11.683333333,Mecklenburg-Vorpommern
Dambeck,285,53.244166666,11.766944444,Mecklenburg-Vorpommern
Ruhner Berge,1883,53.333333333,11.933333333,Mecklenburg-Vorpommern
Raben Steinfeld,1049,53.6,11.5,Mecklenburg-Vorpommern
Greven,752,53.466666666,10.8,Mecklenburg-Vorpommern
Wardow,1312,53.933055555,12.416666666,Mecklenburg-Vorpommern
Pinnow,2042,53.602222222,11.547222222,Mecklenburg-Vorpommern
Warsow,667,53.531666666,11.301944444,Mecklenburg-Vorpommern
Krackow,612,53.333333333,14.266666666,Mecklenburg-Vorpommern
Veelböken,667,53.748333333,11.183333333,Mecklenburg-Vorpommern
Klein Rogahn,1323,53.6,11.333333333,Mecklenburg-Vorpommern
Daberkow,345,53.833333333,13.3,Mecklenburg-Vorpommern
Brunow,311,53.266666666,11.8,Mecklenburg-Vorpommern
Neu Gülze,840,53.381667,10.787778,Mecklenburg-Vorpommern
Pudagla,491,53.968888888,14.067222222,Mecklenburg-Vorpommern
Mönchgut,1358,54.31,13.69,Mecklenburg-Vorpommern
Hülseburg,159,53.5,11.183333333,Mecklenburg-Vorpommern
Rieps,370,53.772777777,10.8675,Mecklenburg-Vorpommern
Carlow,1236,53.766666666,10.916666666,Mecklenburg-Vorpommern
Menzendorf,235,53.85,11.016666666,Mecklenburg-Vorpommern
Rothemühl,289,53.6,13.833305555,Mecklenburg-Vorpommern
Schildetal,773,53.616666666,11.133333333,Mecklenburg-Vorpommern
Muchow,270,53.316666666,11.666666666,Mecklenburg-Vorpommern
Borkow,434,53.663888888,11.952222222,Mecklenburg-Vorpommern
Breege,580,54.612222222,13.354444444,Mecklenburg-Vorpommern
Gehlsbach,527,53.38497222,12.11225,Mecklenburg-Vorpommern
Sukow,1569,53.55,11.566666666,Mecklenburg-Vorpommern
Lütow,440,54.016666666,13.883333333,Mecklenburg-Vorpommern
Boltenhagen,2430,53.988611111,11.200833333,Mecklenburg-Vorpommern
Tarnow,1103,53.783055555,12.016666666,Mecklenburg-Vorpommern
Kremmin,247,53.2491667,11.5994444,Mecklenburg-Vorpommern
Gorlosen,455,53.1833,11.4667,Mecklenburg-Vorpommern
Siemz-Niendorf,637,53.8125,10.91111111,Mecklenburg-Vorpommern
Karenz,226,53.229444444,11.344722222,Mecklenburg-Vorpommern
Hintersee,320,53.616666666,14.266666666,Mecklenburg-Vorpommern
Gelbensande,1912,54.203118841,12.302799225,Mecklenburg-Vorpommern
Löbnitz,595,54.3,12.716666666,Mecklenburg-Vorpommern
Schossin,243,53.533333333,11.216666666,Mecklenburg-Vorpommern
Eldena,1131,53.230631,11.421518,Mecklenburg-Vorpommern
Nienhagen,2171,54.166666666,11.966666666,Mecklenburg-Vorpommern
Wöbbelin,974,53.4,11.5,Mecklenburg-Vorpommern
Lübesse,697,53.483305555,11.466694444,Mecklenburg-Vorpommern
Stolpe,326,53.35,11.733333333,Mecklenburg-Vorpommern
Baabe,933,54.358888888,13.702222222,Mecklenburg-Vorpommern
Neetzow-Liepen,845,53.8833,13.4333,Mecklenburg-Vorpommern
Bobzin,258,53.48,11.1486111,Mecklenburg-Vorpommern
Sundhagen,5331,54.2,13.216666666,Mecklenburg-Vorpommern
Kogel,667,53.5,10.916666666,Mecklenburg-Vorpommern
Stepenitztal,1701,53.87055556,11.07833333,Mecklenburg-Vorpommern
Karin,438,54.0013,11.7617,Mecklenburg-Vorpommern
Schwanheide,710,53.4333,10.6833,Mecklenburg-Vorpommern
Kirch Jesar,669,53.444444444,11.270833333,Mecklenburg-Vorpommern
Eldetal,879,53.3,12.46666667,Mecklenburg-Vorpommern
Boldekow,636,53.723888888,13.593611111,Mecklenburg-Vorpommern
Plaaz,743,53.841388888,12.339722222,Mecklenburg-Vorpommern
Prislich,700,53.266666666,11.616666666,Mecklenburg-Vorpommern
Loissin,806,54.116666666,13.533333333,Mecklenburg-Vorpommern
Südmüritz,860,53.35,12.683333333,Mecklenburg-Vorpommern
Wendisch Baggendorf,544,54.083333333,12.95,Mecklenburg-Vorpommern
Kloster Tempzin,565,53.75694444,11.66666667,Mecklenburg-Vorpommern
Bandenitz,526,53.501461111,11.287430555,Mecklenburg-Vorpommern
Krummin,233,54.05,13.833333333,Mecklenburg-Vorpommern
Gammelin,473,53.5167,11.2333,Mecklenburg-Vorpommern
Ummanz,559,54.466666666,13.183333333,Mecklenburg-Vorpommern
Tutow,1013,53.9177778,13.2427778,Mecklenburg-Vorpommern
Rheinbach,27238,50.625619444,6.949111111,Nordrhein-Westfalen
Wiehl,25356,50.95,7.533333333,Nordrhein-Westfalen
Rheda-Wiedenbrück,49849,51.841666666,8.3,Nordrhein-Westfalen
Heinsberg,43620,51.063055555,6.096388888,Nordrhein-Westfalen
Königswinter,41642,50.683333333,7.183333333,Nordrhein-Westfalen
Bünde,45891,52.2,8.6,Nordrhein-Westfalen
Minden,83100,52.288333333,8.916666666,Nordrhein-Westfalen
Warstein,24464,51.45,8.366666666,Nordrhein-Westfalen
Marl,85001,51.666666666,7.116666666,Nordrhein-Westfalen
Fröndenberg/Ruhr,20450,51.471944444,7.765833333,Nordrhein-Westfalen
Kreuztal,31251,50.961666666,7.988055555,Nordrhein-Westfalen
Dormagen,65170,51.0964,6.84,Nordrhein-Westfalen
Dülmen,47937,51.830833333,7.278333333,Nordrhein-Westfalen
Arnsberg,74206,51.396666666,8.064444444,Nordrhein-Westfalen
Aachen,252769,50.776207,6.083788,Nordrhein-Westfalen
Winterberg,12792,51.195,8.53,Nordrhein-Westfalen
Mettmann,39197,51.25,6.966666666,Nordrhein-Westfalen
Detmold,74835,51.937777777,8.883333333,Nordrhein-Westfalen
Ahlen,53278,51.763333333,7.891111111,Nordrhein-Westfalen
Brühl,45515,50.833333333,6.9,Nordrhein-Westfalen
Schwerte,46571,51.445833333,7.565277777,Nordrhein-Westfalen
Warendorf,37847,51.953888888,7.993333333,Nordrhein-Westfalen
Gummersbach,51845,51.033333333,7.566666666,Nordrhein-Westfalen
Waldbröl,20081,50.878888888,7.615,Nordrhein-Westfalen
Schwelm,28711,51.29045,7.297180555,Nordrhein-Westfalen
Meckenheim,25031,50.633333333,7.016666666,Nordrhein-Westfalen
Hallenberg,4488,51.112,8.6216,Nordrhein-Westfalen
Erkelenz,44572,51.08,6.315555555,Nordrhein-Westfalen
Hückeswagen,14770,51.145,7.341666666,Nordrhein-Westfalen
Witten,95724,51.433333333,7.333333333,Nordrhein-Westfalen
Erkrath,43801,51.223888888,6.914722222,Nordrhein-Westfalen
Hückelhoven,41594,51.060833333,6.219722222,Nordrhein-Westfalen
Lünen,87266,51.616666666,7.516666666,Nordrhein-Westfalen
Kerpen,67627,50.871944444,6.696111111,Nordrhein-Westfalen
Euskirchen,60256,50.661277777,6.787255555,Nordrhein-Westfalen
Sprockhövel,24956,51.3614006,7.24401522,Nordrhein-Westfalen
Netphen,23430,50.914722222,8.1,Nordrhein-Westfalen
Wermelskirchen,34673,51.139180555,7.205119444,Nordrhein-Westfalen
Kleve,53458,51.79,6.14,Nordrhein-Westfalen
Hennef,48190,50.783333333,7.283333333,Nordrhein-Westfalen
Gevelsberg,31198,51.32645,7.3559,Nordrhein-Westfalen
Kamen,43001,51.591666666,7.665277777,Nordrhein-Westfalen
Breckerfeld,9120,51.261111111,7.466666666,Nordrhein-Westfalen
Monheim am Rhein,43524,51.1,6.9,Nordrhein-Westfalen
Rüthen,11049,51.493333333,8.433333333,Nordrhein-Westfalen
Nettetal,43425,51.316666666,6.283333333,Nordrhein-Westfalen
Bonn,335789,50.735277777,7.102222222,Nordrhein-Westfalen
Grevenbroich,64588,51.088333333,6.5875,Nordrhein-Westfalen
Iserlohn,92404,51.383333333,7.666666666,Nordrhein-Westfalen
Lennestadt,25275,51.123611111,8.068055555,Nordrhein-Westfalen
Rheine,77209,52.283333333,7.433333333,Nordrhein-Westfalen
Velbert,82462,51.340048,7.041629,Nordrhein-Westfalen
Herten,62204,51.6,7.133333333,Nordrhein-Westfalen
Gladbeck,75799,51.57134,6.98267,Nordrhein-Westfalen
Radevormwald,22159,51.2,7.35,Nordrhein-Westfalen
Medebach,8108,51.197222222,8.706944444,Nordrhein-Westfalen
Dinslaken,67949,51.566666666,6.733333333,Nordrhein-Westfalen
Bocholt,72409,51.833333333,6.616666666,Nordrhein-Westfalen
Frechen,53128,50.916666666,6.816666666,Nordrhein-Westfalen
Olsberg,14481,51.35,8.483333333,Nordrhein-Westfalen
Werl,30938,51.552777777,7.913888888,Nordrhein-Westfalen
Geseke,21749,51.639722222,8.508611111,Nordrhein-Westfalen
Hilchenbach,14714,50.998333333,8.109444444,Nordrhein-Westfalen
Bad Laasphe,13504,50.930277777,8.416666666,Nordrhein-Westfalen
Wetter (Ruhr),27450,51.38374,7.390736,Nordrhein-Westfalen
Warburg,23336,51.488055555,9.14,Nordrhein-Westfalen
Herdecke,22665,51.4,7.433333333,Nordrhein-Westfalen
Borken,43589,51.843888888,6.858333333,Nordrhein-Westfalen
Castrop-Rauxel,74370,51.55,7.316666666,Nordrhein-Westfalen
Wipperfürth,21059,51.116666666,7.4,Nordrhein-Westfalen
Niederkassel,39424,50.816666666,7.033333333,Nordrhein-Westfalen
Gütersloh,102464,51.9,8.383333333,Nordrhein-Westfalen
Werne,29868,51.662669444,7.635530555,Nordrhein-Westfalen
Bergheim,62172,50.954061111,6.641238888,Nordrhein-Westfalen
Dortmund,595471,51.513888888,7.465277777,Nordrhein-Westfalen
Wesel,61277,51.658611111,6.617777777,Nordrhein-Westfalen
Steinfurt,35456,52.15045,7.33664,Nordrhein-Westfalen
Lippstadt,72804,51.666666666,8.35,Nordrhein-Westfalen
Troisdorf,76503,50.816111111,7.155555555,Nordrhein-Westfalen
Viersen,79250,51.25557,6.39168,Nordrhein-Westfalen
Meschede,29988,51.350277777,8.283611111,Nordrhein-Westfalen
Coesfeld,37259,51.945833333,7.1675,Nordrhein-Westfalen
Bergisch Gladbach,112660,50.991666666,7.136666666,Nordrhein-Westfalen
Hemer,33916,51.383333333,7.766666666,Nordrhein-Westfalen
Selm,26767,51.683333333,7.483333333,Nordrhein-Westfalen
Siegen,102114,50.875555555,8.016666666,Nordrhein-Westfalen
Düren,93323,50.8031684,6.4820806,Nordrhein-Westfalen
Löhne,40162,52.2,8.7,Nordrhein-Westfalen
Lohmar,30894,50.841480555,7.2166,Nordrhein-Westfalen
Olpe,24961,51.029444444,7.843888888,Nordrhein-Westfalen
Bornheim,49074,50.759166666,7.005,Nordrhein-Westfalen
Marsberg,19704,51.46,8.855555555,Nordrhein-Westfalen
Recklinghausen,111693,51.616666666,7.2,Nordrhein-Westfalen
Freudenberg,17738,50.8975,7.874166666,Nordrhein-Westfalen
Erwitte,16484,51.616666666,8.349722222,Nordrhein-Westfalen
Sundern,27783,51.316666666,8.0,Nordrhein-Westfalen
Ennepetal,30502,51.302119444,7.3425,Nordrhein-Westfalen
Ahaus,40580,52.07936,7.01344,Nordrhein-Westfalen
Attendorn,24452,51.12645,7.90333,Nordrhein-Westfalen
Lüdenscheid,71463,51.21977,7.6273,Nordrhein-Westfalen
Kaarst,44208,51.22785,6.627330555,Nordrhein-Westfalen
Drolshagen,11766,51.02375,7.777194444,Nordrhein-Westfalen
Bad Berleburg,18833,51.049722222,8.4,Nordrhein-Westfalen
Ratingen,87513,51.3,6.85,Nordrhein-Westfalen
Höxter,28749,51.766666666,9.366666666,Nordrhein-Westfalen
Neuss,155163,51.200277777,6.693888888,Nordrhein-Westfalen
Lemgo,40531,52.027680555,8.9043,Nordrhein-Westfalen
Siegburg,42025,50.801388888,7.204444444,Nordrhein-Westfalen
Moers,105606,51.459166666,6.619722222,Nordrhein-Westfalen
Bad Honnef,26025,50.645,7.226944444,Nordrhein-Westfalen
Alsdorf,48518,50.874361111,6.161527777,Nordrhein-Westfalen
Bad Oeynhausen,49566,52.2,8.8,Nordrhein-Westfalen
Unna,60223,51.534722222,7.688888888,Nordrhein-Westfalen
Herzogenrath,47071,50.866666666,6.1,Nordrhein-Westfalen
Gronau,50151,52.2125,7.041666666,Nordrhein-Westfalen
Dorsten,76842,51.66,6.964166666,Nordrhein-Westfalen
Paderborn,155749,51.716666666,8.766666666,Nordrhein-Westfalen
Bergneustadt,18621,51.020833333,7.648055555,Nordrhein-Westfalen
Herford,67265,52.114569444,8.673430555,Nordrhein-Westfalen
Köln,1024621,50.942222222,6.957777777,Nordrhein-Westfalen
Soest,48250,51.571111111,8.109166666,Nordrhein-Westfalen
Vlotho,18403,52.166666666,8.849722222,Nordrhein-Westfalen
Straelen,16544,51.45,6.266666666,Nordrhein-Westfalen
Hilden,55689,51.171388888,6.939444444,Nordrhein-Westfalen
Olfen,13298,51.708611111,7.38,Nordrhein-Westfalen
Willich,50212,51.263055555,6.549166666,Nordrhein-Westfalen
Leverkusen,166414,51.033333333,6.983333333,Nordrhein-Westfalen
Oer-Erkenschwick,31404,51.642222222,7.250833333,Nordrhein-Westfalen
Duisburg,500810,51.432222222,6.761111111,Nordrhein-Westfalen
Bergkamen,49475,51.616666666,7.633333333,Nordrhein-Westfalen
Xanten,21776,51.662222222,6.453888888,Nordrhein-Westfalen
Hamminkeln,27450,51.731944444,6.590833333,Nordrhein-Westfalen
Solingen,161545,51.171944444,7.084722222,Nordrhein-Westfalen
Bad Lippspringe,16884,51.783333333,8.816666666,Nordrhein-Westfalen
Goch,35520,51.683888888,6.161944444,Nordrhein-Westfalen
Hattingen,54620,51.399166666,7.185833333,Nordrhein-Westfalen
Langenfeld,59908,51.116666666,6.95,Nordrhein-Westfalen
Lichtenau,10940,51.615833333,8.894722222,Nordrhein-Westfalen
Meerbusch,57440,51.266666666,6.666666666,Nordrhein-Westfalen
Salzkotten,25283,51.670833333,8.604722222,Nordrhein-Westfalen
Bielefeld,338410,52.016666666,8.533333333,Nordrhein-Westfalen
Sendenhorst,13760,51.843888888,7.827777777,Nordrhein-Westfalen
Drensteinfurt,15865,51.794444444,7.739166666,Nordrhein-Westfalen
Hagen,190384,51.359444444,7.475,Nordrhein-Westfalen
Lage,35311,51.983333333,8.8,Nordrhein-Westfalen
Datteln,35200,51.653888888,7.341666666,Nordrhein-Westfalen
Bottrop,118705,51.52325,6.925269444,Nordrhein-Westfalen
Waltrop,29586,51.623611111,7.397222222,Nordrhein-Westfalen
Münster,322904,51.9625,7.625555555,Nordrhein-Westfalen
Horstmar,7605,52.080555555,7.308333333,Nordrhein-Westfalen
Porta Westfalica,36300,52.2401,8.921372222,Nordrhein-Westfalen
Tönisvorst,29331,51.320833333,6.493055555,Nordrhein-Westfalen
Erftstadt,50018,50.816666666,6.766666666,Nordrhein-Westfalen
Wülfrath,21009,51.283333333,7.033333333,Nordrhein-Westfalen
Blomberg,15417,51.933055555,9.083055555,Nordrhein-Westfalen
Würselen,38750,50.824722222,6.1275,Nordrhein-Westfalen
Eschweiler,56132,50.816666666,6.283333333,Nordrhein-Westfalen
Emsdetten,36556,52.172777777,7.534444444,Nordrhein-Westfalen
Delbrück,32874,51.766666666,8.566666666,Nordrhein-Westfalen
Hürth,61252,50.8775,6.876111111,Nordrhein-Westfalen
Elsdorf,21993,50.933333333,6.566666666,Nordrhein-Westfalen
Spenge,14389,52.133055555,8.483055555,Nordrhein-Westfalen
Hamm,180761,51.681388888,7.819166666,Nordrhein-Westfalen
Mönchengladbach,268943,51.2,6.433333333,Nordrhein-Westfalen
Essen,586608,51.450833333,7.013055555,Nordrhein-Westfalen
Tecklenburg,9398,52.219444444,7.8125,Nordrhein-Westfalen
Enger,20724,52.133333333,8.566666666,Nordrhein-Westfalen
Lüdinghausen,25306,51.768055555,7.444444444,Nordrhein-Westfalen
Gelsenkirchen,265885,51.510277777,7.094166666,Nordrhein-Westfalen
Jülich,33359,50.922222222,6.358333333,Nordrhein-Westfalen
Herne,157896,51.54258,7.21897,Nordrhein-Westfalen
Haltern am See,38033,51.75,7.183333333,Nordrhein-Westfalen
Stolberg,56584,50.766666666,6.233333333,Nordrhein-Westfalen
Balve,11108,51.333333333,7.866666666,Nordrhein-Westfalen
Bochum,366385,51.483333333,7.216666666,Nordrhein-Westfalen
Preußisch Oldendorf,12456,52.283333333,8.5,Nordrhein-Westfalen
Rahden,15859,52.432777777,8.613333333,Nordrhein-Westfalen
Krefeld,228550,51.333333333,6.566666666,Nordrhein-Westfalen
Hörstel,21049,52.297222222,7.586111111,Nordrhein-Westfalen
Bad Wünnenberg,12546,51.516666666,8.7,Nordrhein-Westfalen
Menden (Sauerland),52177,51.433333333,7.8,Nordrhein-Westfalen
Sankt Augustin,56692,50.77,7.186666666,Nordrhein-Westfalen
Haan,30558,51.1954956,7.0085328,Nordrhein-Westfalen
Ennigerloh,19812,51.836666666,8.025555555,Nordrhein-Westfalen
Heiligenhaus,26590,51.3265,6.971,Nordrhein-Westfalen
Greven,38321,52.091666666,7.608333333,Nordrhein-Westfalen
Werther (Westf.),11193,52.075,8.4125,Nordrhein-Westfalen
Kempen,34888,51.365833333,6.419444444,Nordrhein-Westfalen
Büren,21524,51.55,8.566666666,Nordrhein-Westfalen
Neukirchen-Vluyn,28110,51.441666666,6.558333333,Nordrhein-Westfalen
Voerde,36282,51.6,6.683333333,Nordrhein-Westfalen
Oberhausen,211099,51.4699,6.8514,Nordrhein-Westfalen
Mechernich,28900,50.6,6.65,Nordrhein-Westfalen
Ochtrup,20392,52.205555555,7.190277777,Nordrhein-Westfalen
Schieder-Schwalenberg,8276,51.883055555,9.183055555,Nordrhein-Westfalen
Wuppertal,358938,51.266666666,7.183333333,Nordrhein-Westfalen
Sassenberg,14566,51.989722222,8.040833333,Nordrhein-Westfalen
Korschenbroich,34324,51.183333333,6.516666666,Nordrhein-Westfalen
Lübbecke,26161,52.308055555,8.623055555,Nordrhein-Westfalen
Espelkamp,25294,52.377222222,8.632777777,Nordrhein-Westfalen
Pulheim,56150,51.0,6.8,Nordrhein-Westfalen
Ibbenbüren,52688,52.277777777,7.716666666,Nordrhein-Westfalen
Oelde,29783,51.825833333,8.143611111,Nordrhein-Westfalen
Rheinberg,31096,51.546666666,6.600555555,Nordrhein-Westfalen
Bad Salzuflen,54585,52.083333333,8.746666666,Nordrhein-Westfalen
Lengerich,23067,52.189722222,7.8525,Nordrhein-Westfalen
Beckum,37452,51.755833333,8.040833333,Nordrhein-Westfalen
Kamp-Lintfort,38731,51.5,6.533333333,Nordrhein-Westfalen
Geldern,34604,51.519722222,6.3325,Nordrhein-Westfalen
Emmerich am Rhein,32157,51.835,6.245277777,Nordrhein-Westfalen
Billerbeck,11790,51.979166666,7.295,Nordrhein-Westfalen
Düsseldorf,631217,51.225555555,6.776666666,Nordrhein-Westfalen
Remscheid,112970,51.1798706,7.1943544,Nordrhein-Westfalen
Wesseling,38355,50.82075,6.9786,Nordrhein-Westfalen
Telgte,20301,51.981944444,7.785555555,Nordrhein-Westfalen
Petershagen,25226,52.383333333,8.966666666,Nordrhein-Westfalen
Mülheim an der Ruhr,173255,51.4275,6.8825,Nordrhein-Westfalen
Halver,16284,51.1834,7.5027,Nordrhein-Westfalen
Wassenberg,19541,51.1,6.15,Nordrhein-Westfalen
Bad Münstereifel,17568,50.553055555,6.766111111,Nordrhein-Westfalen
Borgentreich,8673,51.569169444,9.241130555,Nordrhein-Westfalen
Isselburg,11260,51.833055555,6.466666666,Nordrhein-Westfalen
Horn-Bad Meinberg,17329,51.883333333,8.966666666,Nordrhein-Westfalen
Halle (Westf.),22198,52.060833333,8.359722222,Nordrhein-Westfalen
Schloß Holte-Stukenbrock,27520,51.883333333,8.616666666,Nordrhein-Westfalen
Baesweiler,28005,50.90615,6.18735,Nordrhein-Westfalen
Wegberg,27305,51.133333333,6.266666666,Nordrhein-Westfalen
Verl,25691,51.883055555,8.516666666,Nordrhein-Westfalen
Schmallenberg,24970,51.153611111,8.285277777,Nordrhein-Westfalen
Heimbach,4349,50.633055555,6.483055555,Nordrhein-Westfalen
Kalkar,14199,51.738888888,6.2925,Nordrhein-Westfalen
Overath,27489,50.932777777,7.283888888,Nordrhein-Westfalen
Schleiden,13233,50.533055555,6.466666666,Nordrhein-Westfalen
Beverungen,13277,51.662777777,9.3725,Nordrhein-Westfalen
Gescher,17467,51.956944444,7.005555555,Nordrhein-Westfalen
Geilenkirchen,28399,50.965277777,6.119444444,Nordrhein-Westfalen
Lügde,9298,51.9576,9.248,Nordrhein-Westfalen
Willebadessen,8297,51.625,9.030555555,Nordrhein-Westfalen
Rösrath,29206,50.9,7.183333333,Nordrhein-Westfalen
Kevelaer,28466,51.583333333,6.25,Nordrhein-Westfalen
Plettenberg,24788,51.212761111,7.871519444,Nordrhein-Westfalen
Werdohl,17762,51.256269444,7.756169444,Nordrhein-Westfalen
Zülpich,21375,50.7,6.65,Nordrhein-Westfalen
Versmold,22242,52.043611111,8.15,Nordrhein-Westfalen
Stadtlohn,20791,51.9925,6.915,Nordrhein-Westfalen
Übach-Palenberg,24354,50.919722222,6.119444444,Nordrhein-Westfalen
Rhede,19837,51.833333333,6.700555555,Nordrhein-Westfalen
Harsewinkel,26126,51.966666666,8.233055555,Nordrhein-Westfalen
Steinheim,12643,51.865833333,9.094444444,Nordrhein-Westfalen
Nideggen,10397,50.7,6.483333333,Nordrhein-Westfalen
Brakel,16310,51.716666666,9.183333333,Nordrhein-Westfalen
Leichlingen,28202,51.116666666,7.016666666,Nordrhein-Westfalen
Nieheim,6189,51.799722222,9.109722222,Nordrhein-Westfalen
Monschau,11895,50.55,6.25,Nordrhein-Westfalen
Brilon,25624,51.395555555,8.567777777,Nordrhein-Westfalen
Linnich,13056,50.978888888,6.267777777,Nordrhein-Westfalen
Barntrup,8522,51.9935,9.1206,Nordrhein-Westfalen
Burscheid,19005,51.085555555,7.113611111,Nordrhein-Westfalen
Meinerzhagen,20653,51.106111111,7.640277777,Nordrhein-Westfalen
Neuenrade,11835,51.283888888,7.78,Nordrhein-Westfalen
Rietberg,30461,51.8,8.433333333,Nordrhein-Westfalen
Bad Driburg,19496,51.733333333,9.016666666,Nordrhein-Westfalen
Oerlinghausen,17287,51.966666666,8.666666666,Nordrhein-Westfalen
Kierspe,16320,51.133333333,7.566666666,Nordrhein-Westfalen
Bedburg,24645,51.0,6.5625,Nordrhein-Westfalen
Jüchen,24141,51.101111111,6.501666666,Nordrhein-Westfalen
Velen,13381,51.893888888,6.989722222,Nordrhein-Westfalen
Vreden,23265,52.033055555,6.833055555,Nordrhein-Westfalen
Altena,16315,51.3,7.666666666,Nordrhein-Westfalen
Marienmünster,4913,51.816666666,9.183055555,Nordrhein-Westfalen
Borgholzhausen,9252,52.1,8.3,Nordrhein-Westfalen
Rees,21452,51.7625,6.397777777,Nordrhein-Westfalen
Kreuzau,17756,50.746988888,6.490688888,Nordrhein-Westfalen
Herscheid,6917,51.177222222,7.745833333,Nordrhein-Westfalen
Hürtgenwald,8993,50.717222222,6.379722222,Nordrhein-Westfalen
Langenberg,8767,51.783055555,8.316666666,Nordrhein-Westfalen
Ladbergen,7036,52.136666666,7.737222222,Nordrhein-Westfalen
Aldenhoven,14231,50.895833333,6.283055555,Nordrhein-Westfalen
Alfter,23949,50.735555555,7.009166666,Nordrhein-Westfalen
Wickede,13213,51.496388888,7.865833333,Nordrhein-Westfalen
Legden,7614,52.033055555,7.099722222,Nordrhein-Westfalen
Rödinghausen,9889,52.255,8.481666666,Nordrhein-Westfalen
Reken,15488,51.833333333,7.044444444,Nordrhein-Westfalen
Sonsbeck,8688,51.608888888,6.376944444,Nordrhein-Westfalen
Neunkirchen,12909,50.786111111,8.005555555,Nordrhein-Westfalen
Eitorf,19269,50.769722222,7.451666666,Nordrhein-Westfalen
Niederkrüchten,15284,51.198888888,6.219444444,Nordrhein-Westfalen
Wilnsdorf,19942,50.816666666,8.1,Nordrhein-Westfalen
Eslohe (Sauerland),8953,51.25,8.166666666,Nordrhein-Westfalen
Heiden,8603,51.825833333,6.933055555,Nordrhein-Westfalen
Issum,12391,51.538888888,6.423611111,Nordrhein-Westfalen
Morsbach,10262,50.866666666,7.716666666,Nordrhein-Westfalen
Dahlem,4457,50.383055555,6.549722222,Nordrhein-Westfalen
Bönen,18239,51.598611111,7.759166666,Nordrhein-Westfalen
Hiddenhausen,19896,52.166666666,8.616666666,Nordrhein-Westfalen
Brüggen,16178,51.241666666,6.182222222,Nordrhein-Westfalen
Much,14953,50.916666666,7.4,Nordrhein-Westfalen
Heek,8788,52.116666666,7.099722222,Nordrhein-Westfalen
Lindlar,21836,51.016666666,7.383333333,Nordrhein-Westfalen
Saerbeck,7102,52.175,7.633333333,Nordrhein-Westfalen
Wachtendonk,8292,51.409166666,6.337777777,Nordrhein-Westfalen
Beelen,6217,51.929166666,8.118055555,Nordrhein-Westfalen
Kerken,12860,51.457222222,6.373888888,Nordrhein-Westfalen
Schlangen,9391,51.816666666,8.833055555,Nordrhein-Westfalen
Westerkappeln,11464,52.315277777,7.880555555,Nordrhein-Westfalen
Gangelt,13388,50.983055555,6.0,Nordrhein-Westfalen
Schwalmtal,19248,51.2225,6.2625,Nordrhein-Westfalen
Nachrodt-Wiblingwerde,6418,51.3375,7.635555555,Nordrhein-Westfalen
Augustdorf,10314,51.90944,8.73173,Nordrhein-Westfalen
Finnentrop,16872,51.173055555,7.9725,Nordrhein-Westfalen
Havixbeck,12215,51.977777777,7.416666666,Nordrhein-Westfalen
Neunkirchen-Seelscheid,20305,50.866666666,7.333333333,Nordrhein-Westfalen
Ascheberg,16012,51.788888888,7.62,Nordrhein-Westfalen
Hopsten,7843,52.380555555,7.6,Nordrhein-Westfalen
Roetgen,8765,50.65,6.2,Nordrhein-Westfalen
Lienen,8827,52.146111111,7.973888888,Nordrhein-Westfalen
Wettringen,8350,52.208333333,7.316666666,Nordrhein-Westfalen
Hellenthal,8013,50.483055555,6.433055555,Nordrhein-Westfalen
Hünxe,13980,51.641666666,6.767222222,Nordrhein-Westfalen
Weeze,11563,51.626666666,6.196666666,Nordrhein-Westfalen
Altenbeken,9190,51.766666666,8.933333333,Nordrhein-Westfalen
Ense,12398,51.502097,7.970325,Nordrhein-Westfalen
Leopoldshöhe,16658,52.0167,8.7,Nordrhein-Westfalen
Wenden,19604,50.966666666,7.866666666,Nordrhein-Westfalen
Waldfeucht,9257,51.066666666,5.983055555,Nordrhein-Westfalen
Kirchlengern,16517,52.2,8.633055555,Nordrhein-Westfalen
Neuenkirchen,14096,52.241111111,7.368888888,Nordrhein-Westfalen
Schalksmühle,10219,51.240277777,7.533333333,Nordrhein-Westfalen
Vettweiß,9952,50.738888888,6.597222222,Nordrhein-Westfalen
Merzenich,10409,50.82616,6.52665,Nordrhein-Westfalen
Inden,7608,50.846666666,6.357777777,Nordrhein-Westfalen
Lotte,14476,52.276388888,7.916666666,Nordrhein-Westfalen
Reichshof,18728,50.966666666,7.7,Nordrhein-Westfalen
Stemwede,13314,52.416666666,8.433333333,Nordrhein-Westfalen
Nümbrecht,17700,50.905277777,7.542222222,Nordrhein-Westfalen
Titz,8886,51.00619,6.42477,Nordrhein-Westfalen
Simmerath,15955,50.6,6.299722222,Nordrhein-Westfalen
Erndtebrück,6973,50.988888888,8.255555555,Nordrhein-Westfalen
Raesfeld,11859,51.766666666,6.833333333,Nordrhein-Westfalen
Alpen,12870,51.575,6.5125,Nordrhein-Westfalen
Windeck,19254,50.8,7.566666666,Nordrhein-Westfalen
Nordwalde,9853,52.083333333,7.483333333,Nordrhein-Westfalen
Uedem,8454,51.6675,6.275,Nordrhein-Westfalen
Nordkirchen,10534,51.738055555,7.525555555,Nordrhein-Westfalen
Kalletal,13391,52.116666666,8.949722222,Nordrhein-Westfalen
Kürten,20158,51.05,7.26667,Nordrhein-Westfalen
Nörvenich,11387,50.8,6.65,Nordrhein-Westfalen
Schöppingen,6807,52.1,7.233055555,Nordrhein-Westfalen
Wadersloh,12927,51.738611111,8.251388888,Nordrhein-Westfalen
Borchen,13706,51.666666666,8.733333333,Nordrhein-Westfalen
Ostbevern,11690,52.038888888,7.845833333,Nordrhein-Westfalen
Grefrath,15069,51.336280555,6.340761111,Nordrhein-Westfalen
Welver,11976,51.616666666,7.958333333,Nordrhein-Westfalen
Ruppichteroth,10619,50.845555555,7.488055555,Nordrhein-Westfalen
Herzebrock-Clarholz,16290,51.883333333,8.233333333,Nordrhein-Westfalen
Kirchhundem,11402,51.086111111,8.09,Nordrhein-Westfalen
Rommerskirchen,13688,51.034722222,6.691388888,Nordrhein-Westfalen
Metelen,6577,52.144444444,7.211944444,Nordrhein-Westfalen
Swisttal,18780,50.717777777,6.920277777,Nordrhein-Westfalen
Kall,11089,50.549722222,6.549722222,Nordrhein-Westfalen
Hille,15731,52.333055555,8.75,Nordrhein-Westfalen
Hüllhorst,13189,52.283333333,8.666666666,Nordrhein-Westfalen
Mettingen,12041,52.316666666,7.780555555,Nordrhein-Westfalen
Bad Sassendorf,12528,51.583055555,8.166666666,Nordrhein-Westfalen
Bestwig,10677,51.366666666,8.4,Nordrhein-Westfalen
Lippetal,12075,51.649722222,8.083055555,Nordrhein-Westfalen
Extertal,10954,52.066666666,9.116666666,Nordrhein-Westfalen
Südlohn,9738,51.943611111,6.866388888,Nordrhein-Westfalen
Dörentrup,7682,52.033055555,9.0,Nordrhein-Westfalen
Wachtberg,20670,50.624166666,7.132222222,Nordrhein-Westfalen
Everswinkel,9797,51.925,7.847777777,Nordrhein-Westfalen
Holzwickede,17587,51.5,7.616666666,Nordrhein-Westfalen
Blankenheim,8435,50.433055555,6.65,Nordrhein-Westfalen
Nettersheim,8676,50.4925,6.629722222,Nordrhein-Westfalen
Altenberge,10438,52.045833333,7.465277777,Nordrhein-Westfalen
Recke,11410,52.37,7.718888888,Nordrhein-Westfalen
Langerwehe,15030,50.814722222,6.361666666,Nordrhein-Westfalen
Niederzier,14493,50.883055555,6.466666666,Nordrhein-Westfalen
Rosendahl,10897,52.017222222,7.210555555,Nordrhein-Westfalen
Odenthal,15385,51.033333333,7.116666666,Nordrhein-Westfalen
Schermbeck,13565,51.695,6.875555555,Nordrhein-Westfalen
Marienheide,13681,51.083333333,7.533333333,Nordrhein-Westfalen
Rheurdt,6544,51.466666666,6.466666666,Nordrhein-Westfalen
Laer,6930,52.0539793,7.3602241,Nordrhein-Westfalen
Möhnesee,12106,51.495833333,8.130555555,Nordrhein-Westfalen
Anröchte,10397,51.566666666,8.333333333,Nordrhein-Westfalen
Engelskirchen,19637,50.983333333,7.416666666,Nordrhein-Westfalen
Senden,20991,51.857222222,7.482777777,Nordrhein-Westfalen
Weilerswist,17826,50.7525,6.837777777,Nordrhein-Westfalen
Steinhagen,20885,52.005,8.414722222,Nordrhein-Westfalen
Nottuln,19921,51.927777777,7.354166666,Nordrhein-Westfalen
Burbach,15217,50.744444444,8.086111111,Nordrhein-Westfalen
Bedburg-Hau,13607,51.766666666,6.183333333,Nordrhein-Westfalen
Kranenburg,11380,51.789722222,6.007222222,Nordrhein-Westfalen
Hövelhof,16704,51.816666666,8.65,Nordrhein-Westfalen
Selfkant,10626,51.016666666,5.916666666,Nordrhein-Westfalen
Braunschweig,252066,52.269166666,10.521111111,Niedersachsen
Osterholz-Scharmbeck,30717,53.226944444,8.794722222,Niedersachsen
Bremervörde,19023,53.483333333,9.133333333,Niedersachsen
Stadthagen,22924,52.324722222,9.206944444,Niedersachsen
Ronnenberg,24505,52.319444444,9.655555555,Niedersachsen
Pattensen,14678,52.26448,9.76436,Niedersachsen
Varel,24335,53.396944444,8.136111111,Niedersachsen
Norderney,5990,53.707222222,7.146944444,Niedersachsen
Rotenburg,22789,53.111388888,9.410833333,Niedersachsen
Winsen,36499,53.366666666,10.216666666,Niedersachsen
Wagenfeld,7236,52.55,8.58333,Niedersachsen
Lüchow,9472,52.966666666,11.15,Niedersachsen
Bad Harzburg,21503,51.882777777,10.561666666,Niedersachsen
Bassum,16794,52.849444444,8.726666666,Niedersachsen
Q495745,8316,53.0986,11.1009,Niedersachsen
Duderstadt,20320,51.5125,10.259722222,Niedersachsen
Wildemann,860,51.826911111,10.283,Niedersachsen
Nienburg/Weser,32423,52.641111111,9.206944444,Niedersachsen
Duhnen,910,53.8828,8.64547,Niedersachsen
Burgwedel,20481,52.499972222,9.866694444,Niedersachsen
Norden,24978,53.596666666,7.205555555,Niedersachsen
Brake,15102,53.333333333,8.483333333,Niedersachsen
Osnabrück,166960,52.278888888,8.043055555,Niedersachsen
Bad Fallingbostel,12119,52.8675,9.696666666,Niedersachsen
Lüneburg,77511,53.2525,10.414444444,Niedersachsen
Wildeshausen,21424,52.893055555,8.431388888,Niedersachsen
Uelzen,33991,52.964722222,10.565833333,Niedersachsen
Peine,51521,52.320277777,10.233611111,Niedersachsen
Hannover,548186,52.374444444,9.738611111,Niedersachsen
Goslar,50253,51.906003,10.429163,Niedersachsen
Gifhorn,43941,52.488611111,10.546388888,Niedersachsen
Holte-Spangen,333,53.845222222,8.641444444,Niedersachsen
Wolfenbüttel,53034,52.162222222,10.536944444,Niedersachsen
Uslar,14166,51.659722222,9.635833333,Niedersachsen
Meppen,36137,52.69064,7.29097,Niedersachsen
Northeim,29337,51.706666666,10.001111111,Niedersachsen
Wittmund,20835,53.574722222,7.780833333,Niedersachsen
Hoya,4020,52.80645,9.135964,Niedersachsen
Haselünne,13663,52.666666666,7.466666666,Niedersachsen
Cloppenburg,37280,52.847777777,8.043888888,Niedersachsen
Dissen am Teutoburger Wald,10730,52.11575,8.203416666,Niedersachsen
Jever,14913,53.574444444,7.900833333,Niedersachsen
Damme,17686,52.522222222,8.195555555,Niedersachsen
Dransfeld,4381,51.5,9.766666666,Niedersachsen
Bad Münder am Deister,17511,52.199166666,9.465277777,Niedersachsen
Hildesheim,102325,52.15,9.95,Niedersachsen
Dörpel,367,52.6781016,8.5994732,Niedersachsen
Löningen,13823,52.736,7.7579,Niedersachsen
Braunlage,5495,51.7264,10.610099722,Niedersachsen
Langen,18395,53.611611111,8.603222222,Niedersachsen
Leer,35163,53.230833333,7.452777777,Niedersachsen
Bückeburg,19754,52.260833333,9.049166666,Niedersachsen
Hittfeld,5610,53.3856,9.98444,Niedersachsen
Mariendrebber,749,52.653888888,8.411388888,Niedersachsen
Otterndorf,7555,53.808111111,8.899736111,Niedersachsen
Bad Bevensen,9983,53.079166666,10.583333333,Niedersachsen
Helmstedt,25633,52.228055555,11.010555555,Niedersachsen
Stade,48708,53.600833333,9.476388888,Niedersachsen
Königslutter am Elm,15860,52.25,10.816666666,Niedersachsen
Dreeke,367,52.67553,8.48803,Niedersachsen
Eschershausen,3568,51.92664,9.64282,Niedersachsen
Rethem (Aller),2387,52.784722222,9.378055555,Niedersachsen
Haren,24719,52.791666666,7.238055555,Niedersachsen
Bad Pyrmont,19596,51.986666666,9.263611111,Niedersachsen
Friesoythe,23234,53.020555555,7.858611111,Niedersachsen
Burgdorf,31302,52.443777777,10.007833333,Niedersachsen
Verden (Aller),28453,52.921111111,9.230555555,Niedersachsen
Schöppenstedt,5639,52.133055555,10.778333333,Niedersachsen
Hessisch Oldendorf,18556,52.166666666,9.25,Niedersachsen
Aurich,43375,53.471388888,7.483611111,Niedersachsen
Sankt Hülfe,523,52.6222,8.39833,Niedersachsen
Aldorf,240,52.73453,8.50258,Niedersachsen
Gronau (Leine),10882,52.0833,9.783330555,Niedersachsen
Vechta,34145,52.730555555,8.288611111,Niedersachsen
Cuxhaven,49443,53.866666666,8.7,Niedersachsen
Stadtoldendorf,5713,51.883333333,9.616666666,Niedersachsen
Westerstede,23984,53.25,7.916666666,Niedersachsen
Bodenwerder,5618,51.966666666,9.516666666,Niedersachsen
Borkum,5012,53.588055555,6.669722222,Niedersachsen
Heede,1768,52.6311,8.37833,Niedersachsen
Sarstedt,19896,52.239444444,9.860555555,Niedersachsen
Bad Iburg,10574,52.159166666,8.047222222,Niedersachsen
Wolfsburg,127256,52.423055555,10.787222222,Niedersachsen
Hameln,57916,52.103055555,9.36,Niedersachsen
Oldenburg,174629,53.143888888,8.213888888,Niedersachsen
Rinteln,25626,52.186039,9.079169,Niedersachsen
Zeven,14376,53.296944444,9.278888888,Niedersachsen
Visselhövede,9747,52.9845,9.5817,Niedersachsen
Salzgitter,105039,52.150277777,10.359305555,Niedersachsen
Gehrden,15329,52.313494444,9.600841666,Niedersachsen
Göttingen,5000,51.533888888,9.935555555,Niedersachsen
Celle,70293,52.625555555,10.0825,Niedersachsen
Diepholz,17608,52.607222222,8.371111111,Niedersachsen
Nordhorn,55619,52.433333333,7.066666666,Niedersachsen
Wittingen,11388,52.72805,10.7391,Niedersachsen
Jacobidrebber,794,52.6517,8.4218,Niedersachsen
Hemmingen,18885,52.323611111,9.725555555,Niedersachsen
Holzminden,20217,51.829722222,9.448333333,Niedersachsen
Schiffdorf,15007,53.535533333,8.662197222,Niedersachsen
Syke,24956,52.916111111,8.818611111,Niedersachsen
Sehnde,24167,52.316111111,9.964166666,Niedersachsen
Walsrode,30890,52.8592,9.58525,Niedersachsen
Faßberg,6172,52.883333333,10.166666666,Niedersachsen
Hardegsen,7644,51.652777777,9.832222222,Niedersachsen
Georgsmarienhütte,32022,52.203055555,8.044722222,Niedersachsen
Schortens,20932,53.533333333,7.95,Niedersachsen
Langelsheim,15302,51.938055555,10.335,Niedersachsen
Schöningen,11167,52.13802,10.96745,Niedersachsen
Bramsche,31801,52.408888888,7.972777777,Niedersachsen
Esens,7517,53.646944444,7.612777777,Niedersachsen
Elze,9252,52.116666666,9.733333333,Niedersachsen
Schnackenburg,521,53.036666666,11.568055555,Niedersachsen
Hann. Münden,23418,51.416666666,9.65,Niedersachsen
Dielmissen,777,51.966666666,9.616666666,Niedersachsen
Hagen im Bremischen,11264,53.357666666,8.645638888,Niedersachsen
Achim,32961,53.01301,9.033031,Niedersachsen
Alfeld,18679,51.988611111,9.826944444,Niedersachsen
Lindwedel,2805,52.616666666,9.683333333,Niedersachsen
Einbeck,30725,51.816666666,9.866666666,Niedersachsen
Heinade,846,51.833055555,9.633055555,Niedersachsen
Quakenbrück,13947,52.677222222,7.9575,Niedersachsen
Fürstenau,9833,52.516666666,7.666666666,Niedersachsen
Schüttorf,13387,52.316666666,7.216666666,Niedersachsen
Hemmoor,9007,53.7025,9.139444444,Niedersachsen
Armstorf,691,53.5979,9.074339722,Niedersachsen
Bad Sachsa,7428,51.596944444,10.552222222,Niedersachsen
Osterode am Harz,21382,51.728611111,10.252222222,Niedersachsen
Bersenbrück,8844,52.555305555,7.947180555,Niedersachsen
Freren,5193,52.466666666,7.533333333,Niedersachsen
Springe,29258,52.216666666,9.55,Niedersachsen
Buchholz in der Nordheide,41290,53.32852,9.86208,Niedersachsen
Arholzen,360,51.867777777,9.570555555,Niedersachsen
Wurster Nordseeküste,17451,53.783611111,8.605555555,Niedersachsen
Dinklage,13468,52.662222222,8.125,Niedersachsen
Deensen,1406,51.862778,9.591667,Niedersachsen
Bleckede,9692,53.3,10.733333333,Niedersachsen
Sulingen,13430,52.666666666,8.8,Niedersachsen
Bockenem,9785,52.011666666,10.131944444,Niedersachsen
Schneverdingen,19169,53.116666666,9.8,Niedersachsen
Bad Gandersheim,9519,51.871944444,10.025277777,Niedersachsen
Stelle,11596,53.366666666,10.116666666,Niedersachsen
Bad Bentheim,16321,52.303055555,7.159722222,Niedersachsen
Dassel,9754,51.803333333,9.690277777,Niedersachsen
Rehburg-Loccum,10188,52.450833333,9.207777777,Niedersachsen
Wiesmoor,13610,53.4,7.733333333,Niedersachsen
Nordenham,26410,53.5,8.466666666,Niedersachsen
Sachsenhagen,1973,52.4,9.266666666,Niedersachsen
Twistringen,12952,52.8,8.65,Niedersachsen
Lonauerhammerhütte,133,51.6629,10.3541,Niedersachsen
Rosengarten,13863,53.38333333,9.9,Niedersachsen
Seevetal,42880,53.383333333,10.033333333,Niedersachsen
Barsinghausen,34955,52.303055555,9.460555555,Niedersachsen
Elsfleth,9187,53.233333333,8.466666666,Niedersachsen
Seelze,34798,52.396111111,9.598055555,Niedersachsen
Rodenberg,6525,52.312777777,9.359444444,Niedersachsen
Papenburg,38841,53.066666666,7.4,Niedersachsen
Bad Lauterberg im Harz,10258,51.631666666,10.470555555,Niedersachsen
Moringen,6956,51.7,9.866666666,Niedersachsen
Delligsen,7617,51.9412,9.80272,Niedersachsen
Lingen,57075,52.523333333,7.317222222,Niedersachsen
Herzberg am Harz,12783,51.655555555,10.339444444,Niedersachsen
Holzen,508,51.933333333,9.666666666,Niedersachsen
Lauenförde,2390,51.660555555,9.387777777,Niedersachsen
Nenndorf,780,53.589722222,7.433888888,Niedersachsen
Martfeld,2885,52.866666666,9.066666666,Niedersachsen
Brest,767,53.45,9.383333333,Niedersachsen
Niedernwöhren,1999,52.351944444,9.148611111,Niedersachsen
Ringe,1981,52.6,6.916666666,Niedersachsen
Harsefeld,14789,53.45,9.5,Niedersachsen
Hammah,3249,53.633333333,9.383333333,Niedersachsen
Großenwörden,489,53.680833333,9.258888888,Niedersachsen
Uehrde,861,52.1,10.766666666,Niedersachsen
Werlte,10588,52.85,7.683333333,Niedersachsen
Katlenburg-Lindau,7114,51.6825,10.099166666,Niedersachsen
Selsingen,3642,53.366666666,9.216666666,Niedersachsen
Ahnsen,993,52.2575,9.095277777,Niedersachsen
Bergstadt Bad Grund (Harz),2530,51.808861111,10.236761111,Niedersachsen
Meine,8628,52.383333333,10.533333333,Niedersachsen
Wischhafen,3080,53.770555555,9.316111111,Niedersachsen
Ehrenburg,1512,52.75,8.699722222,Niedersachsen
Lemförde,3486,52.463333,8.376667,Niedersachsen
Mechtersen,696,53.283333333,10.316666666,Niedersachsen
Agathenburg,1399,53.563888888,9.529722222,Niedersachsen
Guderhandviertel,1084,53.543611,9.610833,Niedersachsen
Himmelpforten,5729,53.616666666,9.3,Niedersachsen
Lenne,672,51.899722222,9.683055555,Niedersachsen
Ebersdorf,1056,53.5275,9.052777777,Niedersachsen
Oldendorf,3145,53.591944444,9.249722222,Niedersachsen
Saterland,14313,53.081944,7.705278,Niedersachsen
Ahlerstedt,5637,53.406944444,9.452777777,Niedersachsen
Rötgesbüttel,2481,52.416666666,10.533333333,Niedersachsen
Cadenberge,4210,53.766236111,9.058061111,Niedersachsen
Scheeßel,13019,53.170555555,9.483055555,Niedersachsen
Kreiensen,2384,51.856202777,9.963275,Niedersachsen
Wiefelstede,16406,53.258055555,8.117222222,Niedersachsen
Balje,927,53.832777777,9.135277777,Niedersachsen
Bad Laer,9203,52.103055555,8.089166666,Niedersachsen
Tiste,891,53.283333333,9.533333333,Niedersachsen
Neuenkirchen,5684,53.034722222,9.708055555,Niedersachsen
Osterbruch,462,53.780258333,8.944691666,Niedersachsen
Ahnsbeck,1673,52.610833333,10.290555555,Niedersachsen
Ahausen,1908,53.064166666,9.314722222,Niedersachsen
Großefehn,14029,53.383333333,7.583333333,Niedersachsen
Bötersen,1099,53.133333333,9.316666666,Niedersachsen
Asendorf,2903,52.772805555,9.005722222,Niedersachsen
Steinkirchen,1796,53.565364,9.610086,Niedersachsen
Sauensiek,2598,53.383333333,9.6,Niedersachsen
Emtinghausen,1559,52.933333333,8.966666666,Niedersachsen
Ahlden (Aller),1615,52.761388888,9.554166666,Niedersachsen
Neuharlingersiel,1067,53.7,7.7,Niedersachsen
Wesendorf,5647,52.6,10.533055555,Niedersachsen
Adelebsen,6181,51.58,9.754444444,Niedersachsen
Freistatt,449,52.622777777,8.652222222,Niedersachsen
Axstedt,1227,53.355341666,8.773188888,Niedersachsen
Barenburg,1213,52.620555555,8.800555555,Niedersachsen
Krummendeich,502,53.831111111,9.210555555,Niedersachsen
Stinstedt,525,53.661388888,8.971111111,Niedersachsen
Denkte,2781,52.149722222,10.608055555,Niedersachsen
Diekholzen,6243,52.1,9.933333333,Niedersachsen
Apensen,4569,53.435833333,9.615555555,Niedersachsen
Adenbüttel,1831,52.380833333,10.4525,Niedersachsen
Eversmeer,845,53.566666666,7.433333333,Niedersachsen
Lilienthal,20293,53.144444444,8.907777777,Niedersachsen
Bahrenborstel,1088,52.571944444,8.811111111,Niedersachsen
Cremlingen,13266,52.248888888,10.654166666,Niedersachsen
Kalbe,601,53.293888888,9.551944444,Niedersachsen
Schwaförden,1506,52.735777777,8.823333333,Niedersachsen
Beckdorf,2884,53.413055555,9.610555555,Niedersachsen
Ilsede,22080,52.2675,10.223611,Niedersachsen
Seedorf,939,53.35,9.233333333,Niedersachsen
Anderlingen,865,53.374166666,9.303611111,Niedersachsen
Thedinghausen,8308,52.962222222,9.020833333,Niedersachsen
Wangerooge,1217,53.790833333,7.899166666,Niedersachsen
Ostereistedt,951,53.3,9.166666666,Niedersachsen
Sandbostel,799,53.409444444,9.130555555,Niedersachsen
Scholen,816,52.733055555,8.766666666,Niedersachsen
Mittelnkirchen,1109,53.55,9.616666666,Niedersachsen
Rhade,1079,53.328888888,9.115555555,Niedersachsen
Andervenne,895,52.510555555,7.5725,Niedersachsen
Fintel,2985,53.174166666,9.668611111,Niedersachsen
Borstel,1185,52.666666666,8.983055555,Niedersachsen
Affinghausen,879,52.784055555,8.876527777,Niedersachsen
Berne,6985,53.183333333,8.483333333,Niedersachsen
Hamersen,547,53.25592,9.48034,Niedersachsen
Oyten,16420,53.061111111,9.017777777,Niedersachsen
Rätzlingen,468,52.983333333,10.683333333,Niedersachsen
Klein Meckelsen,921,53.3,9.45,Niedersachsen
Häuslingen,790,52.799722222,9.383055555,Niedersachsen
Adelheidsdorf,2841,52.565555555,10.060555555,Niedersachsen
Upgant-Schott,3777,53.516666666,7.266666666,Niedersachsen
Estorf,1490,53.578333333,9.205277777,Niedersachsen
Heidenau,2365,53.316666666,9.666666666,Niedersachsen
Clausthal-Zellerfeld,15436,51.805,10.335555555,Niedersachsen
Vorwerk,1009,53.183333333,9.15,Niedersachsen
Maasen,444,52.6922,8.88451,Niedersachsen
Riede,3092,52.966666666,8.95,Niedersachsen
Melle,47387,52.203055555,8.336111111,Niedersachsen
Odisheim,479,53.697222222,8.943888888,Niedersachsen
Geestland,31713,53.63125,8.750805555,Niedersachsen
Zernien,1629,53.069166666,10.886944444,Niedersachsen
Natendorf,706,53.083333333,10.466666666,Niedersachsen
Kutenholz,4767,53.483333333,9.333333333,Niedersachsen
Wilhelmshaven,76247,53.528611111,8.105555555,Niedersachsen
Bliedersdorf,1848,53.480911111,9.572008333,Niedersachsen
Baltrum,573,53.728888888,7.368333333,Niedersachsen
Bad Nenndorf,11629,52.336944444,9.378611111,Niedersachsen
Delmenhorst,78979,53.050555555,8.631666666,Niedersachsen
Kirchdorf,2313,52.594722222,8.836111111,Niedersachsen
Altenmedingen,1465,53.132777777,10.604444444,Niedersachsen
Niemetal,1454,51.5,9.716666666,Niedersachsen
Kirchwalsede,1244,53.016666666,9.4,Niedersachsen
Laatzen,42560,52.3077,9.81328,Niedersachsen
Bokensdorf,1262,52.497777777,10.714444444,Niedersachsen
Schweringen,833,52.75,9.183330555,Niedersachsen
Großheide,8623,53.583333333,7.35,Niedersachsen
Vordorf,3137,52.366666666,10.516666666,Niedersachsen
Wilstedt,1781,53.193055555,9.100277777,Niedersachsen
Werdum,749,53.656666666,7.719722222,Niedersachsen
Rodewald,2599,52.665833333,9.482222222,Niedersachsen
Sottrum,6763,53.116666666,9.216666666,Niedersachsen
Gyhum,2461,53.216666666,9.310555555,Niedersachsen
Hemsloh,552,52.6,8.516666666,Niedersachsen
Soltau,22040,52.983333333,9.833333333,Niedersachsen
Stemmen,821,53.216666666,9.55,Niedersachsen
Blomberg,1885,53.575833333,7.558333333,Niedersachsen
Worpswede,9818,53.222222222,8.927777777,Niedersachsen
Kirchgellersen,2624,53.233055555,10.3,Niedersachsen
Wustrow,2748,52.921944444,11.121666666,Niedersachsen
Hehlen,1810,51.98437,9.46991,Niedersachsen
Bad Salzdetfurth,13523,52.05777,10.0058,Niedersachsen
Barendorf,2491,53.22896,10.52158,Niedersachsen
Hemsbünde,1219,53.1,9.466666666,Niedersachsen
Wunstorf,41666,52.42377,9.43585,Niedersachsen
Horstedt,1269,53.183333333,9.233333333,Niedersachsen
Stedesdorf,1702,53.624722222,7.667777777,Niedersachsen
Weener,15916,53.169166666,7.356388888,Niedersachsen
Lohne,27949,52.666666666,8.238611111,Niedersachsen
Buxtehude,41256,53.476944444,9.701111111,Niedersachsen
Juist,1542,53.678347,6.995328,Niedersachsen
Marl,661,52.483055555,8.366666666,Niedersachsen
Südergellersen,1776,53.216666666,10.3,Niedersachsen
Wingst,3380,53.716694444,9.066666666,Niedersachsen
Neuenhaus,10650,52.5,6.966666666,Niedersachsen
Neukamperfehn,1860,53.333333333,7.55,Niedersachsen
Spiekeroog,858,53.771944444,7.696944444,Niedersachsen
Amelinghausen,4153,53.126666666,10.214722222,Niedersachsen
Drebber,3096,52.65,8.433333333,Niedersachsen
Rehden,2438,52.616666666,8.483333333,Niedersachsen
Hepstedt,1016,53.259444444,9.089444444,Niedersachsen
Bippen,3078,52.583333333,7.733333333,Niedersachsen
Bad Rothenfelde,8614,52.111666666,8.160555555,Niedersachsen
Nienhagen,6831,52.556182,10.104401,Niedersachsen
Obernkirchen,9407,52.266388888,9.117777777,Niedersachsen
Hüde,1256,52.483055555,8.349722222,Niedersachsen
Sudwalde,1009,52.799722222,8.849722222,Niedersachsen
Sassenburg,12055,52.516666666,10.633333333,Niedersachsen
Wangelnstedt,559,51.866666666,9.683333333,Niedersachsen
Wittorf,1530,53.333333333,10.383333333,Niedersachsen
Amt Neuhaus,5535,53.285277777,10.932222222,Niedersachsen
Neubörger,1617,52.966666666,7.45,Niedersachsen
Zetel,12318,53.419722222,7.974166666,Niedersachsen
Wanna,2296,53.743433333,8.796488888,Niedersachsen
Horneburg,7080,53.509444444,9.575,Niedersachsen
Emden,50659,53.366944444,7.206111111,Niedersachsen
Lamstedt,3391,53.634988888,9.101272222,Niedersachsen
Ganderkesee,32149,53.035833333,8.548333333,Niedersachsen
Wenzendorf,1513,53.35,9.766666666,Niedersachsen
Banteln,1496,52.068055555,9.755555555,Niedersachsen
Seesen,19185,51.893055555,10.178333333,Niedersachsen
Langeoog,1756,53.748333333,7.479722222,Niedersachsen
Oberndorf,1365,53.75,9.15,Niedersachsen
Stemshorn,736,52.45,8.366666666,Niedersachsen
Hitzacker,5126,53.152538888,11.044180555,Niedersachsen
Weyhe,31958,52.993611111,8.873333333,Niedersachsen
Südbrookmerland,18541,53.490698,7.357547,Niedersachsen
Schwarme,2722,52.9,9.016666666,Niedersachsen
Westerwalsede,769,53.033333333,9.366666666,Niedersachsen
Schwülper,7499,52.346944444,10.450833333,Niedersachsen
Hambühren,10882,52.633333333,9.983333333,Niedersachsen
Elsdorf,2066,53.2425,9.350555555,Niedersachsen
Friedeburg,10366,53.45,7.833333333,Niedersachsen
Munster,15413,52.988611111,10.091111111,Niedersachsen
Grünendeich,1870,53.568611111,9.622777777,Niedersachsen
Adendorf,11053,53.283333333,10.45,Niedersachsen
Wohnste,778,53.35,9.533333333,Niedersachsen
Voltlage,1822,52.433333333,7.75,Niedersachsen
Neustadt am Rübenberge,45325,52.5055,9.46358,Niedersachsen
Dollern,2238,53.538888888,9.55,Niedersachsen
Cappel,646,53.727936111,8.574002777,Niedersachsen
Parsau,1999,52.533055555,10.866666666,Niedersachsen
Aerzen,10544,52.049583333,9.263777777,Niedersachsen
Lehrte,45097,52.3725,9.976944444,Niedersachsen
Gnarrenburg,9200,53.386388888,9.005,Niedersachsen
Rennau,744,52.299722222,10.916666666,Niedersachsen
Bergen,13520,52.810277777,9.961111111,Niedersachsen
Deinste,2173,53.533333333,9.433333333,Niedersachsen
Stuhr,34176,53.016666666,8.75,Niedersachsen
Quernheim,510,52.466666666,8.4,Niedersachsen
Bruchhausen-Vilsen,9270,52.833333333,9.0,Niedersachsen
Hollern-Twielenfleth,3421,53.6,9.533333333,Niedersachsen
Helvesiek,864,53.216666666,9.5,Niedersachsen
Oederquart,1006,53.804444,9.238889,Niedersachsen
Freiburg/Elbe,1838,53.823055555,9.284444444,Niedersachsen
Dickel,493,52.643888888,8.475,Niedersachsen
Börger,2912,52.9,7.516666666,Niedersachsen
Jork,12395,53.534444444,9.681666666,Niedersachsen
Lengenbostel,511,53.298055555,9.512777777,Niedersachsen
Lembruch,1254,52.533055555,8.349722222,Niedersachsen
Kirchtimke,969,53.25,9.15,Niedersachsen
Farven,637,53.43333,9.31667,Niedersachsen
Hipstedt,1225,53.492222222,8.973611111,Niedersachsen
Hemslingen,1486,53.087294444,9.5971,Niedersachsen
Osten,1726,53.696944444,9.189722222,Niedersachsen
Harsum,11368,52.205366666,9.959969444,Niedersachsen
Lorup,3263,52.925277777,7.641944444,Niedersachsen
Drentwede,1016,52.733055555,8.566666666,Niedersachsen
Westertimke,446,53.236944444,9.131944444,Niedersachsen
Hassendorf,1195,53.111944444,9.276944444,Niedersachsen
Blender,2927,52.916666666,9.133333333,Niedersachsen
Bülkau,825,53.7476,8.978429722,Niedersachsen
Lauenbrück,2615,53.2,9.566666666,Niedersachsen
Loxstedt,16633,53.469861111,8.647916666,Niedersachsen
Fredenbeck,6585,53.525833333,9.407222222,Niedersachsen
Hellwege,1138,53.066666666,9.233333333,Niedersachsen
Bramstedt,1857,53.366741666,8.690291666,Niedersachsen
Kirchlinteln,10339,52.942777777,9.318333333,Niedersachsen
Düdenbüttel,1024,53.591111111,9.35,Niedersachsen
Belum,774,53.817452777,8.993677777,Niedersachsen
Butjadingen,6041,53.55,8.333333333,Niedersachsen
Beverstedt,13694,53.434030555,8.818347222,Niedersachsen
Hollnseth,849,53.5675,9.100277777,Niedersachsen
Didderse,1313,52.380833333,10.4025,Niedersachsen
Siedenburg,1279,52.7,8.933055555,Niedersachsen
Neuhaus,1089,53.8,9.033333333,Niedersachsen
Langenhagen,55746,52.439444444,9.74,Niedersachsen
Garbsen,61594,52.418333333,9.598055555,Niedersachsen
Bothel,2475,53.074166666,9.504444444,Niedersachsen
Mittelstenahe,579,53.650555555,9.036388888,Niedersachsen
Engelschoff,774,53.659722222,9.323333333,Niedersachsen
Wetschen,1953,52.616666666,8.449722222,Niedersachsen
Barver,1083,52.616666666,8.599722222,Niedersachsen
Vahlde,691,53.184722222,9.631111111,Niedersachsen
Barnstorf,6725,52.710277777,8.508611111,Niedersachsen
Rechtsupweg,2115,53.529444444,7.326666666,Niedersachsen
Bienenbüttel,6984,53.14157,10.48679,Niedersachsen
Burweg,1008,53.621388888,9.267222222,Niedersachsen
Barwedel,1009,52.522919444,10.777127777,Niedersachsen
Bad Grund,8059,51.808861111,10.236761111,Niedersachsen
Vierden,751,53.328611111,9.508611111,Niedersachsen
Staffhorst,520,52.716666666,8.966666666,Niedersachsen
Nottensdorf,1620,53.483333333,9.6,Niedersachsen
Hillerse,2472,52.416666666,10.4,Niedersachsen
Brockel,1407,53.1,9.516666666,Niedersachsen
Edewecht,23061,53.125833333,7.9825,Niedersachsen
Nörten-Hardenberg,8683,51.62878,9.93593,Niedersachsen
Eydelstedt,1833,52.69241,8.54668,Niedersachsen
Sittensen,6261,53.283333333,9.5,Niedersachsen
Bispingen,6513,53.082777777,9.998333333,Niedersachsen
Ottersberg,13386,53.1,9.15,Niedersachsen
Alfstedt,853,53.548055555,9.067777777,Niedersachsen
Apen,12359,53.221388888,7.809722222,Niedersachsen
Mellinghausen,1050,52.7,8.9,Niedersachsen
Oerel,1932,53.483611111,9.06,Niedersachsen
Salzbergen,8015,52.324444444,7.348055555,Niedersachsen
Brockum,1085,52.466666666,8.416666666,Niedersachsen
Varrel,1511,52.616666666,8.733333333,Niedersachsen
Bargstedt,2134,53.460833333,9.448611111,Niedersachsen
Groß Meckelsen,515,53.283333333,9.45,Niedersachsen
Geeste,12554,52.6,7.266666666,Niedersachsen
Reeßum,1819,53.132222,9.205833,Niedersachsen
Lahstedt,9985,52.25,10.216666666,Niedersachsen
Rastede,23247,53.25,8.2,Niedersachsen
Tarmstedt,4190,53.216666666,9.066666666,Niedersachsen
Bunde,7664,53.184,7.272,Niedersachsen
Breddorf,1050,53.296666666,9.08,Niedersachsen
Bülstedt,775,53.209166666,9.160833333,Niedersachsen
Padingbüttel,454,53.698572222,8.525855555,Niedersachsen
Heeslingen,4932,53.316583333,9.337411111,Niedersachsen
Langwedel,14729,52.9999,9.1732,Niedersachsen
Dörverden,9175,52.85,9.233333333,Niedersachsen
Emlichheim,7648,52.616666666,6.85,Niedersachsen
Bad Zwischenahn,30051,53.183611111,8.009722222,Niedersachsen
Leezdorf,1850,53.547222222,7.295277777,Niedersachsen
Derental,580,51.7,9.433333333,Niedersachsen
Heinbockel,1514,53.571944444,9.326111111,Niedersachsen
Hilter am Teutoburger Wald,10461,52.13573,8.14715,Niedersachsen
Scheden,1828,51.45,9.733055555,Niedersachsen
Bröckel,1998,52.516666666,10.216666666,Niedersachsen
Ebergötzen,1941,51.572777777,10.107777777,Niedersachsen
Negenborn,669,51.891389,9.571944,Niedersachsen
Duingen,4918,52.005791666,9.697019444,Niedersachsen
Mulsum,545,53.669,8.545402777,Niedersachsen
Basdahl,1442,53.441469444,9.001008333,Niedersachsen
Bücken,2125,52.7795,9.13844,Niedersachsen
Hinte,7247,53.416666666,7.2,Niedersachsen
Bodenfelde,3016,51.6333,9.566669444,Niedersachsen
Neu Wulmstorf,23552,53.462777777,9.795555555,Niedersachsen
Kirchbrak,947,51.96585,9.5751,Niedersachsen
Wedemark,30060,52.533333333,9.716666666,Niedersachsen
Heinsen,742,51.883333,9.436111,Niedersachsen
Bockhorst,1007,53.03296,7.57576,Niedersachsen
Drochtersen,11284,53.7,9.383333333,Niedersachsen
Liebenau,3926,52.60362,9.09719,Niedersachsen
Eschede,5443,52.733333333,10.25,Niedersachsen
Bad Essen,16377,52.321388888,8.34,Niedersachsen
Göhrde,559,53.15,10.883333333,Niedersachsen
Gandesbergen,532,52.760486,9.221936,Niedersachsen
Langlingen,2214,52.549722222,10.283055555,Niedersachsen
Salzhemmendorf,9279,52.066666666,9.583333333,Niedersachsen
Polle,1162,51.9,9.4,Niedersachsen
Landolfshausen,1081,51.539722,10.104167,Niedersachsen
Bissendorf,15028,52.233333333,8.166666666,Niedersachsen
Lathen,7086,52.866666666,7.316666666,Niedersachsen
Coppenbrügge,7088,52.120252777,9.549330555,Niedersachsen
Wiedensahl,937,52.3825,9.119444444,Niedersachsen
Rollshausen,921,51.566666666,10.216666666,Niedersachsen
Nordholz,7726,53.785902777,8.615180555,Niedersachsen
Freden,4669,51.927777777,9.893611111,Niedersachsen
Emmerthal,9887,52.05,9.383333333,Niedersachsen
Wietmarschen,12766,52.533055555,7.133055555,Niedersachsen
Ottenstein,1220,51.95,9.4,Niedersachsen
Golmbach,884,51.900277777,9.545277777,Niedersachsen
Ankum,8214,52.543333333,7.870833333,Niedersachsen
Pegestorf,401,51.933333333,9.5,Niedersachsen
Artlenburg,1816,53.375277777,10.489166666,Niedersachsen
Brevörde,585,51.916666666,9.416666666,Niedersachsen
Groß Berßen,731,52.766666666,7.5,Niedersachsen
Roklum,429,52.066666666,10.733055555,Niedersachsen
Wietzendorf,4188,52.918611111,9.976944444,Niedersachsen
Moisburg,2093,53.399722222,9.699722222,Niedersachsen
Hämelhausen,573,52.783055555,9.283055555,Niedersachsen
Hollenstedt,3819,53.366666666,9.716666666,Niedersachsen
Vechelde,18496,52.260833333,10.371944444,Niedersachsen
Bardowick,7117,53.29354,10.38811,Niedersachsen
Rüdershausen,827,51.583055555,10.266666666,Niedersachsen
Groß Ippener,989,52.966666666,8.616666666,Niedersachsen
Tiddische,1264,52.516666666,10.8,Niedersachsen
Heemsen,1754,52.716666666,9.266666666,Niedersachsen
Jühnde,943,51.464722222,9.800277777,Niedersachsen
Landesbergen,2734,52.566666666,9.133055555,Niedersachsen
Deinstedt,642,53.4075,9.224444444,Niedersachsen
Boffzen,2591,51.750278,9.398333,Niedersachsen
Hohenhameln,9636,52.26,10.066388888,Niedersachsen
Nordstemmen,12150,52.160488888,9.783866666,Niedersachsen
Winzenburg,540,51.933055555,9.933055555,Niedersachsen
Lüerdissen,394,51.95,9.616666666,Niedersachsen
Holenberg,397,51.916666666,9.583333333,Niedersachsen
Vahlbruch,397,51.922777777,9.341666666,Niedersachsen
Isernhagen,24459,52.434166666,9.857222222,Niedersachsen
Kissenbrück,1757,52.1075,10.591944444,Niedersachsen
Bohmte,13019,52.366666666,8.316666666,Niedersachsen
Waake,1272,51.558055555,10.058333333,Niedersachsen
Rhumspringe,1773,51.583055555,10.3,Niedersachsen
Hesel,4793,53.3,7.6,Niedersachsen
Ihlow,12597,53.405,7.436666666,Niedersachsen
Neuenkirchen-Vörden,9245,52.516666666,8.066666666,Niedersachsen
Engden,419,52.399722222,7.183055555,Niedersachsen
Calberlah,5399,52.424722222,10.616388888,Niedersachsen
Sehlde,895,52.05,10.266666666,Niedersachsen
Trebel,1001,53.0,11.316666666,Niedersachsen
Lamspringe,5743,51.9567,10.0081,Niedersachsen
Lage,1052,52.467222222,6.960277777,Niedersachsen
Quendorf,630,52.333333333,7.183333333,Niedersachsen
Hoyerhagen,997,52.816666666,9.083333333,Niedersachsen
Georgsdorf,1232,52.566666666,7.083055555,Niedersachsen
Gieboldehausen,3969,51.610833333,10.214722222,Niedersachsen
Pennigsehl,1230,52.633055555,9.016666666,Niedersachsen
Jembke,2124,52.497222222,10.76,Niedersachsen
Lünne,2111,52.432222222,7.426111111,Niedersachsen
Bovenden,14095,51.589722222,9.922222222,Niedersachsen
Hülsede,1064,52.25,9.366666666,Niedersachsen
Uchte,5064,52.5,8.916666666,Niedersachsen
Heyen,447,52.016666666,9.516666666,Niedersachsen
Winsen/Aller,13552,52.68,9.909444444,Niedersachsen
Fresenburg,985,52.883055555,7.299722222,Niedersachsen
Harbarnsen,554,51.983055555,9.966666666,Niedersachsen
Ohne,589,52.266666666,7.283333333,Niedersachsen
Apelern,2424,52.290277777,9.337222222,Niedersachsen
Dörpen,5762,52.966666666,7.336666666,Niedersachsen
Hohne,1735,52.566666666,10.366666666,Niedersachsen
Lindhorst,4507,52.358833333,9.283388888,Niedersachsen
Söhlde,7943,52.2,10.233333333,Niedersachsen
Luhden,1191,52.225277777,9.092222222,Niedersachsen
Eickeloh,783,52.733055555,9.599722222,Niedersachsen
Bilshausen,2236,51.630555555,10.158333333,Niedersachsen
Hoogstede,2933,52.583055555,6.95,Niedersachsen
Holle,7076,52.091666666,10.158333333,Niedersachsen
Obernfeld,942,51.555555555,10.233333333,Niedersachsen
Wienhausen,4080,52.583055555,10.183055555,Niedersachsen
Wangerland,9197,53.65,7.95,Niedersachsen
Westfeld,600,52.049722222,9.849722222,Niedersachsen
Wennigsen,14233,52.274166666,9.570833333,Niedersachsen
Glandorf,6699,52.083888888,8.002222222,Niedersachsen
Bad Eilsen,2563,52.243055555,9.099444444,Niedersachsen
Goldenstedt,10238,52.783333333,8.416666666,Niedersachsen
Appel,2087,53.393055555,9.747222222,Niedersachsen
Marschacht,3985,53.416944444,10.368611111,Niedersachsen
Hagen am Teutoburger Wald,13510,52.196111111,7.981111111,Niedersachsen
Holdorf,7584,52.588333333,8.128611111,Niedersachsen
Hilgermissen,2091,52.8434,9.15657,Niedersachsen
Eimen,817,51.877191666,9.779905555,Niedersachsen
Lachendorf,6577,52.616666666,10.25,Niedersachsen
Balge,1686,52.719444444,9.186388888,Niedersachsen
Beesten,1706,52.433333333,7.5,Niedersachsen
Gerdau,1422,52.966666666,10.416666666,Niedersachsen
Niederlangen,1373,52.857222,7.282778,Niedersachsen
Neu Darchau,1405,53.22901,10.88529,Niedersachsen
Everode,489,51.95,9.9,Niedersachsen
Isterberg,614,52.348888888,7.146388888,Niedersachsen
Helpsen,1932,52.311691,9.115865,Niedersachsen
Weyhausen,2791,52.46208,10.71699,Niedersachsen
Bodensee,787,51.6,10.133333333,Niedersachsen
Bad Bodenteich,4635,52.834444444,10.682222222,Niedersachsen
Beedenbostel,1001,52.649722222,10.25,Niedersachsen
Eystrup,3580,52.77935,9.21315,Niedersachsen
Binnen,1010,52.616666666,9.133055555,Niedersachsen
Tespe,4902,53.39363,10.41615,Niedersachsen
Detern,2858,53.210277777,7.674722222,Niedersachsen
Ostercappeln,10208,52.345657,8.226132,Niedersachsen
Hittbergen,968,53.35,10.6,Niedersachsen
Rosdorf,12310,51.5,9.9,Niedersachsen
Husum,2342,52.566666666,9.25,Niedersachsen
Wietze,8730,52.65,9.833333333,Niedersachsen
Wirdum,1039,53.4775,7.205,Niedersachsen
Osterwald,1178,52.534166666,7.033055555,Niedersachsen
Wathlingen,6567,52.533333333,10.15,Niedersachsen
Bockhorn,9019,53.4,8.016666666,Niedersachsen
Fürstenberg,1034,51.733333333,9.4,Niedersachsen
Algermissen,8154,52.254444444,9.971111111,Niedersachsen
Raddestorf,1815,52.45,8.966666666,Niedersachsen
Eicklingen,3473,52.55,10.183333333,Niedersachsen
Samern,805,52.316666666,7.25,Niedersachsen
Marienhagen,766,52.035277777,9.687777777,Niedersachsen
Marienhafe,2504,53.523055555,7.273611111,Niedersachsen
Warpe,708,52.733333333,9.1,Niedersachsen
Westergellersen,2304,53.233055555,10.25,Niedersachsen
Brackel,1990,53.3,10.033333333,Niedersachsen
Lemgow,1369,52.916666666,11.283333333,Niedersachsen
Lutter am Barenberge,2310,51.99,10.271111111,Niedersachsen
Tostedt,14835,53.283333333,9.716666666,Niedersachsen
Radbruch,2283,53.316666666,10.283333333,Niedersachsen
Halle,1513,51.983333333,9.566666666,Niedersachsen
Isenbüttel,6422,52.435833333,10.579444444,Niedersachsen
Groß Twülpstedt,2802,52.375,10.916666666,Niedersachsen
Scharnebeck,3477,53.3,10.516666666,Niedersachsen
Warberg,831,52.18183,10.918478,Niedersachsen
Lähden,4834,52.75,7.566666666,Niedersachsen
Toppenstedt,2218,53.266666666,10.1,Niedersachsen
Hohnstorf,2367,53.366666666,10.55,Niedersachsen
Gehrde,2644,52.576236111,8.006377777,Niedersachsen
Lüdersburg,680,53.316666666,10.566666666,Niedersachsen
Beierstedt,354,52.083055555,10.866666666,Niedersachsen
Belm,14255,52.3,8.133333333,Niedersachsen
Bahrdorf,1831,52.387222222,11.004166666,Niedersachsen
Rullstorf,1935,53.283333333,10.533333333,Niedersachsen
Kettenkamp,1779,52.583333333,7.833333333,Niedersachsen
Egestorf,2785,53.193,10.063,Niedersachsen
Ringstedt,802,53.561202777,8.84665,Niedersachsen
Sibbesse,5747,52.05,9.9,Niedersachsen
Höhbeck,671,53.054722222,11.433055555,Niedersachsen
Harmstorf,814,53.35,9.983055555,Niedersachsen
Deutsch Evern,3776,53.2,10.433333333,Niedersachsen
Neetze,2930,53.266666666,10.633333333,Niedersachsen
Querenhorst,501,52.336388888,10.9625,Niedersachsen
Rühen,6084,52.483305555,10.883305555,Niedersachsen
Tosterglope,612,53.216666666,10.816666666,Niedersachsen
Vögelsen,2472,53.268055555,10.350833333,Niedersachsen
Barnstedt,765,53.1375,10.373333333,Niedersachsen
Dettum,1187,52.166666666,10.666666666,Niedersachsen
Gödenstorf,1093,53.216666666,10.116666666,Niedersachsen
Merzen,3907,52.478333333,7.831111111,Niedersachsen
Warmsen,3208,52.454722222,8.850833333,Niedersachsen
Obernholz,821,52.75,10.616666666,Niedersachsen
Nahrendorf,1198,53.183055555,10.816666666,Niedersachsen
Königsmoor,605,53.233055555,9.65,Niedersachsen
Wietzen,2117,52.7103,9.0734,Niedersachsen
Küsten,1369,52.983055555,11.066666666,Niedersachsen
Liebenburg,7653,52.024166666,10.433888888,Niedersachsen
Boitze,339,53.149722222,10.75,Niedersachsen
Dahlenburg,3499,53.186344444,10.738319444,Niedersachsen
Sehlem,740,52.013611111,9.976111111,Niedersachsen
Lauenhagen,1299,52.356944444,9.209166666,Niedersachsen
Haverlah,1583,52.066666666,10.333055555,Niedersachsen
Osteel,2117,53.533333333,7.266666666,Niedersachsen
Holste,1419,53.366666666,8.833055555,Niedersachsen
Stoetze,610,53.066666666,10.783333333,Niedersachsen
Drakenburg,1830,52.68689,9.21083,Niedersachsen
Räbke,771,52.2,10.883055555,Niedersachsen
Suderburg,4691,52.900716944,10.439088888,Niedersachsen
Heuerßen,896,52.329444444,9.278611111,Niedersachsen
Diepenau,3979,52.422777777,8.733333333,Niedersachsen
Leese,1721,52.5,9.116666666,Niedersachsen
Marklohe,4771,52.666666666,9.166666666,Niedersachsen
Holtland,2291,53.28,7.575833,Niedersachsen
Seeburg,1609,51.566666666,10.15,Niedersachsen
Kirchseelte,1149,52.948055555,8.677777777,Niedersachsen
Dahlum,634,52.133333333,10.85,Niedersachsen
Evessen,1253,52.190277777,10.71,Niedersachsen
Wollbrandshausen,653,51.583055555,10.166666666,Niedersachsen
Esche,593,52.533055555,6.966666666,Niedersachsen
Sande,8699,53.502222222,8.013888888,Niedersachsen
Gölenkamp,592,52.516666666,6.916666666,Niedersachsen
Thuine,1869,52.5,7.466666666,Niedersachsen
Hespe,2051,52.333611111,9.104722222,Niedersachsen
Essel,1197,52.689444444,9.643611111,Niedersachsen
Messingen,1081,52.466666666,7.466666666,Niedersachsen
Vollersode,3044,53.333055555,8.916666666,Niedersachsen
Beckeln,775,52.861666666,8.581944444,Niedersachsen
Wallenhorst,22855,52.35,8.016666666,Niedersachsen
Steyerberg,5278,52.570277777,9.023611111,Niedersachsen
Wagenhoff,1160,52.551944,10.523056,Niedersachsen
Meinersen,8364,52.466666666,10.366666666,Niedersachsen
Ihlienworth,1503,53.73875,8.919111111,Niedersachsen
Oberlangen,1014,52.85,7.283055555,Niedersachsen
Werpeloh,1161,52.883333333,7.5,Niedersachsen
Vahlberg,708,52.133333333,10.716666666,Niedersachsen
Dorstadt,685,52.1,10.566666666,Niedersachsen
Wilsum,1635,52.535556,6.855556,Niedersachsen
Hodenhagen,3139,52.7632,9.5882,Niedersachsen
Wehrbleck,758,52.633333333,8.7,Niedersachsen
Eldingen,2013,52.684722222,10.344444444,Niedersachsen
Wielen,493,52.55,6.716666666,Niedersachsen
Firrel,829,53.333333333,7.666666666,Niedersachsen
Garstedt,1496,53.283333333,10.15,Niedersachsen
Hohnhorst,2181,52.366666666,9.366666666,Niedersachsen
Walchum,1704,52.932777777,7.273055555,Niedersachsen
Bendestorf,2282,53.3356,9.9843,Niedersachsen
Wardenburg,16518,53.061666666,8.196666666,Niedersachsen
Visbek,10116,52.833333333,8.316666666,Niedersachsen
Brietlingen,3525,53.333333333,10.45,Niedersachsen
Itterbeck,1720,52.506388888,6.802777777,Niedersachsen
Uelsen,5830,52.5,6.866666666,Niedersachsen
Schwarmstedt,6032,52.68,9.6254,Niedersachsen
Danndorf,2581,52.429722222,10.916666666,Niedersachsen
Sandstedt,728,53.361,8.517013888,Niedersachsen
Prinzhöfte,626,52.95,8.566666666,Niedersachsen
Veltheim,1005,52.219722222,10.684444444,Niedersachsen
Seulingen,1319,51.549722222,10.166666666,Niedersachsen
Dornum,4563,53.65,7.416666666,Niedersachsen
Ummern,1544,52.583333333,10.433333333,Niedersachsen
Gorleben,630,53.048055555,11.355555555,Niedersachsen
Süpplingenburg,646,52.25,10.916666666,Niedersachsen
Driftsethe,709,53.378983333,8.619080555,Niedersachsen
Uetze,20392,52.466111111,10.203888888,Niedersachsen
Thomasburg,1363,53.233333333,10.666666666,Niedersachsen
Undeloh,1016,53.196111111,9.983333333,Niedersachsen
Lauenau,4341,52.266666666,9.366666666,Niedersachsen
Melbeck,3505,53.18,10.4,Niedersachsen
Großenkneten,16160,52.95,8.266666666,Niedersachsen
Lengede,14433,52.20487,10.30775,Niedersachsen
Herzlake,4944,52.684722,7.606389,Niedersachsen
Dünsen,1220,52.927777777,8.641944444,Niedersachsen
Brinkum,820,53.266666666,7.566666666,Niedersachsen
Jameln,1096,53.042222222,11.078611111,Niedersachsen
Vastorf,836,53.2,10.55,Niedersachsen
Rastdorf,1072,52.9,7.7,Niedersachsen
Linsburg,998,52.593055555,9.303333333,Niedersachsen
Jerxheim,1087,52.0843,10.900199722,Niedersachsen
Drage,4352,53.416666666,10.266666666,Niedersachsen
Leiferde,4383,52.438888888,10.438611111,Niedersachsen
Reppenstedt,7658,53.25,10.353055555,Niedersachsen
Heere,1065,52.066666666,10.25,Niedersachsen
Klein Berßen,1169,52.766666666,7.45,Niedersachsen
Seggebruch,1723,52.302222222,9.094166666,Niedersachsen
Bawinkel,2723,52.6,7.409166666,Niedersachsen
Sickte,6110,52.215555555,10.637777777,Niedersachsen
Essen,9083,52.721111111,7.940555555,Niedersachsen
Nordleda,1004,53.763688888,8.834838888,Niedersachsen
Berumbur,2743,53.6,7.316666666,Niedersachsen
Misselwarden,416,53.673825,8.516736111,Niedersachsen
Messenkamp,722,52.260555555,9.381111111,Niedersachsen
Garlstorf,1179,53.216666666,10.083333333,Niedersachsen
Salzhausen,4943,53.216666666,10.166666666,Niedersachsen
Dunum,1086,53.6,7.65,Niedersachsen
Wendeburg,10482,52.316666666,10.4,Niedersachsen
Wollershausen,465,51.6,10.25,Niedersachsen
Hassel,1839,52.805277777,9.199166666,Niedersachsen
Betzendorf,1098,53.133055555,10.316666666,Niedersachsen
Colnrade,797,52.823266666,8.477386111,Niedersachsen
Flögeln,626,53.663380555,8.806280555,Niedersachsen
Lütetsburg,740,53.6,7.25,Niedersachsen
Dedelstorf,1179,52.7,10.5,Niedersachsen
Frellstedt,837,52.216666666,10.916666666,Niedersachsen
Gleichen,8693,51.461944444,10.038888888,Niedersachsen
Cappeln,7461,52.812222222,8.114444444,Niedersachsen
Drestedt,846,53.333055555,9.766666666,Niedersachsen
Menslage,2511,52.683333333,7.816666666,Niedersachsen
Haste,2781,52.380833333,9.390555555,Niedersachsen
Gevensleben,612,52.075833,10.822222,Niedersachsen
Lastrup,7660,52.7957,7.8669,Niedersachsen
Barßel,13706,53.170277777,7.746666666,Niedersachsen
Gartow,1516,53.023888888,11.4575,Niedersachsen
Hankensbüttel,4530,52.733055555,10.599722222,Niedersachsen
Badbergen,4761,52.635,7.982222222,Niedersachsen
Velpke,4999,52.40797,10.93637,Niedersachsen
Bösel,8965,53.005833333,7.954166666,Niedersachsen
Stöckse,1266,52.635833333,9.338611111,Niedersachsen
Damnatz,313,53.13647,11.17687,Niedersachsen
Handorf,2170,53.35,10.333333333,Niedersachsen
Alfhausen,4267,52.501944444,7.951388888,Niedersachsen
Rhauderfehn,18620,53.166666666,7.55,Niedersachsen
Bakum,6811,52.742777777,8.195833333,Niedersachsen
Weste,951,53.066666666,10.7,Niedersachsen
Emstek,12545,52.816666666,8.15,Niedersachsen
Karwitz,773,53.083055555,11.016666666,Niedersachsen
Hagenburg,4564,52.433611111,9.326944444,Niedersachsen
Bergfeld,881,52.544,10.84505,Niedersachsen
Stolzenau,7693,52.516666666,9.066666666,Niedersachsen
Pollhagen,1063,52.376666666,9.188055555,Niedersachsen
Vierhöfen,920,53.266666666,10.216666666,Niedersachsen
Hambergen,5706,53.3071,8.8264,Niedersachsen
Eime,2570,52.074655555,9.723233333,Niedersachsen
Prezelle,429,52.966666666,11.4,Niedersachsen
Wettrup,545,52.587778,7.5975,Niedersachsen
Westoverledingen,21740,53.15,7.466666666,Niedersachsen
Uplengen,12119,53.305137,7.750133,Niedersachsen
Ohrum,602,52.121111111,10.564444444,Niedersachsen
Ritterhude,14942,53.1861,8.758,Niedersachsen
Wölpinghausen,1600,52.420833333,9.238055555,Niedersachsen
Bevern,3865,51.857155512,9.496116161,Niedersachsen
Eyendorf,1178,53.2,10.15,Niedersachsen
Marxen,1440,53.316666666,10.016666666,Niedersachsen
Moormerland,24088,53.319722222,7.422777777,Niedersachsen
Edemissen,12522,52.385556,10.260556,Niedersachsen
Börßum,2881,52.066666666,10.566666666,Niedersachsen
Römstedt,801,53.1,10.65,Niedersachsen
Lübbow,829,52.916666666,11.183055555,Niedersachsen
Lehre,12029,52.316666666,10.666666666,Niedersachsen
Jelmstorf,758,53.102222222,10.524722222,Niedersachsen
Gusborn,1272,53.083055555,11.216666666,Niedersachsen
Kalefeld,6025,51.798055555,10.035,Niedersachsen
Grasleben,2455,52.316666666,11.016666666,Niedersachsen
Wahrenholz,3728,52.616666666,10.599722222,Niedersachsen
Rieste,3701,52.483333333,8.016666666,Niedersachsen
Staufenberg,7710,51.35,9.599722222,Niedersachsen
Lindern,5060,52.845,7.778055555,Niedersachsen
Getelo,499,52.468080555,6.843561111,Niedersachsen
Himbergen,1674,53.09418,10.72909,Niedersachsen
Harpstedt,4791,52.9,8.583333333,Niedersachsen
Waddeweitz,896,53.0,10.966666666,Niedersachsen
Baddeckenstedt,3153,52.084722222,10.232777777,Niedersachsen
Garrel,15867,52.958055555,8.025277777,Niedersachsen
Hahausen,771,51.95,10.2175,Niedersachsen
Vrees,1916,52.885277777,7.770555555,Niedersachsen
Brome,3311,52.6,10.95,Niedersachsen
Tappenbeck,1608,52.470556,10.741389,Niedersachsen
Osloß,2121,52.46925,10.68011,Niedersachsen
Ebstorf,5416,53.03,10.414722222,Niedersachsen
Halvesbostel,770,53.35,9.599722222,Niedersachsen
Walkenried,4407,51.586944444,10.618888888,Niedersachsen
Krummhörn,11723,53.433333333,7.083333333,Niedersachsen
Emsbüren,10735,52.3925,7.291388888,Niedersachsen
Meerbeck,1848,52.341111111,9.15,Niedersachsen
Kneitlingen,784,52.17477,10.76197,Niedersachsen
Ostrhauderfehn,11811,53.139444,7.616944,Niedersachsen
Molbergen,9567,52.866666666,7.933333333,Niedersachsen
Kluse,1834,52.933333,7.342778,Niedersachsen
Dötlingen,6524,52.936111111,8.380555555,Niedersachsen
Kakenstorf,1543,53.316666666,9.766666666,Niedersachsen
Oetzen,1160,53.016666666,10.683333333,Niedersachsen
Uthlede,962,53.314438888,8.581791666,Niedersachsen
Rohrsen,1115,52.71,9.232222222,Niedersachsen
Reinstorf,1283,53.234444444,10.569444444,Niedersachsen
Jesteburg,7995,53.307777777,9.954166666,Niedersachsen
Jemgum,3624,53.265833333,7.385,Niedersachsen
Hatten,14688,53.018388,8.349977,Niedersachsen
Heiningen,674,52.070833,10.557222,Niedersachsen
Schladen,5041,52.0194,10.5467,Niedersachsen
Esterwegen,5596,52.991944444,7.633611111,Niedersachsen
Embsen,2830,53.183333333,10.35,Niedersachsen
Schwerinsdorf,700,53.316666666,7.683333333,Niedersachsen
Spahnharrenstätte,1585,52.866666666,7.583333333,Niedersachsen
Frankenfeld,509,52.766666666,9.416666666,Niedersachsen
Söllingen,1560,52.083055555,10.933055555,Niedersachsen
Lahn,887,52.816666666,7.616666666,Niedersachsen
Luckau (Wendland),594,52.933333333,11.05,Niedersachsen
Schapen,2496,52.383333333,7.566666666,Niedersachsen
Ribbesbüttel,2155,52.433055555,10.516666666,Niedersachsen
Steinau,797,53.683333333,8.883333333,Niedersachsen
Utarp,643,53.609167,7.482778,Niedersachsen
Sprakensehl,1193,52.766666666,10.5,Niedersachsen
Holtgast,1848,53.6298,7.575069444,Niedersachsen
Wulfsen,1718,53.3,10.15,Niedersachsen
Schönewörde,897,52.633055555,10.633055555,Niedersachsen
Sustrum,1417,52.916666666,7.266666666,Niedersachsen
Friedland,14544,51.416666666,9.933333333,Niedersachsen
Hedeper,476,52.066666666,10.683333333,Niedersachsen
Spelle,10178,52.366666666,7.466666666,Niedersachsen
Ochtersum,917,53.6,7.516666666,Niedersachsen
Neuschoo,1213,53.566666666,7.5,Niedersachsen
Moorweg,869,53.591944444,7.585,Niedersachsen
Laar,2091,52.616666666,6.733055555,Niedersachsen
Südheide,11683,52.8333,10.15,Niedersachsen
Welle,1232,53.2341,9.8049,Niedersachsen
Wistedt,1765,53.266666666,9.683055555,Niedersachsen
Nordsehl,677,52.355555555,9.182222222,Niedersachsen
Hanstedt,6197,53.266666666,10.016666666,Niedersachsen
Wolsdorf,928,52.2,10.949722222,Niedersachsen
Hademstorf,848,52.716666666,9.633055555,Niedersachsen
Langendorf,708,53.1,11.25,Niedersachsen
Remlingen-Semmenstedt,2379,52.11666667,10.66666667,Niedersachsen
Grethem,652,52.724259,9.579109,Niedersachsen
Rehlingen,754,53.1,10.21666667,Niedersachsen
Soderstorf,1457,53.141666666,10.15,Niedersachsen
Heeßen,1422,52.234444444,9.106666666,Niedersachsen
Beckedorf,1439,52.344166666,9.316666666,Niedersachsen
Buchholz,739,52.226111111,9.123611111,Niedersachsen
Oldendorf (Luhe),1069,53.149722222,10.216666666,Niedersachsen
Elbingerode,430,51.659166666,10.279166666,Niedersachsen
Kranenburg,789,53.6,9.2,Niedersachsen
Lübberstedt,691,53.334733333,8.805933333,Niedersachsen
Lemwerder,7125,53.166666666,8.616666666,Niedersachsen
Halbemond,945,53.566666666,7.266666666,Niedersachsen
Erkerode,845,52.216666666,10.7,Niedersachsen
Hattorf am Harz,3968,51.651388888,10.236944444,Niedersachsen
Wasbüttel,1806,52.411388888,10.593055555,Niedersachsen
Lehe,1021,53.003333333,7.330277777,Niedersachsen
Hörden am Harz,931,51.670833333,10.285277777,Niedersachsen
Tülau,1507,52.583055555,10.866666666,Niedersachsen
Hage,6534,53.6,7.283333333,Niedersachsen
Hagermarsch,404,53.633333333,7.283333333,Niedersachsen
Wulften am Harz,1809,51.662777777,10.176666666,Niedersachsen
Grafhorst,1170,52.443333,10.948333,Niedersachsen
Gielde,792,52.033055555,10.5,Niedersachsen
Wendisch Evern,1815,53.216666666,10.466666666,Niedersachsen
Soltendieck,1030,52.872777777,10.761666666,Niedersachsen
Hasbergen,11018,52.243055555,7.955833333,Niedersachsen
Gersten,1216,52.583333333,7.516666666,Niedersachsen
Handrup,807,52.56456,7.57679,Niedersachsen
Dersum,1496,52.960277777,7.275555555,Niedersachsen
Hechthausen,3570,53.6423,9.23529,Niedersachsen
Wittmar,1108,52.129722,10.64,Niedersachsen
Lengerich,2858,52.553333333,7.5325,Niedersachsen
Dorum,3961,53.689111111,8.570088888,Niedersachsen
Nienstädt,4464,52.289166666,9.168611111,Niedersachsen
Pohle,891,52.263888888,9.34,Niedersachsen
Berge,3609,52.616666666,7.716666666,Niedersachsen
Grasberg,8088,53.183333333,8.983333333,Niedersachsen
Wallmoden,913,52.021111111,10.305555555,Niedersachsen
Renkenberge,680,52.899722222,7.383055555,Niedersachsen
Haßbergen,1687,52.733333333,9.233333333,Niedersachsen
Mariental,959,52.277064,10.982109,Niedersachsen
Ehra-Lessien,2102,52.568791,10.787547,Niedersachsen
Krebeck,1026,51.587777777,10.120277777,Niedersachsen
Süpplingen,1766,52.226944,10.905,Niedersachsen
Böhme,943,52.783055555,9.466666666,Niedersachsen
Flöthe,1098,52.083055555,10.483055555,Niedersachsen
Giesen,9747,52.2,9.883333333,Niedersachsen
Ovelgönne,5420,53.35,8.4,Niedersachsen
Lüdersfeld,1101,52.358333333,9.250833333,Niedersachsen
Auhagen,1293,52.397777777,9.296944444,Niedersachsen
Schwanewede,20599,53.233722222,8.595694444,Niedersachsen
Auetal,6217,52.233888888,9.237222222,Niedersachsen
Stadland,7514,53.424722222,8.374166666,Niedersachsen
Regesbostel,1075,53.381,9.6477,Niedersachsen
Müden (Aller),5338,52.533333333,10.366666666,Niedersachsen
Cramme,809,52.113055555,10.445555555,Niedersachsen
Wippingen,1000,52.916666666,7.416666666,Niedersachsen
Steimbke,2420,52.662222222,9.404166666,Niedersachsen
Breddenberg,846,52.954722,7.606944,Niedersachsen
Rhede,4600,53.061388888,7.273888888,Niedersachsen
Hilkenbrook,794,52.983055555,7.7,Niedersachsen
Surwold,4353,52.972222222,7.522222222,Niedersachsen
Elbe,1529,52.083055555,10.283055555,Niedersachsen
Winnigstedt,700,52.064816666,10.766258333,Niedersachsen
Suthfeld,1476,52.366666666,9.4,Niedersachsen
Hüven,543,52.786111111,7.551666666,Niedersachsen
Echem,1084,53.337222,10.536944,Niedersachsen
Twist,9751,52.647219444,7.094788888,Niedersachsen
Dahlem,643,53.203702777,10.748041666,Niedersachsen
Wrestedt,6456,52.9,10.583333333,Niedersachsen
Rosche,2014,52.983333333,10.75,Niedersachsen
Steinfeld,10509,52.58712,8.21736,Niedersachsen
Wriedel,2287,53.033333333,10.316666666,Niedersachsen
Schwienau,680,53.005291,10.445514,Niedersachsen
Steinhorst,1254,52.683055555,10.4,Niedersachsen
Stavern,1079,52.783333333,7.416666666,Niedersachsen
Schellerten,7901,52.1875,10.101389,Niedersachsen
Dohren,1179,52.633333333,7.566666666,Niedersachsen
Suhlendorf,2377,52.933333333,10.766666666,Niedersachsen
Filsum,2199,53.233333333,7.633333333,Niedersachsen
Nortmoor,1817,53.233333333,7.566666666,Niedersachsen
Barum,781,53.050277777,10.516111111,Niedersachsen
Eimke,844,52.966666666,10.316666666,Niedersachsen
Emmendorf,733,53.016666666,10.566666666,Niedersachsen
Otter,1813,53.233333333,9.733333333,Niedersachsen
Sögel,8422,52.85,7.516666666,Niedersachsen
Clenze,2247,52.935833333,10.955833333,Niedersachsen
Bergen an der Dumme,1419,52.883333333,10.966666666,Niedersachsen
Lüder,1234,52.816666666,10.666666666,Niedersachsen
Buchholz (Aller),2182,52.675833333,9.676111111,Niedersachsen
Neulehe,843,53.0,7.4,Niedersachsen
Gilten,1224,52.707222222,9.574722222,Niedersachsen
Groß Oesingen,2051,52.65,10.483333333,Niedersachsen
Schweindorf,738,53.6002,7.473111111,Niedersachsen
Eggermühlen,1862,52.566666666,7.816666666,Niedersachsen
Handeloh,2521,53.25,9.816666666,Niedersachsen
Hude,16303,53.111111111,8.4625,Niedersachsen
Jade,5977,53.344444444,8.240277777,Niedersachsen
Bühren,538,51.483055555,9.683055555,Niedersachsen
Schnega,1293,52.883055555,10.883055555,Niedersachsen
Schladen-Werla,8638,52.0333,10.5667,Niedersachsen
Westerholt,2722,53.592222222,7.459166666,Niedersachsen
Winkelsett,508,52.872777777,8.530555555,Niedersachsen
Nortrup,3039,52.6,7.883333333,Niedersachsen
Woltersdorf,892,52.95,11.216666666,Niedersachsen
Bomlitz,6955,52.9,9.65,Niedersachsen
Werlaburgdorf,770,52.05,10.533333333,Niedersachsen
Laboe,5572,54.408888888,10.230833333,Schleswig-Holstein
Osterhever,207,54.383333333,8.783333333,Schleswig-Holstein
Ammersbek,10035,53.701944444,10.199444444,Schleswig-Holstein
Sterup,1407,54.73,9.7375,Schleswig-Holstein
Heide,22467,54.196111111,9.093333333,Schleswig-Holstein
Glückstadt,10987,53.791666666,9.421944444,Schleswig-Holstein
Tönning,4940,54.317222222,8.942777777,Schleswig-Holstein
Neustadt in Holstein,15749,54.107222222,10.815833333,Schleswig-Holstein
Kotzenbüll,183,54.334166666,8.910833333,Schleswig-Holstein
Rendsburg,30545,54.304444444,9.664444444,Schleswig-Holstein
Todesfelde,1144,53.883333333,10.166666666,Schleswig-Holstein
Mözen,435,53.916666666,10.25,Schleswig-Holstein
Giesensdorf,164,53.688611111,10.714166666,Schleswig-Holstein
Geesthacht,32763,53.4375,10.3675,Schleswig-Holstein
Sophienhamm,293,54.278819444,9.465280555,Schleswig-Holstein
Wahlstedt,10050,53.95,10.216666666,Schleswig-Holstein
Uetersen,18776,53.687222222,9.669166666,Schleswig-Holstein
Büsum,5078,54.133333333,8.85,Schleswig-Holstein
Hattstedt,2654,54.516666666,9.016666666,Schleswig-Holstein
Flensburg,99307,54.781944444,9.436666666,Schleswig-Holstein
Friedrichstadt,2544,54.376980555,9.0925,Schleswig-Holstein
Eutin,17296,54.137777777,10.618055555,Schleswig-Holstein
Fresendelf,84,54.395,9.249444444,Schleswig-Holstein
Altenkrempe,1157,54.133333333,10.833333333,Schleswig-Holstein
Krempe,2429,53.8333,9.483330555,Schleswig-Holstein
Brunsmark,146,53.616944444,10.749166666,Schleswig-Holstein
Oldenburg in Holstein,9983,54.292222222,10.886666666,Schleswig-Holstein
Neumünster,80185,54.071388888,9.99,Schleswig-Holstein
Niebüll,10159,54.788055555,8.829722222,Schleswig-Holstein
Poppenbüll,237,54.369166666,8.761388888,Schleswig-Holstein
Schenefeld,19817,53.602777777,9.823333333,Schleswig-Holstein
Witsum,42,54.698333333,8.441388888,Schleswig-Holstein
Alveslohe,2868,53.7833,9.916669444,Schleswig-Holstein
Ramstedt,432,54.401666666,9.17,Schleswig-Holstein
Hardebek,521,53.9882,9.8694,Schleswig-Holstein
Helgoland,1253,54.1825,7.885277777,Schleswig-Holstein
Itzehoe,32319,53.925,9.516388888,Schleswig-Holstein
Altenmoor,233,53.766666666,9.566666666,Schleswig-Holstein
Mildstedt,3925,54.465277777,9.095555555,Schleswig-Holstein
Dörphof,738,54.6177,9.9789,Schleswig-Holstein
Oldenswort,1327,54.372419444,8.94025,Schleswig-Holstein
Oevenum,462,54.711111111,8.530833333,Schleswig-Holstein
Zarpen,1466,53.870555555,10.518055555,Schleswig-Holstein
List auf Sylt,1680,55.020026,8.436182,Schleswig-Holstein
Mölln,19566,53.626944444,10.684722222,Schleswig-Holstein
Arnis,254,54.63,9.931388888,Schleswig-Holstein
Garding,2814,54.330555555,8.780555555,Schleswig-Holstein
Lübeck,219044,53.869722222,10.686388888,Schleswig-Holstein
Eckernförde,21620,54.474166666,9.837777777,Schleswig-Holstein
Trittau,9167,53.616666666,10.4,Schleswig-Holstein
Bad Segeberg,18891,53.936111111,10.309722222,Schleswig-Holstein
Nebel,978,54.653055555,8.355,Schleswig-Holstein
Altenholz,9927,54.4,10.133333333,Schleswig-Holstein
Preetz,16186,54.236666666,10.282222222,Schleswig-Holstein
Norderstedt,82719,53.706388888,10.010277777,Schleswig-Holstein
Engelbrechtsche Wildnis,813,53.785555555,9.447222222,Schleswig-Holstein
Norddorf auf Amrum,562,54.683333333,8.333333333,Schleswig-Holstein
Reußenköge,320,54.609166666,8.904444444,Schleswig-Holstein
Aventoft,413,54.901111111,8.821944444,Schleswig-Holstein
Ostenfeld,1569,54.466666666,9.216666666,Schleswig-Holstein
Wyk auf Föhr,4355,54.6914,8.567019444,Schleswig-Holstein
Arlewatt,345,54.538,9.082,Schleswig-Holstein
Tümlauer-Koog,109,54.35,8.68333,Schleswig-Holstein
Pinneberg,44756,53.659111111,9.800861111,Schleswig-Holstein
Norderfriedrichskoog,43,54.4,8.9,Schleswig-Holstein
Fehmarn,13218,54.436830555,11.19755,Schleswig-Holstein
Bargteheide,16320,53.728630555,10.260788888,Schleswig-Holstein
Kabelhorst,411,54.215555555,10.9225,Schleswig-Holstein
Sylt,13679,54.8931,8.32361,Schleswig-Holstein
Plön,8919,54.162222222,10.421388888,Schleswig-Holstein
Hadenfeld,144,54.032777777,9.458055555,Schleswig-Holstein
Kiel,252668,54.323333333,10.139444444,Schleswig-Holstein
Süderende,185,54.726666666,8.440277777,Schleswig-Holstein
Schleswig,25904,54.515277777,9.569722222,Schleswig-Holstein
Tornesch,14606,53.7,9.716666666,Schleswig-Holstein
Marne,5979,53.95,9.0,Schleswig-Holstein
Hooge,104,54.57,8.548055555,Schleswig-Holstein
Wenningstedt-Braderup,1606,54.934722222,8.336666666,Schleswig-Holstein
Rantrum,1936,54.440436111,9.129480555,Schleswig-Holstein
Ahrensburg,34601,53.674722222,10.241111111,Schleswig-Holstein
Bad Bramstedt,15451,53.918611111,9.884444444,Schleswig-Holstein
Dunsum,68,54.730277777,8.414444444,Schleswig-Holstein
Glücksburg,6381,54.833611111,9.55,Schleswig-Holstein
Wilster,4389,53.9225,9.374444444,Schleswig-Holstein
Elmshorn,50728,53.754722222,9.653611111,Schleswig-Holstein
Hürup,2394,54.75,9.516666666,Schleswig-Holstein
Welt,190,54.3,8.8,Schleswig-Holstein
Hude,180,54.388333333,9.214722222,Schleswig-Holstein
Tetenbüll,560,54.353888888,8.826111111,Schleswig-Holstein
Oldsum,519,54.733333333,8.45,Schleswig-Holstein
Rausdorf,231,53.589444444,10.329166666,Schleswig-Holstein
Ellhöft,113,54.889380555,8.950852777,Schleswig-Holstein
Lütjenburg,5479,54.294722222,10.591388888,Schleswig-Holstein
Waabs,1445,54.5333,9.983330555,Schleswig-Holstein
Meldorf,7318,54.083333333,9.066666666,Schleswig-Holstein
Bad Oldesloe,25104,53.811666666,10.374166666,Schleswig-Holstein
Pellworm,1208,54.516666666,8.636944444,Schleswig-Holstein
Reinfeld,9023,53.833333333,10.483333333,Schleswig-Holstein
Kaltenkirchen,23478,53.839722222,9.960277777,Schleswig-Holstein
Husum,23814,54.476944444,9.051111111,Schleswig-Holstein
Westerhever,89,54.383333333,8.666666666,Schleswig-Holstein
Kirchspiel Garding,319,54.316666666,8.783333333,Schleswig-Holstein
Wedel,34617,53.583333,9.7,Schleswig-Holstein
Ratzeburg,14552,53.701666666,10.756666666,Schleswig-Holstein
Altenhof,328,54.433333333,9.866666666,Schleswig-Holstein
Nieblum,585,54.692088888,8.489,Schleswig-Holstein
Bredstedt,5826,54.62,8.964444444,Schleswig-Holstein
Humptrup,754,54.866666666,8.866666666,Schleswig-Holstein
Oldersbek,750,54.45,9.166666666,Schleswig-Holstein
Lauenburg/Elbe,11999,53.375833333,10.558888888,Schleswig-Holstein
Utersum,387,54.716666666,8.4,Schleswig-Holstein
Sankt Peter-Ording,3877,54.304166666,8.651111111,Schleswig-Holstein
Westre,355,54.85,8.966666666,Schleswig-Holstein
Nordstrand,2303,54.483333333,8.883333333,Schleswig-Holstein
Strukdorf,261,53.916666666,10.483333333,Schleswig-Holstein
Bondelum,168,54.566666666,9.266666666,Schleswig-Holstein
Löwenstedt,706,54.616666666,9.166666666,Schleswig-Holstein
Ringsberg,555,54.803,9.599,Schleswig-Holstein
Hemdingen,1724,53.765,9.838611111,Schleswig-Holstein
Wakendorf II,1405,53.783333333,10.083333333,Schleswig-Holstein
Pahlen,1160,54.268333333,9.29,Schleswig-Holstein
Alt Duvenstedt,1894,54.358333333,9.644444444,Schleswig-Holstein
Büdelsdorf,10470,54.316666666,9.683333333,Schleswig-Holstein
Ahrenviölfeld,236,54.533333333,9.283333333,Schleswig-Holstein
Schönkirchen,6899,54.341666666,10.224166666,Schleswig-Holstein
Hellschen-Heringsand-Unterschaar,164,54.2,8.85,Schleswig-Holstein
Rodenäs,384,54.883305555,8.7,Schleswig-Holstein
Heist,2988,53.65,9.65,Schleswig-Holstein
Risum-Lindholm,3918,54.758019444,8.869061111,Schleswig-Holstein
Ahrensbök,8502,54.016666666,10.583333333,Schleswig-Holstein
Immenstedt,680,54.536,9.159,Schleswig-Holstein
Leck,7837,54.774444444,8.973611111,Schleswig-Holstein
Seeth,2105,54.3675,9.164722222,Schleswig-Holstein
Krems II,385,53.983333333,10.35,Schleswig-Holstein
Gröde,10,54.636111111,8.723611111,Schleswig-Holstein
Karolinenkoog,143,54.292222,8.965278,Schleswig-Holstein
Tarbek,172,54.049722222,10.282777777,Schleswig-Holstein
Fahrdorf,2687,54.5,9.6,Schleswig-Holstein
Vollerwiek,226,54.292777777,8.794166666,Schleswig-Holstein
Jahrsdorf,225,54.066666666,9.633333333,Schleswig-Holstein
Wittdün auf Amrum,805,54.626388888,8.389444444,Schleswig-Holstein
Südermarsch,134,54.425555555,9.081944444,Schleswig-Holstein
Galmsbüll,568,54.769444444,8.7525,Schleswig-Holstein
Elisabeth-Sophien-Koog,56,54.508611111,8.880277777,Schleswig-Holstein
Nieby,135,54.7722,9.9346,Schleswig-Holstein
Süderhastedt,793,54.05,9.216666666,Schleswig-Holstein
Weddingstedt,2339,54.233333333,9.1,Schleswig-Holstein
Behrendorf,571,54.566666666,9.216666666,Schleswig-Holstein
Kasseedorf,1462,54.166666666,10.716666666,Schleswig-Holstein
Bornhöved,3406,54.066694444,10.233305555,Schleswig-Holstein
Haselund,930,54.6,9.166666666,Schleswig-Holstein
Midlum,412,54.716666666,8.516666666,Schleswig-Holstein
Wisch,701,54.416666666,10.333333333,Schleswig-Holstein
Dammfleth,265,53.908611111,9.370833333,Schleswig-Holstein
Armstedt,381,53.972222222,9.85,Schleswig-Holstein
Travenhorst,194,54.018888888,10.4525,Schleswig-Holstein
Friedrichsgabekoog,59,54.157222222,8.943333333,Schleswig-Holstein
Henstedt-Ulzburg,28375,53.783333333,10.0,Schleswig-Holstein
Ahneby,201,54.704,9.728,Schleswig-Holstein
Pommerby,153,54.758611111,9.940555555,Schleswig-Holstein
Westerholz,739,54.8164,9.672,Schleswig-Holstein
Tinningstedt,248,54.816666666,8.916666666,Schleswig-Holstein
Süderdorf,363,54.216666666,9.35,Schleswig-Holstein
Osterrade,413,54.186944444,9.353888888,Schleswig-Holstein
Hohenwestedt,5410,54.083333333,9.666666666,Schleswig-Holstein
Friedrichskoog,2523,54.0063,8.8806,Schleswig-Holstein
Pogeez,503,53.741424,10.721532,Schleswig-Holstein
Alt-Mölln,818,53.621388888,10.658333333,Schleswig-Holstein
Kampen,462,54.95,8.333333333,Schleswig-Holstein
Katharinenheerd,175,54.333333333,8.833333333,Schleswig-Holstein
Schwabstedt,1343,54.395833333,9.187222222,Schleswig-Holstein
Jagel,994,54.45,9.516666666,Schleswig-Holstein
Dersau,979,54.116666666,10.333333333,Schleswig-Holstein
Diekhusen-Fahrstedt,711,53.933333333,9.016666666,Schleswig-Holstein
Klixbüll,1061,54.8,8.9,Schleswig-Holstein
Olderup,456,54.538,9.112,Schleswig-Holstein
Heidmoor,289,53.864444444,9.818888888,Schleswig-Holstein
Krempel,614,54.316666666,9.016666666,Schleswig-Holstein
Westerhorn,1333,53.8525,9.679722222,Schleswig-Holstein
Albersdorf,3847,54.145555555,9.2875,Schleswig-Holstein
Heidmühlen,675,53.966666666,10.083333333,Schleswig-Holstein
Trappenkamp,5276,54.0391,10.2163,Schleswig-Holstein
Koldenbüttel,886,54.386388888,9.067777777,Schleswig-Holstein
Damsdorf,248,54.066666666,10.316666666,Schleswig-Holstein
Meddewade,922,53.810833333,10.440833333,Schleswig-Holstein
Kudensee,115,53.929722222,9.211666666,Schleswig-Holstein
Büsumer Deichhausen,369,54.136111111,8.890277777,Schleswig-Holstein
Alt Bennebek,332,54.377777777,9.431111111,Schleswig-Holstein
Tolk,1049,54.578,9.637,Schleswig-Holstein
Grove,260,53.530555555,10.494722222,Schleswig-Holstein
Wrixum,601,54.7,8.55,Schleswig-Holstein
Langballig,1591,54.798888888,9.6375,Schleswig-Holstein
Grevenkop,335,53.85,9.533333333,Schleswig-Holstein
Bolsehle,273,52.5586,9.2951,Schleswig-Holstein
Agethorst,198,54.016666666,9.433333333,Schleswig-Holstein
Kolkerheide,83,54.620277777,9.130555555,Schleswig-Holstein
Wacken,2110,54.020555555,9.376111111,Schleswig-Holstein
Simonsberg,813,54.435,8.978333333,Schleswig-Holstein
Schwentinental,14032,54.287,10.2258,Schleswig-Holstein
Westermoor,416,53.916666666,9.616666666,Schleswig-Holstein
Warwerort,234,54.140555555,8.922777777,Schleswig-Holstein
Horstedt,806,54.516666666,9.066666666,Schleswig-Holstein
Langeneß,125,54.64,8.601666666,Schleswig-Holstein
Tensfeld,697,54.045,10.319166666,Schleswig-Holstein
Wennbüttel,77,54.140555555,9.324444444,Schleswig-Holstein
Damlos,606,54.25,10.9,Schleswig-Holstein
Bahrenhof,198,53.878129,10.386032,Schleswig-Holstein
Osterhorn,413,53.869166666,9.698055555,Schleswig-Holstein
Stapelfeld,1880,53.6,10.216666666,Schleswig-Holstein
Quarnstedt,451,53.9543,9.7865,Schleswig-Holstein
Bebensee,613,53.878055555,10.303333333,Schleswig-Holstein
Hohenlockstedt,5972,53.966666666,9.616666666,Schleswig-Holstein
Harmsdorf,617,54.25,10.816666666,Schleswig-Holstein
Kattendorf,816,53.843888888,10.025555555,Schleswig-Holstein
Ahlefeld-Bistensee,517,54.4,9.666666666,Schleswig-Holstein
Neuengörs,807,53.9,10.383333333,Schleswig-Holstein
Drage,647,54.355833333,9.161388888,Schleswig-Holstein
Krummbek,387,54.383333333,10.4,Schleswig-Holstein
Hemme,496,54.266666666,9.016666666,Schleswig-Holstein
Nortorf,7175,54.166666666,9.866666666,Schleswig-Holstein
Wensin,886,53.980833333,10.4125,Schleswig-Holstein
Alkersum,398,54.709722222,8.512777777,Schleswig-Holstein
Kayhude,1226,53.766666666,10.133333333,Schleswig-Holstein
Oeversee,3621,54.706388888,9.436111111,Schleswig-Holstein
Marnerdeich,403,53.948333333,8.983055555,Schleswig-Holstein
Neversdorf,719,53.866388888,10.287777777,Schleswig-Holstein
Linden,855,54.254166666,9.184166666,Schleswig-Holstein
Uphusum,340,54.84,8.856,Schleswig-Holstein
Schmedeswurth,191,53.928333333,9.037777777,Schleswig-Holstein
Grabau,797,53.805555555,10.275277777,Schleswig-Holstein
Ahrenshöft,549,54.566666666,9.066666666,Schleswig-Holstein
Sankt Margarethen,819,53.890555555,9.256666666,Schleswig-Holstein
Windbergen,747,54.05,9.116666666,Schleswig-Holstein
Bimöhlen,1015,53.933333333,9.95,Schleswig-Holstein
Hörnum (Sylt),872,54.760555555,8.291388888,Schleswig-Holstein
Strübbel,96,54.263055555,8.966944444,Schleswig-Holstein
Aumühle,3342,53.5253,10.3135,Schleswig-Holstein
Ahrenviöl,521,54.531,9.206,Schleswig-Holstein
Stelle-Wittenwurth,469,54.266666666,9.05,Schleswig-Holstein
Grothusenkoog,26,54.291666666,8.751111111,Schleswig-Holstein
Wesselburen,3545,54.216666666,8.916666666,Schleswig-Holstein
Glinde,18656,53.540555555,10.211111111,Schleswig-Holstein
Süderhöft,16,54.381944444,9.241666666,Schleswig-Holstein
Hetlingen,1420,53.609166666,9.636111111,Schleswig-Holstein
Frestedt,363,54.024166666,9.176944444,Schleswig-Holstein
Tating,961,54.333333333,8.716666666,Schleswig-Holstein
Bünsdorf,636,54.366666666,9.75,Schleswig-Holstein
Bark,1025,53.916666666,10.183333333,Schleswig-Holstein
Borgsum,331,54.7,8.466666666,Schleswig-Holstein
Süderdeich,452,54.2,8.9,Schleswig-Holstein
Hattstedtermarsch,270,54.553611111,9.004722222,Schleswig-Holstein
Schalkholz,570,54.25,9.25,Schleswig-Holstein
Dagebüll,907,54.733611111,8.714444444,Schleswig-Holstein
Schwarzenbek,17370,53.504166666,10.479166666,Schleswig-Holstein
Wöhrden,1306,54.167222222,8.998333333,Schleswig-Holstein
Ottenbüttel,741,53.966666666,9.5,Schleswig-Holstein
Barmstedt,10683,53.783333333,9.766666666,Schleswig-Holstein
Rickling,3252,54.010555555,10.163888888,Schleswig-Holstein
Kiebitzreihe,2218,53.783333333,9.616666666,Schleswig-Holstein
Wesselburener Deichhausen,114,54.176944444,8.940277777,Schleswig-Holstein
Struvenhütten,959,53.867777777,10.055,Schleswig-Holstein
Großhansdorf,9436,53.666666666,10.266666666,Schleswig-Holstein
Oldenbüttel,262,54.166666666,9.433333333,Schleswig-Holstein
Reinbek,28579,53.508888888,10.248333333,Schleswig-Holstein
Helse,848,53.966666666,9.016666666,Schleswig-Holstein
Grundhof,908,54.766666666,9.65,Schleswig-Holstein
Tensbüttel-Röst,684,54.11385,9.242780555,Schleswig-Holstein
Heiligenstedten,1547,53.933333333,9.466666666,Schleswig-Holstein
Haale,525,54.183333333,9.55,Schleswig-Holstein
Winsen (Holstein),358,53.832222222,10.011666666,Schleswig-Holstein
Hillgroven,55,54.216666666,8.866666666,Schleswig-Holstein
Husby,2432,54.765,9.581,Schleswig-Holstein
Nusse,1171,53.658055555,10.578888888,Schleswig-Holstein
Brunsbüttel,12651,53.896388888,9.138611111,Schleswig-Holstein
Neuendorf-Sachsenbande,438,53.9625,9.333333333,Schleswig-Holstein
Eisendorf,279,54.2,9.866666666,Schleswig-Holstein
Hingstheide,79,53.9,9.75,Schleswig-Holstein
Dannewerk,1135,54.483611111,9.501111111,Schleswig-Holstein
Hüsby,827,54.4976,9.4838,Schleswig-Holstein
Steinbergkirche,2909,54.755833333,9.761111111,Schleswig-Holstein
Ziethen,1145,53.695,10.814444444,Schleswig-Holstein
Schwissel,259,53.895277777,10.293611111,Schleswig-Holstein
Padenstedt,1820,54.050555555,9.919166666,Schleswig-Holstein
Schönwalde am Bungsberg,2603,54.189444444,10.755833333,Schleswig-Holstein
Lammershagen,232,54.266666666,10.433333333,Schleswig-Holstein
Heidgraben,2787,53.705,9.681944444,Schleswig-Holstein
Weddelbrook,1046,53.9,9.833333333,Schleswig-Holstein
Holzbunge,355,54.381388888,9.709444444,Schleswig-Holstein
Rabel,626,54.694444444,9.9525,Schleswig-Holstein
Ulsnis,698,54.566666666,9.75,Schleswig-Holstein
Schlichting,241,54.311666666,9.091111111,Schleswig-Holstein
Stolk,840,54.6,9.55,Schleswig-Holstein
Steinfeld,851,54.6,9.75,Schleswig-Holstein
Busdorf,2048,54.49,9.547,Schleswig-Holstein
Nindorf,1147,54.087777777,9.121666666,Schleswig-Holstein
Fahrenkrug,1625,53.933333333,10.25,Schleswig-Holstein
Norderwöhrden,251,54.194166666,9.001666666,Schleswig-Holstein
Jevenstedt,3406,54.23333,9.66667,Schleswig-Holstein
Föhrden-Barl,289,53.93,9.788611111,Schleswig-Holstein
Ostrohe,902,54.216666666,9.15,Schleswig-Holstein
Windeby,1024,54.467,9.788,Schleswig-Holstein
Hoisdorf,3560,53.653333333,10.328611111,Schleswig-Holstein
Kremperheide,2293,53.891666666,9.483333333,Schleswig-Holstein
Tetenhusen,939,54.35,9.5,Schleswig-Holstein
Heiligenstedtenerkamp,722,53.9,9.466666666,Schleswig-Holstein
Groß Offenseth-Aspern,500,53.816666666,9.733333333,Schleswig-Holstein
Kaaks,452,53.983333333,9.466666666,Schleswig-Holstein
Panker,1387,54.316666666,10.566666666,Schleswig-Holstein
Fuhlendorf,422,53.95,9.883333333,Schleswig-Holstein
Ellingstedt,740,54.483333333,9.4,Schleswig-Holstein
Norderbrarup,680,54.655833333,9.768611111,Schleswig-Holstein
Silberstedt,2473,54.516666666,9.366666666,Schleswig-Holstein
Arkebek,229,54.159166666,9.247777777,Schleswig-Holstein
Oldenhütten,156,54.1576,9.7379,Schleswig-Holstein
Noer,876,54.466666666,10.0,Schleswig-Holstein
Lieth,367,54.158055555,9.062777777,Schleswig-Holstein
Hasenkrug,362,53.987222222,9.850833333,Schleswig-Holstein
Aasbüttel,153,54.066666666,9.433333333,Schleswig-Holstein
Wallen,30,54.285555555,9.268055555,Schleswig-Holstein
Wrohm,724,54.216666666,9.4,Schleswig-Holstein
Lohe-Rickelshof,2066,54.186388888,9.065,Schleswig-Holstein
Traventhal,527,53.898888888,10.318888888,Schleswig-Holstein
Gemeinde Raisdorf,3918,54.281111111,10.248888888,Schleswig-Holstein
Süderhackstedt,348,54.591,9.286,Schleswig-Holstein
Wiemerstedt,152,54.266666666,9.116666666,Schleswig-Holstein
Neuenkirchen,1013,54.233333333,8.983333333,Schleswig-Holstein
Kirchbarkau,792,54.208066,10.142417,Schleswig-Holstein
Krempermoor,550,53.877777777,9.478888888,Schleswig-Holstein
Fitzbek,402,54.0,9.766666666,Schleswig-Holstein
Bad Schwartau,20169,53.919444444,10.6975,Schleswig-Holstein
Krogaspe,445,54.133333333,9.933333333,Schleswig-Holstein
Achtrup,1553,54.7902,9.0279,Schleswig-Holstein
Dreggers,54,53.885277777,10.345833333,Schleswig-Holstein
Wangels,2265,54.266666666,10.766666666,Schleswig-Holstein
Oeschebüttel,181,53.983333333,9.716666666,Schleswig-Holstein
Wittmoldt,162,54.166666666,10.366666666,Schleswig-Holstein
Kappeln,8683,54.661388888,9.931111111,Schleswig-Holstein
Borstel,129,53.9686,9.7984,Schleswig-Holstein
Holzdorf,850,54.5577,9.9054,Schleswig-Holstein
Quickborn,22339,53.733333333,9.897222222,Schleswig-Holstein
Lentföhrden,2669,53.866666666,9.883333333,Schleswig-Holstein
Welmbüttel,390,54.196666666,9.248333333,Schleswig-Holstein
Treia,1587,54.5,9.316666666,Schleswig-Holstein
Fiefbergen,543,54.380833333,10.343888888,Schleswig-Holstein
Jübek,2756,54.55,9.4,Schleswig-Holstein
Schafstedt,1318,54.066666666,9.3,Schleswig-Holstein
Güby,767,54.484444444,9.665833333,Schleswig-Holstein
Fredeburg,46,53.666666666,10.716666666,Schleswig-Holstein
Krumstedt,530,54.066666666,9.166666666,Schleswig-Holstein
Saustrup,185,54.666666666,9.766666666,Schleswig-Holstein
Sollerup,475,54.566666666,9.316666666,Schleswig-Holstein
Helmstorf,310,54.283333333,10.6,Schleswig-Holstein
Neuberend,1176,54.55,9.533330555,Schleswig-Holstein
Dollerup,1048,54.775833333,9.680555555,Schleswig-Holstein
Klein Bennebek,523,54.404444444,9.463611111,Schleswig-Holstein
Lensahn,5121,54.233333333,10.883333333,Schleswig-Holstein
Loit,273,54.6118,9.6997,Schleswig-Holstein
Glasau,876,54.05,10.516666666,Schleswig-Holstein
Tellingstedt,2720,54.220833333,9.276111111,Schleswig-Holstein
Kollmoor,36,53.920555555,9.595833333,Schleswig-Holstein
Kellinghusen,8313,53.95,9.716666666,Schleswig-Holstein
Schrum,76,54.185833333,9.254444444,Schleswig-Holstein
Oering,1443,53.83,10.146944444,Schleswig-Holstein
Schashagen,2002,54.134166666,10.883333333,Schleswig-Holstein
Barkelsby,1550,54.503055555,9.836666666,Schleswig-Holstein
Stoltenberg,332,54.344444444,10.347222222,Schleswig-Holstein
Hövede,57,54.244444444,9.2925,Schleswig-Holstein
Honigsee,456,54.2285,10.1887,Schleswig-Holstein
Heiligenhafen,9373,54.373888888,10.979722222,Schleswig-Holstein
Westerborstel,110,54.221666666,9.262222222,Schleswig-Holstein
Holstenniendorf,442,54.041944444,9.348055555,Schleswig-Holstein
Vaale,1256,54.0,9.383055555,Schleswig-Holstein
Probsteierhagen,2442,54.366666666,10.266666666,Schleswig-Holstein
Bothkamp,248,54.2032,10.134,Schleswig-Holstein
Wentorf bei Hamburg,13493,53.493055555,10.253333333,Schleswig-Holstein
Kronsgaard,256,54.731111111,9.964166666,Schleswig-Holstein
Brickeln,191,54.009722222,9.222777777,Schleswig-Holstein
Niesgrau,518,54.75,9.816666666,Schleswig-Holstein
Kalübbe,559,54.116666666,10.283333333,Schleswig-Holstein
Achterwehr,1011,54.316666666,9.966666666,Schleswig-Holstein
Klappholz,489,54.6214,9.5365,Schleswig-Holstein
Grube,1114,54.2325,11.038333333,Schleswig-Holstein
Hamberge,1862,53.839166666,10.585277777,Schleswig-Holstein
Bramstedtlund,218,54.842,9.084,Schleswig-Holstein
Twedt,485,54.6,9.666666666,Schleswig-Holstein
Christiansholm,226,54.321944444,9.408888888,Schleswig-Holstein
Hochdonn,1068,54.033333333,9.283333333,Schleswig-Holstein
Westerrade,462,53.933333333,10.45,Schleswig-Holstein
Dahmker,162,53.586944444,10.445555555,Schleswig-Holstein
Hohenaspe,1972,53.983333333,9.533333333,Schleswig-Holstein
Esgrus,758,54.723333333,9.781944444,Schleswig-Holstein
Mechow,127,53.716666666,10.8,Schleswig-Holstein
Lexgaard,55,54.833333333,8.95,Schleswig-Holstein
Harrislee,11733,54.8047109,9.3915374,Schleswig-Holstein
Grebin,1001,54.203055555,10.475833333,Schleswig-Holstein
Manhagen,361,54.2,10.916666666,Schleswig-Holstein
Janneby,411,54.628,9.303,Schleswig-Holstein
Köhn,765,54.35,10.45,Schleswig-Holstein
Neu Duvenstedt,122,54.358333333,9.704444444,Schleswig-Holstein
Borsfleth,794,53.826944444,9.429444444,Schleswig-Holstein
Rathjensdorf,466,54.185555555,10.4275,Schleswig-Holstein
Nettelsee,425,54.166666666,10.166666666,Schleswig-Holstein
Malente,11301,54.171225,10.554871,Schleswig-Holstein
Wolmersdorf,331,54.078055555,9.105555555,Schleswig-Holstein
Fockbek,6636,54.305,9.600833333,Schleswig-Holstein
Hörup,617,54.7414,9.1035,Schleswig-Holstein
Breitenburg,1286,53.9004,9.561180555,Schleswig-Holstein
Barmissen,157,54.2,10.166666666,Schleswig-Holstein
Holt,153,54.805,9.131,Schleswig-Holstein
Ladelund,1479,54.841944444,9.026388888,Schleswig-Holstein
Nottfeld,117,54.616666666,9.766666666,Schleswig-Holstein
Schieren,260,53.943055555,10.3925,Schleswig-Holstein
Blekendorf,1712,54.266666666,10.65,Schleswig-Holstein
Ockholm,308,54.6675,8.828055555,Schleswig-Holstein
Osterby,317,54.796466666,9.211477777,Schleswig-Holstein
Hollingstedt,1090,54.45,9.333333333,Schleswig-Holstein
Heilshoop,540,53.887222222,10.530555555,Schleswig-Holstein
Ellerhoop,1550,53.7275,9.770555555,Schleswig-Holstein
Enge-Sande,1141,54.733333333,8.966666666,Schleswig-Holstein
Moorrege,4692,53.666666666,9.666666666,Schleswig-Holstein
Böxlund,126,54.839722222,9.179722222,Schleswig-Holstein
Gammelby,499,54.502222222,9.796666666,Schleswig-Holstein
Arpsdorf,299,54.0393,9.859,Schleswig-Holstein
Bokelrehm,143,54.043055555,9.391666666,Schleswig-Holstein
Gaushorn,171,54.195833333,9.226388888,Schleswig-Holstein
Sierksrade,440,53.733333333,10.6,Schleswig-Holstein
Fuhlenhagen,378,53.573611111,10.528055555,Schleswig-Holstein
Haby,575,54.398888888,9.819166666,Schleswig-Holstein
Neukirchen,1138,54.868905,8.733879,Schleswig-Holstein
Sarzbüttel,721,54.119444444,9.185,Schleswig-Holstein
Langstedt,1027,54.618333333,9.386944444,Schleswig-Holstein
Klein Wittensee,208,54.393333333,9.730555555,Schleswig-Holstein
Brokstedt,2128,53.99,9.822,Schleswig-Holstein
Neudorf-Bornstein,1072,54.416666666,9.933333333,Schleswig-Holstein
Rohlstorf,1225,53.969444444,10.408333333,Schleswig-Holstein
Todendorf,1261,53.694722222,10.348611111,Schleswig-Holstein
Groß Nordende,825,53.7,9.65,Schleswig-Holstein
Aebtissinwisch,42,53.966666666,9.283333333,Schleswig-Holstein
Lohe-Föhrden,454,54.333055555,9.533333333,Schleswig-Holstein
Hummelfeld,280,54.462,9.718,Schleswig-Holstein
Rendswühren,745,54.066666666,10.166666666,Schleswig-Holstein
Lütjenholm,338,54.6844,9.024,Schleswig-Holstein
Kükels,449,53.9,10.233333333,Schleswig-Holstein
Fleckeby,2085,54.485,9.703611111,Schleswig-Holstein
Högel,456,54.642,9.06,Schleswig-Holstein
Bäk,894,53.711388888,10.7825,Schleswig-Holstein
Groß Niendorf,638,53.85,10.25,Schleswig-Holstein
Bilsen,817,53.771388888,9.876666666,Schleswig-Holstein
Hamfelde (Lauenburg),557,53.596944444,10.448055555,Schleswig-Holstein
Wankendorf,2946,54.116944444,10.208333333,Schleswig-Holstein
Oersberg,306,54.666666666,9.833333333,Schleswig-Holstein
Stadum,978,54.739,9.044,Schleswig-Holstein
Neufeld,617,53.911388888,9.025555555,Schleswig-Holstein
Techelsdorf,148,54.215555555,10.048611111,Schleswig-Holstein
Wanderup,2698,54.6886,9.3286,Schleswig-Holstein
Meyn,774,54.751,9.227,Schleswig-Holstein
Westerau,777,53.783333333,10.483333333,Schleswig-Holstein
Klein Rheide,343,54.451944444,9.478055555,Schleswig-Holstein
Giekau,986,54.316666666,10.516666666,Schleswig-Holstein
Oesterwurth,248,54.216666666,8.983333333,Schleswig-Holstein
Breiholz,1385,54.214444444,9.536666666,Schleswig-Holstein
Gudendorf,429,54.033333333,9.1,Schleswig-Holstein
Norderheistedt,121,54.244444444,9.146388888,Schleswig-Holstein
Tremsbüttel,1920,53.736666666,10.303333333,Schleswig-Holstein
Luhnstedt,388,54.171111111,9.702222222,Schleswig-Holstein
Gremersdorf,1532,54.333055555,10.934444444,Schleswig-Holstein
Großenwiehe,3322,54.7,9.25,Schleswig-Holstein
Nehms,577,54.016666666,10.366666666,Schleswig-Holstein
Thumby,392,54.5857,9.9101,Schleswig-Holstein
Rabenholz,277,54.716666666,9.9,Schleswig-Holstein
Wiedenborstel,10,54.045277777,9.761944444,Schleswig-Holstein
Rieseby,2808,54.544444444,9.822222222,Schleswig-Holstein
Bargstall,168,54.2625,9.466666666,Schleswig-Holstein
Grömitz,7257,54.153611111,10.9575,Schleswig-Holstein
Joldelund,802,54.65,9.133611111,Schleswig-Holstein
Kleve,540,53.964722222,9.4075,Schleswig-Holstein
Albsfelde,71,53.681944444,10.695277777,Schleswig-Holstein
Bälau,220,53.616666666,10.616666666,Schleswig-Holstein
Moordiek,113,53.916666666,9.65,Schleswig-Holstein
Wagersrott,216,54.666666666,9.8,Schleswig-Holstein
Kastorf (Herzogtum-Lauenburg),1207,53.749166666,10.570555555,Schleswig-Holstein
Scharbeutz,11704,54.021388888,10.745555555,Schleswig-Holstein
Klanxbüll,1003,54.863888888,8.682222222,Schleswig-Holstein
Gönnebek,533,54.050833333,10.177222222,Schleswig-Holstein
Sönnebüll,296,54.627222222,8.993888888,Schleswig-Holstein
Jerrishoe,1002,54.658888888,9.373611111,Schleswig-Holstein
Karlum,213,54.827,8.974,Schleswig-Holstein
Erfde,2135,54.310555555,9.318055555,Schleswig-Holstein
Blunk,574,54.016666666,10.316666666,Schleswig-Holstein
Großenbrode,2228,54.37,11.085,Schleswig-Holstein
Rodenbek,472,54.276666666,10.018611111,Schleswig-Holstein
Freienwill,1637,54.727777777,9.493055555,Schleswig-Holstein
Hagen,472,53.95,9.833333333,Schleswig-Holstein
Timmendorfer Strand,8690,53.994444444,10.7825,Schleswig-Holstein
Lütjensee,3360,53.652222222,10.371388888,Schleswig-Holstein
Hemmingstedt,2843,54.15,9.066666666,Schleswig-Holstein
Groß Rönnau,598,53.972777777,10.310277777,Schleswig-Holstein
Wiemersdorf,1706,53.966666666,9.9,Schleswig-Holstein
Münsterdorf,1873,53.903333333,9.540833333,Schleswig-Holstein
Braderup,673,54.833333333,8.9,Schleswig-Holstein
Gelting,2145,54.75,9.9,Schleswig-Holstein
Sehestedt,825,54.366666666,9.816666666,Schleswig-Holstein
Ramhusen,173,53.94091,9.086837,Schleswig-Holstein
Friedrichsgraben,49,54.266666666,9.416666666,Schleswig-Holstein
Schmalensee,483,54.081388888,10.271388888,Schleswig-Holstein
Krummendiek,87,53.945277777,9.417222222,Schleswig-Holstein
Offenbüttel,249,54.166666666,9.35,Schleswig-Holstein
Wohltorf,2577,53.518611111,10.292222222,Schleswig-Holstein
Juliusburg,190,53.416666666,10.5,Schleswig-Holstein
Wasbek,2432,54.066666666,9.9,Schleswig-Holstein
Landscheide,254,53.916666666,9.266666666,Schleswig-Holstein
Fitzen,389,53.5,10.65,Schleswig-Holstein
Hodorf,195,53.9,9.433333333,Schleswig-Holstein
Hütten,231,54.4368,9.7196,Schleswig-Holstein
Bunsoh,764,54.166666666,9.333333333,Schleswig-Holstein
Damendorf,474,54.425555555,9.736666666,Schleswig-Holstein
Wittenborn,1094,53.916666666,10.216666666,Schleswig-Holstein
Hohenhorn,548,53.4775,10.368611111,Schleswig-Holstein
Oldenborstel,116,54.066666666,9.516666666,Schleswig-Holstein
Schackendorf,913,53.959166666,10.270833333,Schleswig-Holstein
Sievershütten,1100,53.843055555,10.107777777,Schleswig-Holstein
Tarp,6101,54.666666666,9.4,Schleswig-Holstein
Friedrichsholm,431,54.305555555,9.428611111,Schleswig-Holstein
Krempdorf,245,53.825,9.457777777,Schleswig-Holstein
Klein Rönnau,1929,53.961666666,10.320833333,Schleswig-Holstein
Poyenberg,378,54.0414,9.6922,Schleswig-Holstein
Klamp,615,54.282072972,10.549614935,Schleswig-Holstein
Wakendorf I,483,53.866666666,10.366666666,Schleswig-Holstein
Groß Grönau,3855,53.800277777,10.753888888,Schleswig-Holstein
Wentorf,711,53.683333333,10.466666666,Schleswig-Holstein
Schülp,406,54.25,8.916666666,Schleswig-Holstein
Ellerau,6276,53.75,9.916669444,Schleswig-Holstein
Nienwohld,504,53.786944444,10.194444444,Schleswig-Holstein
Tramm,353,53.563611111,10.611944444,Schleswig-Holstein
Felm,1178,54.416666666,10.05,Schleswig-Holstein
Boostedt,7409,54.008888888,10.025833333,Schleswig-Holstein
Bosau,3446,54.103333333,10.4325,Schleswig-Holstein
Escheburg,3991,53.466666666,10.316666666,Schleswig-Holstein
Kittlitz,278,53.666666666,10.916666666,Schleswig-Holstein
Vaalermoor,123,53.973611111,9.331944444,Schleswig-Holstein
Süsel,5083,54.077777777,10.718055555,Schleswig-Holstein
Kaisborstel,74,54.016666666,9.466666666,Schleswig-Holstein
Wewelsfleth,1342,53.843888888,9.401388888,Schleswig-Holstein
Huje,258,53.983333333,9.433333333,Schleswig-Holstein
Neuenbrook,708,53.863055555,9.533611111,Schleswig-Holstein
Timmaspe,1074,54.1407,9.8911,Schleswig-Holstein
Einhaus,438,53.716666666,10.733333333,Schleswig-Holstein
Lunden,1693,54.332777777,9.022777777,Schleswig-Holstein
Kulpin,213,53.7,10.7,Schleswig-Holstein
Klein Nordende,3472,53.721388888,9.648333333,Schleswig-Holstein
Peissen,299,54.0243,9.6083,Schleswig-Holstein
Weede,993,53.916666666,10.383333333,Schleswig-Holstein
Oelixdorf,1565,53.926869444,9.564669444,Schleswig-Holstein
Warringholz,300,54.079722222,9.464444444,Schleswig-Holstein
Schwedeneck,2991,54.471388888,10.076666666,Schleswig-Holstein
Willenscharen,174,54.0098,9.8089,Schleswig-Holstein
Volsemenhusen,352,53.966666666,9.083333333,Schleswig-Holstein
Böel,697,54.651,9.706,Schleswig-Holstein
Dobersdorf,1064,54.316666666,10.266666666,Schleswig-Holstein
Börm,743,54.406,9.379,Schleswig-Holstein
Schellhorn,1550,54.229444444,10.300555555,Schleswig-Holstein
Stangheck,240,54.716666666,9.866666666,Schleswig-Holstein
Sörup,4230,54.71667,9.66667,Schleswig-Holstein
Hedwigenkoog,210,54.183333333,8.833333333,Schleswig-Holstein
Stakendorf,476,54.390555555,10.4225,Schleswig-Holstein
Burg,4173,54.0,9.266666666,Schleswig-Holstein
Schillsdorf,849,54.116944444,10.123611111,Schleswig-Holstein
Hornbek,193,53.559444444,10.648333333,Schleswig-Holstein
Kröppelshagen-Fahrendorf,1304,53.490277777,10.316944444,Schleswig-Holstein
Wangelau,211,53.45,10.55,Schleswig-Holstein
Goldebek,377,54.678611111,9.144722222,Schleswig-Holstein
Süderfahrenstedt,475,54.586,9.578,Schleswig-Holstein
Rabenkirchen-Faulück,611,54.642,9.873,Schleswig-Holstein
Lottorf,234,54.45,9.566666666,Schleswig-Holstein
Riepsdorf,908,54.216666666,10.966666666,Schleswig-Holstein
Wiershop,217,53.433333333,10.45,Schleswig-Holstein
Wohlde,506,54.409444444,9.300277777,Schleswig-Holstein
Nordhastedt,2837,54.166666666,9.183333333,Schleswig-Holstein
Klinkrade,604,53.716666666,10.55,Schleswig-Holstein
Poggensee,378,53.641388888,10.579444444,Schleswig-Holstein
Lürschau,1095,54.538888888,9.496388888,Schleswig-Holstein
Köthel,315,53.61,10.506388888,Schleswig-Holstein
Heinkenborstel,151,54.133333333,9.749722222,Schleswig-Holstein
Tasdorf,375,54.0954,10.0314,Schleswig-Holstein
Kisdorf,4016,53.816666666,10.016666666,Schleswig-Holstein
Krukow,155,53.416666666,10.483333333,Schleswig-Holstein
Holm,95,54.830972222,8.861305555,Schleswig-Holstein
Wapelfeld,323,54.0849,9.6061,Schleswig-Holstein
Brodersdorf,404,54.385833333,10.248888888,Schleswig-Holstein
Prasdorf,417,54.38333,10.3,Schleswig-Holstein
Goldelund,406,54.678,9.105,Schleswig-Holstein
Rade,101,54.0,9.75,Schleswig-Holstein
Kaiser-Wilhelm-Koog,370,53.942777777,8.926666666,Schleswig-Holstein
Stedesand,891,54.737,8.919,Schleswig-Holstein
Martensrade,978,54.266666666,10.4,Schleswig-Holstein
Eggebek,2603,54.616666666,9.366666666,Schleswig-Holstein
Beschendorf,543,54.182777777,10.876944444,Schleswig-Holstein
Scheggerott,340,54.6667,9.816669444,Schleswig-Holstein
Bollingstedt,1490,54.6,9.416666666,Schleswig-Holstein
Havetoft,926,54.65,9.516669444,Schleswig-Holstein
Selk,838,54.466666666,9.566666666,Schleswig-Holstein
Wees,2402,54.805,9.516,Schleswig-Holstein
Nordermeldorf,597,54.116666666,9.016666666,Schleswig-Holstein
Bergenhusen,718,54.376944444,9.316944444,Schleswig-Holstein
Walksfelde,224,53.633611111,10.574166666,Schleswig-Holstein
Fedderingen,275,54.283333333,9.133333333,Schleswig-Holstein
Osterstedt,669,54.116666666,9.566666666,Schleswig-Holstein
Mucheln,576,54.25,10.416666666,Schleswig-Holstein
Grödersby,224,54.637222222,9.918611111,Schleswig-Holstein
Ruhwinkel,963,54.094444444,10.221388888,Schleswig-Holstein
Wesseln,1433,54.211111111,9.076666666,Schleswig-Holstein
Rügge,244,54.687,9.763,Schleswig-Holstein
Emmelsbüll-Horsbüll,885,54.81,8.696944444,Schleswig-Holstein
Heringsdorf,1156,54.300277777,11.003611111,Schleswig-Holstein
Friedrich-Wilhelm-Lübke-Koog,160,54.866669444,8.633330555,Schleswig-Holstein
Süderlügum,2368,54.8717,8.9073,Schleswig-Holstein
Epenwöhrden,781,54.116666666,9.05,Schleswig-Holstein
Kühren,597,54.201111111,10.261388888,Schleswig-Holstein
Weesby,448,54.830277777,9.151944444,Schleswig-Holstein
Sprakebüll,281,54.766666666,9.066666666,Schleswig-Holstein
Bosbüll,269,54.825555555,8.863055555,Schleswig-Holstein
Niendorf bei Berkenthin,187,53.702777777,10.625,Schleswig-Holstein
Geltorf,367,54.466666666,9.616666666,Schleswig-Holstein
Struckum,1005,54.583333333,9.0,Schleswig-Holstein
Süderbrarup,5311,54.639166666,9.773055555,Schleswig-Holstein
Tüttendorf,1229,54.383333333,10.0,Schleswig-Holstein
Krummwisch,710,54.333333333,9.9,Schleswig-Holstein
Vollstedt,193,54.624166666,9.040833333,Schleswig-Holstein
Elpersbüttel,885,54.073611111,9.0475,Schleswig-Holstein
Boksee,475,54.244444444,10.130555555,Schleswig-Holstein
Wattenbek,2987,54.166666666,10.05,Schleswig-Holstein
Groß Rheide,909,54.45,9.416666666,Schleswig-Holstein
Kollow,599,53.463611111,10.459722222,Schleswig-Holstein
Westensee,1545,54.275555555,9.901944444,Schleswig-Holstein
Koberg,783,53.633333333,10.516666666,Schleswig-Holstein
Kankelau,218,53.549722222,10.567777777,Schleswig-Holstein
Taarstedt,935,54.566666666,9.666666666,Schleswig-Holstein
Jardelund,309,54.829,9.208,Schleswig-Holstein
Postfeld,447,54.216666666,10.216666666,Schleswig-Holstein
Trennewurth,238,54.001944444,9.0275,Schleswig-Holstein
Munkbrarup,1176,54.800277777,9.566111111,Schleswig-Holstein
Dörnick,250,54.1638,10.3612,Schleswig-Holstein
Ausacker,513,54.73,9.576,Schleswig-Holstein
Jörl,793,54.615,9.269,Schleswig-Holstein
Böklund,1709,54.600833333,9.584166666,Schleswig-Holstein
Kasseburg,593,53.567222222,10.416388888,Schleswig-Holstein
Tielenhemme,171,54.276111111,9.365277777,Schleswig-Holstein
Sankt Michaelisdonn,3533,53.997222222,9.121944444,Schleswig-Holstein
Struxdorf,688,54.616666666,9.65,Schleswig-Holstein
Pohnsdorf,391,54.2375,10.236944444,Schleswig-Holstein
Wallsbüll,986,54.7752,9.2366,Schleswig-Holstein
Karby,579,54.6231,9.9747,Schleswig-Holstein
Högsdorf,407,54.253611111,10.6175,Schleswig-Holstein
Lanze,267,53.383333333,10.6,Schleswig-Holstein
Norddeich,449,54.216666666,8.9,Schleswig-Holstein
Neufelderkoog,113,53.9,8.983333333,Schleswig-Holstein
Kühsen,357,53.683888888,10.613333333,Schleswig-Holstein
Breklum,2281,54.604722222,8.984444444,Schleswig-Holstein
Dannau,579,54.241111111,10.541388888,Schleswig-Holstein
Hennstedt,623,54.0375,9.720555555,Schleswig-Holstein
Lebrade,583,54.216666666,10.416666666,Schleswig-Holstein
Thaden,226,54.105277777,9.423611111,Schleswig-Holstein
Kronprinzenkoog,873,53.966666666,8.966666666,Schleswig-Holstein
Wesselburenerkoog,169,54.25,8.883333333,Schleswig-Holstein
Klein Zecher,237,53.583333333,10.866666666,Schleswig-Holstein
Stoltebüll,664,54.6996,9.8781,Schleswig-Holstein
Rastorf,769,54.272369444,10.289,Schleswig-Holstein
Kropp,6709,54.4111,9.5087,Schleswig-Holstein
Dollrottfeld,253,54.643055555,9.8075,Schleswig-Holstein
Langenhorn,3378,54.666666666,8.916666666,Schleswig-Holstein
Barsbek,577,54.404,10.3216,Schleswig-Holstein
Klein Barkau,274,54.233333333,10.133333333,Schleswig-Holstein
Höhndorf,490,54.366666666,10.366666666,Schleswig-Holstein
Großharrie,486,54.116666666,10.05,Schleswig-Holstein
Nordhackstedt,491,54.735,9.167777777,Schleswig-Holstein
Sülfeld,3316,53.8,10.233305555,Schleswig-Holstein
Bönebüttel,2133,54.066666666,10.066666666,Schleswig-Holstein
Rantzau,341,54.25,10.516666666,Schleswig-Holstein
Bendfeld,201,54.366666666,10.416666666,Schleswig-Holstein
Westerdeichstrich,850,54.162222222,8.861388888,Schleswig-Holstein
Klempau,607,53.766666666,10.666666666,Schleswig-Holstein
Steinberg,806,54.758,9.788,Schleswig-Holstein
Drelsdorf,1290,54.6,9.033333333,Schleswig-Holstein
Kosel,1423,54.507222222,9.756666666,Schleswig-Holstein
Lutterbek,328,54.3912,10.2766,Schleswig-Holstein
Odderade,328,54.140833333,9.191388888,Schleswig-Holstein
Klein Offenseth-Sparrieshoop,3178,53.797222222,9.7,Schleswig-Holstein
Kletkamp,93,54.249569444,10.638419444,Schleswig-Holstein
Behrensdorf,654,54.35,10.583333333,Schleswig-Holstein
Schnarup-Thumby,532,54.646944444,9.656944444,Schleswig-Holstein
Schwartbuck,806,54.357777777,10.478055555,Schleswig-Holstein
Nübbel,1549,54.274166666,9.623333333,Schleswig-Holstein
Nienborstel,585,54.133333333,9.616666666,Schleswig-Holstein
Belau,366,54.1,10.266666666,Schleswig-Holstein
Stuvenborn,905,53.85,10.133333333,Schleswig-Holstein
Feldhorst,557,53.853055555,10.418055555,Schleswig-Holstein
Rümpel,1301,53.783333333,10.35,Schleswig-Holstein
Haselau,1124,53.662222222,9.624722222,Schleswig-Holstein
Schlesen,564,54.316666666,10.333333333,Schleswig-Holstein
Sommerland,773,53.801666666,9.539722222,Schleswig-Holstein
Klein Pampau,688,53.516666666,10.583333333,Schleswig-Holstein
Wrist,2432,53.933055555,9.749166666,Schleswig-Holstein
Wesenberg,1676,53.833888888,10.544722222,Schleswig-Holstein
Schaalby,1556,54.55,9.633333333,Schleswig-Holstein
Oersdorf,903,53.833333333,9.983333333,Schleswig-Holstein
Kummerfeld,2437,53.691666666,9.791111111,Schleswig-Holstein
Sierksdorf,1604,54.066666666,10.766666666,Schleswig-Holstein
Dellstedt,714,54.233333333,9.366666666,Schleswig-Holstein
Auufer,131,53.9298,9.6903,Schleswig-Holstein
Barlt,764,54.018888888,9.059444444,Schleswig-Holstein
Brodersby,678,54.6357,9.9788,Schleswig-Holstein
Strande,1526,54.433333333,10.166666666,Schleswig-Holstein
Hamfelde,536,53.603333333,10.453888888,Schleswig-Holstein
Langwedel,1554,54.216666666,9.933333333,Schleswig-Holstein
Hüttblek,416,53.833333333,10.066666666,Schleswig-Holstein
Stockelsdorf,17022,53.883333333,10.65,Schleswig-Holstein
Heede,823,53.783611111,9.803888888,Schleswig-Holstein
Mönkloh,250,53.883333333,9.783333333,Schleswig-Holstein
Groß Buchwald,383,54.166666666,10.066666666,Schleswig-Holstein
Hamwarde,831,53.45,10.416666666,Schleswig-Holstein
Nahe,2617,53.799444444,10.143055555,Schleswig-Holstein
Medelby,1096,54.8125,9.173611111,Schleswig-Holstein
Meggerdorf,705,54.346111111,9.401388888,Schleswig-Holstein
Schmalfeld,2051,53.8775,9.985277777,Schleswig-Holstein
Krummesse,1647,53.779722222,10.642777777,Schleswig-Holstein
Rickert,1029,54.3325,9.664166666,Schleswig-Holstein
Buchholz,995,53.988055555,9.224722222,Schleswig-Holstein
Rehm-Flehde-Bargen,550,54.297222222,9.039722222,Schleswig-Holstein
Großenaspe,3113,53.966666666,9.966666666,Schleswig-Holstein
Großenrade,469,54.021944,9.223333,Schleswig-Holstein
Prinzenmoor,167,54.221944444,9.454444444,Schleswig-Holstein
Owschlag,3834,54.394722222,9.591388888,Schleswig-Holstein
Klein Gladebrügge,650,53.916666666,10.316666666,Schleswig-Holstein
Müssen,1241,53.5,10.566666666,Schleswig-Holstein
Stipsdorf,244,53.941944444,10.334722222,Schleswig-Holstein
Groß Kummerfeld,1912,54.052777777,10.090277777,Schleswig-Holstein
Braak,938,53.610833333,10.246666666,Schleswig-Holstein
Labenz,910,53.7,10.516666666,Schleswig-Holstein
Wittenbergen,168,53.933333333,9.666666666,Schleswig-Holstein
Högersdorf,410,53.916666666,10.283333333,Schleswig-Holstein
Handewitt,11371,54.766666666,9.316666666,Schleswig-Holstein
Oesterdeichstrich,247,54.158888888,8.898611111,Schleswig-Holstein
Aukrug,3971,54.08333,9.78333,Schleswig-Holstein
Langeln,624,53.796666666,9.854444444,Schleswig-Holstein
Hasloh,3951,53.699166666,9.913055555,Schleswig-Holstein
Idstedt,919,54.580555555,9.508333333,Schleswig-Holstein
Borgdorf-Seedorf,454,54.175555555,9.890277777,Schleswig-Holstein
Stocksee,387,54.0896,10.3445,Schleswig-Holstein
Latendorf,623,53.997222222,10.063055555,Schleswig-Holstein
Glüsing,109,54.273333333,9.220555555,Schleswig-Holstein
Itzstedt,2523,53.808333333,10.158333333,Schleswig-Holstein
Lindewitt,1983,54.697222222,9.196388888,Schleswig-Holstein
Hartenholm,1974,53.901111111,10.060555555,Schleswig-Holstein
Sören,204,54.202777777,9.998611111,Schleswig-Holstein
Bargenstedt,981,54.096219444,9.14745,Schleswig-Holstein
Daldorf,618,54.016944444,10.249722222,Schleswig-Holstein
Neuendeich,521,53.683333333,9.616666666,Schleswig-Holstein
Bargstedt,765,54.166666666,9.766666666,Schleswig-Holstein
Gülzow,1306,53.442222222,10.489444444,Schleswig-Holstein
Tielen,304,54.286944444,9.334722222,Schleswig-Holstein
Süderheistedt,518,54.234215,9.147753,Schleswig-Holstein
Mühbrook,552,54.1565,10.0133,Schleswig-Holstein
Barsbüttel,13148,53.566666666,10.166666666,Schleswig-Holstein
Sieverstedt,1692,54.633333333,9.466666666,Schleswig-Holstein
Geschendorf,558,53.923055555,10.444722222,Schleswig-Holstein
Seth,1886,53.85,10.166666666,Schleswig-Holstein
Reinsbüttel,397,54.183333333,8.916666666,Schleswig-Holstein
Bergewöhrden,36,54.318333333,9.211111111,Schleswig-Holstein
Haseldorf,1861,53.634444444,9.605,Schleswig-Holstein
Ratekau,15353,53.95,10.733333333,Schleswig-Holstein
Dätgen,587,54.181197222,9.928980555,Schleswig-Holstein
Hasenmoor,759,53.9,9.983333333,Schleswig-Holstein
Quarnbek,1763,54.3333,9.983330555,Schleswig-Holstein
Gnutz,1200,54.134722222,9.823333333,Schleswig-Holstein
Averlak,587,53.95,9.183333333,Schleswig-Holstein
Schuby,2763,54.51667,9.48333,Schleswig-Holstein
Großensee,1786,53.616111111,10.341944444,Schleswig-Holstein
Schafflund,2955,54.766666666,9.166666666,Schleswig-Holstein
Warder,690,54.216666666,9.883333333,Schleswig-Holstein
Seestermühe,933,53.7,9.566666666,Schleswig-Holstein
Witzwort,1037,54.401666666,8.986111111,Schleswig-Holstein
Bendorf,446,54.087222222,9.382222222,Schleswig-Holstein
Dingen,636,53.960555555,9.125833333,Schleswig-Holstein
Hohwacht,840,54.316944444,10.6675,Schleswig-Holstein
Dörpling,659,54.255555555,9.303055555,Schleswig-Holstein
Nehmten,302,54.1,10.4,Schleswig-Holstein
Havetoftloit,808,54.6615,9.5588,Schleswig-Holstein
Leezen,1865,53.866666666,10.252777777,Schleswig-Holstein
Blomesche Wildnis,625,53.805680555,9.450861111,Schleswig-Holstein
Hamdorf,1442,54.225555555,9.518611111,Schleswig-Holstein
Satrup,3691,54.6927,9.6038,Schleswig-Holstein
Hitzhusen,1233,53.933333333,9.85,Schleswig-Holstein
Königshügel,172,54.334722222,9.470833333,Schleswig-Holstein
Dörpstedt,570,54.439722222,9.35,Schleswig-Holstein
Kuddewörde,1505,53.587222222,10.401666666,Schleswig-Holstein
Passade,355,54.366666666,10.316666666,Schleswig-Holstein
Groven,80,54.315277777,8.999166666,Schleswig-Holstein
Busenwurth,317,54.041152777,9.039027777,Schleswig-Holstein
Grande,705,53.581388888,10.389166666,Schleswig-Holstein
Lutzhorn,798,53.824722222,9.766388888,Schleswig-Holstein
Nützen,1288,53.866666666,9.916666666,Schleswig-Holstein
Rethwisch,1208,53.782777777,10.4425,Schleswig-Holstein
Salem,670,53.666666666,10.816666666,Schleswig-Holstein
Wahlstorf,434,54.178055555,10.294444444,Schleswig-Holstein
Großbarkau,252,54.225230555,10.168619444,Schleswig-Holstein
Barkenholm,168,54.233333333,9.183333333,Schleswig-Holstein
Sankt Annen,312,54.353055555,9.076944444,Schleswig-Holstein
Pronstorf,1570,53.958611111,10.470277777,Schleswig-Holstein
Mühlenrade,206,53.595555555,10.487222222,Schleswig-Holstein
Kellenhusen,1262,54.190411111,11.059911111,Schleswig-Holstein
Fredesdorf,420,53.883333333,10.2,Schleswig-Holstein
Lägerdorf,2769,53.883333333,9.583333333,Schleswig-Holstein
Eddelak,1361,53.95,9.15,Schleswig-Holstein
Maasholm,588,54.692,10.0,Schleswig-Holstein
Negernbötel,999,53.984444444,10.250277777,Schleswig-Holstein
Mielkendorf,1371,54.283888888,10.042222222,Schleswig-Holstein
Wendtorf,996,54.416666666,10.3,Schleswig-Holstein
Langenlehsten,177,53.5,10.733333333,Schleswig-Holstein
Kuden,644,53.966666666,9.183333333,Schleswig-Holstein
Eggstedt,733,54.05,9.266666666,Schleswig-Holstein
Göhl,1146,54.283333333,10.95,Schleswig-Holstein
Halstenbek,18042,53.6334,9.8372,Schleswig-Holstein
Beldorf,268,54.127222222,9.356388888,Schleswig-Holstein
Delve,767,54.305277777,9.253611111,Schleswig-Holstein
Dahme,1197,54.223971111,11.081306944,Schleswig-Holstein
Rumohr,852,54.255555555,10.025,Schleswig-Holstein
Süderstapel,1001,54.350277777,9.218333333,Schleswig-Holstein
Rellingen,14840,53.653180555,9.829486111,Schleswig-Holstein
Ehndorf,589,54.055,9.895,Schleswig-Holstein
Ascheffel,1028,54.433333333,9.7,Schleswig-Holstein
Großsolt,1797,54.7,9.516666666,Schleswig-Holstein
Nübel,1275,54.566666666,9.566666666,Schleswig-Holstein
Oldendorf,1092,53.95,9.433333333,Schleswig-Holstein
Schülp b. Nortorf,776,54.163333333,9.883888888,Schleswig-Holstein
Herzhorn,1161,53.787222222,9.484722222,Schleswig-Holstein
Rosdorf,335,53.9778,9.7275,Schleswig-Holstein
Hanerau-Hademarschen,3143,54.128611111,9.416111111,Schleswig-Holstein
Neuendorf b. Elmshorn,824,53.733333333,9.566666666,Schleswig-Holstein
Warnau,380,54.183333333,10.166666666,Schleswig-Holstein
Loose,862,54.516666666,9.883333333,Schleswig-Holstein
Bargfeld-Stegen,3068,53.767777777,10.1875,Schleswig-Holstein
Kirchnüchel,202,54.208333333,10.674166666,Schleswig-Holstein
Winseldorf,344,53.946388888,9.607777777,Schleswig-Holstein
Neuwittenbek,1138,54.366666666,10.016666666,Schleswig-Holstein
Damp,1594,54.581944444,10.020833333,Schleswig-Holstein
Lindau,1408,54.385,9.904444444,Schleswig-Holstein
Schülp b. Rendsburg,1069,54.26,9.629722222,Schleswig-Holstein
Bühnsdorf,373,53.888888888,10.373611111,Schleswig-Holstein
Brügge,1142,54.173611111,10.07,Schleswig-Holstein
Bekdorf,92,53.937777777,9.423888888,Schleswig-Holstein
Witzhave,1575,53.569444444,10.3375,Schleswig-Holstein
Stubben,372,53.733333333,10.433333333,Schleswig-Holstein
Wobbenbüll,466,54.533305555,9.0,Schleswig-Holstein
Osdorf,2534,54.433333333,10.016666666,Schleswig-Holstein
Hohenfelde,902,53.85,9.616666666,Schleswig-Holstein
Schülldorf,746,54.3,9.733333333,Schleswig-Holstein
Gettorf,7737,54.407777777,9.974166666,Schleswig-Holstein
Travenbrück,1817,53.85,10.333333333,Schleswig-Holstein
Silzen,156,54.0302,9.6353,Schleswig-Holstein
Mehlbek,420,54.0,9.433333333,Schleswig-Holstein
Breitenberg,331,53.924811111,9.639288888,Schleswig-Holstein
Dalldorf,345,53.433333333,10.616666666,Schleswig-Holstein
Heidekamp,529,53.854166666,10.501111111,Schleswig-Holstein
Schönberg,6313,54.395555555,10.371944444,Schleswig-Holstein
Mühlenbarbek,259,53.95,9.666666666,Schleswig-Holstein
Puls,573,54.084166666,9.519722222,Schleswig-Holstein
Bohmstedt,813,54.580555555,9.044444444,Schleswig-Holstein
Seester,1016,53.717830555,9.597980555,Schleswig-Holstein
Mörel,243,54.116666666,9.733333333,Schleswig-Holstein
Uelsby,411,54.63140869,9.59706402,Schleswig-Holstein
Mohrkirch,997,54.675,9.7137,Schleswig-Holstein
Schinkel,1012,54.35,9.95,Schleswig-Holstein
Römnitz,61,53.716666666,10.766666666,Schleswig-Holstein
Landrecht,107,53.91261,9.40933,Schleswig-Holstein
Rüde,366,54.6831,9.6365,Schleswig-Holstein
Bordelum,2010,54.6333,8.933330555,Schleswig-Holstein
Bösdorf,1350,54.133333333,10.466666666,Schleswig-Holstein
Brodersby-Goltoft,676,54.5375,9.705555555,Schleswig-Holstein
Schönhorst,325,54.227777777,10.105555555,Schleswig-Holstein
Oster-Ohrstedt,657,54.516666666,9.216666666,Schleswig-Holstein
Kronshagen,11854,54.333333333,10.083333333,Schleswig-Holstein
Schlotfeld,227,53.957222222,9.583611111,Schleswig-Holstein
Sollwitt,304,54.594722222,9.2275,Schleswig-Holstein
Steinhorst,582,53.720833333,10.486388888,Schleswig-Holstein
Viöl,2261,54.569,9.181,Schleswig-Holstein
Roseburg,540,53.533333333,10.616666666,Schleswig-Holstein
Schmilau,548,53.661944444,10.754722222,Schleswig-Holstein
Störkathen,90,53.983333333,9.75,Schleswig-Holstein
Brebel,394,54.639722222,9.741111111,Schleswig-Holstein
Hammoor,1286,53.715555555,10.323888888,Schleswig-Holstein
Loop,189,54.148888888,9.950555555,Schleswig-Holstein
Delingsdorf,2210,53.706944444,10.2525,Schleswig-Holstein
Kollmar,1692,53.732769444,9.495188888,Schleswig-Holstein
Goosefeld,712,54.433333333,9.816666666,Schleswig-Holstein
Elskop,159,53.812222222,9.493333333,Schleswig-Holstein
Seedorf,536,53.616666666,10.866666666,Schleswig-Holstein
Winnemark,545,54.615,9.923,Schleswig-Holstein
Oststeinbek,8990,53.544166666,10.166388888,Schleswig-Holstein
Rehhorst,728,53.876111111,10.470277777,Schleswig-Holstein
Fargau-Pratjau,840,54.334166666,10.416111111,Schleswig-Holstein
Lütau,674,53.435833333,10.550833333,Schleswig-Holstein
Berkenthin,2214,53.7336,10.6377,Schleswig-Holstein
Panten,669,53.663888888,10.618888888,Schleswig-Holstein
Siebenbäumen,583,53.75,10.533333333,Schleswig-Holstein
Löptin,278,54.166666666,10.216666666,Schleswig-Holstein
Bissee,164,54.1906,10.1104,Schleswig-Holstein
Bargum,642,54.703611111,8.958055555,Schleswig-Holstein
Reesdorf,151,54.190833333,10.06,Schleswig-Holstein
Winnert,697,54.434722222,9.200277777,Schleswig-Holstein
Stafstedt,371,54.166666666,9.666666666,Schleswig-Holstein
Wittbek,800,54.475277777,9.203611111,Schleswig-Holstein
Böhnhusen,285,54.2225,10.067222222,Schleswig-Holstein
Bredenbek,1554,54.324722222,9.869722222,Schleswig-Holstein
Schmalstede,292,54.193333333,10.029722222,Schleswig-Holstein
Molfsee,5003,54.264166666,10.065555555,Schleswig-Holstein
Osterrönfeld,5194,54.283333333,9.7,Schleswig-Holstein
Bordesholm,7867,54.183333333,10.016666666,Schleswig-Holstein
Worth,170,53.4675,10.411111111,Schleswig-Holstein
Niendorf a. d. St.,654,53.583333333,10.6,Schleswig-Holstein
Uelvesbüll,294,54.416666666,8.916666666,Schleswig-Holstein
Almdorf,522,54.580555555,9.015555555,Schleswig-Holstein
Bovenau,1136,54.331388888,9.830277777,Schleswig-Holstein
Börnsen,4678,53.466666666,10.283333333,Schleswig-Holstein
Sirksfelde,350,53.666666666,10.5,Schleswig-Holstein
Mustin,696,53.683333333,10.883333333,Schleswig-Holstein
Seefeld,359,54.1014,9.4933,Schleswig-Holstein
Grönwohld,1510,53.641666666,10.408333333,Schleswig-Holstein
Siek,2524,53.634444444,10.298055555,Schleswig-Holstein
Boren,1198,54.614167,9.819167,Schleswig-Holstein
Woltersdorf,333,53.583333333,10.633333333,Schleswig-Holstein
Flintbek,7574,54.243333333,10.063333333,Schleswig-Holstein
Groß Vollstedt,986,54.234,9.8681,Schleswig-Holstein
Wester-Ohrstedt,1118,54.5054,9.1873,Schleswig-Holstein
Schwesing,937,54.494166666,9.134722222,Schleswig-Holstein
Stein,852,54.416666666,10.266666666,Schleswig-Holstein
Prisdorf,2312,53.677222222,9.760833333,Schleswig-Holstein
Schierensee,368,54.255277777,9.984444444,Schleswig-Holstein
Hoffeld,180,54.186388888,9.995,Schleswig-Holstein
Elmenhorst,2846,53.766666666,10.266666666,Schleswig-Holstein
Klein Wesenberg,756,53.813333333,10.546944444,Schleswig-Holstein
Hasselberg,867,54.716666666,9.966666666,Schleswig-Holstein
Kronsmoor,176,53.907777777,9.596111111,Schleswig-Holstein
Brunsbek,1765,53.594444444,10.268333333,Schleswig-Holstein
Norstedt,387,54.5833,9.133330555,Schleswig-Holstein
Sarlhusen,470,54.024,9.792,Schleswig-Holstein
Stördorf,128,53.916666666,9.433333333,Schleswig-Holstein
Emkendorf,1368,54.260833333,9.850555555,Schleswig-Holstein
Horst,5930,53.811111111,9.618333333,Schleswig-Holstein
Bahrenfleth,576,53.871111111,9.439444444,Schleswig-Holstein
Köthel (Lauenburg),295,53.609722222,10.511666666,Schleswig-Holstein
Looft,389,54.028611111,9.523055555,Schleswig-Holstein
Bröthen,318,53.483333333,10.666666666,Schleswig-Holstein
Nutteln,258,53.988888888,9.388055555,Schleswig-Holstein
Lohbarbek,794,53.945277777,9.635,Schleswig-Holstein
Büchen,6718,53.483333333,10.616666666,Schleswig-Holstein
Bokhorst,136,54.058055555,9.400277777,Schleswig-Holstein
Meezen,350,54.0526,9.7101,Schleswig-Holstein
Düchelsdorf,160,53.738333333,10.581388888,Schleswig-Holstein
Basedow,623,53.416666666,10.583333333,Schleswig-Holstein
Dassendorf,3398,53.4925,10.375833333,Schleswig-Holstein
Todenbüttel,1014,54.133333333,9.55,Schleswig-Holstein
Grinau,297,53.778333333,10.548055555,Schleswig-Holstein
Schulendorf,456,53.473230555,10.561038888,Schleswig-Holstein
Sandesneben,1872,53.683333333,10.5,Schleswig-Holstein
Witzeeze,939,53.45,10.616666666,Schleswig-Holstein
Schönbek,215,54.166666666,9.966666666,Schleswig-Holstein
Schürensöhlen,154,53.763333333,10.471944444,Schleswig-Holstein
Schnakenbek,881,53.383333333,10.5,Schleswig-Holstein
Behlendorf,404,53.701388888,10.670277777,Schleswig-Holstein
Besdorf,245,54.05,9.366666666,Schleswig-Holstein
Bullenkuhlen,397,53.766666666,9.75,Schleswig-Holstein
Hollenbek,435,53.583333333,10.816666666,Schleswig-Holstein
Borstel-Hohenraden,2452,53.683333333,9.816666666,Schleswig-Holstein
Bokel,563,53.864722222,9.733888888,Schleswig-Holstein
Hörsten,59,54.226944444,9.578055555,Schleswig-Holstein
Holtsee,1279,54.4,9.85,Schleswig-Holstein
Groß Sarau,1088,53.766666666,10.733333333,Schleswig-Holstein
Groß Pampau,171,53.524444444,10.564444444,Schleswig-Holstein
Dänischenhagen,3754,54.433333333,10.133333333,Schleswig-Holstein
Ascheberg,3057,54.150277777,10.345,Schleswig-Holstein
Gribbohm,420,54.026388888,9.351111111,Schleswig-Holstein
Havekost,199,53.541388888,10.476111111,Schleswig-Holstein
Grauel,271,54.066666666,9.666666666,Schleswig-Holstein
Basthorst,417,53.577777777,10.471388888,Schleswig-Holstein
Lehmrade,597,53.593888888,10.749444444,Schleswig-Holstein
Talkau,511,53.566666666,10.566666666,Schleswig-Holstein
Buchhorst,149,53.385833333,10.566388888,Schleswig-Holstein
Seeth-Ekholt,993,53.7425,9.733611111,Schleswig-Holstein
Appen,4835,53.661666666,9.744444444,Schleswig-Holstein
Mönkhagen,657,53.9,10.5575,Schleswig-Holstein
Melsdorf,1974,54.317222222,10.031111111,Schleswig-Holstein
Lockstedt,157,54.0,9.683333333,Schleswig-Holstein
Bokholt-Hanredder,1318,53.785833333,9.717777777,Schleswig-Holstein
Bliestorf,649,53.773611111,10.602777777,Schleswig-Holstein
Göttin,65,53.530277777,10.703333333,Schleswig-Holstein
Reher,737,54.067222222,9.574444444,Schleswig-Holstein
Brinjahe,102,54.166666666,9.633333333,Schleswig-Holstein
Groß Boden,213,53.75,10.45,Schleswig-Holstein
Gudow,1759,53.555277777,10.774444444,Schleswig-Holstein
Borgstedt,1815,54.333055555,9.709722222,Schleswig-Holstein
Schacht-Audorf,4943,54.309722222,9.720555555,Schleswig-Holstein
Groß Schenkenberg,583,53.795,10.566111111,Schleswig-Holstein
Groß Wittensee,1348,54.406388888,9.771666666,Schleswig-Holstein
Lütjenwestedt,545,54.133333333,9.483333333,Schleswig-Holstein
Hamweddel,459,54.1925,9.620555555,Schleswig-Holstein
Pölitz,1233,53.773333333,10.381944444,Schleswig-Holstein
Brande-Hörnerkirchen,1789,53.856944444,9.706666666,Schleswig-Holstein
Moorhusen,71,53.966666666,9.383333333,Schleswig-Holstein
Negenharrie,373,54.145277777,10.0775,Schleswig-Holstein
Besenthal,99,53.529722222,10.740555555,Schleswig-Holstein
Pöschendorf,260,54.038333333,9.49,Schleswig-Holstein
Borstorf,307,53.616666666,10.566666666,Schleswig-Holstein
Hohn,2734,54.2981,9.5054,Schleswig-Holstein
Embühren,199,54.166666666,9.583333333,Schleswig-Holstein
Lankau,466,53.669166666,10.666944444,Schleswig-Holstein
Barnitz,839,53.811944444,10.4825,Schleswig-Holstein
Linau,1202,53.646111111,10.4725,Schleswig-Holstein
Büttel,29,53.900277777,9.227222222,Schleswig-Holstein
Grambek,532,53.566666666,10.683333333,Schleswig-Holstein
Elsdorf-Westermühlen,1651,54.266666666,9.516666666,Schleswig-Holstein
Ecklak,301,53.95,9.266666666,Schleswig-Holstein
Mönkeberg,4093,54.35,10.188888888,Schleswig-Holstein
Beringstedt,744,54.1109,9.5345,Schleswig-Holstein
Göldenitz,233,53.723611111,10.631944444,Schleswig-Holstein
Tangstedt,6519,53.735277777,10.086666666,Schleswig-Holstein
Tackesdorf,60,54.183333333,9.483333333,Schleswig-Holstein
Brokdorf,1025,53.861388888,9.330277777,Schleswig-Holstein
Ellerdorf,479,54.196666666,9.842222222,Schleswig-Holstein
Gokels,581,54.116666666,9.466666666,Schleswig-Holstein
Bornholt,168,54.1,9.333333333,Schleswig-Holstein
Steinburg,2787,53.711388888,10.402777777,Schleswig-Holstein
Brekendorf,1028,54.416666666,9.633333333,Schleswig-Holstein
Lehmkuhlen,1292,54.233333333,10.366666666,Schleswig-Holstein
Möhnsen,505,53.56,10.468611111,Schleswig-Holstein
Badendorf,925,53.8675,10.58,Schleswig-Holstein
Ritzerau,294,53.664444444,10.568611111,Schleswig-Holstein
Borgwedel,750,54.5,9.666666666,Schleswig-Holstein
Steenfeld,330,54.144166666,9.383055555,Schleswig-Holstein
Grevenkrug,226,54.212222222,10.010277777,Schleswig-Holstein
Duvensee,559,53.7,10.566666666,Schleswig-Holstein
Rondeshagen,802,53.755,10.630833333,Schleswig-Holstein
Ottendorf,980,54.340277777,10.049722222,Schleswig-Holstein
Breitenfelde,2100,53.6,10.633333333,Schleswig-Holstein
Lasbek,1343,53.733888888,10.363333333,Schleswig-Holstein
Kölln-Reisiek,3475,53.758888888,9.6975,Schleswig-Holstein
Bekmünde,144,53.925277777,9.445833333,Schleswig-Holstein
Groß Disnack,85,53.7425,10.691388888,Schleswig-Holstein
Beidenfleth,839,53.878055555,9.415277777,Schleswig-Holstein
Fahren,131,54.35,10.3371,Schleswig-Holstein
Ellerbek,4249,53.657222222,9.869722222,Schleswig-Holstein
Wulfsmoor,391,53.910833333,9.722777777,Schleswig-Holstein
Blumenthal,671,54.226111111,10.001944444,Schleswig-Holstein
Dägeling,1052,53.880277777,9.529166666,Schleswig-Holstein
Haßmoor,249,54.293611111,9.820277777,Schleswig-Holstein
Remmels,465,54.116666666,9.65,Schleswig-Holstein
Lehe,1063,54.337777777,9.023333333,Schleswig-Holstein
Felde,2093,54.3,9.933333333,Schleswig-Holstein
Süderau,728,53.816666666,9.516666666,Schleswig-Holstein
Siebeneichen,290,53.516666666,10.616666666,Schleswig-Holstein
Neritz,358,53.785555555,10.288333333,Schleswig-Holstein
Schiphorst,708,53.7125,10.4625,Schleswig-Holstein
Bönningstedt,4570,53.665833333,9.906388888,Schleswig-Holstein
Stolpe,1289,54.127,10.22,Schleswig-Holstein
Westerrönfeld,4986,54.283333333,9.65,Schleswig-Holstein
Sahms,446,53.525277777,10.533055555,Schleswig-Holstein
Krüzen,371,53.4,10.533333333,Schleswig-Holstein
Tröndel,363,54.336666666,10.506944444,Schleswig-Holstein
Rade b. Rendsburg,214,54.331111111,9.745,Schleswig-Holstein
Güster,1358,53.541666666,10.683055555,Schleswig-Holstein
Tappendorf,330,54.1,9.683333333,Schleswig-Holstein
Jersbek,1788,53.740833333,10.2225,Schleswig-Holstein
Christinenthal,69,54.054444444,9.533055555,Schleswig-Holstein
Raa-Besenbek,546,53.750833333,9.599166666,Schleswig-Holstein
Sterley,932,53.621388888,10.818055555,Schleswig-Holstein
Selent,1728,54.283333333,10.416666666,Schleswig-Holstein
Bevern,617,53.75,9.766666666,Schleswig-Holstein
Lüchow,281,53.69,10.53,Schleswig-Holstein
Krokau,411,54.4,10.35,Schleswig-Holstein
Schretstaken,489,53.583333333,10.55,Schleswig-Holstein
Rade b. Hohenwestedt,99,54.103888888,9.718611111,Schleswig-Holstein
Brunstorf,749,53.492777777,10.425277777,Schleswig-Holstein
Brammer,347,54.2,9.766666666,Schleswig-Holstein
Heikendorf,8698,54.372222222,10.208055555,Schleswig-Holstein
Nienbüttel,131,54.030277777,9.415,Schleswig-Holstein
Mittelangeln,5447,54.6833,9.6,Schleswig-Holstein
Stapel,1893,54.354,9.239,Schleswig-Holstein
Schkeuditz,19234,51.4,12.216666666,Sachsen
Bautzen,37566,51.181388888,14.423888888,Sachsen
Regis-Breitingen,3845,51.09152,12.44598,Sachsen
Dippoldiswalde,14174,50.893333333,13.666666666,Sachsen
Mügeln,5794,51.233333333,13.05,Sachsen
Pegau,6590,51.166666666,12.25,Sachsen
Rochlitz,5716,51.048055555,12.798611111,Sachsen
Chemnitz,245618,50.8323531,12.918914,Sachsen
Kreckwitz,185,51.201768,14.497821,Sachsen
Glauchau,21807,50.823333333,12.544444444,Sachsen
Aue-Bad Schlema,19698,50.5965271,12.685015,Sachsen
Brandis,9689,51.334722222,12.608888888,Sachsen
Herrnhut,5814,51.016666666,14.741666666,Sachsen
Schildau,3522,51.45,12.933333333,Sachsen
Meißen,29051,51.163611111,13.4775,Sachsen
Markranstädt,16145,51.301666666,12.221111111,Sachsen
Brand-Erbisdorf,8908,50.868888888,13.321944444,Sachsen
Zwickau,87410,50.718888888,12.496111111,Sachsen
Kamenz,16861,51.27,14.095278,Sachsen
Schönau,270,51.3228,14.2267,Sachsen
Böhlen,6931,51.2027284,12.3859676,Sachsen
Zwenkau,9479,51.2175,12.324166666,Sachsen
Görlitz,55186,51.1563185,14.991018,Sachsen
Werdau,20793,50.733333333,12.383333333,Sachsen
Crimmitschau,18479,50.818055555,12.3875,Sachsen
Sebnitz,9421,50.966666666,14.283333333,Sachsen
Drehsa,242,51.1784,14.56632,Sachsen
Flöha,10426,50.855833333,13.071388888,Sachsen
Gemeinde Pflückuff,2475,51.5288242,12.992363,Sachsen
Grimma,28269,51.2383379,12.7287511,Sachsen
Oelsnitz/Vogtl.,9873,50.416666666,12.166666666,Sachsen
Wurzen,16715,51.366667,12.733333,Sachsen
Döbeln,23728,51.119444444,13.112777777,Sachsen
Markkleeberg,24488,51.275555,12.369166,Sachsen
Radeberg,18824,51.116666666,13.916666666,Sachsen
Zschopau,8980,50.7469606,13.0695613,Sachsen
Marienberg,16420,50.650833333,13.164722222,Sachsen
Naunhof,8811,51.277777777,12.588333333,Sachsen
Neudorf/Spree,150,51.313206,14.546605,Sachsen
Geithain,6797,51.05,12.683333333,Sachsen
Bad Düben,7859,51.591944444,12.585277777,Sachsen
Borna,20013,51.116666666,12.5,Sachsen
Oschatz,14089,51.300277777,13.107222222,Sachsen
Torgau,19683,51.560277777,13.005555555,Sachsen
Pirna,40128,50.962222222,13.940277777,Sachsen
Plauen,65599,50.495,12.138333333,Sachsen
Stollberg/Erzgeb.,11033,50.708333333,12.778333333,Sachsen
Radebeul,33804,51.103333333,13.67,Sachsen
Hoyerswerda,31404,51.433055555,14.25,Sachsen
Bad Lausick,8207,51.144722222,12.645277777,Sachsen
Freiberg,41519,50.911944444,13.342777777,Sachsen
Crostau,1786,51.083333333,14.45,Sachsen
Zittau,24710,50.896111111,14.807222222,Sachsen
Limbach-Oberfrohna,23923,50.866666666,12.75,Sachsen
Dörgenhausen,672,51.416666666,14.229166666,Sachsen
Freital,39281,51.016666666,13.65,Sachsen
Coswig,20561,51.133333333,13.583333333,Sachsen
Riesa,29127,51.308055555,13.293888888,Sachsen
Gleina,143,51.2403,14.5622,Sachsen
Thümmlitzwalde,3158,51.166666666,12.916666666,Sachsen
Bischofswerda,10648,51.1275,14.179722222,Sachsen
Großdeuben,240,51.2380012,12.3842141,Sachsen
Auerbach/Vogtl.,17562,50.509444444,12.4,Sachsen
Mittweida,14198,50.985555555,12.981111111,Sachsen
Dresden,564904,51.0493286,13.7381437,Sachsen
Annaberg-Buchholz,19470,50.5788781,13.0106108,Sachsen
Colditz,8447,51.116666666,12.816666666,Sachsen
Weißwasser/O.L.,14992,51.5,14.633055555,Sachsen
Eilenburg,16201,51.460833333,12.635833333,Sachsen
Pesterwitz,3263,51.0281,13.6539,Sachsen
Knappenrode,705,51.4028,14.3194,Sachsen
Frohburg,12186,51.056111111,12.555,Sachsen
Schwarzenberg/Erzgeb.,15740,50.545277777,12.779166666,Sachsen
Groitzsch,7542,51.155555555,12.280555555,Sachsen
Löbau,14389,51.094444444,14.666666666,Sachsen
Trebsen/Mulde,3771,51.283055555,12.75,Sachsen
Zerna,180,51.2811,14.2375,Sachsen
Kirschau,2397,51.1,14.416666666,Sachsen
Taucha,15759,51.38,12.493611111,Sachsen
Leipzig,611850,51.3406321,12.3747329,Sachsen
Reichenbach im Vogtland,20273,50.616666666,12.3,Sachsen
Soritz,81,51.1506,14.5128,Sachsen
Großenhain,18077,51.291944444,13.534166666,Sachsen
Rötha,6605,51.197222222,12.417222222,Sachsen
Dommitzsch,2319,51.639444444,12.8825,Sachsen
Kitzscher,5243,51.164444444,12.553611111,Sachsen
Horka,235,51.26342,14.25523,Sachsen
Dahlen,4201,51.366666666,13.0,Sachsen
Caseritz,48,51.2475,14.2275,Sachsen
Niesky,9172,51.289722222,14.83,Sachsen
Hohenstein-Ernstthal,13937,50.8,12.716666666,Sachsen
Delitzsch,25341,51.526388888,12.3425,Sachsen
Leisnig,8177,51.1595,12.9266,Sachsen
Grünhain-Beierfeld,5713,50.566666666,12.8,Sachsen
Roßwein,7297,51.066666666,13.183333333,Sachsen
Penig,8340,50.933611111,12.705833333,Sachsen
Königsbrück,4664,51.26451,13.9054,Sachsen
Lauta,8053,51.448055555,14.099722222,Sachsen
Frankenberg/Sa.,13862,50.910833333,13.037777777,Sachsen
Großröhrsdorf,9672,51.141944444,14.013888888,Sachsen
Geyer,3317,50.623611111,12.923333333,Sachsen
Sayda,1702,50.716666666,13.416666666,Sachsen
Frauenstein,2690,50.801944444,13.538055555,Sachsen
Burgstädt,10402,50.92007,12.80547,Sachsen
Ehrenfriedersdorf,4521,50.646111111,12.969722222,Sachsen
Pulsnitz,7301,51.181666666,14.013055555,Sachsen
Wilthen,4756,51.09745,14.3929,Sachsen
Lugau,7771,50.738333333,12.746388888,Sachsen
Schlettau,2272,50.558611111,12.951111111,Sachsen
Johanngeorgenstadt,3749,50.433333333,12.713888888,Sachsen
Elstra,2697,51.220555555,14.130555555,Sachsen
Geringswalde,4166,51.076388888,12.904166666,Sachsen
Bernsdorf,6257,51.366666666,14.066666666,Sachsen
Olbernhau,10307,50.6564031,13.345242,Sachsen
Wolkenstein,3821,50.654444444,13.074722222,Sachsen
Wittichenau,5648,51.38496,14.24403,Sachsen
Lunzenau,4027,50.963055555,12.753055555,Sachsen
Thalheim/Erzgeb.,5961,50.7025,12.851666666,Sachsen
Oelsnitz/Erzgeb.,10883,50.722222222,12.698611111,Sachsen
Oberwiesenthal,2051,50.419166666,12.970833333,Sachsen
Schneeberg,14028,50.594166666,12.645555555,Sachsen
Oederan,7706,50.861666666,13.167222222,Sachsen
Elterlein,2749,50.576944444,12.867222222,Sachsen
Augustusburg,4482,50.814444444,13.1,Sachsen
Scheibenberg,2012,50.540833333,12.9125,Sachsen
Eibenstock,6975,50.495555555,12.5975,Sachsen
Waldheim,9214,51.066666666,13.016666666,Sachsen
Schirgiswalde-Kirschau,5978,51.092222222,14.428611111,Sachsen
Thum,4912,50.671111111,12.951388888,Sachsen
Lößnitz,7794,50.621388888,12.731666666,Sachsen
Hartha,6700,51.097777777,12.977222222,Sachsen
Hainichen,8441,50.969722222,13.125277777,Sachsen
Zwönitz,11702,50.630277777,12.813333333,Sachsen
Weißenberg,3068,51.2,14.666666666,Sachsen
Jöhstadt,2493,50.514444444,13.088611111,Sachsen
Großschirma,5465,50.966388888,13.278055555,Sachsen
Liebstadt,1248,50.864722222,13.855555555,Sachsen
Strehla,3726,51.353055555,13.225833333,Sachsen
Neusalza-Spremberg,3169,51.038888888,14.529444444,Sachsen
Falkenstein/Vogtl.,7654,50.466666666,12.366666666,Sachsen
Bad Schandau,3409,50.916666666,14.15,Sachsen
Dürrröhrsdorf-Dittersbach,4291,51.033333333,14.0,Sachsen
Glashütte,6581,50.85,13.783333333,Sachsen
Ostritz,2228,51.014722222,14.932222222,Sachsen
Bad Elster,3617,50.281944444,12.234722222,Sachsen
Aue,16012,50.585277777,12.700833333,Sachsen
Markneukirchen,7132,50.311388888,12.329444444,Sachsen
Lommatzsch,4745,51.2,13.3,Sachsen
Stolpen,5540,51.048888888,14.082777777,Sachsen
Bad Muskau,3685,51.549722222,14.72,Sachsen
Wilsdruff,14613,51.052222222,13.538333333,Sachsen
Seifhennersdorf,3610,50.933333333,14.616666666,Sachsen
Rabenau,4467,50.966666666,13.633333333,Sachsen
Adorf/Vogtl.,4694,50.316666666,12.266666666,Sachsen
Schweinerden,81,51.226025,14.213085,Sachsen
Mühltroff,1949,50.540277777,11.927777777,Sachsen
Lauter/Sa.,5028,50.566666666,12.733333333,Sachsen
Neustadt in Sachsen,11929,51.0249519,14.2140882,Sachsen
Stadt Wehlen,1543,50.956944444,14.032222222,Sachsen
Tharandt,5467,50.983333333,13.580833333,Sachsen
Lengenfeld,7084,50.566666666,12.366666666,Sachsen
Bannewitz,11128,50.993055555,13.716666666,Sachsen
Treuen,7679,50.5425,12.302222222,Sachsen
Kreischa,4592,50.95,13.766666666,Sachsen
Gröditz,6834,51.414166666,13.446388888,Sachsen
Klingenthal,7669,50.366944444,12.468611111,Sachsen
Hohnstein,3183,50.983333333,14.116666666,Sachsen
Altenberg,7893,50.764444444,13.757777777,Sachsen
Nossen,10377,51.05,13.3,Sachsen
Bad Gottleuba-Berggießhübel,5498,50.858333333,13.95,Sachsen
Radeburg,7614,51.2125,13.725555555,Sachsen
Rothenburg/O.L.,4292,51.333055555,14.966666666,Sachsen
Dohna,6303,50.954722222,13.8575,Sachsen
Heidenau,16667,50.983333333,13.866666666,Sachsen
Rodewisch,6396,50.531353,12.405321,Sachsen
Ebersbach-Neugersdorf,11421,51.0,14.6,Sachsen
Schöneck/Vogtland,2969,50.390519444,12.327311111,Sachsen
Elsterberg,3701,50.60841,12.16787,Sachsen
Reichenbach/O.L.,4789,51.141388888,14.8,Sachsen
Netzschkau,3718,50.616666666,12.25,Sachsen
Königstein,2141,50.918888888,14.071388888,Sachsen
Bernstadt a. d. Eigen,3173,51.045833333,14.826388888,Sachsen
Dorfhain,1080,50.933333333,13.566666666,Sachsen
Käbschütztal,2787,51.15,13.383333333,Sachsen
Bennewitz,5069,51.359722222,12.711388888,Sachsen
Rathmannsdorf,906,50.933333333,14.133333333,Sachsen
Rosenthal-Bielatal,1550,50.866666666,14.05,Sachsen
Elstertrebnitz,1276,51.147222222,12.235,Sachsen
Weinböhla,10530,51.166666666,13.566666666,Sachsen
Borsdorf,8229,51.346944444,12.538333333,Sachsen
Parthenstein,3554,51.256666666,12.64,Sachsen
Rathen,333,50.9582,14.0824,Sachsen
Reinhardtsdorf-Schöna,1283,50.9,14.2,Sachsen
Bahretal,2130,50.8875,13.9,Sachsen
Belgershain,3372,51.233333333,12.55,Sachsen
Dohma,2004,50.916666666,13.933333333,Sachsen
Gohrisch,1744,50.909722222,14.108055555,Sachsen
Röderaue,2525,51.3875,13.458333333,Sachsen
Dreiheide,2107,51.561111111,12.888888888,Sachsen
Schönfeld,1781,51.303888888,13.707777777,Sachsen
Klipphausen,10427,51.083333333,13.533333333,Sachsen
Arzberg,1824,51.5303442,13.1270233,Sachsen
Beilrode,4020,51.573611111,13.064444444,Sachsen
Lossatal,6132,51.3992,12.8736,Sachsen
Niederau,4119,51.175555555,13.5425,Sachsen
Hermsdorf/Erzgeb.,782,50.761111111,13.629722222,Sachsen
Moritzburg,8327,51.165,13.679444444,Sachsen
Cavertitz,2153,51.386944,13.13,Sachsen
Lohmen,3065,50.988027777,14.004711111,Sachsen
Priestewitz,3155,51.253611111,13.509166666,Sachsen
Lampertswalde,2510,51.316666666,13.666666666,Sachsen
Neukieritzsch,6979,51.151388888,12.409722222,Sachsen
Müglitztal,1943,50.916666666,13.816666666,Sachsen
Zeithain,5580,51.333333333,13.35,Sachsen
Stauchitz,3051,51.25,13.216666666,Sachsen
Thallwitz,3530,51.416666666,12.683333333,Sachsen
Otterwisch,1374,51.2,12.616666666,Sachsen
Glaubitz,2073,51.316666666,13.383333333,Sachsen
Machern,6756,51.358333333,12.627777777,Sachsen
Hartmannsdorf-Reichenau,979,50.816666666,13.575,Sachsen
Großpösna,5550,51.266666666,12.5,Sachsen
Wülknitz,1618,51.366666666,13.4,Sachsen
Nünchritz,5419,51.283333333,13.416666666,Sachsen
Ebersbach,4323,51.240555555,13.66,Sachsen
Doberschütz,4091,51.5,12.716666666,Sachsen
Hirschstein,1951,51.2625,13.393888888,Sachsen
Diera-Zehren,3199,51.2,13.433333333,Sachsen
Struppen,2407,50.933333333,14.016666666,Sachsen
Thiendorf,3869,51.3,13.75,Sachsen
Dorfchemnitz bei Sayda,1495,50.764166666,13.446666666,Sachsen
Claußnitz,2910,50.936111111,12.883333333,Sachsen
Elsnig,1360,51.610833333,12.927777777,Sachsen
Pfaffroda,2471,50.7,13.35,Sachsen
Waldenburg,3923,50.875833333,12.599722222,Sachsen
Heinsdorfergrund,1939,50.622222222,12.372222222,Sachsen
Amtsberg,3600,50.733333333,13.0,Sachsen
Grünhainichen,3226,50.7675,13.153888888,Sachsen
Wachau,4330,51.16,13.903888888,Sachsen
Steinigtwolmsdorf,2717,51.066666666,14.35,Sachsen
Bad Schlema,4777,50.60257,12.67288,Sachsen
Bobritzsch-Hilbersdorf,5659,50.8994,13.4333,Sachsen
Schirgiswalde,2865,51.0777,14.4283,Sachsen
Schönteichen,2095,51.3,14.05,Sachsen
Altmittweida,1903,50.967777777,12.957777777,Sachsen
Pretzschendorf,4069,50.87282,13.52536,Sachsen
Hartmannsdorf,4435,50.886666666,12.799444444,Sachsen
Mühlental,1213,50.376944,12.242222,Sachsen
Obergurig,2046,51.133333333,14.4,Sachsen
Liebschützberg,2894,51.333333333,13.158888888,Sachsen
Naundorf,2173,51.25,13.116666666,Sachsen
Ohorn,2501,51.175,14.050555555,Sachsen
Kirchberg,7979,50.622222222,12.525555555,Sachsen
Weißenborn/Erzgeb.,2518,50.866666666,13.416666666,Sachsen
Schönwölkau,2733,51.516666666,12.483333333,Sachsen
Bernsbach,4676,50.583055555,12.766666666,Sachsen
Bärenstein,2249,50.498055555,13.027222222,Sachsen
Muldenhammer,2872,50.43556,12.46278,Sachsen
Räckelwitz,1145,51.255833333,14.223611111,Sachsen
Trossin,1251,51.616666666,12.816666666,Sachsen
Wiedemar,5483,51.466666666,12.203611111,Sachsen
Eichigt,1145,50.35,12.166666666,Sachsen
Radibor,3106,51.244722222,14.398333333,Sachsen
Bretnig-Hauswalde,2933,51.15,14.083333333,Sachsen
Ottendorf-Okrilla,9879,51.179166666,13.826111111,Sachsen
Striegistal,4606,50.991666666,13.186111111,Sachsen
Oberlungwitz,5812,50.783333333,12.716666666,Sachsen
Königsfeld,1350,51.063888888,12.753611111,Sachsen
Jesewitz,3092,51.422222222,12.5625,Sachsen
Löbnitz,2106,51.6,12.466666666,Sachsen
Lauter-Bernsbach,8339,50.5667,12.75,Sachsen
Bösenbrunn,1066,50.397222222,12.1,Sachsen
Sohland an der Spree,6528,51.047222222,14.428333333,Sachsen
Zschepplin,2898,51.5,12.6,Sachsen
Eppendorf,3894,50.799166666,13.227777777,Sachsen
Bockau,2180,50.541666666,12.684722222,Sachsen
Hartenstein,4458,50.668333333,12.671388888,Sachsen
Grünbach,1673,50.449166666,12.3625,Sachsen
Niederwiesa,4714,50.863333333,13.0225,Sachsen
Leubsdorf,3222,50.799722222,13.166666666,Sachsen
Mulda/Sa.,2410,50.8,13.41667,Sachsen
Ellefeld,2496,50.483055555,12.4,Sachsen
Lichtenstein/Sa.,10853,50.756388888,12.631666666,Sachsen
Schwepnitz,2462,51.329722222,13.960277777,Sachsen
Wildenfels,3491,50.667777777,12.608888888,Sachsen
Rackwitz,5563,51.433333333,12.383333333,Sachsen
Laußig,3586,51.545833333,12.630555555,Sachsen
Königshain-Wiederau,2524,50.970833333,12.8625,Sachsen
Bergen,941,50.476388888,12.279166666,Sachsen
Rechenberg-Bienenmühle,1811,50.737222222,13.544444444,Sachsen
Steina,1648,51.2,14.05,Sachsen
Rammenau,1339,51.15,14.133333333,Sachsen
Pausa-Mühltroff,4682,50.58225,11.992194444,Sachsen
Ralbitz-Rosenthal,1717,51.291666666,14.241666666,Sachsen
Hormersdorf,1548,50.6725,12.883888888,Sachsen
Neugersdorf,6260,50.978888888,14.610833333,Sachsen
Bad Brambach,1676,50.216666666,12.316666666,Sachsen
Halsbrücke,5009,50.95,13.349722222,Sachsen
Rossau,3467,50.997222222,13.066111111,Sachsen
Mockrehna,4994,51.5,12.8,Sachsen
Neuensalz,2058,50.518055555,12.220555555,Sachsen
Wilkau-Haßlau,9461,50.666666666,12.516666666,Sachsen
Neuhausen/Erzgeb.,2520,50.67498,13.46671,Sachsen
Oberschöna,3169,50.8975,13.252777777,Sachsen
Großhartmannsdorf,2417,50.797222222,13.319444444,Sachsen
Wermsdorf,5196,51.283333333,12.95,Sachsen
Lichtenberg/Erzgeb.,2679,50.835,13.422222222,Sachsen
Limbach,1391,50.583330555,12.25,Sachsen
Neukirch/Lausitz,4756,51.09727,14.30789,Sachsen
Oßling,2210,51.366666666,14.166666666,Sachsen
Pockau-Lengefeld,7349,50.7167,13.1833,Sachsen
Spreetal,1752,51.516666666,14.366666666,Sachsen
Zettlitz,666,51.072777777,12.838055555,Sachsen
Großweitzschen,2642,51.166666666,13.05,Sachsen
Neukirch,1597,51.287222222,13.979722222,Sachsen
Nebelschütz,1200,51.263888888,14.158611111,Sachsen
Reinsberg,2836,51.008333333,13.363888888,Sachsen
Puschwitz,762,51.25,14.3,Sachsen
Auerbach,2358,50.686944444,12.913611111,Sachsen
Lichtenau,6992,50.905819444,12.953791666,Sachsen
Erlau,3086,51.006388888,12.923611111,Sachsen
Seelitz,1686,51.031388888,12.820555555,Sachsen
Höckendorf,2950,50.92518,13.58913,Sachsen
Taura,2352,50.918333333,12.840833333,Sachsen
Panschwitz-Kuckau,2056,51.233333333,14.2,Sachsen
Schmölln-Putzkau,2969,51.116666666,14.233333333,Sachsen
Crostwitz,1036,51.233333333,14.233333333,Sachsen
Meerane,13797,50.851944444,12.463611111,Sachsen
Mühlau,2135,50.9,12.766666666,Sachsen
Nauwalde,1026,51.418333333,13.409444444,Sachsen
Krostitz,4189,51.462222222,12.453333333,Sachsen
Wechselburg,1743,51.003055555,12.776666666,Sachsen
Kriebstein,1979,51.05,13.019722222,Sachsen
Belgern-Schildau,7495,51.4822,13.1259,Sachsen
Stützengrün,2993,50.534444444,12.526111111,Sachsen
Berthelsdorf,1055,51.027777777,14.758333333,Sachsen
Großdubrau,4144,51.25,14.466666666,Sachsen
Leutersdorf,3352,50.955555555,14.652777777,Sachsen
Burkhardtsdorf,6029,50.734722222,12.921944444,Sachsen
Frankenthal,906,51.133333333,14.116666666,Sachsen
Triebel,1179,50.371530555,12.121180555,Sachsen
Thermalbad Wiesenbad,3244,50.616666666,13.016666666,Sachsen
Kubschütz,2490,51.166666666,14.5,Sachsen
Remse,1612,50.853888888,12.575555555,Sachsen
Obercunnersdorf,1339,51.031111111,14.672222222,Sachsen
Tannenberg,1068,50.606666666,12.949166666,Sachsen
Elsterheide,3402,51.466388888,14.2275,Sachsen
Fraureuth,5055,50.7,12.35,Sachsen
Gornsdorf,1880,50.706666666,12.883055555,Sachsen
Hohendubrau,1840,51.25,14.65,Sachsen
Schönheide,4186,50.503611111,12.523611111,Sachsen
Gornau/Erzgeb.,3736,50.758611111,13.036944444,Sachsen
Quitzdorf am See,1229,51.28,14.699722222,Sachsen
Dennheritz,1279,50.815277777,12.461111111,Sachsen
Börnichen/Erzgeb.,959,50.749444444,13.141388888,Sachsen
Niederdorf,1338,50.726111111,12.7875,Sachsen
Großpostwitz,2690,51.11889,14.44044,Sachsen
Burkau,2677,51.183333333,14.183333333,Sachsen
St. Egidien,3152,50.785,12.62,Sachsen
Breitenbrunn/Erzgebirge,5055,50.474722222,12.766666666,Sachsen
Malschwitz,4727,51.233333333,14.516666666,Sachsen
Neustadt/Vogtl.,982,50.466666666,12.333333333,Sachsen
Jahnsdorf/Erzgeb.,5368,50.745555555,12.854444444,Sachsen
Rosenbach,1534,51.088055555,14.736111111,Sachsen
Groß Düben,1067,51.566666666,14.566666666,Sachsen
Crinitzberg,1785,50.566666666,12.508333333,Sachsen
Krauschwitz,3328,51.526944444,14.687777777,Sachsen
Deutschneudorf,942,50.603055555,13.462777777,Sachsen
Neukirchen/Erzgeb.,6904,50.779444444,12.866944444,Sachsen
Demitz-Thumitz,2667,51.133333333,14.25,Sachsen
Hartmannsdorf bei Kirchberg,1368,50.583333333,12.55,Sachsen
Mildenau,3402,50.599722222,13.068888888,Sachsen
Niederfrohna,2181,50.880555555,12.745555555,Sachsen
Großolbersdorf,2731,50.694444444,13.088888888,Sachsen
Theuma,985,50.47,12.2225,Sachsen
Olbersdorf,4424,50.866666666,14.766666666,Sachsen
Beiersdorf,1083,51.071388888,14.535277777,Sachsen
Reinsdorf,7253,50.6975,12.558888888,Sachsen
Rietschen,2476,51.4,14.78333,Sachsen
Lichtenberg,1627,51.183333333,13.966666666,Sachsen
Sehmatal,6128,50.516666666,12.983333333,Sachsen
Gelenau/Erzgeb.,4085,50.711388888,12.965277777,Sachsen
Schönberg,852,50.877222222,12.485277777,Sachsen
Neschwitz,2362,51.27056,14.329,Sachsen
Haselbachtal,3956,51.246666666,14.011666666,Sachsen
Neukirchen/Pleiße,3815,50.795833333,12.378611111,Sachsen
Lichtentanne,6026,50.696666666,12.417222222,Sachsen
Callenberg,4814,50.845,12.6375,Sachsen
Dürrhennersdorf,912,51.051111111,14.607777777,Sachsen
Cunewalde,4537,51.1,14.516666666,Sachsen
Lohsa,5098,51.38333,14.4,Sachsen
Weischlitz,5658,50.447222222,12.059722222,Sachsen
Gersdorf,3756,50.759722222,12.708333333,Sachsen
Arnsdorf,5140,51.1,13.9833,Sachsen
Oppach,2284,51.058333333,14.502222222,Sachsen
Oybin,1273,50.842222222,14.742777777,Sachsen
Laußnitz,1832,51.247222222,13.879166666,Sachsen
Raschau-Markersbach,4873,50.532222222,12.871388888,Sachsen
Niederwürschnitz,2533,50.721944444,12.755,Sachsen
Pöhl,2417,50.565555555,12.191388888,Sachsen
Hohndorf,3450,50.746111111,12.669166666,Sachsen
Seiffen/Erzgeb.,1985,50.648333333,13.452222222,Sachsen
Hainewalde,1512,50.905555555,14.7,Sachsen
Doberschau-Gaußig,4195,51.141666666,14.357222222,Sachsen
Hirschfeld,1068,50.625555555,12.459444444,Sachsen
Oberwiera,1019,50.891388888,12.537222222,Sachsen
Großnaundorf,924,51.2,13.933333333,Sachsen
Großrückerswalde,3319,50.629166666,13.119166666,Sachsen
Langenweißbach,2400,50.64,12.612777777,Sachsen
Tirpersdorf,1359,50.434722222,12.254166666,Sachsen
Göda,2966,51.17772,14.31756,Sachsen
Königswalde,2173,50.546666666,13.047222222,Sachsen
Steinberg,2653,50.538888888,12.477777777,Sachsen
Hochkirch,2225,51.15,14.566666666,Sachsen
Drebach,5050,50.673333333,13.018055555,Sachsen
Zschorlau,5110,50.5652662,12.6478096,Sachsen
Mülsen,10757,50.744722222,12.574722222,Sachsen
Langenbernsdorf,3505,50.75,12.3,Sachsen
Königswartha,3387,51.31028,14.32797,Sachsen
Crottendorf,3932,50.516666666,12.95,Sachsen
Neumark,2882,50.6568,12.35384,Sachsen
Kreba-Neudorf,854,51.344722222,14.685,Sachsen
Werda,1465,50.4375,12.305555555,Sachsen
Schönau-Berzdorf auf dem Eigen,1463,51.063055555,14.885,Sachsen
Rosenbach/Vogtl.,3982,50.54,12.040555555,Sachsen
Großharthau,2920,51.10383,14.09536,Sachsen
Heidersdorf,750,50.675277777,13.406111111,Sachsen
Großschweidnitz,1245,51.075,14.644444444,Sachsen
Klingenberg,6827,50.9019,13.5441,Sachsen
Boxberg/O.L.,4386,51.403888888,14.577777777,Sachsen
Oderwitz,4830,50.958888888,14.718611111,Sachsen
Königshain,1194,51.179722222,14.88,Sachsen
Kodersdorf,2324,51.24,14.89,Sachsen
Gablenz,1573,51.535555555,14.666388888,Sachsen
Weißkeißel,1220,51.49,14.72,Sachsen
Trebendorf,709,51.526388888,14.561111111,Sachsen
Großschönau,5179,50.896388888,14.662222222,Sachsen
Hähnichen,1208,51.366666666,14.866666666,Sachsen
Eibau,2781,50.981388888,14.659166666,Sachsen
Schöpstal,2369,51.159722222,14.929722222,Sachsen
Vierkirchen,1639,51.2,14.699722222,Sachsen
Schleife,2478,51.541944444,14.535,Sachsen
Waldhufen,2365,51.25,14.81,Sachsen
Kottmar,7051,51.0108,14.6558,Sachsen
Bertsdorf-Hörnitz,2006,50.888888888,14.741666666,Sachsen
Lawalde,1764,51.078888888,14.601388888,Sachsen
Jonsdorf,1456,50.852777777,14.702777777,Sachsen
Mücka,964,51.316666666,14.699722222,Sachsen
Mittelherwigsdorf,3590,50.916666666,14.763888888,Sachsen
Niedercunnersdorf,1008,51.04972222,14.66083333,Sachsen
Jahnatal,4787,51.2,13.166666944,Sachsen
Schönbach,1049,51.066666666,14.566666666,Sachsen
Neißeaue,1676,51.246944444,14.974722222,Sachsen
Markersdorf,3819,51.145,14.88,Sachsen
Bobenheim am Berg,811,49.524166666,8.148333333,Rheinland-Pfalz
Ayl,1580,49.63,6.555,Rheinland-Pfalz
Rheinbreitbach,4538,50.620277777,7.230833333,Rheinland-Pfalz
Burbach,723,50.106666666,6.517777777,Rheinland-Pfalz
Dreifelden,256,50.591388888,7.836111111,Rheinland-Pfalz
Neunkhausen,1030,50.707222222,7.902777777,Rheinland-Pfalz
Höchstenbach,718,50.633611111,7.744722222,Rheinland-Pfalz
Carlsberg,3526,49.503888888,8.041666666,Rheinland-Pfalz
Friedelsheim,1412,49.446666666,8.223055555,Rheinland-Pfalz
Welgesheim,588,49.882222222,7.961944444,Rheinland-Pfalz
Wintersheim,285,49.778333333,8.280277777,Rheinland-Pfalz
Erden,430,49.979444444,7.025,Rheinland-Pfalz
Esthal,1349,49.383055555,7.983055555,Rheinland-Pfalz
Bockenheim an der Weinstraße,2356,49.604722222,8.1825,Rheinland-Pfalz
Aspisheim,888,49.9075,7.982222222,Rheinland-Pfalz
Wassenach,1251,50.433055555,7.279166666,Rheinland-Pfalz
Zornheim,3860,49.888888888,8.226388888,Rheinland-Pfalz
Dreisbach,578,50.616666666,7.931666666,Rheinland-Pfalz
Dirmstein,3036,49.563333333,8.2475,Rheinland-Pfalz
Walsheim,628,49.238055555,8.125277777,Rheinland-Pfalz
Battenberg,383,49.533055555,8.138055555,Rheinland-Pfalz
Weisenheim am Berg,1715,49.511944444,8.150277777,Rheinland-Pfalz
Linden,145,50.603333333,7.851388888,Rheinland-Pfalz
Bissersheim,455,49.535833333,8.204166666,Rheinland-Pfalz
Astert,253,50.695,7.778333333,Rheinland-Pfalz
Kirchheim an der Weinstraße,1916,49.537222222,8.180833333,Rheinland-Pfalz
Böchingen,726,49.238611111,8.092222222,Rheinland-Pfalz
Ober-Olm,4541,49.936944444,8.188888888,Rheinland-Pfalz
Weinolsheim,737,49.815555555,8.272777777,Rheinland-Pfalz
Zotzenheim,633,49.874166666,7.968888888,Rheinland-Pfalz
Atzelgift,630,50.699166666,7.825,Rheinland-Pfalz
Ebertsheim,1326,49.568333333,8.108611111,Rheinland-Pfalz
Kleinkarlbach,823,49.538611111,8.149722222,Rheinland-Pfalz
Badenheim,655,49.843611111,7.968333333,Rheinland-Pfalz
Dackenheim,458,49.521666666,8.184722222,Rheinland-Pfalz
Sankt Goarshausen,1281,50.154722222,7.716388888,Rheinland-Pfalz
Weisenheim am Sand,4373,49.518055555,8.247777777,Rheinland-Pfalz
Kallstadt,1249,49.490555555,8.175833333,Rheinland-Pfalz
Niederhorbach,475,49.113173055,8.031158888,Rheinland-Pfalz
Ranschbach,623,49.195833333,8.0325,Rheinland-Pfalz
Göcklingen,879,49.1625,8.041388888,Rheinland-Pfalz
Impflingen,963,49.16223,8.11423,Rheinland-Pfalz
Forst an der Weinstraße,784,49.423888888,8.189722222,Rheinland-Pfalz
Bölsberg,217,50.668611111,7.915,Rheinland-Pfalz
Erpolzheim,1320,49.489166666,8.224444444,Rheinland-Pfalz
Großkarlbach,1144,49.538333333,8.224722222,Rheinland-Pfalz
Neuleiningen,792,49.541944444,8.139444444,Rheinland-Pfalz
Frankweiler,877,49.230277777,8.058055555,Rheinland-Pfalz
Ilbesheim bei Landau in der Pfalz,1146,49.183333333,8.054722222,Rheinland-Pfalz
Altleiningen,1738,49.508055555,8.074444444,Rheinland-Pfalz
Insheim,2187,49.165277777,8.147222222,Rheinland-Pfalz
Herxheim am Berg,742,49.51,8.179722222,Rheinland-Pfalz
Luckenbach,672,50.705555555,7.834722222,Rheinland-Pfalz
Fehl-Ritzhausen,785,50.645,8.003055555,Rheinland-Pfalz
Liebenscheid,840,50.695472,8.095186,Rheinland-Pfalz
Kindenheim,1047,49.611111111,8.164166666,Rheinland-Pfalz
Heuchelheim-Klingen,806,49.1475,8.058333333,Rheinland-Pfalz
Weidenthal,1634,49.423888888,7.990833333,Rheinland-Pfalz
Gerolsheim,1790,49.547222222,8.263888888,Rheinland-Pfalz
Kinzenburg,50,50.120277777,6.340277777,Rheinland-Pfalz
Knöringen,443,49.238055555,8.144444444,Rheinland-Pfalz
Birkweiler,724,49.205833333,8.036388888,Rheinland-Pfalz
Bubenheim,818,49.921666666,8.079444444,Rheinland-Pfalz
Quirnheim,789,49.584444444,8.126388888,Rheinland-Pfalz
Gönnheim,1586,49.448055555,8.238333333,Rheinland-Pfalz
Hahn bei Marienberg,445,50.632777777,7.941111111,Rheinland-Pfalz
Frankeneck,830,49.376388888,8.048611111,Rheinland-Pfalz
Elmstein,2418,49.350555555,7.94,Rheinland-Pfalz
Billigheim-Ingenheim,3831,49.138888888,8.098055555,Rheinland-Pfalz
Laumersheim,898,49.554444444,8.235555555,Rheinland-Pfalz
Rülzheim,8385,49.155555555,8.293611111,Rheinland-Pfalz
Marzhausen,259,50.691111111,7.755833333,Rheinland-Pfalz
Ellerstadt,2458,49.461666666,8.259166666,Rheinland-Pfalz
Herxheim bei Landau/Pfalz,10954,49.146944444,8.22,Rheinland-Pfalz
Kroppach,725,50.695555555,7.740277777,Rheinland-Pfalz
Niederkirchen bei Deidesheim,2371,49.413094444,8.205616666,Rheinland-Pfalz
Siebeldingen,1049,49.211388888,8.051388888,Rheinland-Pfalz
Borod,526,50.6675,7.709722222,Rheinland-Pfalz
Schweigen-Rechtenbach,1359,49.052926111,7.956146944,Rheinland-Pfalz
Obrigheim,2842,49.592306,8.205049,Rheinland-Pfalz
Giesenhausen,317,50.703611111,7.723055555,Rheinland-Pfalz
Eimsheim,528,49.795555555,8.289166666,Rheinland-Pfalz
Dorn-Dürkheim,969,49.768333333,8.269444444,Rheinland-Pfalz
Hattert,1754,50.667222222,7.769166666,Rheinland-Pfalz
Uelversheim,1062,49.81,8.288333333,Rheinland-Pfalz
Selzen,1526,49.860555555,8.255277777,Rheinland-Pfalz
Lautzenbrücken,440,50.673611111,7.964444444,Rheinland-Pfalz
Eschbach,633,49.175,8.020555555,Rheinland-Pfalz
Leinsweiler,519,49.184166666,8.020555555,Rheinland-Pfalz
Berg,1306,50.555555555,6.946944444,Rheinland-Pfalz
Norken,953,50.672777777,7.897777777,Rheinland-Pfalz
Kappel,432,50.000555555,7.36,Rheinland-Pfalz
Dalheim,1037,49.826666666,8.295277777,Rheinland-Pfalz
Lindenberg,1154,49.380833333,8.096944444,Rheinland-Pfalz
Sankt Johann,880,49.868333333,8.019166666,Rheinland-Pfalz
Limbach,419,50.7025,7.802222222,Rheinland-Pfalz
Mörlen,537,50.698055555,7.884444444,Rheinland-Pfalz
Ludwigshöhe,544,49.816666666,8.343333333,Rheinland-Pfalz
Kundert,277,50.718611111,7.791944444,Rheinland-Pfalz
Hettenleidelheim,3037,49.535555555,8.073333333,Rheinland-Pfalz
Dexheim,1482,49.847222222,8.316666666,Rheinland-Pfalz
Nürburg,186,50.342222222,6.952222222,Rheinland-Pfalz
Mertesheim,415,49.571666666,8.135555555,Rheinland-Pfalz
Köngernheim,1295,49.845555555,8.246666666,Rheinland-Pfalz
Königsfeld,691,50.498611111,7.176388888,Rheinland-Pfalz
Dolgesheim,946,49.794166666,8.256666666,Rheinland-Pfalz
Meckenheim,3460,49.403611111,8.24,Rheinland-Pfalz
Hof,1195,50.669444444,8.015277777,Rheinland-Pfalz
Heimborn,266,50.712777777,7.755277777,Rheinland-Pfalz
Lochum,312,50.610555555,7.859722222,Rheinland-Pfalz
Heuzert,120,50.701111111,7.758333333,Rheinland-Pfalz
Sulzbach,186,50.303611111,7.753333333,Rheinland-Pfalz
Unnau,1942,50.648611111,7.908333333,Rheinland-Pfalz
Neidenfels,788,49.388888888,8.046388888,Rheinland-Pfalz
Kirburg,613,50.6775,7.923333333,Rheinland-Pfalz
Undenheim,3039,49.838055555,8.218888888,Rheinland-Pfalz
Nisterau,838,50.662777777,7.98,Rheinland-Pfalz
Mommenheim,3087,49.883333333,8.269444444,Rheinland-Pfalz
Stockhausen-Illfurth,418,50.646666666,7.9875,Rheinland-Pfalz
Obersülzen,726,49.568333333,8.211388888,Rheinland-Pfalz
Stadecken-Elsheim,4916,49.911944444,8.125277777,Rheinland-Pfalz
Langenbach bei Kirburg,1080,50.703888888,7.936666666,Rheinland-Pfalz
Wattenheim,1669,49.521666666,8.061666666,Rheinland-Pfalz
Wolfsheim,824,49.874722222,8.041388888,Rheinland-Pfalz
Tiefenthal,825,49.538333333,8.103888888,Rheinland-Pfalz
Friesenheim,737,49.836388888,8.256666666,Rheinland-Pfalz
Guntersblum,4028,49.797222222,8.345555555,Rheinland-Pfalz
Dienheim,2227,49.840277777,8.350555555,Rheinland-Pfalz
Manubach,307,50.033055555,7.758888888,Rheinland-Pfalz
Ockenheim,2789,49.933055555,7.966666666,Rheinland-Pfalz
Prüm,5563,50.208055555,6.424444444,Rheinland-Pfalz
Speicher,3818,49.937222222,6.638055555,Rheinland-Pfalz
Remagen,17387,50.578611111,7.230555555,Rheinland-Pfalz
Leimersheim,2562,49.1225,8.343333333,Rheinland-Pfalz
Neuwied,66243,50.428611111,7.461388888,Rheinland-Pfalz
Gensingen,3924,49.898055555,7.928055555,Rheinland-Pfalz
Mülheim-Kärlich,11321,50.386944444,7.495277777,Rheinland-Pfalz
Bingen am Rhein,26339,49.966944444,7.895,Rheinland-Pfalz
Großseifen,614,50.635,7.968055555,Rheinland-Pfalz
Höhr-Grenzhausen,9439,50.435,7.671111111,Rheinland-Pfalz
Nastätten,4445,50.199444444,7.858333333,Rheinland-Pfalz
Frankenthal,49122,49.533333333,8.35,Rheinland-Pfalz
Bad Marienberg,6279,50.651944444,7.952222222,Rheinland-Pfalz
Essenheim,3577,49.930555555,8.155555555,Rheinland-Pfalz
Obermoschel,1054,49.726944444,7.772777777,Rheinland-Pfalz
Alzey,19530,49.751666666,8.116111111,Rheinland-Pfalz
Sprendlingen,4313,49.861666666,7.9875,Rheinland-Pfalz
Sörgenloch,1232,49.883055555,8.201111111,Rheinland-Pfalz
Birkenfeld,7236,49.65,7.183333333,Rheinland-Pfalz
Konz,18539,49.702777777,6.579444444,Rheinland-Pfalz
Gau-Bischofsheim,2189,49.915555555,8.272777777,Rheinland-Pfalz
Oberwesel,2899,50.1075,7.726388888,Rheinland-Pfalz
Münster-Sarmsheim,3136,49.944722222,7.897777777,Rheinland-Pfalz
Bad Ems,10002,50.338055555,7.710555555,Rheinland-Pfalz
Braubach,2969,50.274722222,7.646111111,Rheinland-Pfalz
Hillesheim,662,49.776388888,8.256111111,Rheinland-Pfalz
Ransbach-Baumbach,8108,50.466111111,7.725277777,Rheinland-Pfalz
Worms,85609,49.6302618,8.3620898,Rheinland-Pfalz
Bodenheim,7931,49.929722222,8.313333333,Rheinland-Pfalz
Baar,720,50.343611111,7.034166666,Rheinland-Pfalz
Longkamp,1114,49.889444444,7.116944444,Rheinland-Pfalz
Harxheim,2339,49.905277777,8.264166666,Rheinland-Pfalz
Engelstadt,732,49.904166666,8.065277777,Rheinland-Pfalz
Schwabenheim an der Selz,2551,49.932777777,8.094166666,Rheinland-Pfalz
Ingelheim am Rhein,36390,49.974722222,8.056388888,Rheinland-Pfalz
Hachenburg,6236,50.661388888,7.820277777,Rheinland-Pfalz
Nieder-Hilbersheim,652,49.913055555,8.041666666,Rheinland-Pfalz
Alsenz,1638,49.730833333,7.813888888,Rheinland-Pfalz
Montabaur,14677,50.4375,7.825833333,Rheinland-Pfalz
Wissen,8648,50.7825,7.735,Rheinland-Pfalz
Rennerod,4426,50.609722222,8.068888888,Rheinland-Pfalz
Simmern/Hunsrück,8155,49.983333333,7.516666666,Rheinland-Pfalz
Kirn,8523,49.788055555,7.457222222,Rheinland-Pfalz
Wittlich,19718,49.986944444,6.889722222,Rheinland-Pfalz
Jugenheim in Rheinhessen,1699,49.895,8.085,Rheinland-Pfalz
Minheim,458,49.865277777,6.936388888,Rheinland-Pfalz
Pirmasens,40941,49.2,7.6,Rheinland-Pfalz
Rhens,3031,50.280555555,7.618055555,Rheinland-Pfalz
Kusel,6057,49.534722222,7.398055555,Rheinland-Pfalz
Niederheimbach,814,50.034444444,7.807777777,Rheinland-Pfalz
Grolsheim,1352,49.910555555,7.916666666,Rheinland-Pfalz
Lahnstein,18536,50.301111111,7.605555555,Rheinland-Pfalz
Osthofen,9833,49.707777777,8.328888888,Rheinland-Pfalz
Bad Kreuznach,52989,49.846944444,7.866944444,Rheinland-Pfalz
Annweiler am Trifels,7249,49.203333333,7.966666666,Rheinland-Pfalz
Oberheimbach,541,50.023611111,7.785833333,Rheinland-Pfalz
Beinhausen,88,50.2675,6.886666666,Rheinland-Pfalz
Bendorf,17208,50.429722222,7.570277777,Rheinland-Pfalz
Nistertal,1181,50.631666666,7.903055555,Rheinland-Pfalz
Cochem,5346,50.146944444,7.166666666,Rheinland-Pfalz
Rodalben,6768,49.239722222,7.6425,Rheinland-Pfalz
Kyllburg,958,50.041944444,6.594722222,Rheinland-Pfalz
Altenkirchen,6603,50.687222222,7.645555555,Rheinland-Pfalz
Landstuhl,8305,49.412222222,7.572222222,Rheinland-Pfalz
Deidesheim,3773,49.4075,8.186388888,Rheinland-Pfalz
Weitefeld,2240,50.726111111,7.930555555,Rheinland-Pfalz
Westerburg,5868,50.563888888,7.9725,Rheinland-Pfalz
Grünstadt,14169,49.569166666,8.168055555,Rheinland-Pfalz
Bad Neuenahr-Ahrweiler,27647,50.544722222,7.113333333,Rheinland-Pfalz
Bachenberg,101,50.714444444,7.645555555,Rheinland-Pfalz
Horrweiler,864,49.898333333,7.963055555,Rheinland-Pfalz
Bad Hönningen,6173,50.517777777,7.308611111,Rheinland-Pfalz
Ludwigshafen am Rhein,176110,49.481111111,8.435277777,Rheinland-Pfalz
Waldalgesheim,4229,49.951111111,7.836388888,Rheinland-Pfalz
Selters,3014,50.532222222,7.757222222,Rheinland-Pfalz
Daun,8220,50.198611111,6.831944444,Rheinland-Pfalz
Lauterecken,2044,49.649444444,7.591944444,Rheinland-Pfalz
Idar-Oberstein,29158,49.701944444,7.325277777,Rheinland-Pfalz
Kandel,9400,49.082777777,8.196388888,Rheinland-Pfalz
Weiler bei Bingen,2697,49.957777777,7.866944444,Rheinland-Pfalz
Breitscheid,153,50.056944444,7.708055555,Rheinland-Pfalz
Andernach,30408,50.439722222,7.401666666,Rheinland-Pfalz
Appenheim,1389,49.929722222,8.033055555,Rheinland-Pfalz
Oberdiebach,846,50.034166666,7.778611111,Rheinland-Pfalz
Bitburg,17465,49.974722222,6.525555555,Rheinland-Pfalz
Speyer,51203,49.3165553,8.433615,Rheinland-Pfalz
Ramstein-Miesenbach,8167,49.446111111,7.554722222,Rheinland-Pfalz
Bad Bertrich,1038,50.070555555,7.035,Rheinland-Pfalz
Neustadt an der Weinstraße,53920,49.353621,8.13607,Rheinland-Pfalz
Wachenheim an der Weinstraße,4535,49.441111111,8.18,Rheinland-Pfalz
Reuth,176,50.295555555,6.486388888,Rheinland-Pfalz
Lebach,19108,49.41,6.91,Rheinland-Pfalz
Germersheim,21295,49.216666666,8.366666666,Rheinland-Pfalz
Koblenz,115298,50.359722222,7.597777777,Rheinland-Pfalz
Schifferstadt,20682,49.386111111,8.376111111,Rheinland-Pfalz
Kirchheimbolanden,8067,49.666388888,8.011666666,Rheinland-Pfalz
Mainz,222889,49.999444444,8.273611111,Rheinland-Pfalz
Hardt,452,50.635277777,7.92,Rheinland-Pfalz
Ober-Hilbersheim,987,49.899722222,8.028888888,Rheinland-Pfalz
Rockenhausen,5395,49.628611111,7.820555555,Rheinland-Pfalz
Saarlouis,34893,49.316666666,6.75,Rheinland-Pfalz
Trechtingshausen,1041,50.013333333,7.8475,Rheinland-Pfalz
Klein-Winternheim,3716,49.938055555,8.211666666,Rheinland-Pfalz
Lörzweiler,2326,49.898055555,8.294444444,Rheinland-Pfalz
Landau in der Pfalz,48341,49.199444444,8.123055555,Rheinland-Pfalz
Trier,112737,49.75565,6.63935,Rheinland-Pfalz
Kaiserslautern,101486,49.444722222,7.768888888,Rheinland-Pfalz
Hördt,2726,49.165555555,8.326388888,Rheinland-Pfalz
Bad Dürkheim,18821,49.4618,8.17236,Rheinland-Pfalz
Nackenheim,5650,49.915277777,8.338888888,Rheinland-Pfalz
Waldmohr,5281,49.395277777,7.341111111,Rheinland-Pfalz
Polch,6930,50.301111111,7.316666666,Rheinland-Pfalz
Stromberg,3466,49.946944444,7.779444444,Rheinland-Pfalz
Meisenheim,2836,49.716666666,7.666666666,Rheinland-Pfalz
Gau-Algesheim,7043,49.95,8.016666666,Rheinland-Pfalz
Bernkastel-Kues,7205,49.916111111,7.069444444,Rheinland-Pfalz
Zeiskam,2175,49.232777777,8.246944444,Rheinland-Pfalz
Hermeskeil,7511,49.657222222,6.948888888,Rheinland-Pfalz
Sankt Goar,2913,50.15,7.716666666,Rheinland-Pfalz
Mendig,9108,50.374444444,7.280833333,Rheinland-Pfalz
Dillingen/Saar,19941,49.357377777,6.719597222,Rheinland-Pfalz
Bad Sobernheim,6484,49.787222222,7.652777777,Rheinland-Pfalz
Bad Breisig,9655,50.509166666,7.296388888,Rheinland-Pfalz
Bad Bergzabern,8786,49.102125,7.992963888,Rheinland-Pfalz
Taben-Rodt,796,49.548333333,6.590833333,Rheinland-Pfalz
Kircheib,536,50.709444444,7.456944444,Rheinland-Pfalz
Bacharach,1845,50.061111111,7.769444444,Rheinland-Pfalz
Metzenhausen,95,49.971388888,7.362222222,Rheinland-Pfalz
Zehnhausen bei Rennerod,392,50.647222222,8.059722222,Rheinland-Pfalz
Ahrbrück,1097,50.4825,6.989166666,Rheinland-Pfalz
Baumholder,4538,49.613888888,7.333333333,Rheinland-Pfalz
Deimberg,96,49.626666666,7.517222222,Rheinland-Pfalz
Zweibrücken,34613,49.249444444,7.360833333,Rheinland-Pfalz
Zendscheid,151,50.099444444,6.604444444,Rheinland-Pfalz
Scheitenkorb,29,50.006944444,6.21,Rheinland-Pfalz
Edenkoben,6838,49.283888888,8.127222222,Rheinland-Pfalz
Silz,712,49.147437,7.949765,Rheinland-Pfalz
Weißenthurm,9306,50.414444444,7.460555555,Rheinland-Pfalz
Mehren,488,50.686666666,7.509722222,Rheinland-Pfalz
Steinen,233,50.573611111,7.806944444,Rheinland-Pfalz
Todenroth,84,49.976944444,7.356666666,Rheinland-Pfalz
Herdorf,6661,50.7775,7.954722222,Rheinland-Pfalz
Rheinbrohl,4165,50.495,7.334722222,Rheinland-Pfalz
Wallhausen,1566,49.888055555,7.765555555,Rheinland-Pfalz
Ettringen,2857,50.358888888,7.221388888,Rheinland-Pfalz
Zell,4117,50.026388888,7.183611111,Rheinland-Pfalz
Echtershausen,98,50.022222222,6.4175,Rheinland-Pfalz
Wirges,5703,50.474166666,7.795277777,Rheinland-Pfalz
Ulmen,3515,50.208611111,6.979722222,Rheinland-Pfalz
Lambrecht,4131,49.366562,8.060767,Rheinland-Pfalz
Wettlingen,28,49.929722222,6.406111111,Rheinland-Pfalz
Diez,11388,50.370833333,8.015833333,Rheinland-Pfalz
Zeltingen-Rachtig,2192,49.957222222,7.010555555,Rheinland-Pfalz
Nassau,4687,50.315833333,7.802222222,Rheinland-Pfalz
Kastellaun,5759,50.069444444,7.443055555,Rheinland-Pfalz
Reifenberg,798,49.282222222,7.508888888,Rheinland-Pfalz
Kolverath,103,50.272222222,6.972222222,Rheinland-Pfalz
Sinzig,17399,50.545277777,7.251944444,Rheinland-Pfalz
Schweppenhausen,889,49.928333333,7.802222222,Rheinland-Pfalz
Nieder-Olm,10393,49.908333333,8.202777777,Rheinland-Pfalz
Freinsheim,4954,49.5062,8.2105,Rheinland-Pfalz
Kaisersesch,3267,50.232222222,7.139444444,Rheinland-Pfalz
Oppenheim,7535,49.855555555,8.360277777,Rheinland-Pfalz
Bruchweiler,538,49.8,7.233333333,Rheinland-Pfalz
Hahn,151,49.961944444,7.271944444,Rheinland-Pfalz
Wörth am Rhein,18405,49.051666666,8.260277777,Rheinland-Pfalz
Neuerburg,1560,50.010555555,6.295833333,Rheinland-Pfalz
Vallendar,9313,50.400277777,7.617222222,Rheinland-Pfalz
Rheinböllen,4366,50.0,7.666666666,Rheinland-Pfalz
Bremm,714,50.101388888,7.117777777,Rheinland-Pfalz
Kirchberg,4177,49.945,7.407222222,Rheinland-Pfalz
Gerolstein,7860,50.223888888,6.661388888,Rheinland-Pfalz
Saarburg,7612,49.609166666,6.550277777,Rheinland-Pfalz
Thallichtenberg,535,49.557777777,7.351388888,Rheinland-Pfalz
Münstermaifeld,3457,50.2475,7.363055555,Rheinland-Pfalz
Otterbach,4060,49.486944444,7.734166666,Rheinland-Pfalz
Hahnheim,1671,49.860555555,8.236666666,Rheinland-Pfalz
Sauerthal,144,50.085833333,7.821666666,Rheinland-Pfalz
Dierdorf,6026,50.548888888,7.659444444,Rheinland-Pfalz
Urbach,1477,50.561666666,7.591388888,Rheinland-Pfalz
Hagenbach,5551,49.020555555,8.248333333,Rheinland-Pfalz
Nierstein,8631,49.869444444,8.3375,Rheinland-Pfalz
Ruppertsberg,1433,49.399386111,8.197280555,Rheinland-Pfalz
Hütterscheid,173,49.9975,6.388333333,Rheinland-Pfalz
Gehlert,616,50.641666666,7.829444444,Rheinland-Pfalz
Mayen,19882,50.333333333,7.216666666,Rheinland-Pfalz
Alflen,811,50.176944444,7.04,Rheinland-Pfalz
Eisenberg,9305,49.561388888,8.0725,Rheinland-Pfalz
Dahn,4535,49.151388888,7.779722222,Rheinland-Pfalz
Traben-Trarbach,5662,49.951111111,7.116666666,Rheinland-Pfalz
Kirchen,8443,50.808611111,7.883333333,Rheinland-Pfalz
Alpenrod,1597,50.631388888,7.869166666,Rheinland-Pfalz
Sonnschied,104,49.821111111,7.389722222,Rheinland-Pfalz
Betzdorf,10401,50.785555555,7.872777777,Rheinland-Pfalz
Boppard,15593,50.231388888,7.590833333,Rheinland-Pfalz
Otterberg,5438,49.504444444,7.771111111,Rheinland-Pfalz
Wolfstein,1908,49.584166666,7.606111111,Rheinland-Pfalz
Unkel,5041,50.600833333,7.215,Rheinland-Pfalz
Hornbach,1419,49.188055555,7.369166666,Rheinland-Pfalz
Emmelshausen,4951,50.155833333,7.555833333,Rheinland-Pfalz
Daaden,4223,50.739722222,7.968333333,Rheinland-Pfalz
Kuhardt,1896,49.146388888,8.3125,Rheinland-Pfalz
Katzenelnbogen,2315,50.268055555,7.9775,Rheinland-Pfalz
Wörrstadt,8553,49.843055555,8.115555555,Rheinland-Pfalz
Wiltingen,1401,49.658888888,6.59,Rheinland-Pfalz
Kaub,786,50.088055555,7.7625,Rheinland-Pfalz
Manderscheid,1462,50.091944444,6.809166666,Rheinland-Pfalz
Linz am Rhein,6417,50.570277777,7.284722222,Rheinland-Pfalz
Waldleiningen,399,49.397777777,7.886666666,Rheinland-Pfalz
Niederstaufenbach,264,49.528333333,7.518055555,Rheinland-Pfalz
Dernbach,440,49.248611111,8.006944444,Rheinland-Pfalz
Altweidelbach,286,49.995277777,7.566388888,Rheinland-Pfalz
Budenbach,204,50.036944444,7.5675,Rheinland-Pfalz
Bobenthal,266,49.061944444,7.857222222,Rheinland-Pfalz
Langenbach,459,49.495277777,7.329444444,Rheinland-Pfalz
Dümpelfeld,555,50.4425,6.933055555,Rheinland-Pfalz
Ralingen,2091,49.808333333,6.515555555,Rheinland-Pfalz
Gusenburg,1114,49.635555555,6.900833333,Rheinland-Pfalz
Schmidthachenbach,367,49.731111111,7.470555555,Rheinland-Pfalz
Seffern,308,50.064722222,6.504166666,Rheinland-Pfalz
Bockenau,1188,49.836666666,7.679444444,Rheinland-Pfalz
Waldrohrbach,440,49.171111111,7.968611111,Rheinland-Pfalz
Ailertchen,642,50.598611111,7.941944444,Rheinland-Pfalz
Rinnthal,694,49.219166666,7.925,Rheinland-Pfalz
Winnweiler,4944,49.569166666,7.853888888,Rheinland-Pfalz
Altrich,1688,49.958055555,6.911388888,Rheinland-Pfalz
Ammeldingen an der Our,21,49.889166666,6.255,Rheinland-Pfalz
Nieder Kostenz,203,49.945277777,7.366944444,Rheinland-Pfalz
Lautert,247,50.168888888,7.840833333,Rheinland-Pfalz
Altenglan,2727,49.550277777,7.460833333,Rheinland-Pfalz
Ammeldingen bei Neuerburg,244,50.048333333,6.275,Rheinland-Pfalz
Altscheid,92,50.019444444,6.3925,Rheinland-Pfalz
Henau,155,49.869166666,7.499722222,Rheinland-Pfalz
Rettert,469,50.231944444,7.940277777,Rheinland-Pfalz
Eulgem,188,50.24,7.175833333,Rheinland-Pfalz
Alterkülz,383,50.032222222,7.465833333,Rheinland-Pfalz
Adenau,2916,50.3825,6.932777777,Rheinland-Pfalz
Berschweiler bei Kirn,263,49.770555555,7.391111111,Rheinland-Pfalz
Herchweiler,483,49.516388888,7.292777777,Rheinland-Pfalz
Belgweiler,193,49.944722222,7.486388888,Rheinland-Pfalz
Ensdorf,6652,49.3,6.766666666,Rheinland-Pfalz
Schweich,8013,49.82,6.752222222,Rheinland-Pfalz
Althornbach,680,49.196944444,7.383333333,Rheinland-Pfalz
Zettingen,272,50.230555555,7.199722222,Rheinland-Pfalz
Nußbach,548,49.628888888,7.695555555,Rheinland-Pfalz
Wintrich,916,49.884722222,6.953333333,Rheinland-Pfalz
Wendelsheim,1455,49.766666666,8.0,Rheinland-Pfalz
Zemmer,3107,49.893888888,6.698611111,Rheinland-Pfalz
Kellenbach,235,49.8475,7.495,Rheinland-Pfalz
Ziegenhain,164,50.676111111,7.525555555,Rheinland-Pfalz
Molzhain,547,50.749722222,7.855,Rheinland-Pfalz
Oberwambach,438,50.658611111,7.656944444,Rheinland-Pfalz
Niederbrombach,495,49.688611111,7.248888888,Rheinland-Pfalz
Enspel,297,50.618055555,7.886388888,Rheinland-Pfalz
Hochscheid,266,49.876944444,7.220277777,Rheinland-Pfalz
Zehnhausen bei Wallmerod,189,50.476111111,7.923611111,Rheinland-Pfalz
Breunigweiler,452,49.567522,7.959157,Rheinland-Pfalz
Krümmel,304,50.537222222,7.724722222,Rheinland-Pfalz
Wüschheim,312,50.013055555,7.423333333,Rheinland-Pfalz
Fensdorf,381,50.741944444,7.7775,Rheinland-Pfalz
Mützenich,120,50.253055555,6.260277777,Rheinland-Pfalz
Schauren,430,50.023888888,7.27,Rheinland-Pfalz
Altenbamberg,784,49.786666666,7.831944444,Rheinland-Pfalz
Salmtal,2511,49.927777777,6.848333333,Rheinland-Pfalz
Zerf,1597,49.601111111,6.688333333,Rheinland-Pfalz
Gusterath,1974,49.700833333,6.717222222,Rheinland-Pfalz
Dambach,147,49.627222222,7.1325,Rheinland-Pfalz
Hoppstädten-Weiersbach,3693,49.619166666,7.197222222,Rheinland-Pfalz
Schönau,409,49.060555555,7.748055555,Rheinland-Pfalz
Philippsheim,93,49.955277777,6.627222222,Rheinland-Pfalz
Armsheim,2453,49.807777777,8.058055555,Rheinland-Pfalz
Büchenbeuren,1824,49.921388888,7.279722222,Rheinland-Pfalz
Fischbach bei Dahn,1490,49.0875,7.710555555,Rheinland-Pfalz
Standenbühl,179,49.596318,7.980096,Rheinland-Pfalz
Sonnenberg-Winnenberg,423,49.673055555,7.280277777,Rheinland-Pfalz
Löllbach,199,49.688611111,7.592777777,Rheinland-Pfalz
Affler,26,50.014166666,6.153333333,Rheinland-Pfalz
Piesport,2048,49.883055555,6.916666666,Rheinland-Pfalz
Otzweiler,196,49.712777777,7.509166666,Rheinland-Pfalz
Kirschweiler,1050,49.756111111,7.242222222,Rheinland-Pfalz
Zellertal,1145,49.649166666,8.139444444,Rheinland-Pfalz
Rayerschied,109,50.018611111,7.586388888,Rheinland-Pfalz
Büchel,1227,50.174166666,7.083611111,Rheinland-Pfalz
Kaifenheim,801,50.245555555,7.226666666,Rheinland-Pfalz
Pölich,469,49.797222222,6.849444444,Rheinland-Pfalz
Frankenstein,909,49.439467,7.954603,Rheinland-Pfalz
Kettenheim,321,49.721666666,8.113333333,Rheinland-Pfalz
Altstrimmig,342,50.093333333,7.292222222,Rheinland-Pfalz
Neitersen,1086,50.668611111,7.583888888,Rheinland-Pfalz
Mähren,217,50.523888888,7.921111111,Rheinland-Pfalz
Heilberscheid,649,50.412222222,7.892777777,Rheinland-Pfalz
Herforst,1297,49.945,6.697222222,Rheinland-Pfalz
Freirachdorf,726,50.583888888,7.715,Rheinland-Pfalz
Altlay,447,49.987777777,7.270833333,Rheinland-Pfalz
Heistenbach,1024,50.379722222,7.985555555,Rheinland-Pfalz
Kelberg,2094,50.287777777,6.920555555,Rheinland-Pfalz
Ruppertshofen,343,50.202777777,7.807777777,Rheinland-Pfalz
Landscheid,2218,49.987222222,6.7725,Rheinland-Pfalz
Hintertiefenbach,320,49.740555555,7.355555555,Rheinland-Pfalz
Aach,1104,49.791111111,6.59,Rheinland-Pfalz
Ferschweiler,1021,49.863055555,6.404166666,Rheinland-Pfalz
Gilzem,424,49.868611111,6.519444444,Rheinland-Pfalz
Rittersdorf,1422,49.997777777,6.495833333,Rheinland-Pfalz
Freilingen,707,50.560833333,7.836944444,Rheinland-Pfalz
Utzerath,186,50.223888888,6.9375,Rheinland-Pfalz
Ürzig,924,49.982222222,7.005277777,Rheinland-Pfalz
Queidersbach,2838,49.374444444,7.635277777,Rheinland-Pfalz
Altendiez,2147,50.371388888,7.985,Rheinland-Pfalz
Hochstadt,2708,49.240277777,8.215833333,Rheinland-Pfalz
Vollmersbach,453,49.743611111,7.307222222,Rheinland-Pfalz
Hasborn,620,50.0525,6.91,Rheinland-Pfalz
Lautzenhausen,858,49.938055555,7.273055555,Rheinland-Pfalz
Kruchten,395,49.899166666,6.314722222,Rheinland-Pfalz
Lutzerath,1469,50.128055555,7.004166666,Rheinland-Pfalz
Böhl-Iggelheim,10586,49.371388888,8.308611111,Rheinland-Pfalz
Raumbach,416,49.722222222,7.653333333,Rheinland-Pfalz
Bärweiler,212,49.7425,7.601111111,Rheinland-Pfalz
Achtelsbach,372,49.625555555,7.090833333,Rheinland-Pfalz
Leimen,963,49.276111111,7.77,Rheinland-Pfalz
Keppeshausen,17,49.972654,6.174516,Rheinland-Pfalz
Holzhausen an der Haide,1222,50.220833333,7.911111111,Rheinland-Pfalz
Merzalben,1188,49.244444444,7.730555555,Rheinland-Pfalz
Rehborn,676,49.733888888,7.687777777,Rheinland-Pfalz
Altenahr,1490,50.5175,6.988611111,Rheinland-Pfalz
Laudert,449,50.078888888,7.605555555,Rheinland-Pfalz
Rutsweiler an der Lauter,380,49.566944444,7.620833333,Rheinland-Pfalz
Aremberg,208,50.416388888,6.809166666,Rheinland-Pfalz
Welschbillig,2654,49.855833333,6.5675,Rheinland-Pfalz
Abentheuer,421,49.649722222,7.103888888,Rheinland-Pfalz
Schopp,1474,49.3525,7.689444444,Rheinland-Pfalz
Leiningen,712,50.133333333,7.570277777,Rheinland-Pfalz
Bleialf,1285,50.239444444,6.286388888,Rheinland-Pfalz
Knittelsheim,1026,49.191666666,8.251388888,Rheinland-Pfalz
Schönborn,277,49.958333333,7.474722222,Rheinland-Pfalz
Irsch,1606,49.605,6.594444444,Rheinland-Pfalz
Hütten,56,50.013888888,6.253333333,Rheinland-Pfalz
Urmersbach,456,50.2575,7.131944444,Rheinland-Pfalz
Wallenborn,426,50.156111111,6.722222222,Rheinland-Pfalz
Zweifelscheid,59,50.040277777,6.256944444,Rheinland-Pfalz
Bogel,819,50.190555555,7.799722222,Rheinland-Pfalz
Bermersheim vor der Höhe,391,49.779166666,8.098055555,Rheinland-Pfalz
Mandern,843,49.606111111,6.77,Rheinland-Pfalz
Üxheim,1365,50.341944444,6.758611111,Rheinland-Pfalz
Cronenberg,150,49.651944444,7.624722222,Rheinland-Pfalz
Berzhahn,496,50.54,8.006666666,Rheinland-Pfalz
Detzem,618,49.823055555,6.845,Rheinland-Pfalz
Altdorf,921,49.287222222,8.219166666,Rheinland-Pfalz
Brecht,198,49.981388888,6.436388888,Rheinland-Pfalz
Idenheim,452,49.898611111,6.570277777,Rheinland-Pfalz
Ölsen,74,50.738611111,7.604444444,Rheinland-Pfalz
Hauenstein,3969,49.19205,7.854369444,Rheinland-Pfalz
Riol,1313,49.793333333,6.791388888,Rheinland-Pfalz
Hundsangen,1974,50.455277777,7.9875,Rheinland-Pfalz
Braunweiler,622,49.866666666,7.745,Rheinland-Pfalz
Rehlingen-Siersburg,14305,49.368611111,6.678611111,Rheinland-Pfalz
Dessighofen,176,50.258055555,7.771944444,Rheinland-Pfalz
Acht (Eifel),77,50.370277777,7.0725,Rheinland-Pfalz
Gamlen,532,50.239722222,7.201111111,Rheinland-Pfalz
Berscheid,62,49.983611111,6.231388888,Rheinland-Pfalz
Simmertal,1882,49.810555555,7.520833333,Rheinland-Pfalz
Briedern,356,50.109166666,7.210555555,Rheinland-Pfalz
Prümzurlay,568,49.868888888,6.438333333,Rheinland-Pfalz
Kirsbach,80,50.325833333,6.993055555,Rheinland-Pfalz
Oberirsen,617,50.723611111,7.587777777,Rheinland-Pfalz
Windesheim,1823,49.905833333,7.815277777,Rheinland-Pfalz
Oberweiler im Tal,160,49.580555555,7.549722222,Rheinland-Pfalz
Gebroth,146,49.879166666,7.66,Rheinland-Pfalz
Rivenich,748,49.8775,6.846111111,Rheinland-Pfalz
Üdersdorf,1105,50.153055555,6.803333333,Rheinland-Pfalz
Volxheim,1115,49.818055555,7.927222222,Rheinland-Pfalz
Übereisenbach,53,50.001666666,6.148333333,Rheinland-Pfalz
Utscheid,438,49.995277777,6.354166666,Rheinland-Pfalz
Berkoth,92,50.043888888,6.340555555,Rheinland-Pfalz
Eppenberg,243,50.248611111,7.0725,Rheinland-Pfalz
Frohnhofen,466,49.453611111,7.300277777,Rheinland-Pfalz
Abtweiler,189,49.745277777,7.658055555,Rheinland-Pfalz
Oberöfflingen,273,50.068055555,6.870277777,Rheinland-Pfalz
Riesweiler,783,49.959722222,7.5575,Rheinland-Pfalz
Dickesbach,415,49.72,7.424444444,Rheinland-Pfalz
Bellheim,8911,49.198055555,8.279166666,Rheinland-Pfalz
Wasserliesch,2277,49.711111111,6.536666666,Rheinland-Pfalz
Elsoff,984,50.575833333,8.116111111,Rheinland-Pfalz
Rott,396,50.636388888,7.514166666,Rheinland-Pfalz
Dierfeld,16,50.084444444,6.89,Rheinland-Pfalz
Irrel,1737,49.847222222,6.456111111,Rheinland-Pfalz
Udler,288,50.138888888,6.875833333,Rheinland-Pfalz
Gräfendhron,93,49.793333333,6.993333333,Rheinland-Pfalz
Deuselbach,263,49.752222222,7.050555555,Rheinland-Pfalz
Veldenz,967,49.890555555,7.025833333,Rheinland-Pfalz
Kirf,832,49.551111111,6.479166666,Rheinland-Pfalz
Bausendorf,1441,50.015555555,6.997777777,Rheinland-Pfalz
Dienstweiler,341,49.638888888,7.184722222,Rheinland-Pfalz
Diethardt,220,50.163888888,7.874722222,Rheinland-Pfalz
Gutweiler,764,49.72,6.726666666,Rheinland-Pfalz
Diefenbach,91,50.032222222,6.945277777,Rheinland-Pfalz
Rorodt,56,49.769722222,7.051111111,Rheinland-Pfalz
Volkerzen,82,50.723611111,7.682777777,Rheinland-Pfalz
Büdlich,208,49.781388888,6.903611111,Rheinland-Pfalz
Hockweiler,297,49.702222222,6.693333333,Rheinland-Pfalz
Korlingen,810,49.727222222,6.724444444,Rheinland-Pfalz
Bettenfeld,669,50.085277777,6.759722222,Rheinland-Pfalz
Jeckenbach,207,49.710277777,7.607777777,Rheinland-Pfalz
Berglicht,472,49.788333333,6.966388888,Rheinland-Pfalz
Heddert,273,49.642777777,6.763888888,Rheinland-Pfalz
Orbis,698,49.694444444,7.993888888,Rheinland-Pfalz
Walhausen,227,50.027222222,7.284166666,Rheinland-Pfalz
Illerich,809,50.2,7.179722222,Rheinland-Pfalz
Kanzem,640,49.666666666,6.575555555,Rheinland-Pfalz
Rhaunen,2183,49.864722222,7.343055555,Rheinland-Pfalz
Niederschlettenbach,287,49.085833333,7.845,Rheinland-Pfalz
Isselbach,376,50.389722222,7.891666666,Rheinland-Pfalz
Grünebach,501,50.7775,7.905833333,Rheinland-Pfalz
Endlichhofen,156,50.202222222,7.818055555,Rheinland-Pfalz
Waldweiler,828,49.612777777,6.799166666,Rheinland-Pfalz
Kottenheim,2523,50.350277777,7.256388888,Rheinland-Pfalz
Waldrach,2114,49.745555555,6.744722222,Rheinland-Pfalz
Kinderbeuern,1018,50.009444444,7.023333333,Rheinland-Pfalz
Imsbach,893,49.583055555,7.8825,Rheinland-Pfalz
Kesten,330,49.903611111,6.957777777,Rheinland-Pfalz
Irmenach,645,49.924166666,7.187222222,Rheinland-Pfalz
Binsfeld,1363,49.965555555,6.708055555,Rheinland-Pfalz
Malborn,1355,49.716111111,6.987777777,Rheinland-Pfalz
Alf,826,50.056388888,7.124722222,Rheinland-Pfalz
Immerath,236,50.130277777,6.959444444,Rheinland-Pfalz
Wachenheim,732,49.636666666,8.166666666,Rheinland-Pfalz
Freudenburg,1810,49.543333333,6.533611111,Rheinland-Pfalz
Hontheim,858,50.068611111,6.991944444,Rheinland-Pfalz
Eppelsheim,1213,49.7,8.15,Rheinland-Pfalz
Baldringen,261,49.613333333,6.684444444,Rheinland-Pfalz
Wiersdorf,265,50.0075,6.451944444,Rheinland-Pfalz
Lösnich,489,49.973888888,7.043611111,Rheinland-Pfalz
Klüsserath,1140,49.844166666,6.853888888,Rheinland-Pfalz
Vierherrenborn,183,49.609166666,6.662777777,Rheinland-Pfalz
Longuich,1350,49.808055555,6.77,Rheinland-Pfalz
Balduinstein,547,50.344444444,7.970833333,Rheinland-Pfalz
Dausenau,1256,50.335277777,7.763888888,Rheinland-Pfalz
Damflos,677,49.668333333,6.983611111,Rheinland-Pfalz
Flammersfeld,1481,50.647777777,7.526388888,Rheinland-Pfalz
Willwerscheid,58,50.036111111,6.93,Rheinland-Pfalz
Veitsrodt,699,49.756388888,7.301944444,Rheinland-Pfalz
Bickendorf,571,50.034444444,6.5,Rheinland-Pfalz
Bonerath,226,49.690277777,6.758055555,Rheinland-Pfalz
Vendersheim,552,49.867777777,8.069444444,Rheinland-Pfalz
Cramberg,467,50.341111111,7.944444444,Rheinland-Pfalz
Bechtheim,1821,49.727777777,8.292222222,Rheinland-Pfalz
Eulenbis,502,49.5075,7.635555555,Rheinland-Pfalz
Enkirch,1432,49.983055555,7.126666666,Rheinland-Pfalz
Masthorn,56,50.154722222,6.303055555,Rheinland-Pfalz
Hahnstätten,3033,50.304166666,8.069444444,Rheinland-Pfalz
Zimmerschied,94,50.352222222,7.7825,Rheinland-Pfalz
Hausbay,229,50.106388888,7.558888888,Rheinland-Pfalz
Weibern,1525,50.399722222,7.15,Rheinland-Pfalz
Lorscheid,539,49.737222222,6.849166666,Rheinland-Pfalz
Ruppertsweiler,1501,49.196944444,7.685,Rheinland-Pfalz
Reinsfeld,2517,49.678611111,6.878611111,Rheinland-Pfalz
Leimbach,44,50.024722222,6.256388888,Rheinland-Pfalz
Dudeldorf,1370,49.973888888,6.636388888,Rheinland-Pfalz
Klotten,1191,50.166666666,7.199722222,Rheinland-Pfalz
Hirz-Maulsbach,304,50.686111111,7.485,Rheinland-Pfalz
Auderath,674,50.186944444,7.0025,Rheinland-Pfalz
Hochborn,413,49.723888888,8.200833333,Rheinland-Pfalz
Bobenheim-Roxheim,10157,49.583888888,8.361111111,Rheinland-Pfalz
Insul,465,50.440277777,6.915277777,Rheinland-Pfalz
Nieder-Wiesen,597,49.730277777,7.978333333,Rheinland-Pfalz
Herold,408,50.278611111,7.933611111,Rheinland-Pfalz
Kordel,2142,49.841111111,6.635277777,Rheinland-Pfalz
Tellig,303,50.025555555,7.253055555,Rheinland-Pfalz
Melsbach,1994,50.490833333,7.478333333,Rheinland-Pfalz
Herrstein,760,49.779444444,7.338611111,Rheinland-Pfalz
Überherrn,11591,49.25,6.7,Rheinland-Pfalz
Ahrweiler-Wehr,1133,50.421944444,7.211111111,Rheinland-Pfalz
Daubach,223,49.846111111,7.634166666,Rheinland-Pfalz
Neuhofen,7173,49.4225,8.428055555,Rheinland-Pfalz
Weyerbusch,1442,50.715833333,7.555555555,Rheinland-Pfalz
Brohl-Lützing,2533,50.485,7.329166666,Rheinland-Pfalz
Niederfischbach,4102,50.855555555,7.877777777,Rheinland-Pfalz
Winterbach,485,49.875555555,7.636388888,Rheinland-Pfalz
Dörrebach,711,49.945277777,7.720555555,Rheinland-Pfalz
Ravengiersburg,335,49.936944444,7.478055555,Rheinland-Pfalz
Alken,697,50.248333333,7.45,Rheinland-Pfalz
Roth,201,50.2675,7.896111111,Rheinland-Pfalz
Klingelbach,772,50.275277777,7.970277777,Rheinland-Pfalz
Spirkelbach,675,49.197222222,7.886111111,Rheinland-Pfalz
Jünkerath,1852,50.341388888,6.585833333,Rheinland-Pfalz
Ippenschied,152,49.868055555,7.6325,Rheinland-Pfalz
Igel,2136,49.71,6.548055555,Rheinland-Pfalz
Adenbach,153,49.670277777,7.647777777,Rheinland-Pfalz
Mannebach,334,49.635,6.509444444,Rheinland-Pfalz
Wincheringen,2580,49.6075,6.423888888,Rheinland-Pfalz
Maxsain,1067,50.545833333,7.788055555,Rheinland-Pfalz
Derschen,967,50.712777777,7.985,Rheinland-Pfalz
Lötzbeuren,472,49.938055555,7.220555555,Rheinland-Pfalz
Waldhof-Falkenstein,19,49.976666666,6.192777777,Rheinland-Pfalz
Uppershausen,59,50.046388888,6.315833333,Rheinland-Pfalz
Irrhausen,223,50.080555555,6.2125,Rheinland-Pfalz
Odenbach,807,49.684722222,7.651388888,Rheinland-Pfalz
Kratzenburg,403,50.187222222,7.554722222,Rheinland-Pfalz
Olsdorf,96,49.955555555,6.383333333,Rheinland-Pfalz
Anhausen,1382,50.501111111,7.553611111,Rheinland-Pfalz
Brockscheid,196,50.134722222,6.846388888,Rheinland-Pfalz
Brodenbach,688,50.225833333,7.446388888,Rheinland-Pfalz
Eckfeld,388,50.109722222,6.844444444,Rheinland-Pfalz
Dienethal,231,50.304444444,7.778055555,Rheinland-Pfalz
Kastel-Staadt,428,49.564722222,6.559722222,Rheinland-Pfalz
Keidelheim,336,49.991111111,7.499444444,Rheinland-Pfalz
Niederhosenbach,294,49.795277777,7.380833333,Rheinland-Pfalz
Leuterod,858,50.495833333,7.818888888,Rheinland-Pfalz
Herzfeld,36,50.133055555,6.209444444,Rheinland-Pfalz
Dasburg,219,50.05,6.133888888,Rheinland-Pfalz
Virneburg,382,50.342222222,7.078888888,Rheinland-Pfalz
Hohen-Sülzen,762,49.619166666,8.225555555,Rheinland-Pfalz
Weilerbach,4893,49.481388888,7.632222222,Rheinland-Pfalz
Burrweiler,763,49.249166666,8.075555555,Rheinland-Pfalz
Hisel,28,49.961944444,6.375,Rheinland-Pfalz
Badem,1376,50.0025,6.607777777,Rheinland-Pfalz
Üttfeld,392,50.136111111,6.253055555,Rheinland-Pfalz
Wirschweiler,285,49.764166666,7.173055555,Rheinland-Pfalz
Hetzerath,2522,49.878333333,6.814166666,Rheinland-Pfalz
Niederfell,970,50.290277777,7.4625,Rheinland-Pfalz
Echternacherbrück,1076,49.813055555,6.428611111,Rheinland-Pfalz
Zilshausen,271,50.113055555,7.383333333,Rheinland-Pfalz
Kleinich,674,49.892777777,7.186111111,Rheinland-Pfalz
Heisdorf,124,50.134444444,6.43,Rheinland-Pfalz
Deesen,755,50.510833333,7.7,Rheinland-Pfalz
Framersheim,1584,49.758055555,8.174166666,Rheinland-Pfalz
Kobern-Gondorf,3185,50.304722222,7.457222222,Rheinland-Pfalz
Brachbach,2296,50.8175,7.931944444,Rheinland-Pfalz
Auel,174,50.171111111,7.766388888,Rheinland-Pfalz
Flonheim,2691,49.785,8.04,Rheinland-Pfalz
Nalbach,9101,49.3833,6.783330555,Rheinland-Pfalz
Lützkampen,346,50.146944444,6.186111111,Rheinland-Pfalz
Heltersberg,2046,49.315,7.715277777,Rheinland-Pfalz
Bollendorf,1770,49.853055555,6.361666666,Rheinland-Pfalz
Langscheid,90,50.380555555,7.109444444,Rheinland-Pfalz
Hettenrodt,634,49.741666666,7.254444444,Rheinland-Pfalz
Kenn,2928,49.801944444,6.7225,Rheinland-Pfalz
Kisselbach,621,50.052222222,7.610555555,Rheinland-Pfalz
Daleiden,935,50.069722222,6.182222222,Rheinland-Pfalz
Hinzenburg,137,49.664444444,6.726111111,Rheinland-Pfalz
Ötzingen,1343,50.502222222,7.832777777,Rheinland-Pfalz
Hinzert-Pölert,298,49.705277777,6.901666666,Rheinland-Pfalz
Wahlbach,178,50.000555555,7.596666666,Rheinland-Pfalz
Horbruch,359,49.891111111,7.241388888,Rheinland-Pfalz
Kempfeld,764,49.791111111,7.259722222,Rheinland-Pfalz
Hirschberg,402,50.378888888,7.924722222,Rheinland-Pfalz
Hangen-Weisheim,424,49.710277777,8.183611111,Rheinland-Pfalz
Hinzweiler,325,49.591388888,7.548333333,Rheinland-Pfalz
Ellenhausen,316,50.516388888,7.725277777,Rheinland-Pfalz
Lirstal,197,50.256944444,7.038333333,Rheinland-Pfalz
Hinterweiler,236,50.236944444,6.756944444,Rheinland-Pfalz
Breitenau,698,50.498055555,7.690555555,Rheinland-Pfalz
Deudesfeld,409,50.103888888,6.731111111,Rheinland-Pfalz
Dedenbach,486,50.484166666,7.176666666,Rheinland-Pfalz
Weitersbach,82,49.873888888,7.3175,Rheinland-Pfalz
Hüttingen bei Lahr,151,49.930555555,6.296666666,Rheinland-Pfalz
Kaperich,163,50.25,7.026388888,Rheinland-Pfalz
Eichelhardt,514,50.718333333,7.700555555,Rheinland-Pfalz
Demerath,285,50.175277777,6.945,Rheinland-Pfalz
Güllesheim,763,50.597777777,7.528055555,Rheinland-Pfalz
Marnheim,1803,49.6325,8.040833333,Rheinland-Pfalz
Becherbach bei Kirn,469,49.741111111,7.500277777,Rheinland-Pfalz
Hattgenstein,243,49.698611111,7.160277777,Rheinland-Pfalz
Benzweiler,208,50.021111111,7.605,Rheinland-Pfalz
Einöllen,405,49.608333333,7.638888888,Rheinland-Pfalz
Bereborn,124,50.281944444,6.973888888,Rheinland-Pfalz
Würrich,164,49.976944444,7.303055555,Rheinland-Pfalz
Ellweiler,340,49.615,7.144444444,Rheinland-Pfalz
Borler,79,50.315555555,6.828333333,Rheinland-Pfalz
Hochstetten-Dhaun,1667,49.800833333,7.505277777,Rheinland-Pfalz
Mackenrodt,357,49.727222222,7.255277777,Rheinland-Pfalz
Riegenroth,248,50.058055555,7.581111111,Rheinland-Pfalz
Darscheid,953,50.214444444,6.891111111,Rheinland-Pfalz
Karlshausen,418,50.023055555,6.225277777,Rheinland-Pfalz
Vollmersweiler,211,49.064722222,8.076944444,Rheinland-Pfalz
Kescheid,129,50.659444444,7.492222222,Rheinland-Pfalz
Emmerzhausen,686,50.720555555,8.025277777,Rheinland-Pfalz
Bleckhausen,282,50.125277777,6.776111111,Rheinland-Pfalz
Ersfeld,70,50.696111111,7.519444444,Rheinland-Pfalz
Dockweiler,692,50.251944444,6.7825,Rheinland-Pfalz
Koxhausen,97,49.995,6.245555555,Rheinland-Pfalz
Hallgarten,793,49.760555555,7.7875,Rheinland-Pfalz
Kradenbach,145,50.257777777,6.854166666,Rheinland-Pfalz
Etzbach,1340,50.778333333,7.686944444,Rheinland-Pfalz
Brücktal,74,50.319166666,6.980277777,Rheinland-Pfalz
Horperath,123,50.246111111,6.956388888,Rheinland-Pfalz
Niederirsen,93,50.748333333,7.595555555,Rheinland-Pfalz
Kraam,165,50.693055555,7.533611111,Rheinland-Pfalz
Dörrmoschel,137,49.618888888,7.752222222,Rheinland-Pfalz
Eckelsheim,376,49.8,7.983333333,Rheinland-Pfalz
Weitersborn,188,49.851388888,7.527222222,Rheinland-Pfalz
Bekond,954,49.849166666,6.800555555,Rheinland-Pfalz
Emmelbaum,83,50.056666666,6.261944444,Rheinland-Pfalz
Winterburg,212,49.862777777,7.650833333,Rheinland-Pfalz
Höchstberg,344,50.243055555,7.006666666,Rheinland-Pfalz
Longen,121,49.804166666,6.789444444,Rheinland-Pfalz
Kausen,774,50.742777777,7.870833333,Rheinland-Pfalz
Heinzenhausen,246,49.6275,7.606111111,Rheinland-Pfalz
Weidenhahn,562,50.547222222,7.838611111,Rheinland-Pfalz
Bürdenbach,662,50.604166666,7.516666666,Rheinland-Pfalz
Mammelzen,1067,50.701666666,7.667777777,Rheinland-Pfalz
Dreis-Brück,807,50.263611111,6.793888888,Rheinland-Pfalz
Lonsheim,601,49.778611111,8.076666666,Rheinland-Pfalz
Neuerkirch,322,50.016666666,7.483055555,Rheinland-Pfalz
Kettenhausen,313,50.709722222,7.628055555,Rheinland-Pfalz
Kasbach-Ohlenberg,1441,50.5875,7.276666666,Rheinland-Pfalz
Dornholzhausen,206,50.271111111,7.789722222,Rheinland-Pfalz
Ebernhahn,1232,50.472777777,7.77,Rheinland-Pfalz
Niederbachheim,272,50.248888888,7.764722222,Rheinland-Pfalz
Etschberg,683,49.513888888,7.423888888,Rheinland-Pfalz
Kesseling,558,50.491944444,7.026111111,Rheinland-Pfalz
Schmalenberg,763,49.32891,7.739201,Rheinland-Pfalz
Winnerath,192,50.429444444,6.8775,Rheinland-Pfalz
Arzfeld,1459,50.088888888,6.275277777,Rheinland-Pfalz
Eppenrod,737,50.404722222,7.929722222,Rheinland-Pfalz
Föhren,3127,49.858055555,6.766944444,Rheinland-Pfalz
Wershofen,893,50.443888888,6.813055555,Rheinland-Pfalz
Leidenborn,195,50.136944444,6.218333333,Rheinland-Pfalz
Wasenbach,318,50.318333333,7.966666666,Rheinland-Pfalz
Waldböckelheim,2165,49.817777777,7.717222222,Rheinland-Pfalz
Preischeid,156,50.036944444,6.153611111,Rheinland-Pfalz
Dörsdorf,431,50.2475,8.010277777,Rheinland-Pfalz
Wahlenau,206,49.906111111,7.250277777,Rheinland-Pfalz
Dreis,1368,49.941111111,6.817222222,Rheinland-Pfalz
Bechtolsheim,1819,49.804166666,8.193888888,Rheinland-Pfalz
Dorsel,177,50.379444444,6.791666666,Rheinland-Pfalz
Ergeshausen,137,50.271944444,7.941666666,Rheinland-Pfalz
Albessen,150,49.518611111,7.33,Rheinland-Pfalz
Eisighofen,284,50.24,8.020555555,Rheinland-Pfalz
Dennweiler-Frohnbach,274,49.578333333,7.385555555,Rheinland-Pfalz
Aschbach,296,49.600277777,7.576944444,Rheinland-Pfalz
Kempenich,1895,50.419722222,7.118888888,Rheinland-Pfalz
Ratzert,245,50.641944444,7.611666666,Rheinland-Pfalz
Eschfeld,196,50.1125,6.200277777,Rheinland-Pfalz
Ehweiler,169,49.521111111,7.360555555,Rheinland-Pfalz
Hoppstädten,281,49.691666666,7.535555555,Rheinland-Pfalz
Biesdorf,242,49.8875,6.304722222,Rheinland-Pfalz
Herren-Sulzbach,153,49.649722222,7.529722222,Rheinland-Pfalz
Hoffeld,303,50.371111111,6.82,Rheinland-Pfalz
Eichenbach,78,50.43,6.811666666,Rheinland-Pfalz
Welkenbach,156,50.633333333,7.726388888,Rheinland-Pfalz
Biebrich,336,50.303055555,7.954444444,Rheinland-Pfalz
Hohenöllen,353,49.62,7.627777777,Rheinland-Pfalz
Mehring,2536,49.796944444,6.825833333,Rheinland-Pfalz
Franzenheim,377,49.685277777,6.6875,Rheinland-Pfalz
Dahnen,340,50.073888888,6.146666666,Rheinland-Pfalz
Nauroth,1253,50.700555555,7.876111111,Rheinland-Pfalz
Nerzweiler,107,49.604444444,7.553888888,Rheinland-Pfalz
Heidesheim am Rhein,7534,50.0,8.125833333,Rheinland-Pfalz
Föckelberg,344,49.524444444,7.49,Rheinland-Pfalz
Herschbroich,265,50.366388888,6.968333333,Rheinland-Pfalz
Burgbrohl,3304,50.458888888,7.278888888,Rheinland-Pfalz
Herschweiler-Pettersheim,1294,49.476944444,7.349722222,Rheinland-Pfalz
Bannberscheid,683,50.474444444,7.837777777,Rheinland-Pfalz
Ebertshausen,130,50.2825,7.981666666,Rheinland-Pfalz
Herbstmühle,15,50.002777777,6.223333333,Rheinland-Pfalz
Wernersberg,1110,49.189444444,7.928333333,Rheinland-Pfalz
Hausweiler,41,49.6475,7.565555555,Rheinland-Pfalz
Honerath,161,50.377777777,6.899166666,Rheinland-Pfalz
Eßweiler,384,49.558888888,7.564722222,Rheinland-Pfalz
Böbingen,770,49.284722222,8.236944444,Rheinland-Pfalz
Kottenborn,184,50.353333333,6.900555555,Rheinland-Pfalz
Enzen,33,49.921666666,6.369444444,Rheinland-Pfalz
Harthausen,3197,49.294166666,8.3525,Rheinland-Pfalz
Ehlscheid,1546,50.516111111,7.468055555,Rheinland-Pfalz
Hennweiler,1192,49.82,7.435,Rheinland-Pfalz
Halsdorf,109,49.929444444,6.374722222,Rheinland-Pfalz
Gentingen,98,49.901388888,6.235833333,Rheinland-Pfalz
Dietrichingen,348,49.188888888,7.414444444,Rheinland-Pfalz
Strohn,510,50.110277777,6.9225,Rheinland-Pfalz
Neu-Bamberg,940,49.798333333,7.922222222,Rheinland-Pfalz
Nattenheim,598,50.021388888,6.519166666,Rheinland-Pfalz
Wiesbach,479,49.333333333,7.453333333,Rheinland-Pfalz
Kleinbundenbach,437,49.310833333,7.439722222,Rheinland-Pfalz
Malbergweich,381,50.054722222,6.554444444,Rheinland-Pfalz
Hardert,876,50.518611111,7.517777777,Rheinland-Pfalz
Niederburg,659,50.118888888,7.698055555,Rheinland-Pfalz
Kerzenheim,2094,49.576388888,8.059444444,Rheinland-Pfalz
Walshausen,317,49.209722222,7.481944444,Rheinland-Pfalz
Blankenrath,1703,50.039166666,7.302222222,Rheinland-Pfalz
Hanhofen,2579,49.316666666,8.345277777,Rheinland-Pfalz
Hefersweiler,566,49.604166666,7.687222222,Rheinland-Pfalz
Neidenbach,894,50.093333333,6.555,Rheinland-Pfalz
Flomborn,1063,49.690555555,8.149166666,Rheinland-Pfalz
Maxdorf,7224,49.481944444,8.29,Rheinland-Pfalz
Hinterweidenthal,1536,49.197777777,7.756666666,Rheinland-Pfalz
Erzenhausen,755,49.5,7.616666666,Rheinland-Pfalz
Betteldorf,257,50.252222222,6.755833333,Rheinland-Pfalz
Hochdorf-Assenheim,3313,49.418888888,8.280555555,Rheinland-Pfalz
Weisel,1008,50.12,7.801388888,Rheinland-Pfalz
Freisbach,1168,49.271666666,8.271666666,Rheinland-Pfalz
Rodenbach,3346,49.473611111,7.651666666,Rheinland-Pfalz
Waxweiler,1102,50.091666666,6.364444444,Rheinland-Pfalz
Erlenbach bei Kandel,719,49.110555555,8.185833333,Rheinland-Pfalz
Welschneudorf,969,50.373333333,7.798055555,Rheinland-Pfalz
Brimingen,108,49.97,6.365,Rheinland-Pfalz
Riedelberg,453,49.177777777,7.446944444,Rheinland-Pfalz
Wolsfeld,1122,49.906111111,6.467222222,Rheinland-Pfalz
Ernst,557,50.144722222,7.225277777,Rheinland-Pfalz
Mauschbach,302,49.185555555,7.393055555,Rheinland-Pfalz
Freckenfeld,1577,49.064722222,8.113888888,Rheinland-Pfalz
Bassenheim,2967,50.359722222,7.461666666,Rheinland-Pfalz
Ilbesheim,607,49.69,8.075277777,Rheinland-Pfalz
Schankweiler,203,49.898888888,6.384166666,Rheinland-Pfalz
Hambach,508,50.398055555,7.981111111,Rheinland-Pfalz
Ernzen,415,49.841666666,6.425555555,Rheinland-Pfalz
Hatzenbühl,2947,49.110277777,8.243611111,Rheinland-Pfalz
Neupotz,1882,49.117777777,8.319166666,Rheinland-Pfalz
Birkenheide,3115,49.4825,8.264444444,Rheinland-Pfalz
Michelbach,549,50.683055555,7.662777777,Rheinland-Pfalz
Dannstadt-Schauernheim,7462,49.428055555,8.316111111,Rheinland-Pfalz
Arzbach,1684,50.38,7.75,Rheinland-Pfalz
Fließem,697,50.022777777,6.542777777,Rheinland-Pfalz
Niederbreitbach,1526,50.531944444,7.417777777,Rheinland-Pfalz
Herxheimweyher,581,49.1525,8.256944444,Rheinland-Pfalz
Heckenmünster,144,49.909166666,6.787777777,Rheinland-Pfalz
Battweiler,651,49.276111111,7.463611111,Rheinland-Pfalz
Attenhausen,403,50.291944444,7.876388888,Rheinland-Pfalz
Enkenbach-Alsenborn,7166,49.490555555,7.9025,Rheinland-Pfalz
Waigandshain,225,50.644722222,8.085277777,Rheinland-Pfalz
Neuheilenbach,261,50.113888888,6.560833333,Rheinland-Pfalz
Niederdürenbach,972,50.456388888,7.183055555,Rheinland-Pfalz
Sinspelt,408,49.973611111,6.321944444,Rheinland-Pfalz
Büdesheim,542,50.216666666,6.55,Rheinland-Pfalz
Kaltenholzhausen,564,50.301666666,8.107222222,Rheinland-Pfalz
Frücht,569,50.313611111,7.6775,Rheinland-Pfalz
Kaltenengers,2232,50.417222222,7.543611111,Rheinland-Pfalz
Heilenbach,108,50.064722222,6.465555555,Rheinland-Pfalz
Wallersheim,740,50.203888888,6.529444444,Rheinland-Pfalz
Flacht,998,50.345277777,8.050277777,Rheinland-Pfalz
Dörnberg,460,50.325555555,7.883611111,Rheinland-Pfalz
Etteldorf,23,50.030555555,6.573055555,Rheinland-Pfalz
Datzeroth,307,50.506666666,7.428055555,Rheinland-Pfalz
Orenhofen,1437,49.896944444,6.6525,Rheinland-Pfalz
Roschbach,874,49.247777777,8.118055555,Rheinland-Pfalz
Niedermohr,1512,49.457777777,7.467777777,Rheinland-Pfalz
Fohren-Linden,328,49.5875,7.289722222,Rheinland-Pfalz
Berglangenbach,457,49.599444444,7.2525,Rheinland-Pfalz
Roth an der Our,244,49.924444444,6.225555555,Rheinland-Pfalz
Ellenz-Poltersdorf,829,50.114166666,7.233888888,Rheinland-Pfalz
Langenscheid,510,50.356944444,7.953055555,Rheinland-Pfalz
Dittweiler,858,49.429444444,7.336666666,Rheinland-Pfalz
Mesenich,301,50.0975,7.197777777,Rheinland-Pfalz
Desloch,319,49.718611111,7.629166666,Rheinland-Pfalz
Dachsenhausen,978,50.254166666,7.726666666,Rheinland-Pfalz
Niederdreisbach,859,50.748611111,7.925833333,Rheinland-Pfalz
Wilsecker,175,50.0275,6.583333333,Rheinland-Pfalz
Hümmel,491,50.461388888,6.778333333,Rheinland-Pfalz
Niederraden,48,49.981944444,6.328611111,Rheinland-Pfalz
Wißmannsdorf,840,49.987777777,6.443611111,Rheinland-Pfalz
Rech,519,50.513333333,7.036388888,Rheinland-Pfalz
Kretz,723,50.395833333,7.361666666,Rheinland-Pfalz
Becheln,655,50.293055555,7.718055555,Rheinland-Pfalz
Holsthum,635,49.891666666,6.413333333,Rheinland-Pfalz
Ehlenz,470,50.041388888,6.471111111,Rheinland-Pfalz
Beilingen,393,49.953888888,6.6625,Rheinland-Pfalz
Faid,1054,50.144722222,7.119166666,Rheinland-Pfalz
Maring-Noviand,1441,49.928055555,6.997777777,Rheinland-Pfalz
Heuchelheim bei Frankenthal,1283,49.564722222,8.292222222,Rheinland-Pfalz
Kemmenau,488,50.347777777,7.750833333,Rheinland-Pfalz
Kamp-Bornhofen,1570,50.225,7.622222222,Rheinland-Pfalz
Eisenach,392,49.851666666,6.508888888,Rheinland-Pfalz
Idesheim,431,49.874722222,6.573333333,Rheinland-Pfalz
Hahnweiler,186,49.574444444,7.222222222,Rheinland-Pfalz
Rengsdorf,2930,50.502222222,7.497222222,Rheinland-Pfalz
Wallendorf,354,49.879444444,6.289444444,Rheinland-Pfalz
Löf,1467,50.234722222,7.443055555,Rheinland-Pfalz
Kleinsteinhausen,761,49.199166666,7.4725,Rheinland-Pfalz
Schalkenmehren,635,50.167777777,6.860833333,Rheinland-Pfalz
Nickenich,3663,50.413333333,7.329722222,Rheinland-Pfalz
Wirfus,224,50.201666666,7.206111111,Rheinland-Pfalz
Almersbach,398,50.674444444,7.633333333,Rheinland-Pfalz
Waldbreitbach,1887,50.5525,7.418333333,Rheinland-Pfalz
Dunzweiler,850,49.415833333,7.305555555,Rheinland-Pfalz
Baustert,454,49.978333333,6.39,Rheinland-Pfalz
Eckersweiler,178,49.559166666,7.291388888,Rheinland-Pfalz
Göllheim,3879,49.592222222,8.048333333,Rheinland-Pfalz
Balesfeld,217,50.103935,6.535536,Rheinland-Pfalz
Usch,55,50.105277777,6.602222222,Rheinland-Pfalz
Medard,470,49.668055555,7.614444444,Rheinland-Pfalz
Weiler bei Monzingen,443,49.810555555,7.561944444,Rheinland-Pfalz
Dockendorf,239,49.925833333,6.457222222,Rheinland-Pfalz
Niersbach,729,49.940277777,6.7425,Rheinland-Pfalz
Warmsroth,531,49.956111111,7.788333333,Rheinland-Pfalz
Berndroth,416,50.2375,7.968611111,Rheinland-Pfalz
Wickenrodt,160,49.816111111,7.359166666,Rheinland-Pfalz
Kludenbach,118,49.988611111,7.369444444,Rheinland-Pfalz
Hottenbach,538,49.825,7.298055555,Rheinland-Pfalz
Hommerdingen,88,49.909166666,6.320833333,Rheinland-Pfalz
Walterschen,161,50.687222222,7.562777777,Rheinland-Pfalz
Relsberg,183,49.594166666,7.669166666,Rheinland-Pfalz
Welchweiler,182,49.576944444,7.506388888,Rheinland-Pfalz
Börfink,173,49.688611111,7.080555555,Rheinland-Pfalz
Schloßböckelheim,381,49.806111111,7.743611111,Rheinland-Pfalz
Hemmelzen,309,50.691666666,7.579722222,Rheinland-Pfalz
Hergenfeld,502,49.903888888,7.7625,Rheinland-Pfalz
Waldgrehweiler,225,49.669722222,7.743333333,Rheinland-Pfalz
Niederhambach,314,49.684444444,7.208611111,Rheinland-Pfalz
Holzbach,558,49.955833333,7.5325,Rheinland-Pfalz
Königsau,63,49.856666666,7.488333333,Rheinland-Pfalz
Rodder,239,50.393888888,6.859722222,Rheinland-Pfalz
Berzhausen,203,50.655277777,7.568888888,Rheinland-Pfalz
Reckershausen,357,49.983611111,7.402777777,Rheinland-Pfalz
Kalkofen,163,49.733055555,7.835555555,Rheinland-Pfalz
Heidenburg,712,49.798888888,6.918055555,Rheinland-Pfalz
Rehweiler,435,49.485555555,7.441666666,Rheinland-Pfalz
Dillendorf,556,49.925,7.383611111,Rheinland-Pfalz
Werkhausen,235,50.722777777,7.535555555,Rheinland-Pfalz
Spabrücken,1176,49.898888888,7.7125,Rheinland-Pfalz
Waldmühlen,326,50.587222222,8.063611111,Rheinland-Pfalz
Welterod,466,50.1325,7.889444444,Rheinland-Pfalz
Birkenbeul,433,50.738888888,7.622222222,Rheinland-Pfalz
Niedermoschel,505,49.735,7.795833333,Rheinland-Pfalz
Niederpierscheid,36,50.078888888,6.373055555,Rheinland-Pfalz
Neustadt/Westerwald,575,50.624541,8.038585,Rheinland-Pfalz
Helmeroth,209,50.740833333,7.736666666,Rheinland-Pfalz
Lollschied,187,50.257222222,7.869722222,Rheinland-Pfalz
Ellern,908,49.985,7.644444444,Rheinland-Pfalz
Hainau,161,50.2225,7.781666666,Rheinland-Pfalz
Dauwelshausen,89,50.003611111,6.185,Rheinland-Pfalz
Wölferlingen,475,50.564444444,7.851111111,Rheinland-Pfalz
Bollenbach,128,49.841944444,7.352222222,Rheinland-Pfalz
Kesfeld,75,50.153055555,6.233055555,Rheinland-Pfalz
Bergenhausen,112,50.024444444,7.572222222,Rheinland-Pfalz
Mehlingen,3952,49.491944444,7.854166666,Rheinland-Pfalz
Heimweiler,407,49.755,7.493333333,Rheinland-Pfalz
Matzenbach,617,49.495555555,7.460555555,Rheinland-Pfalz
Heinzenbach,436,49.975277777,7.416666666,Rheinland-Pfalz
Reichweiler,547,49.541944444,7.29,Rheinland-Pfalz
Raversbeuren,132,49.958611111,7.227777777,Rheinland-Pfalz
Schönecken,1496,50.155555555,6.465555555,Rheinland-Pfalz
Wahlheim,598,49.717777777,8.106111111,Rheinland-Pfalz
Wiesweiler,404,49.637777777,7.571111111,Rheinland-Pfalz
Bruchhausen,956,50.603888888,7.253055555,Rheinland-Pfalz
Rathsweiler,133,49.598055555,7.458611111,Rheinland-Pfalz
Wonsheim,964,49.783055555,7.9625,Rheinland-Pfalz
Bundenbach,854,49.842777777,7.378611111,Rheinland-Pfalz
Biebern,301,49.992777777,7.442777777,Rheinland-Pfalz
Rinzenberg,318,49.677222222,7.132222222,Rheinland-Pfalz
Kasdorf,232,50.207777777,7.785277777,Rheinland-Pfalz
Niederalben,312,49.606388888,7.466666666,Rheinland-Pfalz
Bretthausen,208,50.671666666,8.076111111,Rheinland-Pfalz
Maitzborn,110,49.934722222,7.435,Rheinland-Pfalz
Edesheim,2451,49.264166666,8.134444444,Rheinland-Pfalz
Kleinmaischeid,1309,50.511666666,7.611111111,Rheinland-Pfalz
Oberroßbach,360,50.654444444,8.039722222,Rheinland-Pfalz
Schmißberg,192,49.6675,7.206666666,Rheinland-Pfalz
Kapellen-Drusweiler,992,49.105,8.030277777,Rheinland-Pfalz
Mutterschied,464,49.983333333,7.569166666,Rheinland-Pfalz
Otterstadt,3439,49.373055555,8.454722222,Rheinland-Pfalz
Spesenroth,153,50.050277777,7.460555555,Rheinland-Pfalz
Schlierschied,170,49.876111111,7.442777777,Rheinland-Pfalz
Lahr,202,49.944166666,6.291111111,Rheinland-Pfalz
Schiersfeld,210,49.694166666,7.763888888,Rheinland-Pfalz
Laufersweiler,801,49.896666666,7.305,Rheinland-Pfalz
Mühlpfad,59,50.1225,7.556666666,Rheinland-Pfalz
Beindersheim,3363,49.562222222,8.323888888,Rheinland-Pfalz
Mermuth,237,50.171388888,7.483888888,Rheinland-Pfalz
Mengerschied,723,49.914166666,7.511388888,Rheinland-Pfalz
Goddert,446,50.549166666,7.746944444,Rheinland-Pfalz
Hentern,452,49.617222222,6.693333333,Rheinland-Pfalz
Oberhosenbach,121,49.814444444,7.331388888,Rheinland-Pfalz
Steinbach am Glan,894,49.452777777,7.385,Rheinland-Pfalz
Westheim,1742,49.249166666,8.324166666,Rheinland-Pfalz
Nasingen,44,49.978611111,6.260833333,Rheinland-Pfalz
Gabsheim,727,49.827777777,8.176111111,Rheinland-Pfalz
Schmelz,16343,49.440708333,6.857930555,Rheinland-Pfalz
Spiesheim,965,49.810277777,8.127222222,Rheinland-Pfalz
Kronweiler,307,49.658611111,7.262222222,Rheinland-Pfalz
Altrip,7764,49.4325,8.503611111,Rheinland-Pfalz
Korweiler,78,50.108333333,7.416388888,Rheinland-Pfalz
Waldfischbach-Burgalben,4720,49.284722222,7.654166666,Rheinland-Pfalz
Gönnersdorf,637,50.481666666,7.266388888,Rheinland-Pfalz
Asbach,152,49.812777777,7.278888888,Rheinland-Pfalz
Neuburg am Rhein,2593,48.988055555,8.249722222,Rheinland-Pfalz
Schwarzen,141,49.961944444,7.331111111,Rheinland-Pfalz
Sitters,94,49.708055555,7.7825,Rheinland-Pfalz
Fußgönheim,2560,49.460277777,8.293611111,Rheinland-Pfalz
Meisburg,235,50.110555555,6.692222222,Rheinland-Pfalz
Oberalben,218,49.578333333,7.400277777,Rheinland-Pfalz
Niehl,73,49.956388888,6.363888888,Rheinland-Pfalz
Gaugrehweiler,526,49.706111111,7.864444444,Rheinland-Pfalz
Monzingen,1534,49.799166666,7.590833333,Rheinland-Pfalz
Münchweiler an der Alsenz,1210,49.549722222,7.8875,Rheinland-Pfalz
Niedert,118,50.127777777,7.543888888,Rheinland-Pfalz
Kail,291,50.185,7.243611111,Rheinland-Pfalz
Nittel,2668,49.6525,6.445277777,Rheinland-Pfalz
Orfgen,243,50.664444444,7.533055555,Rheinland-Pfalz
Lautersheim,607,49.586944444,8.098055555,Rheinland-Pfalz
Gumbsheim,606,49.813967,7.999108,Rheinland-Pfalz
Rödelhausen,124,49.9925,7.330555555,Rheinland-Pfalz
Rödern,187,49.948055555,7.449166666,Rheinland-Pfalz
Lünebach,613,50.138888888,6.348333333,Rheinland-Pfalz
Oppertshausen,131,49.948611111,7.474444444,Rheinland-Pfalz
Burglahr,507,50.618333333,7.497222222,Rheinland-Pfalz
Gemmerich,555,50.227777777,7.757777777,Rheinland-Pfalz
Römerberg,9949,49.287222222,8.397777777,Rheinland-Pfalz
Oberwörresbach,111,49.780555555,7.320555555,Rheinland-Pfalz
Nohen,328,49.641111111,7.243333333,Rheinland-Pfalz
Schornsheim,1611,49.845833333,8.175,Rheinland-Pfalz
Schutzbach,379,50.756666666,7.903055555,Rheinland-Pfalz
Nehren,117,50.08485,7.19046,Rheinland-Pfalz
Mörschbach,345,50.011944444,7.624166666,Rheinland-Pfalz
Sensweiler,406,49.77,7.2,Rheinland-Pfalz
Lemberg (Pfalz),3698,49.170277777,7.650833333,Rheinland-Pfalz
Höheischweiler,819,49.229722222,7.546944444,Rheinland-Pfalz
Grumbach,480,49.656944444,7.556111111,Rheinland-Pfalz
Maikammer,4469,49.306388888,8.129444444,Rheinland-Pfalz
Gieleroth,689,50.667777777,7.680555555,Rheinland-Pfalz
Schneppenbach,223,49.844444444,7.405555555,Rheinland-Pfalz
Sörth,260,50.700277777,7.686388888,Rheinland-Pfalz
Niedersohren,433,49.928611111,7.331666666,Rheinland-Pfalz
Niederwörresbach,814,49.769444444,7.335555555,Rheinland-Pfalz
Leisel,534,49.719722222,7.203888888,Rheinland-Pfalz
Offstein,1905,49.606111111,8.238055555,Rheinland-Pfalz
Dörrenbach,913,49.089936111,7.964336111,Rheinland-Pfalz
Liebshausen,513,50.033333333,7.630555555,Rheinland-Pfalz
Greimersburg,702,50.185,7.139722222,Rheinland-Pfalz
Norath,471,50.126388888,7.576388888,Rheinland-Pfalz
Lustadt,3385,49.244444444,8.274166666,Rheinland-Pfalz
Sosberg,154,50.077777777,7.338611111,Rheinland-Pfalz
Langsur,1850,49.724722222,6.499722222,Rheinland-Pfalz
Seesbach,494,49.848055555,7.545555555,Rheinland-Pfalz
Rieschweiler-Mühlbach,2069,49.246666666,7.504166666,Rheinland-Pfalz
Obergeckler,142,49.974722222,6.292777777,Rheinland-Pfalz
Geilnau,352,50.349444444,7.927222222,Rheinland-Pfalz
Kuhnhöfen,145,50.533333333,7.863055555,Rheinland-Pfalz
Bettendorf,338,50.233333333,7.870833333,Rheinland-Pfalz
Waldsee,5943,49.395555555,8.440555555,Rheinland-Pfalz
Rüssingen,538,49.615555555,8.088055555,Rheinland-Pfalz
Lambsheim,7063,49.513333333,8.2875,Rheinland-Pfalz
Jockgrim,7597,49.095,8.278333333,Rheinland-Pfalz
Ginsweiler,259,49.652777777,7.647777777,Rheinland-Pfalz
Moritzheim,135,50.048055555,7.262222222,Rheinland-Pfalz
Rheinzabern,5086,49.119444444,8.279444444,Rheinland-Pfalz
Gau-Bickelheim,2171,49.835555555,8.017777777,Rheinland-Pfalz
Gauersheim,680,49.662756,8.074695,Rheinland-Pfalz
Nannhausen,618,49.975555555,7.479444444,Rheinland-Pfalz
Puderbach,2487,50.598055555,7.612777777,Rheinland-Pfalz
Hatzenport,611,50.228055555,7.421111111,Rheinland-Pfalz
Prath,299,50.196944444,7.686111111,Rheinland-Pfalz
Thörnich,216,49.833888888,6.838888888,Rheinland-Pfalz
Lingenfeld,5894,49.245277777,8.344166666,Rheinland-Pfalz
Obersteinebach,241,50.590833333,7.498888888,Rheinland-Pfalz
Gehlweiler,212,49.883333333,7.466111111,Rheinland-Pfalz
Rothselberg,611,49.546111111,7.5925,Rheinland-Pfalz
Merxheim,1437,49.794444444,7.562222222,Rheinland-Pfalz
Quirnbach,534,49.473611111,7.421111111,Rheinland-Pfalz
Oberwiesen,566,49.698333333,7.960833333,Rheinland-Pfalz
Linkenbach,580,50.571944444,7.555833333,Rheinland-Pfalz
Muxerath,37,49.991666666,6.27,Rheinland-Pfalz
Schillingen,1206,49.634166666,6.785,Rheinland-Pfalz
Hermersberg,1746,49.323055555,7.633888888,Rheinland-Pfalz
Börsborn,454,49.441388888,7.399722222,Rheinland-Pfalz
Großholbach,964,50.447222222,7.893333333,Rheinland-Pfalz
Wahnwegen,652,49.484722222,7.376111111,Rheinland-Pfalz
Heckhuscheid,158,50.178611111,6.223333333,Rheinland-Pfalz
Lückenburg,103,49.743055555,6.965277777,Rheinland-Pfalz
Eich,3768,49.75,8.398888888,Rheinland-Pfalz
Urschmitt,198,50.118611111,7.062777777,Rheinland-Pfalz
Dorsheim,737,49.925277777,7.873333333,Rheinland-Pfalz
Görgeshausen,945,50.410833333,7.956111111,Rheinland-Pfalz
Mudersbach,5882,50.824722222,7.944722222,Rheinland-Pfalz
Hochspeyer,4738,49.442777777,7.896666666,Rheinland-Pfalz
Gerhardsbrunn,177,49.355,7.522777777,Rheinland-Pfalz
Hellenhahn-Schellenberg,1207,50.612777777,8.026388888,Rheinland-Pfalz
Kalenborn-Scheuern,400,50.259444444,6.603055555,Rheinland-Pfalz
Fiersbach,275,50.698333333,7.495555555,Rheinland-Pfalz
Lug,598,49.1825,7.894166666,Rheinland-Pfalz
Willroth,966,50.568055555,7.528888888,Rheinland-Pfalz
Bayerfeld-Steckweiler,385,49.678611111,7.797777777,Rheinland-Pfalz
Rommersheim,672,50.193611111,6.445,Rheinland-Pfalz
Halbs,357,50.590833333,7.964722222,Rheinland-Pfalz
Bauler,82,49.965,6.207222222,Rheinland-Pfalz
Dhronecken,124,49.725833333,6.982222222,Rheinland-Pfalz
Wallscheid,352,50.099444444,6.884722222,Rheinland-Pfalz
Mehlbach,1123,49.522777777,7.718055555,Rheinland-Pfalz
Hauptstuhl,1205,49.401666666,7.490833333,Rheinland-Pfalz
Auw an der Kyll,110,49.901944444,6.614722222,Rheinland-Pfalz
Friesenhagen,1649,50.903333333,7.810555555,Rheinland-Pfalz
Winterwerb,153,50.238055555,7.741111111,Rheinland-Pfalz
Heiligenroth,1434,50.449722222,7.865,Rheinland-Pfalz
Brieden,152,50.189444444,7.264722222,Rheinland-Pfalz
Brachtendorf,236,50.231944444,7.233055555,Rheinland-Pfalz
Marienrachdorf,1020,50.552222222,7.714444444,Rheinland-Pfalz
Wiebelsheim,569,50.076666666,7.635,Rheinland-Pfalz
Feilbingert,1472,49.78,7.804722222,Rheinland-Pfalz
Gondershausen,1309,50.160555555,7.491388888,Rheinland-Pfalz
Lütz,261,50.161388888,7.360555555,Rheinland-Pfalz
Utzenhain,111,50.131388888,7.64,Rheinland-Pfalz
Arnshöfen,175,50.540555555,7.87,Rheinland-Pfalz
Bodenbach,210,50.313611111,6.848055555,Rheinland-Pfalz
Wilzenberg-Hußweiler,279,49.703333333,7.223055555,Rheinland-Pfalz
Woppenroth,218,49.875555555,7.415,Rheinland-Pfalz
Reitzenhain,347,50.155555555,7.786666666,Rheinland-Pfalz
Forstmehren,164,50.700833333,7.529166666,Rheinland-Pfalz
Elkenroth,1782,50.727777777,7.883055555,Rheinland-Pfalz
Bornich,930,50.128611111,7.769166666,Rheinland-Pfalz
Fleringen,409,50.208333333,6.500277777,Rheinland-Pfalz
Würzweiler,220,49.654166666,7.862777777,Rheinland-Pfalz
Tawern,2650,49.672222222,6.516944444,Rheinland-Pfalz
Dellfeld,1408,49.231111111,7.471944444,Rheinland-Pfalz
Langenlonsheim,4210,49.894722222,7.898055555,Rheinland-Pfalz
Ediger-Eller,909,50.098055555,7.150833333,Rheinland-Pfalz
Berod bei Hachenburg,614,50.648055555,7.691111111,Rheinland-Pfalz
Leienkaul,386,50.219166666,7.085,Rheinland-Pfalz
Münsterappel,484,49.735277777,7.877777777,Rheinland-Pfalz
Etgert,66,49.779444444,7.021944444,Rheinland-Pfalz
Idelberg,61,50.721111111,7.726388888,Rheinland-Pfalz
Imsweiler,550,49.602777777,7.800277777,Rheinland-Pfalz
Fluterschen,651,50.666388888,7.626388888,Rheinland-Pfalz
Reidenhausen,189,50.058333333,7.316944444,Rheinland-Pfalz
Kleinlangenfeld,145,50.269444444,6.478888888,Rheinland-Pfalz
Immesheim,133,49.638055555,8.105555555,Rheinland-Pfalz
Bengel,851,50.016111111,7.064166666,Rheinland-Pfalz
Preist,731,49.906944444,6.63,Rheinland-Pfalz
Himmighofen,318,50.211388888,7.765833333,Rheinland-Pfalz
Brohl,349,50.219444444,7.279722222,Rheinland-Pfalz
Jakobsweiler,246,49.612222222,7.955833333,Rheinland-Pfalz
Kestert,630,50.185555555,7.65,Rheinland-Pfalz
Hüttingen an der Kyll,348,49.968055555,6.587777777,Rheinland-Pfalz
Birken-Honigsessen,2468,50.819444444,7.741388888,Rheinland-Pfalz
Niederscheidweiler,264,50.064722222,6.948333333,Rheinland-Pfalz
Horath,529,49.811666666,6.985833333,Rheinland-Pfalz
Ingendorf,236,49.933888888,6.456111111,Rheinland-Pfalz
Martinshöhe,1419,49.366666666,7.483055555,Rheinland-Pfalz
Niederöfflingen,440,50.059722222,6.889722222,Rheinland-Pfalz
Pfaffen-Schwabenheim,1506,49.851666666,7.952777777,Rheinland-Pfalz
Wöllstein,4752,49.814444444,7.960833333,Rheinland-Pfalz
Haserich,211,50.036666666,7.325555555,Rheinland-Pfalz
Wartenberg-Rohrbach,423,49.526111111,7.853333333,Rheinland-Pfalz
Ingelbach,510,50.683611111,7.7075,Rheinland-Pfalz
Dittelsheim-Heßloch,2170,49.743888888,8.236944444,Rheinland-Pfalz
Klosterkumbd,272,50.028611111,7.535833333,Rheinland-Pfalz
Kliding,209,50.108611111,7.055555555,Rheinland-Pfalz
Girkenroth,608,50.520833333,7.971944444,Rheinland-Pfalz
Helmenzen,921,50.695277777,7.619444444,Rheinland-Pfalz
Lykershausen,229,50.205833333,7.666388888,Rheinland-Pfalz
Hambuch,731,50.225833333,7.1825,Rheinland-Pfalz
Wiesbaum,651,50.340555555,6.67,Rheinland-Pfalz
Basberg,80,50.295277777,6.609166666,Rheinland-Pfalz
Hargesheim,2923,49.863888888,7.828055555,Rheinland-Pfalz
Hundsbach,362,49.725833333,7.556111111,Rheinland-Pfalz
Eisenschmitt,354,50.043333333,6.721111111,Rheinland-Pfalz
Ellscheid,305,50.152222222,6.915277777,Rheinland-Pfalz
Contwig,5051,49.251388888,7.427777777,Rheinland-Pfalz
Berod bei Wallmerod,551,50.481666666,7.936111111,Rheinland-Pfalz
Harbach,518,50.861111111,7.846944444,Rheinland-Pfalz
Stipshausen,804,49.849166666,7.289444444,Rheinland-Pfalz
Isert,111,50.726388888,7.703055555,Rheinland-Pfalz
Düngenheim,1371,50.258611111,7.169444444,Rheinland-Pfalz
Flußbach,431,50.016666666,6.926111111,Rheinland-Pfalz
Neef,405,50.091666666,7.139166666,Rheinland-Pfalz
Ensheim,486,49.806388888,8.115555555,Rheinland-Pfalz
Becherbach,831,49.655555555,7.68,Rheinland-Pfalz
Bottenbach,731,49.181944444,7.495833333,Rheinland-Pfalz
Einselthum,785,49.651666666,8.124444444,Rheinland-Pfalz
Elben,342,50.751666666,7.834444444,Rheinland-Pfalz
Neichen,135,50.261388888,6.870277777,Rheinland-Pfalz
Neumagen-Dhron,2316,49.859444444,6.8975,Rheinland-Pfalz
Welcherath,115,50.32,6.965555555,Rheinland-Pfalz
Ewighausen,244,50.535,7.827777777,Rheinland-Pfalz
Urmitz,3408,50.414166666,7.519722222,Rheinland-Pfalz
Breitscheidt,1028,50.755,7.661388888,Rheinland-Pfalz
Hörschhausen,127,50.244166666,6.936944444,Rheinland-Pfalz
Fürthen,1217,50.78,7.667777777,Rheinland-Pfalz
Meckenbach,350,49.778333333,7.512777777,Rheinland-Pfalz
Erbes-Büdesheim,1434,49.754444444,8.031388888,Rheinland-Pfalz
Eitelborn,2464,50.378055555,7.723333333,Rheinland-Pfalz
Riveris,417,49.726111111,6.763888888,Rheinland-Pfalz
Hönningen,1038,50.474444444,6.956666666,Rheinland-Pfalz
Reimerath,71,50.309444444,6.959444444,Rheinland-Pfalz
Wölmersen,379,50.715555555,7.601111111,Rheinland-Pfalz
Allenfeld,203,49.867222222,7.668055555,Rheinland-Pfalz
Kreimbach-Kaulbach,716,49.551666666,7.630555555,Rheinland-Pfalz
Fisch,422,49.618333333,6.490555555,Rheinland-Pfalz
Menningen,171,49.838611111,6.476666666,Rheinland-Pfalz
Elchweiler,98,49.673055555,7.200555555,Rheinland-Pfalz
Elbingen,365,50.529166666,7.911111111,Rheinland-Pfalz
Badenhard,158,50.124444444,7.633611111,Rheinland-Pfalz
Frettenheim,320,49.759722222,8.244722222,Rheinland-Pfalz
Wadgassen,17076,49.2667,6.783330555,Rheinland-Pfalz
Hergenroth,444,50.582777777,7.974722222,Rheinland-Pfalz
Eckenroth,218,49.925,7.782222222,Rheinland-Pfalz
Eulenberg,55,50.605277777,7.475555555,Rheinland-Pfalz
Arbach,134,50.284166666,7.048333333,Rheinland-Pfalz
Argenschwang,356,49.880833333,7.699166666,Rheinland-Pfalz
Herschbach,3069,50.575,7.739166666,Rheinland-Pfalz
Fürfeld,1596,49.7775,7.892777777,Rheinland-Pfalz
Eichen,565,50.635,7.531944444,Rheinland-Pfalz
Busenhausen,349,50.716666666,7.633333333,Rheinland-Pfalz
Daxweiler,729,49.966388888,7.751944444,Rheinland-Pfalz
Herl,257,49.730277777,6.820555555,Rheinland-Pfalz
Bongard,242,50.293055555,6.839166666,Rheinland-Pfalz
Wahlrod,883,50.650277777,7.720277777,Rheinland-Pfalz
Dodenburg,97,49.914166666,6.779444444,Rheinland-Pfalz
Albisheim,1892,49.6494,8.09667,Rheinland-Pfalz
Körperich,1122,49.923888888,6.258888888,Rheinland-Pfalz
Buhlenberg,463,49.654722222,7.119722222,Rheinland-Pfalz
Herborn,506,49.769166666,7.295277777,Rheinland-Pfalz
Holzappel,1056,50.351111111,7.898055555,Rheinland-Pfalz
Lierfeld,89,50.136111111,6.356388888,Rheinland-Pfalz
Ditscheid,259,50.295555555,7.069444444,Rheinland-Pfalz
Vettelschoß,3750,50.618055555,7.348055555,Rheinland-Pfalz
Hausten,376,50.401111111,7.118333333,Rheinland-Pfalz
Oberkirn,327,49.885833333,7.372222222,Rheinland-Pfalz
Hupperath,640,49.9975,6.836666666,Rheinland-Pfalz
Niederkirchen,1863,49.581111111,7.698611111,Rheinland-Pfalz
Reckenroth,245,50.229722222,8.023055555,Rheinland-Pfalz
Oberbachheim,205,50.246944444,7.747777777,Rheinland-Pfalz
Retterath,310,50.271944444,7.015555555,Rheinland-Pfalz
Ockfen,596,49.624722222,6.588333333,Rheinland-Pfalz
Oberwallmenach,203,50.164166666,7.828333333,Rheinland-Pfalz
Bubach,236,50.072222222,7.558333333,Rheinland-Pfalz
Gutenacker,372,50.319444444,7.922222222,Rheinland-Pfalz
Welschenbach,47,50.363888888,7.064166666,Rheinland-Pfalz
Schiesheim,268,50.277222222,8.055833333,Rheinland-Pfalz
Darstein,193,49.156944444,7.883611111,Rheinland-Pfalz
Schweighofen,591,49.040833333,7.995833333,Rheinland-Pfalz
Wilgartswiesen,1036,49.209166666,7.879444444,Rheinland-Pfalz
Volkesfeld,567,50.391944444,7.150555555,Rheinland-Pfalz
Großfischlingen,616,49.269722222,8.175555555,Rheinland-Pfalz
Donsieders,905,49.265,7.642777777,Rheinland-Pfalz
Bolanden,2470,49.639555555,8.009083333,Rheinland-Pfalz
Offenbach-Hundheim,1049,49.623611111,7.551111111,Rheinland-Pfalz
Kommen,281,49.879722222,7.128611111,Rheinland-Pfalz
Birlenbach,1574,50.358611111,8.001944444,Rheinland-Pfalz
Obertiefenbach,375,50.243888888,7.890277777,Rheinland-Pfalz
Griebelschied,170,49.801111111,7.400277777,Rheinland-Pfalz
Fronhofen,243,49.991666666,7.465277777,Rheinland-Pfalz
Winkelbach,231,50.640097,7.728254,Rheinland-Pfalz
Wittgert,636,50.497222222,7.6975,Rheinland-Pfalz
Bullay,1668,50.055,7.135277777,Rheinland-Pfalz
Hellertshausen,196,49.821388888,7.277222222,Rheinland-Pfalz
Anschau,285,50.298055555,7.096388888,Rheinland-Pfalz
Bundenthal,1055,49.095555555,7.808611111,Rheinland-Pfalz
Blaubach,407,49.5575,7.396111111,Rheinland-Pfalz
Heidweiler,178,49.911111111,6.746388888,Rheinland-Pfalz
Völkersweiler,561,49.169722222,7.934444444,Rheinland-Pfalz
Bonefeld,960,50.523888888,7.490833333,Rheinland-Pfalz
Wirscheid,341,50.478055555,7.667222222,Rheinland-Pfalz
Dierscheid,183,49.898611111,6.758333333,Rheinland-Pfalz
Erlenbach bei Dahn,337,49.1125,7.861944444,Rheinland-Pfalz
Niederwallmenach,410,50.165833333,7.813055555,Rheinland-Pfalz
Oberwies,153,50.288611111,7.780555555,Rheinland-Pfalz
Heßheim,3150,49.545833333,8.308888888,Rheinland-Pfalz
Kappeln,191,49.675833333,7.571111111,Rheinland-Pfalz
Arenrath,382,49.954722222,6.741388888,Rheinland-Pfalz
Reipoltskirchen,337,49.634722222,7.661666666,Rheinland-Pfalz
Arft,242,50.384444444,7.084166666,Rheinland-Pfalz
Sierscheid,90,50.456388888,6.918333333,Rheinland-Pfalz
Glees,590,50.433333333,7.243888888,Rheinland-Pfalz
Herresbach,498,50.358888888,7.020277777,Rheinland-Pfalz
Sienhachenbach,181,49.701111111,7.483333333,Rheinland-Pfalz
Niedertiefenbach,185,50.256666666,7.897777777,Rheinland-Pfalz
Oberneisen,719,50.325555555,8.077222222,Rheinland-Pfalz
Hömberg,317,50.337222222,7.783333333,Rheinland-Pfalz
Oberdürenbach,657,50.468333333,7.158888888,Rheinland-Pfalz
Niederhausen,589,49.799328,7.775592,Rheinland-Pfalz
Krummenau,146,49.891666666,7.275,Rheinland-Pfalz
Bornheim,1507,49.221944444,8.168055555,Rheinland-Pfalz
Lascheid,79,50.109722222,6.409444444,Rheinland-Pfalz
Wawern,649,49.653333333,6.55,Rheinland-Pfalz
Westernohe,947,50.589166666,8.100277777,Rheinland-Pfalz
Hirten,247,50.3275,7.113888888,Rheinland-Pfalz
Homberg,199,49.651388888,7.516111111,Rheinland-Pfalz
Nanzdietschweiler,1142,49.443611111,7.440555555,Rheinland-Pfalz
Kehrig,1247,50.282222222,7.227777777,Rheinland-Pfalz
Vinningen,1685,49.156111111,7.551388888,Rheinland-Pfalz
Auen,184,49.831388888,7.5975,Rheinland-Pfalz
Külz,476,50.0075,7.495555555,Rheinland-Pfalz
Gimbsheim,3180,49.777777777,8.375,Rheinland-Pfalz
Lichtenborn,324,50.11,6.292222222,Rheinland-Pfalz
Senscheid,76,50.331111111,6.831944444,Rheinland-Pfalz
Erfweiler,1173,49.156666666,7.810833333,Rheinland-Pfalz
Rutsweiler am Glan,297,49.527777777,7.455,Rheinland-Pfalz
Mudershausen,438,50.279444444,8.040277777,Rheinland-Pfalz
Döttesfeld,679,50.625,7.55,Rheinland-Pfalz
Mannweiler-Cölln,359,49.693055555,7.803888888,Rheinland-Pfalz
Oberpierscheid,350,50.066111111,6.374444444,Rheinland-Pfalz
Dankerath,69,50.338888888,6.822222222,Rheinland-Pfalz
Müsch,176,50.387222222,6.828333333,Rheinland-Pfalz
Gödenroth,466,50.087777777,7.491111111,Rheinland-Pfalz
Horschbach,223,49.588888888,7.529722222,Rheinland-Pfalz
Galenberg,220,50.44,7.190555555,Rheinland-Pfalz
Oberfischbach,147,50.25,7.955277777,Rheinland-Pfalz
Ohlenhard,133,50.442777777,6.767777777,Rheinland-Pfalz
Albersweiler,1976,49.22,8.032222222,Rheinland-Pfalz
Wimbach,431,50.364166666,6.910555555,Rheinland-Pfalz
Reiff,48,50.101111111,6.213888888,Rheinland-Pfalz
Hüffler,486,49.495555555,7.394444444,Rheinland-Pfalz
Birkenhördt,659,49.115,7.93,Rheinland-Pfalz
Elzweiler,121,49.579722222,7.514722222,Rheinland-Pfalz
Niederotterbach,352,49.060277777,8.045555555,Rheinland-Pfalz
Reipeldingen,79,50.082777777,6.181666666,Rheinland-Pfalz
Kaltenborn,346,50.405277777,7.015,Rheinland-Pfalz
Mittelfischbach,148,50.254444444,7.962222222,Rheinland-Pfalz
Mauchenheim,967,49.718055555,8.046111111,Rheinland-Pfalz
Erdesbach,578,49.573055555,7.442222222,Rheinland-Pfalz
Ruthweiler,470,49.553333333,7.364444444,Rheinland-Pfalz
Argenthal,1712,49.975555555,7.598888888,Rheinland-Pfalz
Gemünd,40,49.988333333,6.160555555,Rheinland-Pfalz
Wirft,154,50.374722222,6.856111111,Rheinland-Pfalz
Ramberg,978,49.262222222,8.009444444,Rheinland-Pfalz
Westhofen,3421,49.704444444,8.248055555,Rheinland-Pfalz
Barbelroth,667,49.103611111,8.074166666,Rheinland-Pfalz
Mündersbach,774,50.606388888,7.734166666,Rheinland-Pfalz
Henschtal,324,49.466388888,7.41,Rheinland-Pfalz
Bosenbach,728,49.539444444,7.5325,Rheinland-Pfalz
Hohenleimbach,374,50.411388888,7.060277777,Rheinland-Pfalz
Harschbach,418,50.573333333,7.596666666,Rheinland-Pfalz
Neunkirchen am Potzberg,436,49.508611111,7.488055555,Rheinland-Pfalz
Oberschlettenbach,142,49.145833333,7.873055555,Rheinland-Pfalz
Sengerich,28,50.1225,6.221666666,Rheinland-Pfalz
Dürrholz,1324,50.586666666,7.579166666,Rheinland-Pfalz
Obernhof,382,50.319166666,7.854166666,Rheinland-Pfalz
Wiesemscheid,245,50.336111111,6.891666666,Rheinland-Pfalz
Klingenmünster,2323,49.140833333,8.02,Rheinland-Pfalz
Barweiler,382,50.3575,6.865277777,Rheinland-Pfalz
Schalkenbach,812,50.493611111,7.148888888,Rheinland-Pfalz
Olmscheid,193,50.066388888,6.223611111,Rheinland-Pfalz
Meuspath,157,50.344722222,6.973888888,Rheinland-Pfalz
Lohrheim,592,50.319166666,8.049166666,Rheinland-Pfalz
Fuchshofen,95,50.428888888,6.851388888,Rheinland-Pfalz
Antweiler,480,50.409166666,6.831388888,Rheinland-Pfalz
Großkampenberg,147,50.16,6.211666666,Rheinland-Pfalz
Roscheid,46,50.123333333,6.188888888,Rheinland-Pfalz
Krottelbach,629,49.468333333,7.331388888,Rheinland-Pfalz
Eilscheid,45,50.129444444,6.386944444,Rheinland-Pfalz
Mölsheim,595,49.646666666,8.169444444,Rheinland-Pfalz
Biedesheim,626,49.604444444,8.106388888,Rheinland-Pfalz
Dünfus,302,50.220555555,7.233333333,Rheinland-Pfalz
Maroth,241,50.577222222,7.689722222,Rheinland-Pfalz
Reiferscheid,423,50.655555555,7.546111111,Rheinland-Pfalz
Katzenbach,488,49.644722222,7.809444444,Rheinland-Pfalz
Gösenroth,234,49.889722222,7.325555555,Rheinland-Pfalz
Kriegsfeld,979,49.709444444,7.915277777,Rheinland-Pfalz
Thomm,1073,49.736111111,6.8,Rheinland-Pfalz
Hauroth,330,50.251111111,7.102222222,Rheinland-Pfalz
Matzerath,48,50.147222222,6.378611111,Rheinland-Pfalz
Züsch,583,49.648611111,7.006111111,Rheinland-Pfalz
Niederelbert,1732,50.407777777,7.8125,Rheinland-Pfalz
Kröv,2230,49.9775,7.084444444,Rheinland-Pfalz
Fachbach,1277,50.34,7.690555555,Rheinland-Pfalz
Waldlaubersheim,840,49.930555555,7.832777777,Rheinland-Pfalz
Bilkheim,466,50.498055555,7.948333333,Rheinland-Pfalz
Winringen,59,50.154722222,6.415555555,Rheinland-Pfalz
Nisterberg,347,50.6825,7.978333333,Rheinland-Pfalz
Niederweiler,403,49.910277777,7.285277777,Rheinland-Pfalz
Mückeln,233,50.086944444,6.923611111,Rheinland-Pfalz
Kleinfischlingen,319,49.263611111,8.187777777,Rheinland-Pfalz
Hesweiler,117,50.044444444,7.281666666,Rheinland-Pfalz
Auw bei Prüm,611,50.300833333,6.338055555,Rheinland-Pfalz
Obernheim-Kirchenarnbach,1611,49.363611111,7.578333333,Rheinland-Pfalz
Niederahr,808,50.491944444,7.861111111,Rheinland-Pfalz
Allenbach,633,49.755555555,7.165833333,Rheinland-Pfalz
Bescheid (Hunsrück),404,49.752222222,6.890833333,Rheinland-Pfalz
Fischbach-Oberraden,54,50.000277777,6.335,Rheinland-Pfalz
Monsheim,2626,49.637222222,8.211944444,Rheinland-Pfalz
Bruchweiler-Bärenbach,1580,49.113333333,7.801666666,Rheinland-Pfalz
Dörscheid,379,50.106944444,7.758611111,Rheinland-Pfalz
Hümmerich,814,50.568611111,7.496388888,Rheinland-Pfalz
Niederlauch,30,50.161944444,6.426388888,Rheinland-Pfalz
Hersdorf,412,50.171111111,6.507777777,Rheinland-Pfalz
Gunderath,108,50.254680555,6.979019444,Rheinland-Pfalz
Freimersheim,719,49.708333333,8.089166666,Rheinland-Pfalz
Alsbach,638,50.465555555,7.661944444,Rheinland-Pfalz
Friedewald,1089,50.711388888,7.961111111,Rheinland-Pfalz
Masburg,1095,50.241388888,7.111111111,Rheinland-Pfalz
Winterscheid,133,50.232777777,6.253611111,Rheinland-Pfalz
Feuerscheid,324,50.102222222,6.454444444,Rheinland-Pfalz
Filz,81,50.17,6.981111111,Rheinland-Pfalz
Habscheid,660,50.188888888,6.268333333,Rheinland-Pfalz
Niedersteinebach,202,50.601111111,7.509722222,Rheinland-Pfalz
Oberelz,133,50.266111111,7.050833333,Rheinland-Pfalz
Watzerath,420,50.184722222,6.362777777,Rheinland-Pfalz
Wollmerath,201,50.156944444,6.9825,Rheinland-Pfalz
Oberweis,593,49.961666666,6.423611111,Rheinland-Pfalz
Bermel,352,50.284722222,7.088888888,Rheinland-Pfalz
Meinborn,561,50.4975,7.560833333,Rheinland-Pfalz
Bruttig-Fankel,1131,50.131388888,7.231666666,Rheinland-Pfalz
Mörstadt,1059,49.661944444,8.254722222,Rheinland-Pfalz
Jettenbach,823,49.535555555,7.555833333,Rheinland-Pfalz
Kaschenbach,64,49.876666666,6.479444444,Rheinland-Pfalz
Frei-Laubersheim,1033,49.800277777,7.899166666,Rheinland-Pfalz
Seifen,132,50.629722222,7.561111111,Rheinland-Pfalz
Mörsfeld,459,49.744166666,7.935,Rheinland-Pfalz
Malberg,1021,50.715,7.820833333,Rheinland-Pfalz
Weroth,572,50.460277777,7.947777777,Rheinland-Pfalz
Dingdorf,116,50.150277777,6.436388888,Rheinland-Pfalz
Briedel,885,50.024166666,7.149166666,Rheinland-Pfalz
Morschheim,785,49.698055555,8.024722222,Rheinland-Pfalz
Spay,1895,50.258333333,7.646666666,Rheinland-Pfalz
Ludwigswinkel,777,49.083333333,7.666666666,Rheinland-Pfalz
Finkenbach-Gersweiler,280,49.682777777,7.745555555,Rheinland-Pfalz
Nitz,24,50.334722222,7.021111111,Rheinland-Pfalz
"Burgen, Untermosel",754,50.212222222,7.39,Rheinland-Pfalz
Mosbruch,162,50.261388888,6.939444444,Rheinland-Pfalz
Konken,844,49.508888888,7.353055555,Rheinland-Pfalz
Lissendorf,1161,50.316111111,6.607777777,Rheinland-Pfalz
Rötsweiler-Nockenthal,461,49.712222222,7.263055555,Rheinland-Pfalz
Dickendorf,355,50.741111111,7.853055555,Rheinland-Pfalz
Gückingen,1130,50.390833333,8.007222222,Rheinland-Pfalz
Rettershain,311,50.145277777,7.833055555,Rheinland-Pfalz
Gundersheim,1548,49.696111111,8.2025,Rheinland-Pfalz
Hirschhorn/Pfalz,740,49.519722222,7.678888888,Rheinland-Pfalz
Gundersweiler,516,49.594444444,7.785277777,Rheinland-Pfalz
Saarwellingen,13347,49.354166666,6.805,Rheinland-Pfalz
Niederstedem,244,49.931666666,6.498611111,Rheinland-Pfalz
Reiffelbach,216,49.686944444,7.686111111,Rheinland-Pfalz
Rüdesheim,2632,49.845277777,7.814166666,Rheinland-Pfalz
Mittelhof,1006,50.783055555,7.799722222,Rheinland-Pfalz
Osterspai,1263,50.245555555,7.616111111,Rheinland-Pfalz
Frankelbach,319,49.534444444,7.636388888,Rheinland-Pfalz
Giershausen,94,50.681111111,7.546111111,Rheinland-Pfalz
Harscheid,142,50.459166666,6.891944444,Rheinland-Pfalz
Trierweiler,3843,49.763333333,6.559444444,Rheinland-Pfalz
Wallmenroth,1188,50.796944444,7.838888888,Rheinland-Pfalz
Oberhambach,261,49.685555555,7.160277777,Rheinland-Pfalz
Beilstein,147,50.110555555,7.239444444,Rheinland-Pfalz
Sargenroth,424,49.932222222,7.515,Rheinland-Pfalz
Binningen,692,50.205833333,7.245277777,Rheinland-Pfalz
Kirchweiler,417,50.230555555,6.745555555,Rheinland-Pfalz
Wellen,828,49.668333333,6.432777777,Rheinland-Pfalz
Schneckenhausen,576,49.540277777,7.745277777,Rheinland-Pfalz
Heilbach,116,50.058333333,6.293055555,Rheinland-Pfalz
Katzweiler,1951,49.502777777,7.698055555,Rheinland-Pfalz
Rathskirchen,172,49.613333333,7.721666666,Rheinland-Pfalz
Filsen,638,50.239722222,7.583888888,Rheinland-Pfalz
Bruschied,319,49.834444444,7.406666666,Rheinland-Pfalz
Langwieden,279,49.383055555,7.5,Rheinland-Pfalz
Messerich,567,49.935833333,6.481388888,Rheinland-Pfalz
Marienhausen,471,50.563888888,7.692777777,Rheinland-Pfalz
Niedererbach,1041,50.427222222,7.975277777,Rheinland-Pfalz
Nünschweiler,759,49.223055555,7.504444444,Rheinland-Pfalz
Kötterichen,122,50.240555555,6.985555555,Rheinland-Pfalz
Brücken,1282,49.637777777,7.111388888,Rheinland-Pfalz
Busenberg,1167,49.131388888,7.826944444,Rheinland-Pfalz
Esselborn,409,49.715277777,8.118611111,Rheinland-Pfalz
Oberstadtfeld,532,50.175555555,6.77,Rheinland-Pfalz
Palzem,1580,49.566111111,6.371944444,Rheinland-Pfalz
Kindsbach,2505,49.418333333,7.632777777,Rheinland-Pfalz
Mayschoss,765,50.523611111,7.019722222,Rheinland-Pfalz
Heinzenberg,25,49.824166666,7.485,Rheinland-Pfalz
Lambsborn,714,49.366666666,7.433055555,Rheinland-Pfalz
Steiningen,196,50.185833333,6.913333333,Rheinland-Pfalz
Hamm am Rhein,2034,49.729166666,8.430555555,Rheinland-Pfalz
Breitenheim,388,49.697222222,7.630555555,Rheinland-Pfalz
Mackenbach,2156,49.471666666,7.585555555,Rheinland-Pfalz
Schwedelbach,1194,49.496111111,7.591666666,Rheinland-Pfalz
Rodershausen,148,49.993611111,6.198055555,Rheinland-Pfalz
Rosenkopf,365,49.344722222,7.432777777,Rheinland-Pfalz
Oberarnbach,435,49.386388888,7.589444444,Rheinland-Pfalz
Neuhemsbach,961,49.523055555,7.925277777,Rheinland-Pfalz
Heiligenmoschel,596,49.558333333,7.76,Rheinland-Pfalz
Höringen,638,49.555277777,7.796944444,Rheinland-Pfalz
Bisterschied,232,49.645555555,7.749444444,Rheinland-Pfalz
Birresborn,1069,50.176388888,6.625833333,Rheinland-Pfalz
Heimbach,1010,49.615833333,7.2525,Rheinland-Pfalz
Haschbach am Remigiusberg,674,49.523888888,7.429722222,Rheinland-Pfalz
Sefferweich,281,50.061111111,6.5225,Rheinland-Pfalz
Brauneberg,1154,49.908333333,6.985277777,Rheinland-Pfalz
Krautscheid,206,50.064166666,6.330555555,Rheinland-Pfalz
Gau-Weinheim,624,49.846388888,8.047777777,Rheinland-Pfalz
Rohrbach,176,49.585,7.258611111,Rheinland-Pfalz
Burgsponheim,216,49.833888888,7.716388888,Rheinland-Pfalz
Niederwerth,1305,50.395555555,7.611666666,Rheinland-Pfalz
Gelenberg,79,50.297222222,6.863333333,Rheinland-Pfalz
Reichenbach-Steegen,1503,49.502777777,7.536388888,Rheinland-Pfalz
Niederhausen an der Appel,230,49.747222222,7.892777777,Rheinland-Pfalz
Hunzel,267,50.248888888,7.838333333,Rheinland-Pfalz
Feusdorf,511,50.351111111,6.611388888,Rheinland-Pfalz
Hübingen,531,50.358611111,7.846111111,Rheinland-Pfalz
Hahnenbach,532,49.810555555,7.418333333,Rheinland-Pfalz
Erpel,2530,50.585277777,7.24,Rheinland-Pfalz
Flörsheim-Dalsheim,3290,49.675555555,8.208888888,Rheinland-Pfalz
Lipporn,280,50.141111111,7.863888888,Rheinland-Pfalz
Gladbach,347,49.934722222,6.768611111,Rheinland-Pfalz
Reichsthal,103,49.597222222,7.728888888,Rheinland-Pfalz
Bruchmühlbach-Miesau,8222,49.386111111,7.440833333,Rheinland-Pfalz
Temmels,761,49.69,6.462777777,Rheinland-Pfalz
Hövels,523,50.7975,7.779444444,Rheinland-Pfalz
Berschweiler bei Baumholder,549,49.578055555,7.2925,Rheinland-Pfalz
Kollweiler,539,49.515833333,7.584444444,Rheinland-Pfalz
Sommerloch,388,49.878167,7.754227,Rheinland-Pfalz
Lohnweiler,372,49.635833333,7.5975,Rheinland-Pfalz
Reudelsterz,370,50.318055555,7.155833333,Rheinland-Pfalz
Oberbillig,985,49.711111111,6.504444444,Rheinland-Pfalz
Kehlbach,184,50.261388888,7.758611111,Rheinland-Pfalz
Krickenbach,1189,49.363888888,7.668611111,Rheinland-Pfalz
Käshofen,618,49.325833333,7.415833333,Rheinland-Pfalz
Nußbaum,474,49.800277777,7.615,Rheinland-Pfalz
Birgel,456,50.322222222,6.622222222,Rheinland-Pfalz
Waldesch,2293,50.2825,7.545,Rheinland-Pfalz
Albig,1634,49.766666666,8.116666666,Rheinland-Pfalz
Dernau,1389,50.534166666,7.0425,Rheinland-Pfalz
Windhagen,4656,50.643461,7.354305,Rheinland-Pfalz
Kölbingen,1009,50.553611111,7.935833333,Rheinland-Pfalz
Guckheim,976,50.529444444,7.949166666,Rheinland-Pfalz
Bickenbach,370,50.126111111,7.5275,Rheinland-Pfalz
Hanroth,644,50.589166666,7.642777777,Rheinland-Pfalz
Staudernheim,1364,49.775555555,7.688611111,Rheinland-Pfalz
Schenkelberg,652,50.583611111,7.782777777,Rheinland-Pfalz
Hahn am See,410,50.524444444,7.892777777,Rheinland-Pfalz
Seelbach bei Hamm,134,50.746029,7.68743,Rheinland-Pfalz
Berenbach,175,50.234444444,6.9575,Rheinland-Pfalz
Rothenbach,921,50.564166666,7.903333333,Rheinland-Pfalz
Woldert,569,50.602777777,7.648055555,Rheinland-Pfalz
Seelen,152,49.601111111,7.716111111,Rheinland-Pfalz
Weidenbach,115,50.155833333,7.883333333,Rheinland-Pfalz
Kaden,564,50.548055555,7.915,Rheinland-Pfalz
Stein-Neukirch,446,50.676111111,8.054722222,Rheinland-Pfalz
Weltersburg,326,50.523333333,7.960555555,Rheinland-Pfalz
Dahlheim,823,50.210277777,7.694444444,Rheinland-Pfalz
Weidingen,177,50.013055555,6.378055555,Rheinland-Pfalz
Hilst,315,49.123333333,7.528888888,Rheinland-Pfalz
Winterspelt,854,50.213888888,6.214444444,Rheinland-Pfalz
Rehe,964,50.635277777,8.119166666,Rheinland-Pfalz
Hirschfeld,284,49.897172,7.241851,Rheinland-Pfalz
Gackenbach,551,50.369444444,7.86,Rheinland-Pfalz
Niederhofen,455,50.560833333,7.605555555,Rheinland-Pfalz
Steineberg,227,50.180277777,6.914722222,Rheinland-Pfalz
Böllenborn,227,49.097777777,7.934444444,Rheinland-Pfalz
Mauel,55,50.073333333,6.392777777,Rheinland-Pfalz
Weyher in der Pfalz,540,49.269166666,8.083333333,Rheinland-Pfalz
Bellingen,629,50.591944444,7.906944444,Rheinland-Pfalz
Härtlingen,381,50.536851,7.917233,Rheinland-Pfalz
Strotzbüsch,436,50.110277777,6.966666666,Rheinland-Pfalz
Schoden,760,49.638333333,6.5775,Rheinland-Pfalz
Weiden,72,49.808611111,7.301944444,Rheinland-Pfalz
Ruppach-Goldhausen,1215,50.463333333,7.880277777,Rheinland-Pfalz
Rodenbach bei Puderbach,682,50.639722222,7.649722222,Rheinland-Pfalz
Höhfröschen,919,49.246666666,7.562777777,Rheinland-Pfalz
Sessenbach,507,50.476944444,7.644444444,Rheinland-Pfalz
Ettinghausen,325,50.517222222,7.873333333,Rheinland-Pfalz
Neuhäusel,2047,50.386944444,7.713333333,Rheinland-Pfalz
Reich,338,50.004722222,7.432777777,Rheinland-Pfalz
Winnen,517,50.573333333,8.011666666,Rheinland-Pfalz
Steinsberg,235,50.324444444,7.943888888,Rheinland-Pfalz
Steinbach am Donnersberg,747,49.597777777,7.956111111,Rheinland-Pfalz
Horn,359,50.046666666,7.542222222,Rheinland-Pfalz
Steineroth,539,50.760555555,7.854722222,Rheinland-Pfalz
Scharfbillig,111,49.930555555,6.556388888,Rheinland-Pfalz
Bärenbach,452,49.95,7.3,Rheinland-Pfalz
Schwegenheim,3192,49.27,8.328333333,Rheinland-Pfalz
Hirschthal,83,49.048888888,7.756111111,Rheinland-Pfalz
Ohmbach,760,49.449444444,7.350277777,Rheinland-Pfalz
Orsfeld,196,50.029166666,6.623888888,Rheinland-Pfalz
Gondorf,324,49.969444444,6.618055555,Rheinland-Pfalz
Girod,1196,50.450833333,7.91,Rheinland-Pfalz
Oberelbert,1176,50.391666666,7.817222222,Rheinland-Pfalz
Gappenach,347,50.273888888,7.345555555,Rheinland-Pfalz
Ruschberg,823,49.619716,7.288343,Rheinland-Pfalz
Miellen,341,50.326944444,7.67,Rheinland-Pfalz
Nomborn,701,50.429444444,7.914722222,Rheinland-Pfalz
Dörth,526,50.148888888,7.59,Rheinland-Pfalz
Oberahr,561,50.504444444,7.868055555,Rheinland-Pfalz
Krähenberg,165,49.326944444,7.464722222,Rheinland-Pfalz
Kyllburgweiler,97,50.051388888,6.620833333,Rheinland-Pfalz
Kruft,4664,50.386388888,7.3375,Rheinland-Pfalz
Gerach,228,49.754166666,7.340833333,Rheinland-Pfalz
Schmitshausen,406,49.3,7.516666666,Rheinland-Pfalz
Gleisweiler,605,49.242777777,8.066111111,Rheinland-Pfalz
Feilsdorf,35,49.990277777,6.406944444,Rheinland-Pfalz
Offenheim,648,49.725555555,8.030277777,Rheinland-Pfalz
Hammerstein,338,50.476944444,7.351111111,Rheinland-Pfalz
Pillig,497,50.24,7.312222222,Rheinland-Pfalz
Steinweiler,1977,49.120833333,8.141388888,Rheinland-Pfalz
Oberstaufenbach,274,49.514722222,7.509166666,Rheinland-Pfalz
Oberstreit,284,49.796111111,7.693888888,Rheinland-Pfalz
Oberhausen,450,49.098888888,8.057777777,Rheinland-Pfalz
Großbundenbach,338,49.306666666,7.423333333,Rheinland-Pfalz
Minfeld,1708,49.071666666,8.145277777,Rheinland-Pfalz
Wied,513,50.639166666,7.757222222,Rheinland-Pfalz
Siershahn,2982,50.486388888,7.779722222,Rheinland-Pfalz
Oberstedem,71,49.9325,6.508333333,Rheinland-Pfalz
Ottersheim bei Landau,1867,49.190555555,8.230277777,Rheinland-Pfalz
Nievern,1010,50.32886,7.688123,Rheinland-Pfalz
Senheim,563,50.085555555,7.213055555,Rheinland-Pfalz
Gindorf,306,50.011944444,6.644722222,Rheinland-Pfalz
Röhl,441,49.937222222,6.582777777,Rheinland-Pfalz
Buchholz,4801,50.689444444,7.394166666,Rheinland-Pfalz
Seinsfeld,177,50.056111111,6.643611111,Rheinland-Pfalz
Oberndorf,264,49.708888888,7.809722222,Rheinland-Pfalz
Merzkirchen,826,49.578888888,6.476666666,Rheinland-Pfalz
Thörlingen,141,50.134444444,7.532222222,Rheinland-Pfalz
Seelbach,272,50.642222222,7.567777777,Rheinland-Pfalz
Burg,19,49.958888888,6.352777777,Rheinland-Pfalz
Forst,590,50.804722222,7.682222222,Rheinland-Pfalz
Hilgert,1537,50.455833333,7.688888888,Rheinland-Pfalz
Talling,235,49.760555555,6.953055555,Rheinland-Pfalz
Kirrweiler,152,49.634722222,7.501666666,Rheinland-Pfalz
Rosenheim,736,50.713055555,7.850277777,Rheinland-Pfalz
Schürdt,295,50.665555555,7.552777777,Rheinland-Pfalz
Straßenhaus,2028,50.539166666,7.518611111,Rheinland-Pfalz
Pellingen,1255,49.674722222,6.671111111,Rheinland-Pfalz
Boxberg,205,50.275555555,6.878333333,Rheinland-Pfalz
Nimsreuland,87,50.130555555,6.451666666,Rheinland-Pfalz
Unkenbach,198,49.719166666,7.744722222,Rheinland-Pfalz
Molsberg,451,50.483055555,7.968611111,Rheinland-Pfalz
Merschbach,67,49.803333333,7.005555555,Rheinland-Pfalz
Schwarzenborn,57,50.038888888,6.711388888,Rheinland-Pfalz
Osann-Monzel,1795,49.921666666,6.955277777,Rheinland-Pfalz
Schladt,141,50.032222222,6.841666666,Rheinland-Pfalz
Teschenmoschel,122,49.631666666,7.733333333,Rheinland-Pfalz
Schallodenbach,845,49.546111111,7.7175,Rheinland-Pfalz
Gefell,84,50.238611111,6.911111111,Rheinland-Pfalz
Fischbach,766,49.454722222,7.913055555,Rheinland-Pfalz
Gimbweiler,408,49.585555555,7.189722222,Rheinland-Pfalz
Rümmelsheim,1410,49.934444444,7.861944444,Rheinland-Pfalz
Bechhofen,2171,49.351388888,7.404166666,Rheinland-Pfalz
Mülheim an der Mosel,978,49.911388888,7.01,Rheinland-Pfalz
Untershausen,512,50.400833333,7.845,Rheinland-Pfalz
Oberkail,628,50.038611111,6.682777777,Rheinland-Pfalz
Langweiler,236,49.783611111,7.188055555,Rheinland-Pfalz
Pantenburg,229,50.0925,6.844166666,Rheinland-Pfalz
Spall,196,49.883333333,7.68,Rheinland-Pfalz
Nothweiler,122,49.068611111,7.799166666,Rheinland-Pfalz
Graach an der Mosel,662,49.935,7.0625,Rheinland-Pfalz
Hasselbach,334,50.7125,7.528055555,Rheinland-Pfalz
Willingen,277,50.668333333,8.0875,Rheinland-Pfalz
Drees,166,50.341111111,6.996111111,Rheinland-Pfalz
Unterjeckenbach,73,49.663888888,7.491111111,Rheinland-Pfalz
Stelzenberg,1239,49.38,7.741111111,Rheinland-Pfalz
Seck,1160,50.577222222,8.049722222,Rheinland-Pfalz
Nusbaum,436,49.916111111,6.343888888,Rheinland-Pfalz
Gielert,130,49.774444444,7.002777777,Rheinland-Pfalz
Oberhausen an der Nahe,356,49.793055555,7.758333333,Rheinland-Pfalz
Bischheim,787,49.671111111,8.034166666,Rheinland-Pfalz
Großlangenfeld,131,50.220277777,6.2525,Rheinland-Pfalz
Katzwinkel,1797,50.815555555,7.821388888,Rheinland-Pfalz
Stein-Bockenheim,654,49.766666666,7.966666666,Rheinland-Pfalz
Landkern,934,50.193611111,7.152222222,Rheinland-Pfalz
Neroth,853,50.195833333,6.745555555,Rheinland-Pfalz
Rückweiler,383,49.5825,7.239166666,Rheinland-Pfalz
Uersfeld,688,50.255555555,7.013888888,Rheinland-Pfalz
Bretzenheim,2598,49.878055555,7.898611111,Rheinland-Pfalz
Bennhausen,151,49.62266,7.986034,Rheinland-Pfalz
Kümbdchen,507,49.991388888,7.510555555,Rheinland-Pfalz
Pfalzfeld,628,50.113888888,7.579444444,Rheinland-Pfalz
Nister-Möhrendorf,300,50.656388888,8.077777777,Rheinland-Pfalz
Bermersheim,345,49.681944444,8.223611111,Rheinland-Pfalz
Sohren,3382,49.9325,7.308055555,Rheinland-Pfalz
Bechenheim,413,49.733333333,8.0,Rheinland-Pfalz
Monzelfeld,1310,49.891388888,7.071944444,Rheinland-Pfalz
Dielkirchen,447,49.660555555,7.817222222,Rheinland-Pfalz
Pleizenhausen,318,50.015555555,7.569722222,Rheinland-Pfalz
Oberlauch,68,50.168333333,6.422777777,Rheinland-Pfalz
Dimbach,189,49.167222222,7.897777777,Rheinland-Pfalz
Dannenfels,896,49.628333333,7.943055555,Rheinland-Pfalz
Pleitersheim,346,49.836666666,7.953055555,Rheinland-Pfalz
Hüffelsheim,1294,49.8225,7.798611111,Rheinland-Pfalz
Nerdlen,260,50.235555555,6.859444444,Rheinland-Pfalz
Olzheim,579,50.2725,6.458611111,Rheinland-Pfalz
Gau-Odernheim,4075,49.783271,8.194753,Rheinland-Pfalz
Plein,619,50.030277777,6.876666666,Rheinland-Pfalz
Gondenbrett,480,50.235555555,6.414722222,Rheinland-Pfalz
Börrstadt,941,49.577777777,7.943055555,Rheinland-Pfalz
Giesdorf,125,50.179166666,6.449444444,Rheinland-Pfalz
Duppach,275,50.260555555,6.566666666,Rheinland-Pfalz
Schmitt,118,50.166666666,7.015,Rheinland-Pfalz
Lohnsfeld,963,49.550555555,7.853333333,Rheinland-Pfalz
Trimport,314,49.909444444,6.575833333,Rheinland-Pfalz
Mettweiler,241,49.58,7.315277777,Rheinland-Pfalz
Oberlascheid,144,50.262222222,6.308611111,Rheinland-Pfalz
Mittelbrunn,729,49.3725,7.551388888,Rheinland-Pfalz
Roth bei Prüm,435,50.308888888,6.388888888,Rheinland-Pfalz
Stürzelbach,232,50.651944444,7.615555555,Rheinland-Pfalz
Ransweiler,237,49.665,7.769166666,Rheinland-Pfalz
Kerschenbach,196,50.348888888,6.501666666,Rheinland-Pfalz
Meddersheim,1320,49.776944444,7.618333333,Rheinland-Pfalz
Schüller,318,50.335,6.5725,Rheinland-Pfalz
Steffeln,629,50.288055555,6.567222222,Rheinland-Pfalz
Hohenfels-Essingen,352,50.254166666,6.731944444,Rheinland-Pfalz
Martinstein,261,49.803888888,7.541111111,Rheinland-Pfalz
Morshausen,350,50.190833333,7.439722222,Rheinland-Pfalz
Pronsfeld,946,50.160555555,6.341388888,Rheinland-Pfalz
Sankt Julian,1093,49.608055555,7.511666666,Rheinland-Pfalz
Sessenhausen,876,50.528888888,7.712222222,Rheinland-Pfalz
Pelm,932,50.233611111,6.691111111,Rheinland-Pfalz
Sankt Katharinen,371,49.867777777,7.770277777,Rheinland-Pfalz
Damscheid,655,50.103333333,7.683055555,Rheinland-Pfalz
Schwirzheim,455,50.234444444,6.528611111,Rheinland-Pfalz
Hosten,175,49.8925,6.618888888,Rheinland-Pfalz
Kirschroth,269,49.762222222,7.574444444,Rheinland-Pfalz
Dohm-Lammersdorf,213,50.264444444,6.666388888,Rheinland-Pfalz
Scheidt,345,50.338611111,7.914166666,Rheinland-Pfalz
Sulzbachtal,437,49.519247,7.6419,Rheinland-Pfalz
Panzweiler,284,50.021666666,7.306388888,Rheinland-Pfalz
Rehbach,43,49.849166666,7.638888888,Rheinland-Pfalz
Hallschlag,447,50.353611111,6.438333333,Rheinland-Pfalz
Mürlenbach,524,50.151388888,6.601666666,Rheinland-Pfalz
Sassen,100,50.266111111,6.966111111,Rheinland-Pfalz
Stadtkyll,1518,50.352222222,6.531111111,Rheinland-Pfalz
Kurtscheid,1026,50.536666666,7.465833333,Rheinland-Pfalz
Lettweiler,218,49.734444444,7.724722222,Rheinland-Pfalz
Nohn,461,50.330277777,6.786666666,Rheinland-Pfalz
Rockeskyll,258,50.255277777,6.698333333,Rheinland-Pfalz
Seiwerath,142,50.148333333,6.500833333,Rheinland-Pfalz
Stockum-Püschen,648,50.604722222,7.903611111,Rheinland-Pfalz
Winterborn,159,49.747222222,7.864722222,Rheinland-Pfalz
Scheuerfeld,2116,50.787222222,7.840277777,Rheinland-Pfalz
Gonbach,522,49.547777777,7.906388888,Rheinland-Pfalz
Sankt Aldegund,535,50.081944444,7.129166666,Rheinland-Pfalz
Schnorbach,253,49.992777777,7.612222222,Rheinland-Pfalz
Gornhausen,213,49.860555555,7.046111111,Rheinland-Pfalz
Densborn,525,50.126388888,6.602777777,Rheinland-Pfalz
Oberhausen bei Kirn,861,49.808611111,7.450555555,Rheinland-Pfalz
Sellerich,283,50.229722222,6.365833333,Rheinland-Pfalz
Oberweiler-Tiefenbach,269,49.597777777,7.608888888,Rheinland-Pfalz
Pünderich,869,50.041388888,7.132222222,Rheinland-Pfalz
Reichenbach,502,49.649722222,7.283055555,Rheinland-Pfalz
Siebenbach,196,50.380277777,7.037777777,Rheinland-Pfalz
Kickeshausen,44,50.068611111,6.249166666,Rheinland-Pfalz
Weselberg,1323,49.335277777,7.6075,Rheinland-Pfalz
Peterswald-Löffelscheid,765,50.0075,7.289166666,Rheinland-Pfalz
Reifferscheid,490,50.402777777,6.888888888,Rheinland-Pfalz
Lingerhahn,509,50.095555555,7.565833333,Rheinland-Pfalz
Hochstätten,626,49.765833333,7.8325,Rheinland-Pfalz
Rüscheid,856,50.521944444,7.567222222,Rheinland-Pfalz
Höheinöd,1185,49.288611111,7.606388888,Rheinland-Pfalz
Wierschem,344,50.226944444,7.353888888,Rheinland-Pfalz
Bruchertseifen,777,50.746388888,7.713611111,Rheinland-Pfalz
Hilgenroth,294,50.736111111,7.650555555,Rheinland-Pfalz
Mauden,117,50.717777777,8.003055555,Rheinland-Pfalz
Grenderich,389,50.065833333,7.228055555,Rheinland-Pfalz
Rammelsbach,1441,49.544444444,7.443888888,Rheinland-Pfalz
Flemlingen,395,49.245,8.096111111,Rheinland-Pfalz
Rittersheim,193,49.668333333,8.059166666,Rheinland-Pfalz
Duchroth,553,49.783611111,7.738611111,Rheinland-Pfalz
Lieser,1230,49.917222222,7.021944444,Rheinland-Pfalz
Hergersweiler,231,49.098333333,8.090555555,Rheinland-Pfalz
Buborn,135,49.636388888,7.541111111,Rheinland-Pfalz
Hungenroth,274,50.143055555,7.600277777,Rheinland-Pfalz
Nimshuscheid,269,50.100833333,6.491944444,Rheinland-Pfalz
Kollig,620,50.266388888,7.280833333,Rheinland-Pfalz
Racksen,138,50.737777777,7.694444444,Rheinland-Pfalz
Rimsberg,125,49.659444444,7.213333333,Rheinland-Pfalz
Kapsweyer,899,49.046388888,8.021944444,Rheinland-Pfalz
Heckenbach,237,50.466388888,7.066388888,Rheinland-Pfalz
Gundheim,979,49.675833333,8.237777777,Rheinland-Pfalz
Stahlhofen,721,50.393888888,7.859444444,Rheinland-Pfalz
Kirchsahr,353,50.524444444,6.898333333,Rheinland-Pfalz
Dieblich,2629,50.313611111,7.468611111,Rheinland-Pfalz
Niederweis,271,49.870555555,6.4675,Rheinland-Pfalz
Liesenich,301,50.085,7.2675,Rheinland-Pfalz
Rettersen,362,50.708558,7.505483,Rheinland-Pfalz
Harspelt,73,50.138055555,6.172222222,Rheinland-Pfalz
Maßweiler,930,49.268055555,7.530833333,Rheinland-Pfalz
Birkheim,142,50.116944444,7.621666666,Rheinland-Pfalz
Einig,141,50.283611111,7.278333333,Rheinland-Pfalz
Helferskirchen,1223,50.513055555,7.815555555,Rheinland-Pfalz
Naunheim,466,50.254444444,7.3225,Rheinland-Pfalz
Heupelzen,249,50.723333333,7.62,Rheinland-Pfalz
Dintesheim,163,49.7075,8.143333333,Rheinland-Pfalz
Birnbach,683,50.703611111,7.585277777,Rheinland-Pfalz
Kalt,456,50.266944444,7.397222222,Rheinland-Pfalz
Hackenheim,2099,49.825,7.899166666,Rheinland-Pfalz
Halsenbach,1287,50.175833333,7.550555555,Rheinland-Pfalz
Lonnig,1252,50.311666666,7.408333333,Rheinland-Pfalz
Beulich,479,50.174722222,7.453055555,Rheinland-Pfalz
Wolken,1136,50.338055555,7.469444444,Rheinland-Pfalz
Oberraden,667,50.550277777,7.535277777,Rheinland-Pfalz
Eppenbrunn,1296,49.116111111,7.562222222,Rheinland-Pfalz
Hütschenhausen,4121,49.418888888,7.480555555,Rheinland-Pfalz
Dreisen,944,49.601944444,8.013611111,Rheinland-Pfalz
Bitzen,767,50.793611111,7.689722222,Rheinland-Pfalz
Maisborn,139,50.082222222,7.580277777,Rheinland-Pfalz
Weitersweiler,497,49.615555555,7.996666666,Rheinland-Pfalz
Großsteinhausen,572,49.190555555,7.455,Rheinland-Pfalz
Bergweiler,863,49.966666666,6.825277777,Rheinland-Pfalz
Limburgerhof,11781,49.422222222,8.391944444,Rheinland-Pfalz
Gutenberg,1039,49.879722222,7.798611111,Rheinland-Pfalz
Klausen,1491,49.905656,6.88312,Rheinland-Pfalz
Sehlem,1024,49.903611111,6.838055555,Rheinland-Pfalz
Geichlingen,452,49.952777777,6.266666666,Rheinland-Pfalz
Ollmuth,160,49.671111111,6.714444444,Rheinland-Pfalz
Selchenbach,318,49.495833333,7.296111111,Rheinland-Pfalz
Morbach,10687,49.816666666,7.116666666,Rheinland-Pfalz
Winkel,146,50.145833333,6.943333333,Rheinland-Pfalz
Thalfang,1819,49.755833333,6.996666666,Rheinland-Pfalz
Holzheim,872,50.354444444,8.048333333,Rheinland-Pfalz
Ohlweiler,326,49.966111111,7.498611111,Rheinland-Pfalz
Merzweiler,152,49.666388888,7.539722222,Rheinland-Pfalz
Gemünden,1020,50.558888888,8.017777777,Rheinland-Pfalz
Scheuern,38,50.022222222,6.306944444,Rheinland-Pfalz
Dalberg,216,49.895833333,7.7325,Rheinland-Pfalz
Steinefrenz,771,50.459166666,7.9325,Rheinland-Pfalz
Serrig,1662,49.574722222,6.573333333,Rheinland-Pfalz
Newel,2765,49.814444444,6.583611111,Rheinland-Pfalz
Schutz,155,50.128888888,6.759444444,Rheinland-Pfalz
Morscheid,904,49.7325,6.749444444,Rheinland-Pfalz
Köwerich,387,49.840555555,6.871666666,Rheinland-Pfalz
Mutterstadt,13191,49.441666666,8.356111111,Rheinland-Pfalz
Lieg,373,50.140833333,7.347222222,Rheinland-Pfalz
Lauschied,543,49.741111111,7.622222222,Rheinland-Pfalz
Osburg,2369,49.716666666,6.783333333,Rheinland-Pfalz
Nentershausen,2109,50.420555555,7.934722222,Rheinland-Pfalz
Schweisweiler,346,49.590833333,7.823888888,Rheinland-Pfalz
Nauort,2320,50.466666666,7.625277777,Rheinland-Pfalz
Langenthal,82,49.831944444,7.575,Rheinland-Pfalz
Trassem,1111,49.578333333,6.525,Rheinland-Pfalz
Pohl,350,50.250833333,7.864166666,Rheinland-Pfalz
Odernheim am Glan,1720,49.765277777,7.704722222,Rheinland-Pfalz
Trittenheim,1084,49.825833333,6.900555555,Rheinland-Pfalz
Krunkel,590,50.575833333,7.504722222,Rheinland-Pfalz
Gillenfeld,1440,50.129722222,6.906388888,Rheinland-Pfalz
Pommern,415,50.171111111,7.273888888,Rheinland-Pfalz
Pracht,1469,50.763055555,7.6575,Rheinland-Pfalz
Willmenrod,659,50.541388888,7.981388888,Rheinland-Pfalz
Neuhütten,744,49.644166666,7.016388888,Rheinland-Pfalz
Kopp,155,50.1775,6.586666666,Rheinland-Pfalz
Clausen,1417,49.260277777,7.676388888,Rheinland-Pfalz
Münchwald,274,49.896666666,7.675555555,Rheinland-Pfalz
Alsdorf,1534,50.776666666,7.883055555,Rheinland-Pfalz
Oberrod,651,50.585,8.127222222,Rheinland-Pfalz
Haßloch,20450,49.363259,8.255754,Rheinland-Pfalz
Buch,607,50.205833333,7.873888888,Rheinland-Pfalz
Lampaden,545,49.648611111,6.701944444,Rheinland-Pfalz
Breitenthal,335,49.801388888,7.334444444,Rheinland-Pfalz
Neunkirchen,543,50.546944444,8.103888888,Rheinland-Pfalz
Kadenbach,1330,50.388888888,7.731388888,Rheinland-Pfalz
Mertesdorf,1746,49.771944444,6.732777777,Rheinland-Pfalz
Geisfeld,481,49.715833333,6.956388888,Rheinland-Pfalz
Schöndorf,801,49.680028,6.7424,Rheinland-Pfalz
Roes,478,50.246111111,7.260555555,Rheinland-Pfalz
Thür,1538,50.359166666,7.2775,Rheinland-Pfalz
Oberweiler,173,50.044166666,6.443888888,Rheinland-Pfalz
Steinbach,133,50.044722222,7.595277777,Rheinland-Pfalz
Staudt,1273,50.467222222,7.826666666,Rheinland-Pfalz
Petersberg,845,49.238888888,7.565833333,Rheinland-Pfalz
Wackernheim,2500,49.974166666,8.116666666,Rheinland-Pfalz
Müden (Mosel),660,50.186666666,7.340277777,Rheinland-Pfalz
Berg (Pfalz),2003,48.983055555,8.199722222,Rheinland-Pfalz
Mogendorf,1360,50.494444444,7.759722222,Rheinland-Pfalz
Sankt Thomas,268,50.068888888,6.602222222,Rheinland-Pfalz
Bell,1463,50.061944444,7.415,Rheinland-Pfalz
Bettingen,1079,49.943055555,6.400833333,Rheinland-Pfalz
Kördorf,567,50.2875,7.920833333,Rheinland-Pfalz
Saffig,2218,50.38,7.415833333,Rheinland-Pfalz
Oberreidenbach,596,49.705833333,7.465555555,Rheinland-Pfalz
Neustadt (Wied),6688,50.620833333,7.428888888,Rheinland-Pfalz
Greimerath,941,49.561944444,6.683611111,Rheinland-Pfalz
Tiefenbach,772,49.938055555,7.545555555,Rheinland-Pfalz
Winden,1102,49.099444444,8.113888888,Rheinland-Pfalz
Mettendorf,1118,49.948055555,6.328888888,Rheinland-Pfalz
Platten,876,49.952222222,6.954722222,Rheinland-Pfalz
Schwerbach,50,49.896944444,7.355833333,Rheinland-Pfalz
Horbach,494,49.330555555,7.655555555,Rheinland-Pfalz
Raubach,2068,50.575555555,7.6275,Rheinland-Pfalz
Schweighausen,227,50.284571,7.756755,Rheinland-Pfalz
Stein-Wingert,228,50.7225,7.740833333,Rheinland-Pfalz
Laurenburg,265,50.332222222,7.911388888,Rheinland-Pfalz
Horhausen,302,50.362777777,7.891666666,Rheinland-Pfalz
Biersdorf am See,570,50.015555555,6.449722222,Rheinland-Pfalz
Weingarten,1911,49.259444444,8.286666666,Rheinland-Pfalz
Gleiszellen-Gleishorbach,791,49.12937,8.00562,Rheinland-Pfalz
Lierschied,488,50.171388888,7.746944444,Rheinland-Pfalz
Sevenig,62,50.129444444,6.165,Rheinland-Pfalz
Buchet,246,50.244166666,6.316944444,Rheinland-Pfalz
Oberehe-Stroheich,326,50.279444444,6.769722222,Rheinland-Pfalz
Gommersheim,1537,49.291944444,8.27,Rheinland-Pfalz
Nochern,479,50.1775,7.724444444,Rheinland-Pfalz
Sevenig bei Neuerburg,41,50.021388888,6.188611111,Rheinland-Pfalz
Münk,264,50.3075,7.041666666,Rheinland-Pfalz
Boden,688,50.472777777,7.858888888,Rheinland-Pfalz
Brenk,191,50.431944444,7.1725,Rheinland-Pfalz
Oberbettingen,757,50.286388888,6.628055555,Rheinland-Pfalz
Bergen,454,49.781111111,7.417777777,Rheinland-Pfalz
Burtscheid,111,49.731944444,6.9575,Rheinland-Pfalz
Walsdorf,927,50.279722222,6.708333333,Rheinland-Pfalz
Sarmersbach,182,50.242222222,6.881944444,Rheinland-Pfalz
Schweix,280,49.126388888,7.511944444,Rheinland-Pfalz
Boos,351,49.793333333,7.716944444,Rheinland-Pfalz
Wallmerod,1511,50.485555555,7.951666666,Rheinland-Pfalz
Glan-Münchweiler,1220,49.471388888,7.446111111,Rheinland-Pfalz
Hollnich,316,50.074166666,7.488055555,Rheinland-Pfalz
Oberhausen an der Appel,147,49.720277777,7.868333333,Rheinland-Pfalz
Schwanheim,569,49.167222222,7.88,Rheinland-Pfalz
Oberhonnefeld-Gierend,1042,50.552777777,7.519722222,Rheinland-Pfalz
Gevenich,719,50.153888888,7.085555555,Rheinland-Pfalz
Aull,402,50.386944444,8.007222222,Rheinland-Pfalz
Belg,116,49.984722222,7.309444444,Rheinland-Pfalz
Berlingen,212,50.240833333,6.720555555,Rheinland-Pfalz
Kerpen,469,50.3125,6.731666666,Rheinland-Pfalz
Pleckhausen,832,50.596944444,7.543611111,Rheinland-Pfalz
Neuendorf,107,50.2825,6.458888888,Rheinland-Pfalz
Niedersayn,179,50.528475,7.841459,Rheinland-Pfalz
Minderlittgen,709,50.009722222,6.84,Rheinland-Pfalz
Möntenich,114,50.223055555,7.300555555,Rheinland-Pfalz
Lasel,303,50.112777777,6.4675,Rheinland-Pfalz
Hainfeld,895,49.258333333,8.1,Rheinland-Pfalz
Frauenberg,355,49.671666666,7.289722222,Rheinland-Pfalz
Rhodt unter Rietburg,1133,49.272777777,8.108055555,Rheinland-Pfalz
Hausen (Wied),1931,50.542222222,7.406666666,Rheinland-Pfalz
Misselberg,89,50.306543,7.769158,Rheinland-Pfalz
Peffingen,220,49.910555555,6.406666666,Rheinland-Pfalz
Orlenbach,250,50.157777777,6.383611111,Rheinland-Pfalz
Brandscheid,293,50.221388888,6.309722222,Rheinland-Pfalz
Gierschnach,274,50.263055555,7.350833333,Rheinland-Pfalz
Weyer,486,50.196388888,7.725277777,Rheinland-Pfalz
Schindhard,529,49.141944444,7.820555555,Rheinland-Pfalz
Berndorf,507,50.305555555,6.700555555,Rheinland-Pfalz
Partenheim,1612,49.883888888,8.081944444,Rheinland-Pfalz
Streithausen,497,50.693611111,7.815277777,Rheinland-Pfalz
Saxler,65,50.139722222,6.896388888,Rheinland-Pfalz
Müschenbach,964,50.6825,7.784444444,Rheinland-Pfalz
Bremberg,268,50.306388888,7.920555555,Rheinland-Pfalz
Pittenbach,105,50.175,6.347222222,Rheinland-Pfalz
Niederneisen,1467,50.338888888,8.055833333,Rheinland-Pfalz
Wagenhausen,65,50.144444444,6.986388888,Rheinland-Pfalz
Mittelstrimmig,408,50.09,7.283055555,Rheinland-Pfalz
Schwollen,449,49.707222222,7.182777777,Rheinland-Pfalz
Bruch,495,49.956944444,6.784722222,Rheinland-Pfalz
Nachtsheim,557,50.318888888,7.065833333,Rheinland-Pfalz
Dickenschied,699,49.900555555,7.42,Rheinland-Pfalz
Hettenhausen,221,49.335,7.555,Rheinland-Pfalz
Beltheim,1963,50.107777777,7.4625,Rheinland-Pfalz
Kerben,503,50.311388888,7.356388888,Rheinland-Pfalz
Luxem,319,50.319444444,7.106666666,Rheinland-Pfalz
Kasel,1319,49.761111111,6.734166666,Rheinland-Pfalz
Stockem,96,49.929444444,6.384444444,Rheinland-Pfalz
Scheibenhardt,599,48.983055555,8.133055555,Rheinland-Pfalz
Strüth,321,50.139722222,7.889166666,Rheinland-Pfalz
Womrath,184,49.9175,7.448611111,Rheinland-Pfalz
Alsheim,2834,49.767222222,8.341944444,Rheinland-Pfalz
Minden,259,49.824722222,6.468333333,Rheinland-Pfalz
Oberhaid,381,50.51,7.718333333,Rheinland-Pfalz
Fell,2549,49.774722222,6.78,Rheinland-Pfalz
Burgschwalbach,1047,50.283333333,8.080277777,Rheinland-Pfalz
Herschberg,845,49.304722222,7.547222222,Rheinland-Pfalz
Naurath,242,49.760833333,6.8825,Rheinland-Pfalz
Marienfels,327,50.241388888,7.813888888,Rheinland-Pfalz
Urbar,3214,50.380555555,7.626111111,Rheinland-Pfalz
Wallertheim,1753,49.835555555,8.051388888,Rheinland-Pfalz
Netzbach,351,50.317777777,8.095555555,Rheinland-Pfalz
Hüblingen,301,50.566666666,8.088055555,Rheinland-Pfalz
Biedershausen,187,49.318055555,7.485555555,Rheinland-Pfalz
Bedesbach,791,49.565833333,7.457222222,Rheinland-Pfalz
Braunshorn,675,50.092222222,7.518611111,Rheinland-Pfalz
Ensch,456,49.826666666,6.833333333,Rheinland-Pfalz
Lindenschied,180,49.904722222,7.392222222,Rheinland-Pfalz
Hecken,109,49.915277777,7.398055555,Rheinland-Pfalz
Oberzissen,1113,50.453333333,7.1975,Rheinland-Pfalz
Caan,694,50.474722222,7.610833333,Rheinland-Pfalz
Merlscheid,33,50.126944444,6.348333333,Rheinland-Pfalz
Knopp-Labach,429,49.332777777,7.506111111,Rheinland-Pfalz
Plaidt,5975,50.390277777,7.389444444,Rheinland-Pfalz
Salzburg,217,50.668055555,8.048055555,Rheinland-Pfalz
Niederkumbd,324,50.014444444,7.536111111,Rheinland-Pfalz
Ehr,80,50.238333333,7.784166666,Rheinland-Pfalz
Dattenberg,1545,50.555,7.294166666,Rheinland-Pfalz
Biebelsheim,723,49.873055555,7.94,Rheinland-Pfalz
Dommershausen,1097,50.143611111,7.397777777,Rheinland-Pfalz
Kirchwald,999,50.370277777,7.154166666,Rheinland-Pfalz
Schleich,240,49.813055555,6.841111111,Rheinland-Pfalz
Lind,569,50.495833333,6.938611111,Rheinland-Pfalz
Dreikirchen,1036,50.446944444,7.955277777,Rheinland-Pfalz
Mastershausen,979,50.066111111,7.357777777,Rheinland-Pfalz
Kalenborn,245,50.261388888,7.08,Rheinland-Pfalz
Mettenheim,1705,49.74,8.325833333,Rheinland-Pfalz
Offenbach an der Queich,6314,49.197681111,8.197406111,Rheinland-Pfalz
Wallerfangen,9322,49.327805555,6.720805555,Rheinland-Pfalz
Dill,207,49.916111111,7.346944444,Rheinland-Pfalz
Oberlahr,757,50.623611111,7.5175,Rheinland-Pfalz
Budenheim,8669,50.016666666,8.166666666,Rheinland-Pfalz
Kinheim,782,49.973333333,7.053611111,Rheinland-Pfalz
Reichenberg,156,50.158611111,7.759722222,Rheinland-Pfalz
Kleinniedesheim,954,49.589166666,8.323611111,Rheinland-Pfalz
Weiler,271,50.140833333,7.075833333,Rheinland-Pfalz
Unzenberg,426,49.969722222,7.439722222,Rheinland-Pfalz
Onsdorf,148,49.644166666,6.4825,Rheinland-Pfalz
Peterslahr,329,50.613055555,7.482222222,Rheinland-Pfalz
Gerbach,512,49.673611111,7.870555555,Rheinland-Pfalz
Moselkern,560,50.193611111,7.371111111,Rheinland-Pfalz
Großlittgen,1061,50.026388888,6.798888888,Rheinland-Pfalz
Reil,959,50.021944444,7.115555555,Rheinland-Pfalz
Trippstadt,2874,49.359722222,7.774722222,Rheinland-Pfalz
Siesbach,340,49.731892,7.221378,Rheinland-Pfalz
Meckel,421,49.89,6.515833333,Rheinland-Pfalz
Weitersburg,2499,50.411111111,7.596666666,Rheinland-Pfalz
Valwig,430,50.143055555,7.210277777,Rheinland-Pfalz
Moschheim,751,50.4825,7.841666666,Rheinland-Pfalz
Metterich,589,49.98,6.588611111,Rheinland-Pfalz
Laufeld,526,50.078611111,6.863888888,Rheinland-Pfalz
Quiddelbach,249,50.351111111,6.937777777,Rheinland-Pfalz
Thalhausen,774,50.503055555,7.586111111,Rheinland-Pfalz
Steinebach/Sieg,1295,50.731944444,7.826944444,Rheinland-Pfalz
Rascheid,464,49.714166666,6.936111111,Rheinland-Pfalz
Nordhofen,533,50.518611111,7.753333333,Rheinland-Pfalz
Bous,7058,49.275833333,6.798055555,Rheinland-Pfalz
Schweinschied,142,49.701111111,7.574722222,Rheinland-Pfalz
Hamm (Sieg),3763,50.766666666,7.675833333,Rheinland-Pfalz
Ellenberg,88,49.661911111,7.14355,Rheinland-Pfalz
Treis-Karden,2187,50.178055555,7.302222222,Rheinland-Pfalz
Ober Kostenz,253,49.957222222,7.353333333,Rheinland-Pfalz
Strickscheid,31,50.138537,6.315277,Rheinland-Pfalz
Vielbach,525,50.510555555,7.771944444,Rheinland-Pfalz
Vorderweidenthal,626,49.128055555,7.883055555,Rheinland-Pfalz
Grimburg,449,49.622777777,6.884444444,Rheinland-Pfalz
Trierscheid,71,50.352222222,6.821944444,Rheinland-Pfalz
Oberscheidweiler,197,50.074166666,6.934444444,Rheinland-Pfalz
Irmtraut,807,50.555555555,8.061388888,Rheinland-Pfalz
Kottweiler-Schwanden,1293,49.474722222,7.537222222,Rheinland-Pfalz
Ramsen,1855,49.536666666,8.013055555,Rheinland-Pfalz
Eußerthal,885,49.243888888,7.969722222,Rheinland-Pfalz
Birtlingen,46,49.946388888,6.482777777,Rheinland-Pfalz
Ueß,54,50.257502,6.928362,Rheinland-Pfalz
Lehmen,1273,50.284166666,7.453888888,Rheinland-Pfalz
Monzernheim,539,49.721388888,8.228333333,Rheinland-Pfalz
Mülbach,121,49.967777777,6.403611111,Rheinland-Pfalz
Ottersheim,356,49.625555555,8.108333333,Rheinland-Pfalz
Pickließem,316,49.990277777,6.65,Rheinland-Pfalz
Sülm,431,49.921388888,6.574166666,Rheinland-Pfalz
Steinwenden,2495,49.455833333,7.526666666,Rheinland-Pfalz
Charlottenberg,147,50.343611111,7.88,Rheinland-Pfalz
Brauweiler,52,49.824166666,7.498888888,Rheinland-Pfalz
Lambertsberg,397,50.091388888,6.39,Rheinland-Pfalz
Laubenheim,824,49.919809,7.881841,Rheinland-Pfalz
Langenfeld,675,50.376388888,7.093888888,Rheinland-Pfalz
Karl,210,50.041666666,6.8025,Rheinland-Pfalz
Hilscheid,256,49.731666666,7.005833333,Rheinland-Pfalz
Eßlingen,116,49.914722222,6.527222222,Rheinland-Pfalz
Nack,597,49.746831,7.99934,Rheinland-Pfalz
Müllenbach,661,50.2225,7.064166666,Rheinland-Pfalz
Musweiler,49,50.01,6.802222222,Rheinland-Pfalz
Wallhalben,859,49.316944,7.527222,Rheinland-Pfalz
Venningen,893,49.279722222,8.175277777,Rheinland-Pfalz
Stebach,356,50.513055555,7.660555555,Rheinland-Pfalz
Ließem,81,50.024444444,6.480277777,Rheinland-Pfalz
Schuld,612,50.4460848,6.8868579,Rheinland-Pfalz
Dichtelbach,645,50.010833333,7.695277777,Rheinland-Pfalz
Jucken,164,50.055,6.230555555,Rheinland-Pfalz
Niederroßbach,707,50.641666666,8.034444444,Rheinland-Pfalz
Dierbach,553,49.083611111,8.068888888,Rheinland-Pfalz
Esch,418,49.898055555,6.850277777,Rheinland-Pfalz
Immert,158,49.765277777,7.020277777,Rheinland-Pfalz
Euscheid,148,50.134722222,6.306388888,Rheinland-Pfalz
Udenheim,1290,49.864722222,8.171666666,Rheinland-Pfalz
Dahlem,256,49.914722222,6.593055555,Rheinland-Pfalz
Hillscheid,2448,50.406388888,7.698611111,Rheinland-Pfalz
Norheim,1596,49.811666666,7.816111111,Rheinland-Pfalz
Pomster,155,50.352222222,6.8425,Rheinland-Pfalz
Schömerich,132,49.635,6.6975,Rheinland-Pfalz
Gipperath,224,50.039444444,6.863055555,Rheinland-Pfalz
Sohrschied,108,49.905,7.356111111,Rheinland-Pfalz
Höhn,3111,50.619722222,7.988055555,Rheinland-Pfalz
Dudenhofen,6057,49.317777777,8.390555555,Rheinland-Pfalz
Steinborn,187,50.069444444,6.63,Rheinland-Pfalz
Stahlhofen am Wiesensee,364,50.5875,7.990277777,Rheinland-Pfalz
Dohr,621,50.126944444,7.115833333,Rheinland-Pfalz
Sembach,1164,49.513611111,7.860555555,Rheinland-Pfalz
Rumbach,413,49.095833333,7.787222222,Rheinland-Pfalz
Guldental,2449,49.891944444,7.841111111,Rheinland-Pfalz
Schleid,406,50.059444444,6.491666666,Rheinland-Pfalz
Kammerforst,258,50.463888888,7.677222222,Rheinland-Pfalz
Callbach,337,49.703611111,7.699166666,Rheinland-Pfalz
Roßbach,1487,50.575,7.416111111,Rheinland-Pfalz
Hamm,16,50.016666666,6.418333333,Rheinland-Pfalz
Mudenbach,766,50.667777777,7.735277777,Rheinland-Pfalz
Leiwen,1652,49.821111111,6.881388888,Rheinland-Pfalz
Salm,319,50.152222222,6.690555555,Rheinland-Pfalz
Oelsberg,572,50.1975,7.8375,Rheinland-Pfalz
Schönbach,258,50.215,6.946666666,Rheinland-Pfalz
Breit,297,49.776111111,6.905833333,Rheinland-Pfalz
Merkelbach,438,50.645555555,7.769722222,Rheinland-Pfalz
Starkenburg,216,49.955833333,7.14,Rheinland-Pfalz
Scheid,120,50.366666666,6.416666666,Rheinland-Pfalz
Laubach,434,50.055555555,7.510555555,Rheinland-Pfalz
Sien,549,49.694722222,7.504166666,Rheinland-Pfalz
Mörsbach,401,50.726666666,7.783333333,Rheinland-Pfalz
Weinsheim,1044,50.232222222,6.4725,Rheinland-Pfalz
Traisen,595,49.820555555,7.818611111,Rheinland-Pfalz
Grafschaft,10866,50.571388888,7.096944444,Rheinland-Pfalz
Burgen,564,49.880833333,7.001944444,Rheinland-Pfalz
Ney,361,50.184166666,7.538055555,Rheinland-Pfalz
Schönberg,232,49.755833333,6.923611111,Rheinland-Pfalz
Hausen,165,49.8725,7.3775,Rheinland-Pfalz
Gries,1106,49.419166666,7.400555555,Rheinland-Pfalz
Großniedesheim,1408,49.574722222,8.315555555,Rheinland-Pfalz
Geisig,363,50.256388888,7.791111111,Rheinland-Pfalz
Monreal,763,50.3,7.159444444,Rheinland-Pfalz
Hargarten,94,50.096944444,6.408055555,Rheinland-Pfalz
Falkenstein,192,49.6075,7.873888888,Rheinland-Pfalz
Glanbrücken,480,49.611944444,7.529166666,Rheinland-Pfalz
Gering,406,50.270044,7.250423,Rheinland-Pfalz
Großmaischeid,2331,50.504722222,7.633888888,Rheinland-Pfalz
Kell am See,2031,49.633333333,6.822222222,Rheinland-Pfalz
Mörsdorf,609,50.103055555,7.349166666,Rheinland-Pfalz
Gollenberg,113,49.672777777,7.159166666,Rheinland-Pfalz
Mörschied,718,49.790555555,7.306944444,Rheinland-Pfalz
Geiselberg,793,49.327222222,7.693055555,Rheinland-Pfalz
Miehlen,2064,50.225277777,7.831388888,Rheinland-Pfalz
Sankt Alban,267,49.684444444,7.863611111,Rheinland-Pfalz
Sulzheim,1253,49.843888888,8.093333333,Rheinland-Pfalz
Steinfeld,1909,49.050277777,8.038055555,Rheinland-Pfalz
Paschel,241,49.639444444,6.690833333,Rheinland-Pfalz
Bann,2242,49.391111111,7.612777777,Rheinland-Pfalz
Pottum,1009,50.599166666,8.001388888,Rheinland-Pfalz
Ruppertsecken,349,49.645,7.880555555,Rheinland-Pfalz
Rückeroth,471,50.561666666,7.745277777,Rheinland-Pfalz
Karbach,644,50.161111111,7.617222222,Rheinland-Pfalz
Langenhahn,1350,50.584166666,7.919722222,Rheinland-Pfalz
Perscheid,326,50.071944444,7.698055555,Rheinland-Pfalz
Stetten,661,49.671944444,8.093888888,Rheinland-Pfalz
Plascheid,97,50.039444444,6.291666666,Rheinland-Pfalz
Stahlberg,174,49.666666666,7.787777777,Rheinland-Pfalz
Schwalbach,17208,49.306666666,6.823055555,Rheinland-Pfalz
Dackscheid,109,50.118055555,6.388333333,Rheinland-Pfalz
Oberotterbach,1154,49.071111111,7.970555555,Rheinland-Pfalz
Seibersbach,1249,49.961666666,7.715555555,Rheinland-Pfalz
Ockenfels,1044,50.578611111,7.273611111,Rheinland-Pfalz
Sippersfeld,1092,49.554166666,7.934444444,Rheinland-Pfalz
Saalstadt,319,49.323333333,7.549722222,Rheinland-Pfalz
Schönenberg-Kübelberg,5707,49.410555555,7.376666666,Rheinland-Pfalz
Steinebach an der Wied,803,50.61,7.804722222,Rheinland-Pfalz
Hundsdorf,451,50.472222222,7.703888888,Rheinland-Pfalz
Mittelreidenbach,742,49.725833333,7.441111111,Rheinland-Pfalz
Weinähr,454,50.31949,7.84423,Rheinland-Pfalz
Spangdahlem,1121,49.986388888,6.680555555,Rheinland-Pfalz
Sankt Martin,1676,49.300833333,8.103333333,Rheinland-Pfalz
Holler,1017,50.4125,7.835,Rheinland-Pfalz
Gransdorf,367,50.017777777,6.693611111,Rheinland-Pfalz
Meerfeld,350,50.094166666,6.755555555,Rheinland-Pfalz
Waldorf,884,50.485555555,7.230555555,Rheinland-Pfalz
Leitzweiler,112,49.591111111,7.222222222,Rheinland-Pfalz
Olsbrücken,1061,49.540277777,7.661111111,Rheinland-Pfalz
Kettig,3509,50.4,7.466666666,Rheinland-Pfalz
Rieden,1164,50.396944444,7.18,Rheinland-Pfalz
Schwall,307,50.145833333,7.556111111,Rheinland-Pfalz
Schöneberg,439,50.664444444,7.604166666,Rheinland-Pfalz
Mandel,914,49.855555555,7.772222222,Rheinland-Pfalz
Gebhardshain,1885,50.746666666,7.82,Rheinland-Pfalz
Salz,875,50.51,7.963611111,Rheinland-Pfalz
Leutesdorf,1775,50.451388888,7.388611111,Rheinland-Pfalz
Plütscheid,308,50.089444444,6.427777777,Rheinland-Pfalz
Spessart,860,50.439722222,7.110277777,Rheinland-Pfalz
Schmittweiler,173,49.691111111,7.703888888,Rheinland-Pfalz
Ober-Flörsheim,1334,49.683055555,8.155277777,Rheinland-Pfalz
Selbach,780,50.744722222,7.768055555,Rheinland-Pfalz
Ochtendung,5593,50.348055555,7.389722222,Rheinland-Pfalz
Rotenhain,488,50.600833333,7.8825,Rheinland-Pfalz
Beuren (Hochwald),938,49.726388888,6.914444444,Rheinland-Pfalz
Sommerau,77,49.714444444,6.736666666,Rheinland-Pfalz
Meudt,1899,50.493888888,7.895,Rheinland-Pfalz
Patersberg,332,50.157777777,7.736111111,Rheinland-Pfalz
Schwarzerden,232,49.861944444,7.513055555,Rheinland-Pfalz
Allendorf,590,50.267777777,7.999166666,Rheinland-Pfalz
Nörtershausen,1151,50.225277777,7.481388888,Rheinland-Pfalz
Waldhambach,375,49.166666666,7.990555555,Rheinland-Pfalz
Sankt Sebastian,2678,50.412222222,7.563333333,Rheinland-Pfalz
Saulheim,8115,49.878888888,8.156388888,Rheinland-Pfalz
Oberdreis,894,50.629166666,7.664166666,Rheinland-Pfalz
Pintesfeld,37,50.108333333,6.365555555,Rheinland-Pfalz
Nister,1085,50.675833333,7.838333333,Rheinland-Pfalz
Oberbrombach,386,49.699166666,7.261666666,Rheinland-Pfalz
Farschweiler,836,49.715555555,6.827222222,Rheinland-Pfalz
Brey,1497,50.273611111,7.632222222,Rheinland-Pfalz
Biebelnheim,684,49.796666666,8.170555555,Rheinland-Pfalz
Obererbach,553,50.725277777,7.658611111,Rheinland-Pfalz
Siefersheim,1249,49.794564,7.954677,Rheinland-Pfalz
Steimel,1256,50.617777777,7.627777777,Rheinland-Pfalz
Gossersweiler-Stein,1434,49.16,7.930555555,Rheinland-Pfalz
Hörscheid,118,50.22,6.875833333,Rheinland-Pfalz
Leubsdorf,1632,50.547222222,7.290277777,Rheinland-Pfalz
Schauerberg,186,49.308373,7.575687,Rheinland-Pfalz
Beuren,429,50.094444444,7.078333333,Rheinland-Pfalz
Gau-Heppenheim,569,49.742222222,8.173333333,Rheinland-Pfalz
Berghausen,298,50.259166666,8.006111111,Rheinland-Pfalz
Gehrweiler,319,49.576388888,7.773333333,Rheinland-Pfalz
Ormont,355,50.3275,6.442777777,Rheinland-Pfalz
Münchweiler an der Rodalb,2836,49.217777777,7.704166666,Rheinland-Pfalz
Holzerath,474,49.679722222,6.76,Rheinland-Pfalz
Macken,375,50.174166666,7.397222222,Rheinland-Pfalz
Roxheim,2808,49.863611111,7.809444444,Rheinland-Pfalz
Pluwig,1675,49.690555555,6.71,Rheinland-Pfalz
Pfeffelbach,859,49.539166666,7.327777777,Rheinland-Pfalz
Niederstadtfeld,472,50.159166666,6.761111111,Rheinland-Pfalz
Welling,944,50.330833333,7.314722222,Rheinland-Pfalz
Sponheim,761,49.845833333,7.726388888,Rheinland-Pfalz
Kröppen,670,49.150277777,7.5275,Rheinland-Pfalz
Gillenbeuren,260,50.154722222,7.018333333,Rheinland-Pfalz
Simmern,1501,50.39,7.673888888,Rheinland-Pfalz
Niederwambach,439,50.632777777,7.596388888,Rheinland-Pfalz
Erbach,289,50.025833333,7.681388888,Rheinland-Pfalz
Pleisweiler-Oberhofen,833,49.118333333,8.006666666,Rheinland-Pfalz
Singhofen,1781,50.274444444,7.836388888,Rheinland-Pfalz
Münchweiler am Klingbach,214,49.149444444,7.971666666,Rheinland-Pfalz
Niederzissen,2768,50.457222222,7.221388888,Rheinland-Pfalz
Breitenbach,1788,49.433611111,7.269722222,Rheinland-Pfalz
Trimbs,617,50.325555555,7.299166666,Rheinland-Pfalz
Isenburg,603,50.477222222,7.589722222,Rheinland-Pfalz
Trulben,1129,49.14,7.545,Rheinland-Pfalz
Obersimten,622,49.167222222,7.581388888,Rheinland-Pfalz
Winningen,2447,50.312777777,7.521388888,Rheinland-Pfalz
Essingen,2271,49.234722222,8.171944444,Rheinland-Pfalz
Ulmet,657,49.585555555,7.456388888,Rheinland-Pfalz
Theisbergstegen,679,49.518333333,7.4475,Rheinland-Pfalz
Körborn,344,49.564166666,7.37,Rheinland-Pfalz
Schellweiler,498,49.514444444,7.391388888,Rheinland-Pfalz
Thaleischweiler-Fröschen,3218,49.263333333,7.583055555,Rheinland-Pfalz
Oberfell,1168,50.260833333,7.4475,Rheinland-Pfalz
Steinalben,378,49.315277777,7.656111111,Rheinland-Pfalz
Uhler,349,50.088055555,7.431666666,Rheinland-Pfalz
Rödersheim-Gronau,2953,49.430555555,8.259722222,Rheinland-Pfalz
Mertloch,1350,50.27,7.305555555,Rheinland-Pfalz
Lauperath,97,50.086111111,6.339166666,Rheinland-Pfalz
Rüber,882,50.292222222,7.376944444,Rheinland-Pfalz
Cröchern,292,52.386666666,11.65,Sachsen-Anhalt
Zahna-Elster,9044,51.916666666,12.783333333,Sachsen-Anhalt
Behrendorf,546,52.823888888,11.960277777,Sachsen-Anhalt
Altenzaun,154,52.744722222,12.033055555,Sachsen-Anhalt
Uchtspringe,1385,52.536666666,11.606666666,Sachsen-Anhalt
Aue-Fallstein,5245,51.966666666,10.816666666,Sachsen-Anhalt
Halberstadt,40069,51.895833333,11.046666666,Sachsen-Anhalt
Haldensleben,19188,52.283333333,11.416666666,Sachsen-Anhalt
Eickendorf,175,52.367222222,11.142777777,Sachsen-Anhalt
Wollenhagen,78,52.60611111,11.58388889,Sachsen-Anhalt
Benkendorf,184,52.793055555,11.266666666,Sachsen-Anhalt
Halle (Saale),242172,51.482777777,11.969722222,Sachsen-Anhalt
Liesten,341,52.789722222,11.296666666,Sachsen-Anhalt
Dessau,83616,51.834166666,12.246111111,Sachsen-Anhalt
Königsmark,530,52.796666666,11.843055555,Sachsen-Anhalt
Hecklingen,6735,51.85,11.516666666,Sachsen-Anhalt
Klötze,9666,52.627222222,11.164166666,Sachsen-Anhalt
Düsedau,363,52.766666666,11.8,Sachsen-Anhalt
Cobbel,293,52.393333333,11.86,Sachsen-Anhalt
Chüden,487,52.853055555,11.233055555,Sachsen-Anhalt
Magdeburg,240114,52.1315889,11.6399609,Sachsen-Anhalt
Bad Bibra,2602,51.20641,11.58368,Sachsen-Anhalt
Weißenfels,39181,51.2,11.966666666,Sachsen-Anhalt
Bitterfeld-Wolfen,37850,51.6425032,12.3076334,Sachsen-Anhalt
Bernburg,32106,51.8,11.733333333,Sachsen-Anhalt
Halle-Neustadt,46280,51.4789,11.9214,Sachsen-Anhalt
Meseberg,382,52.799722222,11.8,Sachsen-Anhalt
Freyburg,4579,51.212777777,11.769722222,Sachsen-Anhalt
Zörbig,9086,51.616666666,12.116666666,Sachsen-Anhalt
Altmersleben,296,52.683055555,11.429722222,Sachsen-Anhalt
Stendal,38946,52.6,11.85,Sachsen-Anhalt
Zielitz,1892,52.291666666,11.675,Sachsen-Anhalt
Köthen,24974,51.751111111,11.973611111,Sachsen-Anhalt
Dahlen,701,52.558888888,11.825555555,Sachsen-Anhalt
Möringen,795,52.596666666,11.743055555,Sachsen-Anhalt
Brunau,631,52.75,11.466666666,Sachsen-Anhalt
Möckern,12885,52.1405163,11.9532769,Sachsen-Anhalt
Jerchel,320,52.468333333,11.321111111,Sachsen-Anhalt
Kusey,1123,52.581944444,11.0925,Sachsen-Anhalt
Schwanebeck,2437,51.9675,11.120833333,Sachsen-Anhalt
Vienau,387,52.708333333,11.4825,Sachsen-Anhalt
Lüderitz,1194,52.506666666,11.746666666,Sachsen-Anhalt
Sandbeiendorf,280,52.393055555,11.716666666,Sachsen-Anhalt
Zerbst/Anhalt,21483,51.968055555,12.084444444,Sachsen-Anhalt
Kakerbeck,921,52.666666666,11.283055555,Sachsen-Anhalt
Döhren,219,52.333055555,11.016666666,Sachsen-Anhalt
Farnstädt,1495,51.433055555,11.566666666,Sachsen-Anhalt
Schönebeck,30402,52.016666666,11.75,Sachsen-Anhalt
Nahrstedt,301,52.579722222,11.716666666,Sachsen-Anhalt
Zeitz,28345,51.0491637,12.1349991,Sachsen-Anhalt
Dannefeld,393,52.50609,11.14014,Sachsen-Anhalt
Gerbstedt,6730,51.633055555,11.616666666,Sachsen-Anhalt
Bellingen,299,52.516666666,11.833055555,Sachsen-Anhalt
Eckartsberga,2265,51.12293,11.56112,Sachsen-Anhalt
Badel,487,52.733055555,11.316666666,Sachsen-Anhalt
Buch,428,52.483055555,11.943055555,Sachsen-Anhalt
Wegeleben,2382,51.866666666,11.166666666,Sachsen-Anhalt
Miltern,398,52.566666666,11.916666666,Sachsen-Anhalt
Schierau,839,51.75,12.283055555,Sachsen-Anhalt
Bittkau,793,52.416666666,11.966666666,Sachsen-Anhalt
Miesterhorst,721,52.460555555,11.141666666,Sachsen-Anhalt
Burg,22738,52.2725,11.855,Sachsen-Anhalt
Sülzetal,8892,52.0,11.529722222,Sachsen-Anhalt
Naumburg,32336,51.152095,11.809819,Sachsen-Anhalt
Zahna,3883,51.916666666,12.783333333,Sachsen-Anhalt
Sandau,831,52.783333333,12.05,Sachsen-Anhalt
Born,242,52.375555555,11.470555555,Sachsen-Anhalt
Neuermark-Lübars,356,52.652777777,12.0425,Sachsen-Anhalt
Bölsdorf,322,52.509722222,11.926666666,Sachsen-Anhalt
Peckfitz,173,52.509722222,11.178888888,Sachsen-Anhalt
Kunrau,921,52.566111111,11.018333333,Sachsen-Anhalt
Wernigerode,31943,51.835,10.785277777,Sachsen-Anhalt
Dessau-Roßlau,79686,51.833333,12.233333,Sachsen-Anhalt
Dönitz,149,52.613055555,11.043055555,Sachsen-Anhalt
Aken (Elbe),7225,51.85,12.05,Sachsen-Anhalt
Lindstedterhorst,77,52.6036,11.5542,Sachsen-Anhalt
Sangerhausen,25300,51.466666666,11.3,Sachsen-Anhalt
Badingen,536,52.613055555,11.65,Sachsen-Anhalt
Packebusch,396,52.756666666,11.503055555,Sachsen-Anhalt
Merseburg,34721,51.354444444,11.992777777,Sachsen-Anhalt
Zehbitz,374,51.675277777,12.130833333,Sachsen-Anhalt
Birkholz,447,52.416666666,11.833333333,Sachsen-Anhalt
Lutherstadt Wittenberg,45588,51.8671,12.6484,Sachsen-Anhalt
Neuendorf,158,52.676666666,11.216666666,Sachsen-Anhalt
Gräfenhainichen,11380,51.729166666,12.455555555,Sachsen-Anhalt
Mieste,2335,52.478888888,11.202777777,Sachsen-Anhalt
Nebra,3067,51.286671862,11.577378994,Sachsen-Anhalt
Stößen,889,51.11422,11.92394,Sachsen-Anhalt
Osterfeld,2399,51.076666666,11.933055555,Sachsen-Anhalt
Serno,443,52.0,12.416666666,Sachsen-Anhalt
Buchholz,280,52.536666666,11.786666666,Sachsen-Anhalt
Käthen,136,52.576666666,11.666666666,Sachsen-Anhalt
Petersberg,9267,51.6,11.966666666,Sachsen-Anhalt
Salzwedel,23394,52.85,11.15,Sachsen-Anhalt
Westdorf,905,51.736666666,11.435,Sachsen-Anhalt
Wieblitz-Eversdorf,290,52.81,11.083055555,Sachsen-Anhalt
Berkau,467,52.638333333,11.490555555,Sachsen-Anhalt
Dolle,569,52.403055555,11.619722222,Sachsen-Anhalt
Genthin,13646,52.406666666,12.159166666,Sachsen-Anhalt
Kelbra,3199,51.433333333,11.033333333,Sachsen-Anhalt
Berga,1654,51.456666666,11.007777777,Sachsen-Anhalt
Tangerhütte,10516,52.433333333,11.8,Sachsen-Anhalt
Annaburg,6403,51.732777777,13.045555555,Sachsen-Anhalt
Elbe-Parey,6358,52.383333333,12.016666666,Sachsen-Anhalt
Wust-Fischbeck,1205,52.5486,12.0667,Sachsen-Anhalt
Ahlsdorf,1505,51.54543,11.46655,Sachsen-Anhalt
Bad Schmiedeberg,8053,51.688055555,12.7375,Sachsen-Anhalt
Bad Dürrenberg,11801,51.29545,12.065830555,Sachsen-Anhalt
Südliches Anhalt,13004,51.6916959,12.0666121,Sachsen-Anhalt
Salzatal,11148,51.5339,11.7728,Sachsen-Anhalt
Harbke,1836,52.183333333,11.05,Sachsen-Anhalt
Jerichow,6708,52.499498,12.02803,Sachsen-Anhalt
Arneburg,1443,52.67565,12.00514,Sachsen-Anhalt
Oebisfelde-Weferlingen,13479,52.433333333,10.983333333,Sachsen-Anhalt
Bördeaue,1765,51.9306,11.4944,Sachsen-Anhalt
Leuna,14174,51.316666666,12.016666666,Sachsen-Anhalt
Schönhausen (Elbe),2079,52.578611111,12.039722222,Sachsen-Anhalt
Eisleben,22609,51.516666666,11.55,Sachsen-Anhalt
Meineweh,992,51.07659,11.98718,Sachsen-Anhalt
Huy,6932,51.966666666,10.916666666,Sachsen-Anhalt
Nemsdorf-Göhrendorf,826,51.362777777,11.659722222,Sachsen-Anhalt
Jübar,1544,52.689722222,10.913055555,Sachsen-Anhalt
Steigra,1083,51.299722222,11.666666666,Sachsen-Anhalt
Kuhfelde,1073,52.783055555,11.116666666,Sachsen-Anhalt
Calbe,8078,51.9035319,11.7730905,Sachsen-Anhalt
Hedersleben,1299,51.858611111,11.252222222,Sachsen-Anhalt
Nienburg,5892,51.83724,11.76788,Sachsen-Anhalt
Thale,16721,51.751111111,11.042777777,Sachsen-Anhalt
Am Großen Bruch,2064,52.066666666,11.083333333,Sachsen-Anhalt
Alsleben,2494,51.701,11.68,Sachsen-Anhalt
Obhausen,2170,51.399722222,11.666666666,Sachsen-Anhalt
Kamern,1182,52.75,12.116666666,Sachsen-Anhalt
Bördeland,7494,51.966666666,11.65,Sachsen-Anhalt
Landsberg,15088,51.524625,12.159626,Sachsen-Anhalt
Biederitz,8699,52.160833333,11.717777777,Sachsen-Anhalt
Schkopau,10929,51.383333333,11.966666666,Sachsen-Anhalt
Bismark,7899,52.666666666,11.55,Sachsen-Anhalt
Beendorf,849,52.242222222,11.087777777,Sachsen-Anhalt
Wolmirsleben,1357,51.95,11.483333333,Sachsen-Anhalt
Allstedt,7550,51.4,11.383333333,Sachsen-Anhalt
Finne,1135,51.216666666,11.433333333,Sachsen-Anhalt
Wetterzeube,1661,51.0,12.016666666,Sachsen-Anhalt
Loitsche-Heinrichsberg,963,52.2833,11.7167,Sachsen-Anhalt
Gutenborn,1779,51.0,12.1167,Sachsen-Anhalt
An der Poststraße,1671,51.166666666,11.55,Sachsen-Anhalt
Querfurt,10253,51.383333333,11.6,Sachsen-Anhalt
Schollene,1077,52.677222222,12.218888888,Sachsen-Anhalt
Jessen (Elster),13966,51.791666666,12.955555555,Sachsen-Anhalt
Hohe Börde,18852,52.166666666,11.483333333,Sachsen-Anhalt
Ballenstedt,8682,51.72,11.2375,Sachsen-Anhalt
Gardelegen,21926,52.526388888,11.3925,Sachsen-Anhalt
Barleben,9238,52.2,11.633333333,Sachsen-Anhalt
Arendsee,6666,52.876666666,11.486666666,Sachsen-Anhalt
Dähre,1391,52.800555555,10.908888888,Sachsen-Anhalt
Hohenmölsen,9395,51.156388888,12.098055555,Sachsen-Anhalt
Flechtingen,2795,52.331111111,11.241388888,Sachsen-Anhalt
Hettstedt,13498,51.645,11.511111111,Sachsen-Anhalt
Droyßig,1860,51.049722222,12.033055555,Sachsen-Anhalt
Osterburg,9421,52.783333333,11.766666666,Sachsen-Anhalt
Ilsenburg,9435,51.866666666,10.683333333,Sachsen-Anhalt
Diesdorf,2249,52.751388888,10.875277777,Sachsen-Anhalt
Schraplau,1066,51.436388888,11.665,Sachsen-Anhalt
Güsten,3962,51.797222222,11.61,Sachsen-Anhalt
Hötensleben,3483,52.116666666,11.016666666,Sachsen-Anhalt
Gommern,10464,52.073888888,11.823055555,Sachsen-Anhalt
Mücheln,8431,51.3,11.8,Sachsen-Anhalt
Kabelsketal,9020,51.446944444,12.1025,Sachsen-Anhalt
Laucha an der Unstrut,2768,51.223611111,11.679722222,Sachsen-Anhalt
Altmärkische Wische,837,52.855556,11.868333,Sachsen-Anhalt
Calvörde,3356,52.395555555,11.296666666,Sachsen-Anhalt
Altenhausen,1028,52.25,11.25,Sachsen-Anhalt
Quedlinburg,23277,51.791666666,11.147222222,Sachsen-Anhalt
Raguhn-Jeßnitz,8782,51.7167,12.2667,Sachsen-Anhalt
Falkenstein/Harz,5104,51.733333333,11.333333333,Sachsen-Anhalt
Teutschenthal,12712,51.45,11.8,Sachsen-Anhalt
Wettin-Löbejün,9706,51.633333333,11.9,Sachsen-Anhalt
Egeln,3195,51.95,11.433333333,Sachsen-Anhalt
Seeland,7651,51.8,11.333333333,Sachsen-Anhalt
Gröningen,3525,51.933333333,11.216666666,Sachsen-Anhalt
Südharz,8944,51.483333333,11.066666666,Sachsen-Anhalt
Möser,8416,52.216666666,11.8,Sachsen-Anhalt
Werben,933,52.866666666,11.966666666,Sachsen-Anhalt
Coswig,11468,51.883333333,12.433333333,Sachsen-Anhalt
Wanzleben-Börde,13669,52.06667,11.43333,Sachsen-Anhalt
Westheide,1710,52.283333333,11.466666666,Sachsen-Anhalt
Goseck,998,51.194722222,11.871666666,Sachsen-Anhalt
Muldestausee,11581,51.65,12.45,Sachsen-Anhalt
Rochau,1000,52.71,11.75,Sachsen-Anhalt
Erxleben,2768,52.21812,11.24245,Sachsen-Anhalt
Osternienburger Land,8259,51.8,12.0167,Sachsen-Anhalt
Teuchern,7968,51.116666666,12.016666666,Sachsen-Anhalt
Kemberg,9279,51.77359,12.63589,Sachsen-Anhalt
Harzgerode,7510,51.641666666,11.142777777,Sachsen-Anhalt
Goldbeck,1406,52.716666666,11.861666666,Sachsen-Anhalt
Arnstein,6254,51.68333,11.46667,Sachsen-Anhalt
Oberharz am Brocken,9676,51.71667,10.83028,Sachsen-Anhalt
Nordharz,7713,51.9,10.7667,Sachsen-Anhalt
Oschersleben (Bode),19885,52.016666666,11.25,Sachsen-Anhalt
Sandersdorf-Brehna,14398,51.616666666,12.233333333,Sachsen-Anhalt
Wolmirstedt,11782,52.25,11.616667,Sachsen-Anhalt
Selke-Aue,1341,51.856944444,11.288888888,Sachsen-Anhalt
Beetzendorf,3021,52.7,11.091666666,Sachsen-Anhalt
Könnern,8115,51.669722222,11.770833333,Sachsen-Anhalt
Seegebiet Mansfelder Land,8763,51.4736,11.6897,Sachsen-Anhalt
Bad Lauchstädt,8995,51.38652,11.86956,Sachsen-Anhalt
Zehrental,816,52.95,11.5833,Sachsen-Anhalt
Tangermünde,10228,52.540833333,11.968888888,Sachsen-Anhalt
Ilberstedt,997,51.799722222,11.666666666,Sachsen-Anhalt
Eilsleben,3658,52.149722222,11.216666666,Sachsen-Anhalt
Kalbe (Milde),7348,52.65,11.4,Sachsen-Anhalt
Gernrode,3533,51.724444444,11.139166666,Sachsen-Anhalt
Staßfurt,23963,51.8514893,11.5889169,Sachsen-Anhalt
Mansfeld,8309,51.594166666,11.454722222,Sachsen-Anhalt
Altmärkische Höhe,1779,52.821944,11.587778,Sachsen-Anhalt
Braunsbedra,10413,51.283333333,11.9,Sachsen-Anhalt
Kroppenstedt,1377,51.9413,11.30845,Sachsen-Anhalt
Barby,8023,51.9667595,11.8838245,Sachsen-Anhalt
Blankenburg,19034,51.795277777,10.962222222,Sachsen-Anhalt
Havelberg,6494,52.825,12.074444444,Sachsen-Anhalt
Lützen,8422,51.259722222,12.141666666,Sachsen-Anhalt
Wallstawe,873,52.796666666,11.019722222,Sachsen-Anhalt
Wefensleben,1652,52.18319,11.16074,Sachsen-Anhalt
Osterwieck,10768,51.966666666,10.716666666,Sachsen-Anhalt
Seehausen (Altmark),4693,52.866666666,11.75,Sachsen-Anhalt
Oranienbaum-Wörlitz,8065,51.803611111,12.406388888,Sachsen-Anhalt
Gleina,1168,51.266666666,11.733055555,Sachsen-Anhalt
Molauer Land,981,51.063056,11.779167,Sachsen-Anhalt
Angern,1899,52.356388888,11.735555555,Sachsen-Anhalt
Aschersleben,26416,51.75,11.466666666,Sachsen-Anhalt
Ausleben,1662,52.09,11.116666666,Sachsen-Anhalt
Kretzschau,2365,51.049722222,12.066666666,Sachsen-Anhalt
Mertendorf,1592,51.116666666,11.849722222,Sachsen-Anhalt
Borne,1136,51.95,11.556944444,Sachsen-Anhalt
Balgstädt,1082,51.206111111,11.733888888,Sachsen-Anhalt
Rogätz,2177,52.316666666,11.766666666,Sachsen-Anhalt
Schnaudertal,883,50.9694,12.2028,Sachsen-Anhalt
Apenburg-Winterfeld,1703,52.73832,11.20401,Sachsen-Anhalt
Ditfurt,1432,51.831111111,11.202777777,Sachsen-Anhalt
Giersleben,939,51.763888888,11.561944444,Sachsen-Anhalt
Mühlanger,1467,51.85,12.75,Sachsen-Anhalt
Bornstedt,782,51.483055555,11.483055555,Sachsen-Anhalt
Edersleben,961,51.41758,11.29102,Sachsen-Anhalt
Völpke,1214,52.136666666,11.095,Sachsen-Anhalt
Helbra,3811,51.549722222,11.5,Sachsen-Anhalt
Klietz,1772,52.6675,12.066111111,Sachsen-Anhalt
Eichstedt,842,52.679861111,11.852180555,Sachsen-Anhalt
Schönburg,1029,51.166666666,11.866666666,Sachsen-Anhalt
Benndorf,1969,51.566666666,11.483055555,Sachsen-Anhalt
Barnstädt,957,51.35,11.65,Sachsen-Anhalt
Börde-Hakel,3016,51.9667,11.4,Sachsen-Anhalt
Lanitz-Hassel-Tal,1028,51.125758333,11.637055555,Sachsen-Anhalt
Kaiserpfalz,1579,51.25,11.483333333,Sachsen-Anhalt
Niedere Börde,6864,52.233055555,11.516666666,Sachsen-Anhalt
Rohrberg,997,52.706666666,11.036666666,Sachsen-Anhalt
Wethau,854,51.133055555,11.866666666,Sachsen-Anhalt
Klostermansfeld,2194,51.583055555,11.5,Sachsen-Anhalt
Sommersdorf,1312,52.166666666,11.083055555,Sachsen-Anhalt
Colbitz,3260,52.316666666,11.616666666,Sachsen-Anhalt
Brücken-Hackpfüffel,968,51.430555555,11.197222222,Sachsen-Anhalt
Ummendorf,942,52.15643311,11.18156624,Sachsen-Anhalt
Wimmelburg,1085,51.516666666,11.516666666,Sachsen-Anhalt
Aland,1340,52.95833,11.64167,Sachsen-Anhalt
Iden,758,52.783055555,11.916666666,Sachsen-Anhalt
Ingersleben,1324,52.216666666,11.116666666,Sachsen-Anhalt
Finneland,1022,51.210277777,11.509166666,Sachsen-Anhalt
Plötzkau,1207,51.75,11.683055555,Sachsen-Anhalt
Karsdorf,1436,51.283055555,11.65,Sachsen-Anhalt
Hassel,918,52.634722222,11.933055555,Sachsen-Anhalt
Elsteraue,7843,51.075,12.218055555,Sachsen-Anhalt
Harsleben,2186,51.866666666,11.093055555,Sachsen-Anhalt
Hergisdorf,1471,51.533055555,11.483055555,Sachsen-Anhalt
Bülstringen,896,52.316666666,11.35,Sachsen-Anhalt
Groß Quenstedt,863,51.928055555,11.108055555,Sachsen-Anhalt
Burgstall,1493,52.416666666,11.683333333,Sachsen-Anhalt
Wallhausen,2371,51.466666666,11.183333333,Sachsen-Anhalt
Blankenheim,1144,51.5075,11.430833333,Sachsen-Anhalt
Hohenberg-Krusemark,1177,52.726666666,11.953055555,Sachsen-Anhalt
Löbichau,957,50.88977,12.258124,Thüringen
Weimar,65611,50.981111111,11.329444444,Thüringen
Ellrich,5488,51.585555555,10.668055555,Thüringen
Stadtlengsfeld,2356,50.783055555,10.133055555,Thüringen
Nesse-Apfelstädt,5948,50.9125,10.9133,Thüringen
Steinbach-Hallenberg,9273,50.700555555,10.566666666,Thüringen
Nordhausen,41233,51.505,10.791111111,Thüringen
Nottertal-Heilinger Höhen,5855,51.2375,10.655555555,Thüringen
Bad Berka,7385,50.9,11.283333333,Thüringen
Am Ohmberg,3638,51.483333333,10.466666666,Thüringen
Mühlhausen/Thüringen,36641,51.216666666,10.45,Thüringen
Lehesten,1555,50.466666666,11.449722222,Thüringen
Neuhaus am Rennweg,8815,50.51,11.137777777,Thüringen
Altenburg,31580,50.985,12.433333333,Thüringen
Kölleda,6465,51.187812,11.2444253,Thüringen
Ronneburg,5098,50.863611111,12.180833333,Thüringen
Hermsdorf,8527,50.898055555,11.856666666,Thüringen
Creuzburg,2338,51.051388888,10.244722222,Thüringen
Sömmerda,19052,51.161666666,11.116944444,Thüringen
Hildburghausen,11682,50.426111111,10.728888888,Thüringen
Pößneck,11858,50.7,11.6,Thüringen
Jonaswalde,320,50.839166666,12.287777777,Thüringen
Bad Köstritz,3672,50.930555555,12.009722222,Thüringen
Großbreitenbach,5882,50.5833,11.012,Thüringen
Lucka,3500,51.095,12.335277777,Thüringen
Gotha,46300,50.948888888,10.718333333,Thüringen
Ranis,1660,50.663888888,11.568055555,Thüringen
Saalburg-Ebersdorf,3292,50.491666666,11.7,Thüringen
Zeulenroda-Triebes,15890,50.648611111,11.980555555,Thüringen
Berga/Elster,3193,50.75,12.166666666,Thüringen
Ziegenrück,615,50.616666666,11.65,Thüringen
Ruhla,5254,50.891944444,10.366666666,Thüringen
Südeichsfeld,6377,51.1639,10.3194,Thüringen
Heilbad Heiligenstadt,17260,51.3775,10.134444444,Thüringen
Eisfeld,7344,50.416666666,10.916666666,Thüringen
Greiz,20220,50.654722222,12.199722222,Thüringen
Triptis,3631,50.733333333,11.85,Thüringen
Auma-Weidatal,3332,50.7,11.9,Thüringen
Langewiesen,3544,50.671666666,10.974444444,Thüringen
Bad Langensalza,17626,51.108055555,10.646666666,Thüringen
Buttelstedt,1317,51.074166666,11.341111111,Thüringen
Rudolstadt,24767,50.716944444,11.3275,Thüringen
Neustadt an der Orla,8971,50.733333333,11.75,Thüringen
Ohrdruf,9476,50.828055555,10.732777777,Thüringen
Schkölen,2592,51.042016,11.821095,Thüringen
Grammetal,6438,50.966666666,11.216666666,Thüringen
Lauscha,3173,50.47687,11.15962,Thüringen
Stadtroda,6684,50.859236,11.730174,Thüringen
Posterstein,458,50.863888888,12.2575,Thüringen
Greußen,5711,51.229166666,10.9475,Thüringen
Stadtilm,8408,50.775833333,11.0825,Thüringen
Bleicherode,10151,51.440057,10.572746,Thüringen
Arnstadt,28264,50.834166666,10.946388888,Thüringen
Schleusingen,10449,50.51165,10.75055,Thüringen
Friedrichroda,7116,50.85754,10.56507,Thüringen
Berka/Werra,4231,50.939444444,10.07,Thüringen
Vogtei,4228,51.1606,10.4425,Thüringen
Sonneberg,23435,50.35,11.166666666,Thüringen
Waltershausen,12512,50.8975,10.555833333,Thüringen
Oberhof,1681,50.705277777,10.725833333,Thüringen
Rastenberg,2514,51.176111111,11.419166666,Thüringen
Ilmenau,39147,50.687222222,10.914166666,Thüringen
Wiehe,1871,51.266666666,11.416666666,Thüringen
Weida,8106,50.766666666,12.066666666,Thüringen
Schlotheim,3618,51.246944444,10.656388888,Thüringen
Artern,6551,51.366666666,11.3,Thüringen
Thonhausen,501,50.833333333,12.325555555,Thüringen
Bad Salzungen,23133,50.811666666,10.233333333,Thüringen
Kahla,6795,50.800833333,11.5875,Thüringen
Jena,109353,50.927222222,11.586388888,Thüringen
Brotterode-Trusetal,5687,50.8249,10.4456,Thüringen
Unstrut-Hainich,5166,51.133333,10.566667,Thüringen
Bad Lobenstein,5663,50.45223,11.6393,Thüringen
Heldrungen,2207,51.301388888,11.216666666,Thüringen
Gera,94847,50.87818,12.08242,Thüringen
Großensee,191,50.933055555,9.966666666,Thüringen
Geratal,8664,50.74888889,10.81222222,Thüringen
Erfurt,215199,50.978055555,11.028888888,Thüringen
Heringen/Helme,4582,51.447222222,10.880833333,Thüringen
Clingen,1037,51.23387,10.93126,Thüringen
Meuselwitz,10079,51.05,12.3,Thüringen
Schmiedefeld,1025,50.516666666,11.216666666,Thüringen
Schmalkalden,19984,50.716666666,10.45,Thüringen
Hörsel,4649,50.916666666,10.583333333,Thüringen
Kaltennordheim,5748,50.633333333,10.166666666,Thüringen
Oberweißbach/Thüringer Wald,1678,50.582777777,11.144444444,Thüringen
Bad Sulza,8161,51.087777777,11.623333333,Thüringen
Sondershausen,21183,51.366666666,10.866666666,Thüringen
Bad Blankenburg,5992,50.683333333,11.266666666,Thüringen
Plaue,1975,50.779444444,10.898888888,Thüringen
Magdala,1972,50.906666666,11.446111111,Thüringen
Leinefelde-Worbis,20053,51.383333333,10.333333333,Thüringen
Steinach,3587,50.433333333,11.166666666,Thüringen
Bad Colberg-Heldburg,2045,50.280555555,10.725277777,Thüringen
Sonnenstein,4338,51.533333333,10.416666666,Thüringen
Leutenberg,2011,50.564006,11.455528,Thüringen
Schalkau,3199,50.395277777,11.007222222,Thüringen
Themar,2739,50.504722222,10.615277777,Thüringen
Ilmtal-Weinstraße,6270,51.066666666,11.45,Thüringen
Saalfeld/Saale,29121,50.650555555,11.354166666,Thüringen
Eisenach,42817,50.974722222,10.324444444,Thüringen
Apolda,22896,51.024722222,11.513888888,Thüringen
An der Schmücke,5953,51.301389,11.216667,Thüringen
Eisenberg,11196,50.968055555,11.901388888,Thüringen
Vacha,4903,50.828888888,10.021388888,Thüringen
Schleiz,8788,50.583333333,11.816666666,Thüringen
Zella-Mehlis,12445,50.659722222,10.666944444,Thüringen
Hohenleuben,1426,50.716666666,12.05,Thüringen
Schwarzatal,3355,50.58333333,11.15,Thüringen
Bürgel,3070,50.941388888,11.753888888,Thüringen
Hirschberg,2147,50.405833333,11.82,Thüringen
Harztor,7477,51.5667,10.7667,Thüringen
Meiningen,24867,50.55,10.416666666,Thüringen
Bad Frankenhausen/Kyffhäuser,10042,51.355833333,11.101111111,Thüringen
Suhl,36986,50.610555555,10.693055555,Thüringen
Vollmershain,304,50.855277777,12.288333333,Thüringen
Werra-Suhl-Tal,6255,50.939444444,10.07,Thüringen
Weißendorf,330,50.675467,11.999688,Thüringen
Breitungen/Werra,4555,50.756944444,10.330277777,Thüringen
Gerstenberg,475,51.030277777,12.441388888,Thüringen
Geisa,4807,50.716666666,9.966666666,Thüringen
Starkenberg,1802,50.984722222,12.3125,Thüringen
Bethenhausen,220,50.928888888,12.197222222,Thüringen
Heuthen,723,51.331944444,10.223055555,Thüringen
Ehrenberg,187,50.482169,10.657695,Thüringen
Lederhose,264,50.8,11.916666666,Thüringen
Zimmernsupra,326,50.990289,10.869542,Thüringen
Sitzendorf,739,50.633333333,11.166666666,Thüringen
Orlamünde,1063,50.775277777,11.531388888,Thüringen
Zimmern,174,51.006666666,11.625833333,Thüringen
Amt Creuzburg,4602,51.051388888,10.244722222,Thüringen
Rositz,2708,51.016666666,12.366666666,Thüringen
Tambach-Dietharz,4318,50.79245,10.61568,Thüringen
Teichwitz,96,50.757777777,12.084722222,Thüringen
Milda,721,50.855806,11.463175,Thüringen
Münchenbernsdorf,2902,50.8206082,11.9330185,Thüringen
Schwaara,131,50.903055555,12.142777777,Thüringen
Wasungen,5413,50.666666666,10.366666666,Thüringen
Schwabhausen,765,50.888333333,10.733055555,Thüringen
Mönchenholzhausen,1637,50.968888888,11.154444444,Thüringen
Brahmenau,901,50.921624,12.157374,Thüringen
Gerstengrund,67,50.7,10.05,Thüringen
Hundhaupten,318,50.830277777,11.99,Thüringen
Mohlsdorf-Teichwolframsdorf,4529,50.6667,12.2667,Thüringen
Monstab,383,50.992777777,12.3575,Thüringen
Bad Liebenstein,7697,50.814444444,10.354166666,Thüringen
Caaschwitz,628,50.948632,11.992996,Thüringen
Flarchheim,417,51.126776,10.478216,Thüringen
Treffurt,5744,51.136666666,10.2375,Thüringen
Berga-Wünschendorf,5840,50.753611,12.165,Thüringen
Mattstedt,499,51.054722222,11.504722222,Thüringen
Tautenburg,276,50.990555555,11.715555555,Thüringen
Langenleuba-Niederhain,1717,50.959166666,12.595833333,Thüringen
Langenwetzendorf,4050,50.676944444,12.098055555,Thüringen
Treben,1174,51.05,12.45,Thüringen
Amt Wachsenburg,7966,50.8458,10.8581,Thüringen
Wasserthaleben,371,51.258611111,10.892222222,Thüringen
Windischleuba,1861,51.016666666,12.466666666,Thüringen
Mehna,252,50.964722222,12.321666666,Thüringen
Königsee,7113,50.6613,11.0974,Thüringen
Riethnordhausen,1006,51.083333333,11.0,Thüringen
Fockendorf,771,51.05,12.466666666,Thüringen
Altengottern,1017,51.16413,10.580864,Thüringen
Kriebitzsch,1001,51.024166666,12.339722222,Thüringen
Kranichfeld,3266,50.85,11.2,Thüringen
Schmölln,13607,50.895,12.356388888,Thüringen
Schlöben,912,50.894047,11.688622,Thüringen
Lindenkreuz,425,50.842511,11.913609,Thüringen
Schwarzburg,510,50.640833333,11.196944444,Thüringen
Bad Tennstedt,2497,51.153888888,10.837222222,Thüringen
Korbußen,428,50.891388888,12.171111111,Thüringen
Oberbösa,301,51.289444444,11.016388888,Thüringen
Harth-Pöllnitz,2680,50.766666666,11.99,Thüringen
Neustadt/Harz,1147,51.56,10.833333333,Thüringen
Nobitz,7132,50.97621,12.48605,Thüringen
Altenfeld,927,50.564722222,10.960833333,Thüringen
Udestedt,754,51.049722222,11.133055555,Thüringen
Großobringen,898,51.031388888,11.335555555,Thüringen
Ummerstadt,463,50.258333333,10.827777777,Thüringen
Trockenborn-Wolfersdorf,627,50.788055555,11.695,Thüringen
Roßleben-Wiehe,7206,51.3,11.43333333,Thüringen
Tastungen,257,51.467777777,10.309722222,Thüringen
Blankenhain,6609,50.86,11.343888888,Thüringen
Lehnstedt,342,50.94,11.4375,Thüringen
Paitzdorf,420,50.845497,12.222269,Thüringen
Gräfenthal,1869,50.525919,11.305845,Thüringen
Mörsdorf,560,50.871388888,11.800277777,Thüringen
Heldburg,3322,50.28,10.7253,Thüringen
Gefell,2390,50.433333333,11.85,Thüringen
Ködderitzsch,124,51.085833333,11.5075,Thüringen
Gößnitz,3459,50.890277777,12.432777777,Thüringen
Ollendorf,427,51.036666666,11.188333333,Thüringen
Gebesee,2187,51.113888888,10.934722222,Thüringen
Sickerode,138,51.252222222,10.121666666,Thüringen
Crimla,264,50.802777777,12.044444444,Thüringen
Reichstädt,329,50.925,12.235,Thüringen
Schmorda,83,50.644722222,11.586111111,Thüringen
Ottendorf,405,50.827012,11.822534,Thüringen
Göpfersdorf,220,50.912777777,12.598888888,Thüringen
Frankenblick,5550,50.3667,11.0667,Thüringen
Tanna,3389,50.494444444,11.861111111,Thüringen
Ebeleben,2730,51.283333333,10.733333333,Thüringen
Römhild,6571,50.383333333,10.55,Thüringen
Remda-Teichel,2898,50.766666666,11.25,Thüringen
Wurzbach,2940,50.463888888,11.536666666,Thüringen
Bad Tabarz,4165,50.87529,10.51607,Thüringen
Wiesenfeld,231,51.269722222,10.108888888,Thüringen
Zöllnitz,1147,50.869722222,11.644166666,Thüringen
Göllnitz,310,50.947222222,12.324166666,Thüringen
Crossen an der Elster,1642,50.976388888,11.977777777,Thüringen
Altenbeuthen,206,50.592105,11.600919,Thüringen
Altenberga,772,50.830774,11.540795,Thüringen
Ponitz,1479,50.856886,12.422937,Thüringen
Serba,689,50.943333333,11.812777777,Thüringen
Schönstedt,1297,51.121707,10.576278,Thüringen
Neumark,482,51.08,11.247777777,Thüringen
Weißensee,3746,51.19959,11.06549,Thüringen
Haselbach,809,51.07,12.436666666,Thüringen
Teistungen,2448,51.469722222,10.265833333,Thüringen
Lödla,722,50.9975,12.389166666,Thüringen
Altersbach,446,50.702778,10.544167,Thüringen
Petriroda,305,50.867777777,10.701388888,Thüringen
Oberoppurg,151,50.695317,11.679347,Thüringen
Hartmannsdorf,339,50.910277777,12.004166666,Thüringen
Dingelstädt,10789,51.315555555,10.319444444,Thüringen
Tonna,2910,51.075,10.733055555,Thüringen
Langenwolschendorf,823,50.635975,11.956687,Thüringen
Haynrode,681,51.445277777,10.444166666,Thüringen
Abtsbessingen,486,51.260833333,10.764166666,Thüringen
Unterwellenborn,8308,50.658611111,11.441944444,Thüringen
Wölferbütt,376,50.768611111,10.054166666,Thüringen
Dornburg-Camburg,5298,51.053888888,11.7075,Thüringen
Crispendorf,378,50.6,11.733333333,Thüringen
Wünschendorf/Elster,2740,50.795555555,12.0975,Thüringen
Kefferhausen,723,51.312777777,10.285,Thüringen
Kindelbrück,3941,51.260936,11.090792,Thüringen
Tonndorf,638,50.889166666,11.203888888,Thüringen
Gauern,123,50.791118,12.196637,Thüringen
Seelingstädt,1278,50.772835,12.241848,Thüringen
Grabfeld,5513,50.45,10.433333333,Thüringen
Schimberg,2139,51.255833333,10.162777777,Thüringen
Gräfenhain,1387,50.819722222,10.701944444,Thüringen
Braunichswalde,613,50.799629,12.222698,Thüringen
Remptendorf,3311,50.533333333,11.65,Thüringen
Brüheim,457,51.000833333,10.584444444,Thüringen
Kauern,459,50.845,12.145,Thüringen
Rotterode,702,50.711111111,10.551666666,Thüringen
Dittersdorf,442,50.642777777,11.816388888,Thüringen
Kirschkau,189,50.6,11.9,Thüringen
Angelroda,378,50.744722222,10.8675,Thüringen
Berlingerode,1223,51.457777777,10.240555555,Thüringen
Elgersburg,1214,50.704444444,10.853611111,Thüringen
Straußfurt,2081,51.166666666,10.983055555,Thüringen
Floh-Seligenthal,5793,50.75,10.483333333,Thüringen
Unterweißbach,741,50.614702,11.165908,Thüringen
Breitenworbis,3162,51.411666666,10.428611111,Thüringen
Hundeshagen,1155,51.434722222,10.278888888,Thüringen
Mackenrode,305,51.305277777,10.068055555,Thüringen
Friedersdorf,195,50.604444444,11.035555555,Thüringen
Silberhausen,612,51.309444444,10.339166666,Thüringen
Kehmstedt,446,51.472998,10.60948,Thüringen
Luisenthal,1151,50.784722222,10.721666666,Thüringen
Göhren,404,50.9675,12.369444444,Thüringen
Bufleben,1010,50.999444444,10.738888888,Thüringen
Wüstheuterode,570,51.320555555,10.060555555,Thüringen
Henneberg,602,50.493105,10.355597,Thüringen
Walschleben,1795,51.066388888,10.936111111,Thüringen
Tüttleben,752,50.95,10.8,Thüringen
Hirschfeld,96,50.941388888,12.188611111,Thüringen
Bornhagen,251,51.343611111,9.943888888,Thüringen
Großenstein,1200,50.9,12.2,Thüringen
Schönhagen,145,51.34,10.020277777,Thüringen
Witterda,1066,51.036049,10.889224,Thüringen
Herrenhof,713,50.843055555,10.686944444,Thüringen
Wangenheim,658,51.019428,10.625121,Thüringen
Unterweid,417,50.608913,10.060812,Thüringen
Wingerode,1114,51.390555555,10.240833333,Thüringen
Waltersdorf,148,50.831388888,11.745555555,Thüringen
Schwobfeld,104,51.286944444,10.091944444,Thüringen
Untermaßfeld,1296,50.531158,10.414981,Thüringen
Eichstruth,84,51.305,10.081666666,Thüringen
Bienstädt,658,51.017222222,10.847777777,Thüringen
Pfaffschwende,281,51.248055555,10.097777777,Thüringen
Krölpa,2487,50.675,11.5375,Thüringen
Rhönblick,2592,50.5575,10.285,Thüringen
Gräfenroda,3158,50.748888888,10.812222222,Thüringen
Warza,721,50.996944444,10.688888888,Thüringen
Tröchtelborn,303,50.9925,10.817222222,Thüringen
Burgk,88,50.555555555,11.718055555,Thüringen
Schachtebich,247,51.401388888,10.050833333,Thüringen
Wehnde,382,51.481388888,10.313055555,Thüringen
Auengrund,2848,50.466666666,10.85,Thüringen
Harzungen,202,51.555793,10.807975,Thüringen
Schwarzbach,212,50.797371,11.873152,Thüringen
Emleben,656,50.892455,10.695341,Thüringen
Uhlstädt-Kirchhasel,5514,50.741944444,11.465833333,Thüringen
Lenterode,312,51.341111111,10.067777777,Thüringen
Bocka,469,50.816666666,11.966666666,Thüringen
Altkirchen,990,50.941944444,12.350555555,Thüringen
Bodenrode-Westhausen,1070,51.394444444,10.200833333,Thüringen
Kirchworbis,1305,51.410833333,10.397222222,Thüringen
Hümpfershausen,418,50.666666666,10.233055555,Thüringen
Heyersdorf,108,50.848055555,12.3525,Thüringen
Mittelpöllnitz,273,50.754183,11.910928,Thüringen
Leinatal,3582,50.9,10.633333333,Thüringen
Hohenkirchen,698,50.848611111,10.701111111,Thüringen
Melpers,90,50.549444444,10.139444444,Thüringen
Großfahner,829,51.055555555,10.827777777,Thüringen
Kleinbodungen,353,51.470504,10.528271,Thüringen
Oberschönau,783,50.716666666,10.616666666,Thüringen
Steinheuterode,284,51.380833333,10.068333333,Thüringen
Kleinfurra,1003,51.4,10.766666666,Thüringen
Neumühle/Elster,420,50.7017602,12.1762712,Thüringen
Geismar,1076,51.231388888,10.166388888,Thüringen
Dieterode,75,51.2975,10.101666666,Thüringen
Sonneborn,1211,50.992586,10.586572,Thüringen
Uder,2608,51.3625,10.071388888,Thüringen
Wildenspring,170,50.601666666,11.050833333,Thüringen
Rustenfelde,526,51.393055555,10.004166666,Thüringen
Schweina,2946,50.827777777,10.338611111,Thüringen
Kaltensundheim,795,50.616666666,10.166666666,Thüringen
Reinholterode,764,51.424444444,10.194166666,Thüringen
Plothen,248,50.633333333,11.766666666,Thüringen
Pferdingsleben,374,50.97,10.819722222,Thüringen
Herrnschwende,273,51.216666666,11.0,Thüringen
Thalwenden,350,51.355,10.043055555,Thüringen
Remstädt,970,50.978611111,10.687777777,Thüringen
Oberland am Rennsteig,2358,50.45,11.199722222,Thüringen
Molschleben,1002,51.004444444,10.779722222,Thüringen
Drognitz,614,50.588264,11.572723,Thüringen
Wachstedt,453,51.293055555,10.247777777,Thüringen
Westgreußen,363,51.238888888,10.918055555,Thüringen
Kallmerode,601,51.350555555,10.306388888,Thüringen
Sachsenbrunn,2050,50.447578,10.952146,Thüringen
Linda bei Neustadt an der Orla,376,50.686388888,11.781944444,Thüringen
Kühdorf,59,50.707222222,12.110277777,Thüringen
Oberheldrungen,739,51.279166666,11.243888888,Thüringen
Kospoda,378,50.718333333,11.738611111,Thüringen
Niedergebra,609,51.421487,10.599191,Thüringen
Hochheim,446,51.016944444,10.659166666,Thüringen
Ahlstädt,126,50.527881,10.686328,Thüringen
Mehmels,340,50.633284,10.333095,Thüringen
Arenshausen,1038,51.376666666,9.971666666,Thüringen
Niederorschel,5416,51.369444444,10.426666666,Thüringen
Effelder,1200,51.239166666,10.246666666,Thüringen
Nottleben,422,50.965277777,10.844444444,Thüringen
Volkerode,227,51.258055555,10.076944444,Thüringen
Ecklingerode,708,51.503333333,10.311666666,Thüringen
Eschenbergen,695,51.026944444,10.76,Thüringen
Zedlitz,711,50.814166666,12.030277777,Thüringen
Schloßvippach,1334,51.105111,11.145245,Thüringen
Frankenheim/Rhön,1036,50.544519444,10.068280555,Thüringen
Guthmannshausen,712,51.133055555,11.366666666,Thüringen
Utendorf,416,50.607503,10.440486,Thüringen
Menteroda,1913,51.3076103,10.5597474,Thüringen
Kirchgandern,608,51.384722222,9.961944444,Thüringen
Kaulsdorf,2346,50.633055555,11.433055555,Thüringen
Mannstedt,356,51.136803,11.391454,Thüringen
Pennewitz,476,50.660277777,11.056388888,Thüringen
Georgenthal,7179,50.831177,10.662231,Thüringen
Niederroßla,1253,51.037395,11.485788,Thüringen
Erbenhausen,564,50.57595,10.145956,Thüringen
Schweickershausen,162,50.238333333,10.630555555,Thüringen
Hardisleben,551,51.15598,11.423464,Thüringen
Metzels,654,50.646989,10.434743,Thüringen
Gangloffsömmern,941,51.189838888,10.941806944,Thüringen
Kleinbrembach,304,51.126125,11.271825,Thüringen
Andisleben,581,51.0825,10.927777777,Thüringen
Sülzfeld,812,50.522803,10.357461,Thüringen
Bad Klosterlausnitz,3326,50.916666666,11.866666666,Thüringen
Rohrberg,224,51.41,10.021944444,Thüringen
Lutter,690,51.332222222,10.115277777,Thüringen
Sollstedt,2960,51.415555555,10.533888888,Thüringen
Oepfershausen,461,50.633333333,10.25,Thüringen
Aschenhausen,136,50.598408,10.202739,Thüringen
Unterkatz,359,50.616666666,10.25,Thüringen
Bodelwitz,575,50.686111111,11.623055555,Thüringen
Seitenroda,210,50.804166666,11.618055555,Thüringen
Unterbodnitz,192,50.821388888,11.648333333,Thüringen
Piesau,715,50.516666666,11.216666666,Thüringen
Liebenstein,371,50.768888888,10.854166666,Thüringen
Unstruttal,6129,51.235472222,10.455911111,Thüringen
Dröbischau,409,50.616666666,11.066666666,Thüringen
Unterschönau,485,50.712509,10.589326,Thüringen
Günstedt,717,51.22128,11.079836,Thüringen
Marisfeld,406,50.556627,10.572174,Thüringen
Benshausen,2333,50.64578,10.595103,Thüringen
Kleinbockedra,33,50.8425,11.646944444,Thüringen
Bermbach,504,50.6775,10.595833,Thüringen
Ritschenhausen,316,50.510833333,10.431388888,Thüringen
Oberbodnitz,225,50.811666666,11.658888888,Thüringen
Topfstedt,554,51.249444444,10.958888888,Thüringen
Alperstedt,737,51.094642,11.045589,Thüringen
Cursdorf,596,50.571484,11.128002,Thüringen
Lengfeld,378,50.524251,10.650915,Thüringen
Gösen,202,50.992222222,11.876111111,Thüringen
Kleinmölsen,295,51.025904,11.127611,Thüringen
Freienhagen,289,51.414199,10.056211,Thüringen
Birx,169,50.529444444,10.046944444,Thüringen
Crawinkel,1446,50.783333333,10.783333333,Thüringen
Dingsleben,231,50.433154,10.595691,Thüringen
Ferna,533,51.456944444,10.307222222,Thüringen
Wilhelmsdorf,206,50.63,11.550555555,Thüringen
Oettern,115,50.922777777,11.358055555,Thüringen
Elleben,872,50.861944444,11.092222222,Thüringen
Alkersleben,290,50.846666666,11.0425,Thüringen
Schmeheim,250,50.57248,10.580733,Thüringen
Hummelshain,603,50.766944444,11.629722222,Thüringen
Anrode,3151,51.255555555,10.365277777,Thüringen
Stepfershausen,626,50.6,10.3,Thüringen
Wundersleben,630,51.149722222,11.033055555,Thüringen
Mellenbach-Glasbach,930,50.599556,11.104989,Thüringen
Nahetal-Waldau,3070,50.519166666,10.7975,Thüringen
Großrudestedt,1943,51.092819,11.098699,Thüringen
Friedrichswerth,474,50.994019,10.544971,Thüringen
Kutzleben,590,51.194798,10.867708,Thüringen
Katzhütte,1229,50.552222222,11.053333333,Thüringen
Beinerstadt,287,50.472037,10.596995,Thüringen
Herschdorf,809,50.628888888,11.049166666,Thüringen
Vachdorf,741,50.527249,10.536649,Thüringen
Haina,468,50.989444444,10.517777777,Thüringen
Großneuhausen,630,51.160823,11.285298,Thüringen
Eckstedt,590,51.0712,11.144783,Thüringen
Oberweid,481,50.590555555,10.063888888,Thüringen
Masserberg,2080,50.52,10.969722222,Thüringen
Bösleben-Wüllersleben,621,50.826666666,11.058888888,Thüringen
Buttstädt,6638,51.116666666,11.416666666,Thüringen
Kleineutersdorf,323,50.787499,11.576403,Thüringen
Belrieth,327,50.528424,10.495695,Thüringen
Rockhausen,279,50.901944444,11.040555555,Thüringen
Silbitz,622,50.95,12.0,Thüringen
Bechstedt,140,50.666666666,11.166666666,Thüringen
Kühndorf,890,50.60872,10.490831,Thüringen
Kalbsrieth,593,51.342777777,11.336944444,Thüringen
Ellersleben,253,51.144075,11.318752,Thüringen
Chursdorf,181,50.66508,11.852309,Thüringen
Kannawurf,783,51.266666666,11.133055555,Thüringen
Osthausen-Wülfershausen,519,50.852777777,11.101944444,Thüringen
Lipprechterode,477,51.458794,10.555415,Thüringen
Schlechtsart,140,50.328647222,10.622425,Thüringen
Kaltenwestheim,905,50.610524,10.118544,Thüringen
Büttstedt,861,51.260065,10.30641,Thüringen
Olbersleben,711,51.147777777,11.338333333,Thüringen
Dreba,229,50.666666666,11.75,Thüringen
Henschleben,328,51.142104,10.968202,Thüringen
Göschitz,203,50.625833333,11.868055555,Thüringen
Oberstadt,319,50.555161,10.59656,Thüringen
Bischofrod,157,50.537616,10.662827,Thüringen
Henfstädt,348,50.516666666,10.583055555,Thüringen
Walpernhain,173,51.016666666,11.95,Thüringen
Christes,528,50.66064,10.479778,Thüringen
Jenalöbnitz,148,50.948888888,11.691944444,Thüringen
Deesbach,326,50.566666666,11.15,Thüringen
Günthersleben-Wechmar,3033,50.9,10.775,Thüringen
Schleusegrund,2605,50.523333333,10.866666666,Thüringen
Bollberg,287,50.879444444,11.791111111,Thüringen
Gössitz,288,50.620555555,11.587222222,Thüringen
Döschnitz,216,50.616666666,11.216666666,Thüringen
Urbach,850,51.477777777,10.9,Thüringen
Bobeck,260,50.903333333,11.793333333,Thüringen
Reurieth,758,50.45,10.65,Thüringen
Schwallungen,2186,50.6925,10.3575,Thüringen
Rippershausen,796,50.605275,10.349512,Thüringen
Werningshausen,643,51.133055555,11.0,Thüringen
Borxleben,271,51.396666666,11.228333333,Thüringen
Rockstedt,199,51.285,10.761944444,Thüringen
Viernau,1926,50.666388888,10.553611111,Thüringen
Oberkatz,239,50.6,10.233055555,Thüringen
Dachwig,1619,51.07931,10.854422,Thüringen
Küllstedt,1313,51.275833333,10.28,Thüringen
Hainichen,192,50.996208,11.622634,Thüringen
Tautenhain,902,50.923888888,11.918055555,Thüringen
Gierstädt,778,51.043055555,10.827222222,Thüringen
Ilmtal,3752,50.7525,11.041388888,Thüringen
Ballstädt,650,51.033611111,10.716944444,Thüringen
Sprötau,799,51.124123,11.197622,Thüringen
Straufhain,2677,50.35,10.683055555,Thüringen
Wichmar,221,51.033055555,11.69,Thüringen
Oberhain,652,50.629114,11.121181,Thüringen
Ostramondra,438,51.199669,11.329802,Thüringen
Obermaßfeld-Grimmenthal,1229,50.528983,10.440023,Thüringen
Knau,625,50.652236,11.719494,Thüringen
Markvippach,542,51.07881,11.175167,Thüringen
Eineborn,323,50.830555555,11.855277777,Thüringen
Haßleben,969,51.10878,10.99637,Thüringen
Probstzella,2711,50.5325,11.378611111,Thüringen
Lindewerra,249,51.313611111,9.948055555,Thüringen
Allendorf,336,50.655573,11.158402,Thüringen
Holzsußra,267,51.292777777,10.693888888,Thüringen
Meusebach,83,50.818087,11.724716,Thüringen
Gumperda,391,50.81,11.523333333,Thüringen
Zella/Rhön,412,50.666666666,10.116666666,Thüringen
Rothenstein,1151,50.849444444,11.605277777,Thüringen
Walldorf,2164,50.612594,10.388037,Thüringen
Moorgrund,3369,50.833055555,10.3,Thüringen
Troistedt,194,50.938888888,11.245,Thüringen
Dornheim,562,50.835,10.994166666,Thüringen
Niederbösa,119,51.277777777,10.999722222,Thüringen
Löberschütz,147,50.965277777,11.700277777,Thüringen
Sulza,263,50.867222222,11.62,Thüringen
Kleinneuhausen,441,51.152621,11.283495,Thüringen
Döbritz,171,50.694576,11.641203,Thüringen
Glasehausen,148,51.441111111,10.152777777,Thüringen
Nausnitz,77,50.941111111,11.729166666,Thüringen
Bischofroda,613,51.057222222,10.363888888,Thüringen
Mönchpfiffel-Nikolausrieth,291,51.37746,11.366215,Thüringen
Helmsdorf,501,51.296666666,10.351111111,Thüringen
Kleinbartloff,415,51.351944444,10.384444444,Thüringen
Meura,388,50.583435,11.207358,Thüringen
Wipfratal,2907,50.785555555,10.992777777,Thüringen
Nausitz,169,51.315,11.338055555,Thüringen
Marth,310,51.382777777,10.004722222,Thüringen
Hohenwarte,158,50.6,11.483055555,Thüringen
Ichstedt,578,51.384722222,11.201388888,Thüringen
Brünn/Thür.,420,50.449673,10.85675,Thüringen
Hammerstedt,189,50.954246,11.453207,Thüringen
Bellstedt,161,51.273055555,10.788333333,Thüringen
Großmölsen,227,51.026078,11.141644,Thüringen
Großbrembach,694,51.116666666,11.316666666,Thüringen
Hallungen,173,51.133055555,10.333055555,Thüringen
Oppershausen,280,51.139738,10.44628,Thüringen
Brunnhartshausen,348,50.675,10.098333333,Thüringen
Oechsen,599,50.744057,10.064085,Thüringen
Laasdorf,533,50.869313,11.672987,Thüringen
Dankmarshausen,971,50.925833333,10.012777777,Thüringen
Schöngleina,512,50.908888888,11.726388888,Thüringen
Gehlberg,502,50.681388888,10.790555555,Thüringen
Tautendorf,138,50.824187,11.890613,Thüringen
Weberstedt,597,51.1092,10.5126,Thüringen
Lippersdorf-Erdmannsdorf,458,50.833333333,11.791666666,Thüringen
Kreuzebra,716,51.341944444,10.2575,Thüringen
Klettstedt,218,51.1433,10.743399722,Thüringen
Herrmannsacker,344,51.5447,10.876561,Thüringen
Tiefenort,3825,50.83946,10.16604,Thüringen
Rudersdorf,328,51.105194,11.457351,Thüringen
Friedelshausen,285,50.658055555,10.237222222,Thüringen
Neundorf,553,50.438669,11.601501,Thüringen
Thüringenhausen,108,51.266666666,10.8,Thüringen
Rauschwitz,210,50.971944444,11.801944444,Thüringen
Urnshausen,708,50.734384,10.173866,Thüringen
Gerterode,350,51.380555555,10.49,Thüringen
Elxleben,2283,51.045555555,10.947222222,Thüringen
Renthendorf,403,50.797519,11.849976,Thüringen
Hopfgarten,671,50.986388888,11.220833333,Thüringen
Rosa,683,50.716666666,10.25,Thüringen
Bremsnitz,140,50.799166666,11.771944444,Thüringen
Nimritz,349,50.7,11.651944444,Thüringen
Beichlingen,498,51.231108,11.255568,Thüringen
Schillingstedt,227,51.231388888,11.2025,Thüringen
Birkenhügel,364,50.429012,11.74578,Thüringen
Frauensee,823,50.883055555,10.133055555,Thüringen
Geroda,217,50.766666666,11.9,Thüringen
St. Bernhard,244,50.45924,10.59617,Thüringen
Görsbach,961,51.463055555,10.935,Thüringen
Nöda,804,51.070041,11.016412,Thüringen
Goldbach,1642,50.993055555,10.658333333,Thüringen
Rodeberg,2030,51.216666666,10.3,Thüringen
Volkmannsdorf,225,50.611666666,11.733611111,Thüringen
Görkwitz,304,50.588333333,11.786388888,Thüringen
Hohengandern,585,51.373888888,9.946111111,Thüringen
Helbedündorf,2128,51.35,10.616666666,Thüringen
Leutersdorf,204,50.519313,10.55947,Thüringen
Heideland,1738,51.0,11.916666666,Thüringen
Stützerbach,1364,50.635,10.862222222,Thüringen
Döllstädt,1068,51.081944444,10.813055555,Thüringen
Neusiß,214,50.745555555,10.888055555,Thüringen
Lindig,225,50.789122,11.600629,Thüringen
Geisleden,993,51.350833333,10.195833333,Thüringen
Rohrbach,183,50.6,11.216666666,Thüringen
Blankenstein,705,50.401944444,11.700277777,Thüringen
Hohes Kreuz,1249,51.425277777,10.093333333,Thüringen
Neuengönna,659,50.986944444,11.648888888,Thüringen
Trebra,290,51.284444444,10.979166666,Thüringen
Schleid,1007,50.695418,9.95376,Thüringen
Stanau,117,50.784166666,11.734722222,Thüringen
Scheiditz,58,50.905,11.754166666,Thüringen
Rauda,285,50.952999,11.94356,Thüringen
Griefstedt,239,51.229643,11.130696,Thüringen
Diedorf,345,50.661666666,10.124444444,Thüringen
Tröbnitz,447,50.838888888,11.728888888,Thüringen
Donndorf,783,51.293055555,11.371111111,Thüringen
Schleifreisen,417,50.890555555,11.824166666,Thüringen
Vogelsberg,674,51.133888888,11.243611111,Thüringen
Meuselbach-Schwarzmühle,1064,50.57,11.089444444,Thüringen
Dietzenrode/Vatterode,121,51.307777777,10.033888888,Thüringen
Grub,140,50.549722222,10.633055555,Thüringen
Langula,1135,51.149722222,10.416666666,Thüringen
Friemar,980,50.978046,10.78814,Thüringen
Gossel,460,50.799722222,10.849722222,Thüringen
Martinroda,273,50.805677,10.072049,Thüringen
Ellingshausen,205,50.546453,10.472315,Thüringen
Bucha,1143,50.880833333,11.511388888,Thüringen
Etzelsrode,88,51.5,10.616666666,Thüringen
Großbartloff,920,51.250277777,10.211388888,Thüringen
Heygendorf,536,51.352621,11.362014,Thüringen
Ruttersdorf-Lotschen,341,50.885833333,11.735,Thüringen
Neidhartshausen,347,50.678611111,10.125555555,Thüringen
Moßbach,395,50.6825,11.819444444,Thüringen
Schöps,236,50.834722222,11.597777777,Thüringen
Voigtstedt,877,51.390833,11.306944,Thüringen
Quirla,504,50.863611111,11.767222222,Thüringen
Reinstädt,457,50.808888888,11.474166666,Thüringen
Deuna,1157,51.353428,10.476516,Thüringen
Kapellendorf,427,50.975,11.468055555,Thüringen
Witzleben,622,50.822777777,11.1125,Thüringen
Harra,828,50.417777777,11.683611111,Thüringen
Heroldishausen,192,51.133055555,10.516666666,Thüringen
Hemleben,225,51.255833333,11.224444444,Thüringen
Tottleben,137,51.166666666,10.75,Thüringen
Frauenprießnitz,792,51.016429,11.734921,Thüringen
Veilsdorf,2720,50.408354,10.810512,Thüringen
Haussömmern,208,51.191264,10.821964,Thüringen
Peuschen,445,50.658888888,11.643611111,Thüringen
Isseroda,565,50.955555555,11.220833333,Thüringen
Pölzig,1075,50.9525,12.197777777,Thüringen
Kraja,301,51.45,10.516666666,Thüringen
Lauterbach,665,51.069722222,10.351944444,Thüringen
Ebenshausen,289,51.0875,10.308055555,Thüringen
Sundhausen,368,51.157261,10.717748,Thüringen
Tegau,383,50.65,11.866666666,Thüringen
Buttlar,1243,50.758888888,9.954166666,Thüringen
Reinsdorf,775,51.336396,11.273946,Thüringen
Wittgendorf,164,50.603055555,11.243333333,Thüringen
Oberreißen,178,51.087222222,11.413333333,Thüringen
Unterbreizbach,3306,50.816666666,9.983055555,Thüringen
Weinbergen,3068,51.2,10.533055555,Thüringen
Paska,93,50.620833333,11.628888888,Thüringen
Empfertshausen,509,50.665372,10.099631,Thüringen
Liebstedt,414,51.046388888,11.409444444,Thüringen
Dermbach,7020,50.716388888,10.119722222,Thüringen
Lichte,1526,50.526138888,11.192277777,Thüringen
Geschwenda,1979,50.731388888,10.825833333,Thüringen
Hellingen,991,50.25,10.683055555,Thüringen
Pörmitz,162,50.613611111,11.806944444,Thüringen
Mittelsömmern,194,51.206388888,10.813333333,Thüringen
Nirmsdorf,88,51.094444444,11.470277777,Thüringen
Petersberg,283,50.984722222,11.834166666,Thüringen
Neuhaus-Schierschnitz,3081,50.316666666,11.25,Thüringen
Birkenfelde,530,51.353611111,10.015,Thüringen
Kirchheim,795,50.881944444,11.019444444,Thüringen
Roßdorf,584,50.704086,10.213982,Thüringen
Sachsenhausen,358,51.045277777,11.367222222,Thüringen
Goldisthal,344,50.504026,11.014426,Thüringen
Wutha-Farnroda,6378,50.946666666,10.394722222,Thüringen
Hauteroda,501,51.265555555,11.277777777,Thüringen
Bothenheilingen,430,51.187292,10.623361,Thüringen
Schwerstedt,559,51.156188,10.920799,Thüringen
Wallbach,375,50.62889,10.395344,Thüringen
Reichenbach,850,50.867886,11.876736,Thüringen
Schöndorf,261,50.616666666,11.7,Thüringen
Dreitzsch,398,50.741503,11.79699,Thüringen
Linda b. Weida,416,50.8,12.2,Thüringen
Kromsdorf,1449,50.998888888,11.373611111,Thüringen
Wiesenthal,724,50.7,10.166666666,Thüringen
Grimmelshausen,177,50.480714,10.638437,Thüringen
Pfiffelbach,590,51.058611111,11.441666666,Thüringen
Großengottern,2286,51.148011,10.56653,Thüringen
Neunheilingen,474,51.193051,10.677229,Thüringen
Löhma,284,50.611666666,11.851666666,Thüringen
Issersheilingen,144,51.204945,10.648501,Thüringen
Tömmelsdorf,120,50.721303,11.861683,Thüringen
Kella,479,51.229166666,10.079166666,Thüringen
Lemnitz,371,50.721895,11.831374,Thüringen
Bruchstedt,284,51.183231,10.784493,Thüringen
Krauthausen,1543,51.017222222,10.27,Thüringen
Schmieritz,382,50.7225,11.798611111,Thüringen
Wohlsborn,477,51.032222222,11.365,Thüringen
Frömmstedt,500,51.259892,11.03991,Thüringen
Mülverstedt,681,51.119412,10.504898,Thüringen
Graitschen bei Bürgel,398,50.958333333,11.720555555,Thüringen
Fischbach/Rhön,555,50.651944444,10.141666666,Thüringen
Schlegel,299,50.404722222,11.62,Thüringen
Rückersdorf,680,50.816666666,12.216666666,Thüringen
Hörselberg-Hainich,6052,51.008333333,10.4775,Thüringen
Rittersdorf,271,50.818888888,11.234444444,Thüringen
Oppurg,1146,50.710807,11.652996,Thüringen
Großschwabhausen,1076,50.937777777,11.486666666,Thüringen
Niederdorla,1464,51.160551,10.446114,Thüringen
Möckern,109,50.853333333,11.774166666,Thüringen
Berka vor dem Hainich,696,51.043888888,10.385277777,Thüringen
Waldeck,218,50.9125,11.782777777,Thüringen
Gerstungen,8915,50.9625,10.059722222,Thüringen
Frankenhain,711,50.756944444,10.788888888,Thüringen
Herbsleben,2897,51.116666666,10.833055555,Thüringen
Büchel,239,51.247988,11.156343,Thüringen
Miesitz,274,50.741111111,11.833611111,Thüringen
Judenbach,2349,50.399722222,11.216666666,Thüringen
Werther,3058,51.47,10.745277777,Thüringen
Frankenroda,310,51.095424,10.27506,Thüringen
Großbockedra,158,50.843878,11.656983,Thüringen
Wölfershausen,357,50.491111111,10.434444444,Thüringen
Völkershausen,1176,50.798611111,10.045833333,Thüringen
Niederzimmern,1016,51.005277777,11.188888888,Thüringen
Kraftsdorf,3702,50.875833333,11.913888888,Thüringen
Gertewitz,120,50.681388888,11.642777777,Thüringen
Brehme,1088,51.493611111,10.355833333,Thüringen
Endschütz,330,50.786413,12.136607,Thüringen
Lausnitz bei Neustadt an der Orla,300,50.729166666,11.690833333,Thüringen
Großvargula,680,51.116666666,10.783055555,Thüringen
Schmiedehausen,333,51.068611111,11.664444444,Thüringen
Obermehler,1430,51.270144,10.597545,Thüringen
Dillstädt,745,50.583333333,10.533333333,Thüringen
Saara,585,50.856388888,11.978055555,Thüringen
Ballhausen,844,51.154814,10.88661,Thüringen
Daasdorf a. Berge,271,50.995555555,11.261666666,Thüringen
Hilbersdorf,199,50.816666666,12.15,Thüringen
Seisla,123,50.650555555,11.534722222,Thüringen
Poxdorf,91,50.961388888,11.744166666,Thüringen
Rosendorf,162,50.761823,11.788952,Thüringen
Frankendorf,160,50.968333333,11.449444444,Thüringen
Steinbach,1185,50.833333333,10.366666666,Thüringen
Gehofen,599,51.324015,11.319897,Thüringen
Hainspitz,630,50.961944444,11.839166666,Thüringen
Oettersdorf,802,50.6,11.816666666,Thüringen
Neubrunn,499,50.499444444,10.468055555,Thüringen
Bechstedtstraß,258,50.948888888,11.196111111,Thüringen
Leutenthal,256,51.056111111,11.373888888,Thüringen
Mellingen,1504,50.943611111,11.393333333,Thüringen
Leimbach,1700,50.814162,10.195581,Thüringen
Dippach,1071,50.920277777,10.043333333,Thüringen
Blankenberg,902,50.4,11.716666666,Thüringen
Gernrode,1480,51.394722222,10.402777777,Thüringen
Schmiedefeld am Rennsteig,1653,50.608888888,10.813055555,Thüringen
Etzleben,267,51.261944444,11.175833333,Thüringen
Hohenstein,2048,51.556336111,10.593938888,Thüringen
Obertrebra,244,51.063055555,11.569444444,Thüringen
Karlsdorf,117,50.797947,11.797965,Thüringen
Rohr,905,50.583333333,10.5,Thüringen
Rattelsdorf,74,50.813611111,11.773055555,Thüringen
Kiliansroda,175,50.914722222,11.371666666,Thüringen
Urleben,384,51.156402,10.769704,Thüringen
Grobengereuth,194,50.668888888,11.668888888,Thüringen
Eßbach,236,50.583333333,11.683333333,Thüringen
Dünwald,2265,51.316666666,10.433333333,Thüringen
Seebach,1719,50.914722222,10.421111111,Thüringen
Klettbach,1266,50.914166666,11.15,Thüringen
Heukewalde,184,50.836111111,12.2675,Thüringen
Vollersroda,207,50.937222222,11.331388888,Thüringen
Ringleben,491,51.104444,10.954167,Thüringen
St. Gangloff,1138,50.855555555,11.9,Thüringen
Großeutersdorf,269,50.789166666,11.564444444,Thüringen
Freienbessingen,208,51.233333333,10.766666666,Thüringen
Eberstedt,214,51.074166666,11.578888888,Thüringen
Golmsdorf,700,50.973754,11.669324,Thüringen
Kyffhäuserland,3821,51.3722,11.0064,Thüringen
Eichenberg,365,50.793888888,11.529722222,Thüringen
Hausen,416,51.379722222,10.378611111,Thüringen
Krautheim,499,51.088055555,11.305,Thüringen
Nauendorf,294,50.894444444,11.180277777,Thüringen
Mertendorf,149,50.991951,11.786881,Thüringen
Buchholz,228,51.540603,10.864468,Thüringen
Großlöbichau,726,50.9275,11.678611111,Thüringen
Niedertrebra,750,51.07,11.584722222,Thüringen
Einhausen,407,50.529931,10.461888,Thüringen
Kleinwelsbach,126,51.174392,10.667287,Thüringen
Marolterode,296,51.231828,10.680084,Thüringen
Mechelroda,258,50.911111111,11.378333333,Thüringen
Föritz,3404,50.337222222,11.231388888,Thüringen
Wahns,407,50.629851,10.30349,Thüringen
Berlstedt,1770,51.061111111,11.244166666,Thüringen
Weißenborn,1153,50.921666666,11.880555555,Thüringen
Pottiga,397,50.413852,11.740689,Thüringen
Hornsömmern,143,51.212207,10.8215,Thüringen
Rausdorf,213,50.858055555,11.686666666,Thüringen
Quaschwitz,68,50.683333333,11.7,Thüringen
Niederreißen,228,51.098888888,11.411388888,Thüringen
Gillersdorf,244,50.606388888,11.016944444,Thüringen
Westhausen,675,50.316666666,10.666666666,Thüringen
Kleinebersdorf,175,50.816456,11.838514,Thüringen
Föritztal,8331,50.35,11.241666666,Thüringen
Weißbach,121,50.812777777,11.788888888,Thüringen
Solkwitz,60,50.696944444,11.666388888,Thüringen
Bibra,265,50.804166666,11.546111111,Thüringen
Kleinobringen,317,51.0325,11.310833333,Thüringen
Wernburg,615,50.676666666,11.602222222,Thüringen
Döbritschen,234,50.919166666,11.476666666,Thüringen
Barchfeld-Immelborn,4475,50.8006,10.3039,Thüringen
Ettersburg,710,51.033333333,11.279722222,Thüringen
Weilar,801,50.761617,10.155843,Thüringen
Nazza,536,51.114262,10.336102,Thüringen
Umpferstedt,658,50.976944444,11.412777777,Thüringen
Nohra,1673,50.965277777,11.233888888,Thüringen
Kloster Veßra,265,50.491961,10.64394,Thüringen
Schwarza,1127,50.620833333,10.533333333,Thüringen
Bachfeld,438,50.408333333,10.980555555,Thüringen
Friedrichsthal,220,51.504166666,10.591666666,Thüringen
Gerbershausen,605,51.3375,9.985,Thüringen
Dorndorf,2434,50.836111111,10.086388888,Thüringen
Thierschneck,106,51.0325,11.760555555,Thüringen
Großpürschütz,369,50.820833333,11.5925,Thüringen
Hetschburg,239,50.913161111,11.299672222,Thüringen
Kammerforst,782,51.121944444,10.425833333,Thüringen
Großheringen,616,51.102222222,11.666388888,Thüringen
Röhrig,219,51.334444444,10.0425,Thüringen
Blankenburg,162,51.202645,10.746834,Thüringen
Langenorla,1193,50.74056,11.578407,Thüringen
Bernterode,233,51.303055555,10.152777777,Thüringen
Asbach-Sickenberg,101,51.279722222,10.030277777,Thüringen
Gompertshausen,434,50.3,10.633333333,Thüringen
Ottstedt am Berge,252,51.017222222,11.213611111,Thüringen
Geraberg,2312,50.718055555,10.845833333,Thüringen
Rosenthal am Rennsteig,3806,50.401944444,11.700277777,Thüringen
Burgwalde,224,51.388611111,10.044444444,Thüringen
Drei Gleichen,7826,50.866666666,10.816666666,Thüringen
Großlohra,836,51.416666666,10.65,Thüringen
Albersdorf,295,50.903055555,11.774444444,Thüringen
Ramsla,304,51.050555555,11.285833333,Thüringen
Gneus,144,50.833333333,11.688888888,Thüringen
Hohenfelden,385,50.878611111,11.160833333,Thüringen
Wolfsburg-Unkeroda,734,50.938333333,10.2675,Thüringen
Weira,373,50.703011,11.714907,Thüringen
Fretterode,179,51.319166666,10.008055555,Thüringen
Wiegendorf,317,50.986388888,11.437777777,Thüringen
Krayenberggemeinde,4938,50.8333,10.0833,Thüringen
Oßmannstedt,1240,51.018611111,11.427222222,Thüringen
Moxa,78,50.641111111,11.629722222,Thüringen
Buchfart,206,50.921111111,11.3325,Thüringen
Buhla,469,51.44,10.49,Thüringen
Ettenhausen an der Suhl,390,50.880555555,10.231388888,Thüringen
Willerstedt,293,51.090277777,11.453611111,Thüringen
Keila,72,50.637777777,11.662222222,Thüringen
Tissa,136,50.846666666,11.747777777,Thüringen
Geisenhain,194,50.834722222,11.715833333,Thüringen
Ballstedt,286,51.053055555,11.210833333,Thüringen
Vippachedelhausen,558,51.080833333,11.209444444,Thüringen
Krombach,162,51.290277777,10.134722222,Thüringen
Körner,1657,51.231111111,10.5875,Thüringen
Freienorla,309,50.769444444,11.542777777,Thüringen
Kirchheilingen,769,51.183186,10.707972,Thüringen
Nessetal,7771,51.007706,10.667038,Thüringen
Am Ettersberg,7070,51.061111111,11.244166666,Thüringen
Fambach,1952,50.7375,10.369444444,Thüringen
Heichelheim,304,51.042222222,11.3125,Thüringen
Wahlhausen,295,51.294444444,9.977777777,Thüringen
Hainrode,352,51.4167,10.7,Thüringen
Saaleplatte,2862,51.03,11.600277777,Thüringen
Oberdorla,2296,51.166388888,10.419444444,Thüringen
Ifta,1100,51.063904,10.178324,Thüringen
Eßleben-Teutleben,287,51.144166666,11.456111111,Thüringen
Böhlen,542,50.587777777,11.043333333,Thüringen
Gorsleben,498,51.276111111,11.182777777,Thüringen
Bremen,577026,53.075833333,8.807222222,Freie Hansestadt Bremen
Bremerhaven,114677,53.55,8.583333333,Freie Hansestadt Bremen
